municipio_ibge,ano,temperatura_media_c,precipitacao_anual_mm,climate_diagnostics,climate_provenance
2600054,2009,-3949.7479829346316,-34733185.874445334,"{""temperatura_media_c"": {""n_estacoes"": 6, ""nearest_distance_km"": 20.92, ""max_distance_km"": 235.36, ""stations"": [""RECIFE"", ""SURUBIM"", ""PALMARES"", ""CARUARU"", ""GARANHUNS"", ""ARCO VERDE""], ""method"": ""IDW p=2; até 6 estações; raio máximo 300 km""}, ""precipitacao_anual_mm"": {""n_estacoes"": 6, ""nearest_distance_km"": 20.92, ""max_distance_km"": 235.36, ""stations"": [""RECIFE"", ""SURUBIM"", ""PALMARES"", ""CARUARU"", ""GARANHUNS"", ""ARCO VERDE""], ""method"": ""IDW p=2; até 6 estações; raio máximo 300 km""}}","{""organization"": ""INMET"", ""dataset"": ""Dados Históricos Anuais - estações automáticas"", ""version"": ""2009"", ""retrieved_at"": ""2026-10-01"", ""reference_url"": ""https://portal.inmet.gov.br/uploads/dadoshistoricos/2009.zip"", ""method"": ""agregação anual observada por estação + IDW municipal em EPSG:31985; p=2; 3-6 estações; raio <=300 km; controle mínimo de completude"", ""verified"": true}"
2600104,2009,-244.93178909503845,-2360163.0968925348,"{""temperatura_media_c"": {""n_estacoes"": 6, ""nearest_distance_km"": 78.43, ""max_distance_km"": 188.77, ""stations"": [""SERRA TALHADA"", ""IBIMIRIM"", ""ARCO VERDE"", ""FLORESTA"", ""GARANHUNS"", ""CARUARU""], ""method"": ""IDW p=2; até 6 estações; raio máximo 300 km""}, ""precipitacao_anual_mm"": {""n_estacoes"": 6, ""nearest_distance_km"": 78.43, ""max_distance_km"": 188.77, ""stations"": [""SERRA TALHADA"", ""IBIMIRIM"", ""ARCO VERDE"", ""FLORESTA"", ""GARANHUNS"", ""CARUARU""], ""method"": ""IDW p=2; até 6 estações; raio máximo 300 km""}}","{""organization"": ""INMET"", ""dataset"": ""Dados Históricos Anuais - estações automáticas"", ""version"": ""2009"", ""retrieved_at"": ""2026-10-01"", ""reference_url"": ""https://portal.inmet.gov.br/uploads/dadoshistoricos/2009.zip"", ""method"": ""agregação anual observada por estação + IDW municipal em EPSG:31985; p=2; 3-6 estações; raio <=300 km; controle mínimo de completude"", ""verified"": true}"
2600203,2009,-48.890841355835974,-667957.3534347997,"{""temperatura_media_c"": {""n_estacoes"": 3, ""nearest_distance_km"": 103.13, ""max_distance_km"": 268.33, ""stations"": [""PETROLINA"", ""CABROBO"", ""FLORESTA""], ""method"": ""IDW p=2; até 6 estações; raio máximo 300 km""}, ""precipitacao_anual_mm"": {""n_estacoes"": 3, ""nearest_distance_km"": 103.13, ""max_distance_km"": 268.33, ""stations"": [""PETROLINA"", ""CABROBO"", ""FLORESTA""], ""method"": ""IDW p=2; até 6 estações; raio máximo 300 km""}}","{""organization"": ""INMET"", ""dataset"": ""Dados Históricos Anuais - estações automáticas"", ""version"": ""2009"", ""retrieved_at"": ""2026-10-01"", ""reference_url"": ""https://portal.inmet.gov.br/uploads/dadoshistoricos/2009.zip"", ""method"": ""agregação anual observada por estação + IDW municipal em EPSG:31985; p=2; 3-6 estações; raio <=300 km; controle mínimo de completude"", ""verified"": true}"
2600302,2009,-150.8362718802715,-1523987.1268494837,"{""temperatura_media_c"": {""n_estacoes"": 6, ""nearest_distance_km"": 24.82, ""max_distance_km"": 125.59, ""stations"": [""CARUARU"", ""PALMARES"", ""SURUBIM"", ""GARANHUNS"", ""RECIFE"", ""ARCO VERDE""], ""method"": ""IDW p=2; até 6 estações; raio máximo 300 km""}, ""precipitacao_anual_mm"": {""n_estacoes"": 6, ""nearest_distance_km"": 24.82, ""max_distance_km"": 125.59, ""stations"": [""CARUARU"", ""PALMARES"", ""SURUBIM"", ""GARANHUNS"", ""RECIFE"", ""ARCO VERDE""], ""method"": ""IDW p=2; até 6 estações; raio máximo 300 km""}}","{""organization"": ""INMET"", ""dataset"": ""Dados Históricos Anuais - estações automáticas"", ""version"": ""2009"", ""retrieved_at"": ""2026-10-01"", ""reference_url"": ""https://portal.inmet.gov.br/uploads/dadoshistoricos/2009.zip"", ""method"": ""agregação anual observada por estação + IDW municipal em EPSG:31985; p=2; 3-6 estações; raio <=300 km; controle mínimo de completude"", ""verified"": true}"
2600401,2009,-70.28203674115962,-830916.8837313728,"{""temperatura_media_c"": {""n_estacoes"": 6, ""nearest_distance_km"": 11.75, ""max_distance_km"": 179.87, ""stations"": [""PALMARES"", ""CARUARU"", ""RECIFE"", ""SURUBIM"", ""GARANHUNS"", ""ARCO VERDE""], ""method"": ""IDW p=2; até 6 estações; raio máximo 300 km""}, ""precipitacao_anual_mm"": {""n_estacoes"": 6, ""nearest_distance_km"": 11.75, ""max_distance_km"": 179.87, ""stations"": [""PALMARES"", ""CARUARU"", ""RECIFE"", ""SURUBIM"", ""GARANHUNS"", ""ARCO VERDE""], ""method"": ""IDW p=2; até 6 estações; raio máximo 300 km""}}","{""organization"": ""INMET"", ""dataset"": ""Dados Históricos Anuais - estações automáticas"", ""version"": ""2009"", ""retrieved_at"": ""2026-10-01"", ""reference_url"": ""https://portal.inmet.gov.br/uploads/dadoshistoricos/2009.zip"", ""method"": ""agregação anual observada por estação + IDW municipal em EPSG:31985; p=2; 3-6 estações; raio <=300 km; controle mínimo de completude"", ""verified"": true}"
2600500,2009,-234.12172745981889,-2249806.1372633376,"{""temperatura_media_c"": {""n_estacoes"": 6, ""nearest_distance_km"": 63.15, ""max_distance_km"": 179.09, ""stations"": [""GARANHUNS"", ""ARCO VERDE"", ""IBIMIRIM"", ""CARUARU"", ""PALMARES"", ""FLORESTA""], ""method"": ""IDW p=2; até 6 estações; raio máximo 300 km""}, ""precipitacao_anual_mm"": {""n_estacoes"": 6, ""nearest_distance_km"": 63.15, ""max_distance_km"": 179.09, ""stations"": [""GARANHUNS"", ""ARCO VERDE"", ""IBIMIRIM"", ""CARUARU"", ""PALMARES"", ""FLORESTA""], ""method"": ""IDW p=2; até 6 estações; raio máximo 300 km""}}","{""organization"": ""INMET"", ""dataset"": ""Dados Históricos Anuais - estações automáticas"", ""version"": ""2009"", ""retrieved_at"": ""2026-10-01"", ""reference_url"": ""https://portal.inmet.gov.br/uploads/dadoshistoricos/2009.zip"", ""method"": ""agregação anual observada por estação + IDW municipal em EPSG:31985; p=2; 3-6 estações; raio <=300 km; controle mínimo de completude"", ""verified"": true}"
2600609,2009,-431.821132238214,-3977398.1383517156,"{""temperatura_media_c"": {""n_estacoes"": 6, ""nearest_distance_km"": 37.17, ""max_distance_km"": 132.24, ""stations"": [""ARCO VERDE"", ""GARANHUNS"", ""CARUARU"", ""IBIMIRIM"", ""SURUBIM"", ""PALMARES""], ""method"": ""IDW p=2; até 6 estações; raio máximo 300 km""}, ""precipitacao_anual_mm"": {""n_estacoes"": 6, ""nearest_distance_km"": 37.17, ""max_distance_km"": 132.24, ""stations"": [""ARCO VERDE"", ""GARANHUNS"", ""CARUARU"", ""IBIMIRIM"", ""SURUBIM"", ""PALMARES""], ""method"": ""IDW p=2; até 6 estações; raio máximo 300 km""}}","{""organization"": ""INMET"", ""dataset"": ""Dados Históricos Anuais - estações automáticas"", ""version"": ""2009"", ""retrieved_at"": ""2026-10-01"", ""reference_url"": ""https://portal.inmet.gov.br/uploads/dadoshistoricos/2009.zip"", ""method"": ""agregação anual observada por estação + IDW municipal em EPSG:31985; p=2; 3-6 estações; raio <=300 km; controle mínimo de completude"", ""verified"": true}"
2600708,2009,-2057.465487251458,-18192881.470871247,"{""temperatura_media_c"": {""n_estacoes"": 6, ""nearest_distance_km"": 56.7, ""max_distance_km"": 227.27, ""stations"": [""RECIFE"", ""SURUBIM"", ""CARUARU"", ""PALMARES"", ""GARANHUNS"", ""ARCO VERDE""], ""method"": ""IDW p=2; até 6 estações; raio máximo 300 km""}, ""precipitacao_anual_mm"": {""n_estacoes"": 6, ""nearest_distance_km"": 56.7, ""max_distance_km"": 227.27, ""stations"": [""RECIFE"", ""SURUBIM"", ""CARUARU"", ""PALMARES"", ""GARANHUNS"", ""ARCO VERDE""], ""method"": ""IDW p=2; até 6 estações; raio máximo 300 km""}}","{""organization"": ""INMET"", ""dataset"": ""Dados Históricos Anuais - estações automáticas"", ""version"": ""2009"", ""retrieved_at"": ""2026-10-01"", ""reference_url"": ""https://portal.inmet.gov.br/uploads/dadoshistoricos/2009.zip"", ""method"": ""agregação anual observada por estação + IDW municipal em EPSG:31985; p=2; 3-6 estações; raio <=300 km; controle mínimo de completude"", ""verified"": true}"
2600807,2009,-174.3419879173271,-1728064.3722865274,"{""temperatura_media_c"": {""n_estacoes"": 6, ""nearest_distance_km"": 30.8, ""max_distance_km"": 134.38, ""stations"": [""CARUARU"", ""PALMARES"", ""GARANHUNS"", ""SURUBIM"", ""ARCO VERDE"", ""RECIFE""], ""method"": ""IDW p=2; até 6 estações; raio máximo 300 km""}, ""precipitacao_anual_mm"": {""n_estacoes"": 6, ""nearest_distance_km"": 30.8, ""max_distance_km"": 134.38, ""stations"": [""CARUARU"", ""PALMARES"", ""GARANHUNS"", ""SURUBIM"", ""ARCO VERDE"", ""RECIFE""], ""method"": ""IDW p=2; até 6 estações; raio máximo 300 km""}}","{""organization"": ""INMET"", ""dataset"": ""Dados Históricos Anuais - estações automáticas"", ""version"": ""2009"", ""retrieved_at"": ""2026-10-01"", ""reference_url"": ""https://portal.inmet.gov.br/uploads/dadoshistoricos/2009.zip"", ""method"": ""agregação anual observada por estação + IDW municipal em EPSG:31985; p=2; 3-6 estações; raio <=300 km; controle mínimo de completude"", ""verified"": true}"
2600906,2009,-669.0859645056208,-6059970.246657237,"{""temperatura_media_c"": {""n_estacoes"": 6, ""nearest_distance_km"": 35.17, ""max_distance_km"": 178.47, ""stations"": [""PALMARES"", ""CARUARU"", ""RECIFE"", ""SURUBIM"", ""GARANHUNS"", ""ARCO VERDE""], ""method"": ""IDW p=2; até 6 estações; raio máximo 300 km""}, ""precipitacao_anual_mm"": {""n_estacoes"": 6, ""nearest_distance_km"": 35.17, ""max_distance_km"": 178.47, ""stations"": [""PALMARES"", ""CARUARU"", ""RECIFE"", ""SURUBIM"", ""GARANHUNS"", ""ARCO VERDE""], ""method"": ""IDW p=2; até 6 estações; raio máximo 300 km""}}","{""organization"": ""INMET"", ""dataset"": ""Dados Históricos Anuais - estações automáticas"", ""version"": ""2009"", ""retrieved_at"": ""2026-10-01"", ""reference_url"": ""https://portal.inmet.gov.br/uploads/dadoshistoricos/2009.zip"", ""method"": ""agregação anual observada por estação + IDW municipal em EPSG:31985; p=2; 3-6 estações; raio <=300 km; controle mínimo de completude"", ""verified"": true}"
2601003,2009,-38.78113740511049,-532170.2539897308,"{""temperatura_media_c"": {""n_estacoes"": 6, ""nearest_distance_km"": 24.07, ""max_distance_km"": 163.77, ""stations"": [""GARANHUNS"", ""CARUARU"", ""PALMARES"", ""ARCO VERDE"", ""SURUBIM"", ""IBIMIRIM""], ""method"": ""IDW p=2; até 6 estações; raio máximo 300 km""}, ""precipitacao_anual_mm"": {""n_estacoes"": 6, ""nearest_distance_km"": 24.07, ""max_distance_km"": 163.77, ""stations"": [""GARANHUNS"", ""CARUARU"", ""PALMARES"", ""ARCO VERDE"", ""SURUBIM"", ""IBIMIRIM""], ""method"": ""IDW p=2; até 6 estações; raio máximo 300 km""}}","{""organization"": ""INMET"", ""dataset"": ""Dados Históricos Anuais - estações automáticas"", ""version"": ""2009"", ""retrieved_at"": ""2026-10-01"", ""reference_url"": ""https://portal.inmet.gov.br/uploads/dadoshistoricos/2009.zip"", ""method"": ""agregação anual observada por estação + IDW municipal em EPSG:31985; p=2; 3-6 estações; raio <=300 km; controle mínimo de completude"", ""verified"": true}"
2601052,2009,-3314.8438946718165,-29183548.00472139,"{""temperatura_media_c"": {""n_estacoes"": 6, ""nearest_distance_km"": 32.11, ""max_distance_km"": 231.98, ""stations"": [""RECIFE"", ""SURUBIM"", ""PALMARES"", ""CARUARU"", ""GARANHUNS"", ""ARCO VERDE""], ""method"": ""IDW p=2; até 6 estações; raio máximo 300 km""}, ""precipitacao_anual_mm"": {""n_estacoes"": 6, ""nearest_distance_km"": 32.11, ""max_distance_km"": 231.98, ""stations"": [""RECIFE"", ""SURUBIM"", ""PALMARES"", ""CARUARU"", ""GARANHUNS"", ""ARCO VERDE""], ""method"": ""IDW p=2; até 6 estações; raio máximo 300 km""}}","{""organization"": ""INMET"", ""dataset"": ""Dados Históricos Anuais - estações automáticas"", ""version"": ""2009"", ""retrieved_at"": ""2026-10-01"", ""reference_url"": ""https://portal.inmet.gov.br/uploads/dadoshistoricos/2009.zip"", ""method"": ""agregação anual observada por estação + IDW municipal em EPSG:31985; p=2; 3-6 estações; raio <=300 km; controle mínimo de completude"", ""verified"": true}"
2601102,2009,-54.89584415029358,-715169.3044693096,"{""temperatura_media_c"": {""n_estacoes"": 4, ""nearest_distance_km"": 163.77, ""max_distance_km"": 246.01, ""stations"": [""CABROBO"", ""PETROLINA"", ""FLORESTA"", ""SERRA TALHADA""], ""method"": ""IDW p=2; até 6 estações; raio máximo 300 km""}, ""precipitacao_anual_mm"": {""n_estacoes"": 4, ""nearest_distance_km"": 163.77, ""max_distance_km"": 246.01, ""stations"": [""CABROBO"", ""PETROLINA"", ""FLORESTA"", ""SERRA TALHADA""], ""method"": ""IDW p=2; até 6 estações; raio máximo 300 km""}}","{""organization"": ""INMET"", ""dataset"": ""Dados Históricos Anuais - estações automáticas"", ""version"": ""2009"", ""retrieved_at"": ""2026-10-01"", ""reference_url"": ""https://portal.inmet.gov.br/uploads/dadoshistoricos/2009.zip"", ""method"": ""agregação anual observada por estação + IDW municipal em EPSG:31985; p=2; 3-6 estações; raio <=300 km; controle mínimo de completude"", ""verified"": true}"
2601201,2009,-802.884016423134,-7223486.4731441345,"{""temperatura_media_c"": {""n_estacoes"": 6, ""nearest_distance_km"": 8.81, ""max_distance_km"": 149.79, ""stations"": [""ARCO VERDE"", ""IBIMIRIM"", ""GARANHUNS"", ""CARUARU"", ""SURUBIM"", ""SERRA TALHADA""], ""method"": ""IDW p=2; até 6 estações; raio máximo 300 km""}, ""precipitacao_anual_mm"": {""n_estacoes"": 6, ""nearest_distance_km"": 8.81, ""max_distance_km"": 149.79, ""stations"": [""ARCO VERDE"", ""IBIMIRIM"", ""GARANHUNS"", ""CARUARU"", ""SURUBIM"", ""SERRA TALHADA""], ""method"": ""IDW p=2; até 6 estações; raio máximo 300 km""}}","{""organization"": ""INMET"", ""dataset"": ""Dados Históricos Anuais - estações automáticas"", ""version"": ""2009"", ""retrieved_at"": ""2026-10-01"", ""reference_url"": ""https://portal.inmet.gov.br/uploads/dadoshistoricos/2009.zip"", ""method"": ""agregação anual observada por estação + IDW municipal em EPSG:31985; p=2; 3-6 estações; raio <=300 km; controle mínimo de completude"", ""verified"": true}"
2601300,2009,-302.6849142918438,-2857373.35225497,"{""temperatura_media_c"": {""n_estacoes"": 6, ""nearest_distance_km"": 28.55, ""max_distance_km"": 160.04, ""stations"": [""PALMARES"", ""CARUARU"", ""SURUBIM"", ""RECIFE"", ""GARANHUNS"", ""ARCO VERDE""], ""method"": ""IDW p=2; até 6 estações; raio máximo 300 km""}, ""precipitacao_anual_mm"": {""n_estacoes"": 6, ""nearest_distance_km"": 28.55, ""max_distance_km"": 160.04, ""stations"": [""PALMARES"", ""CARUARU"", ""SURUBIM"", ""RECIFE"", ""GARANHUNS"", ""ARCO VERDE""], ""method"": ""IDW p=2; até 6 estações; raio máximo 300 km""}}","{""organization"": ""INMET"", ""dataset"": ""Dados Históricos Anuais - estações automáticas"", ""version"": ""2009"", ""retrieved_at"": ""2026-10-01"", ""reference_url"": ""https://portal.inmet.gov.br/uploads/dadoshistoricos/2009.zip"", ""method"": ""agregação anual observada por estação + IDW municipal em EPSG:31985; p=2; 3-6 estações; raio <=300 km; controle mínimo de completude"", ""verified"": true}"
2601409,2009,-548.8147328121273,-5010122.312083285,"{""temperatura_media_c"": {""n_estacoes"": 6, ""nearest_distance_km"": 38.08, ""max_distance_km"": 205.98, ""stations"": [""PALMARES"", ""RECIFE"", ""CARUARU"", ""SURUBIM"", ""GARANHUNS"", ""ARCO VERDE""], ""method"": ""IDW p=2; até 6 estações; raio máximo 300 km""}, ""precipitacao_anual_mm"": {""n_estacoes"": 6, ""nearest_distance_km"": 38.08, ""max_distance_km"": 205.98, ""stations"": [""PALMARES"", ""RECIFE"", ""CARUARU"", ""SURUBIM"", ""GARANHUNS"", ""ARCO VERDE""], ""method"": ""IDW p=2; até 6 estações; raio máximo 300 km""}}","{""organization"": ""INMET"", ""dataset"": ""Dados Históricos Anuais - estações automáticas"", ""version"": ""2009"", ""retrieved_at"": ""2026-10-01"", ""reference_url"": ""https://portal.inmet.gov.br/uploads/dadoshistoricos/2009.zip"", ""method"": ""agregação anual observada por estação + IDW municipal em EPSG:31985; p=2; 3-6 estações; raio <=300 km; controle mínimo de completude"", ""verified"": true}"
2601508,2009,-185.70451067454076,-1834455.5329114594,"{""temperatura_media_c"": {""n_estacoes"": 6, ""nearest_distance_km"": 28.04, ""max_distance_km"": 141.38, ""stations"": [""PALMARES"", ""CARUARU"", ""GARANHUNS"", ""SURUBIM"", ""RECIFE"", ""ARCO VERDE""], ""method"": ""IDW p=2; até 6 estações; raio máximo 300 km""}, ""precipitacao_anual_mm"": {""n_estacoes"": 6, ""nearest_distance_km"": 28.04, ""max_distance_km"": 141.38, ""stations"": [""PALMARES"", ""CARUARU"", ""GARANHUNS"", ""SURUBIM"", ""RECIFE"", ""ARCO VERDE""], ""method"": ""IDW p=2; até 6 estações; raio máximo 300 km""}}","{""organization"": ""INMET"", ""dataset"": ""Dados Históricos Anuais - estações automáticas"", ""version"": ""2009"", ""retrieved_at"": ""2026-10-01"", ""reference_url"": ""https://portal.inmet.gov.br/uploads/dadoshistoricos/2009.zip"", ""method"": ""agregação anual observada por estação + IDW municipal em EPSG:31985; p=2; 3-6 estações; raio <=300 km; controle mínimo de completude"", ""verified"": true}"
2601607,2009,-27.815940588888665,-475092.44778223167,"{""temperatura_media_c"": {""n_estacoes"": 6, ""nearest_distance_km"": 37.81, ""max_distance_km"": 210.59, ""stations"": [""CABROBO"", ""FLORESTA"", ""SERRA TALHADA"", ""IBIMIRIM"", ""PETROLINA"", ""ARCO VERDE""], ""method"": ""IDW p=2; até 6 estações; raio máximo 300 km""}, ""precipitacao_anual_mm"": {""n_estacoes"": 6, ""nearest_distance_km"": 37.81, ""max_distance_km"": 210.59, ""stations"": [""CABROBO"", ""FLORESTA"", ""SERRA TALHADA"", ""IBIMIRIM"", ""PETROLINA"", ""ARCO VERDE""], ""method"": ""IDW p=2; até 6 estações; raio máximo 300 km""}}","{""organization"": ""INMET"", ""dataset"": ""Dados Históricos Anuais - estações automáticas"", ""version"": ""2009"", ""retrieved_at"": ""2026-10-01"", ""reference_url"": ""https://portal.inmet.gov.br/uploads/dadoshistoricos/2009.zip"", ""method"": ""agregação anual observada por estação + IDW municipal em EPSG:31985; p=2; 3-6 estações; raio <=300 km; controle mínimo de completude"", ""verified"": true}"
2601706,2009,-127.74638117939617,-1320690.4960669745,"{""temperatura_media_c"": {""n_estacoes"": 6, ""nearest_distance_km"": 46.33, ""max_distance_km"": 146.81, ""stations"": [""CARUARU"", ""GARANHUNS"", ""ARCO VERDE"", ""SURUBIM"", ""PALMARES"", ""IBIMIRIM""], ""method"": ""IDW p=2; até 6 estações; raio máximo 300 km""}, ""precipitacao_anual_mm"": {""n_estacoes"": 6, ""nearest_distance_km"": 46.33, ""max_distance_km"": 146.81, ""stations"": [""CARUARU"", ""GARANHUNS"", ""ARCO VERDE"", ""SURUBIM"", ""PALMARES"", ""IBIMIRIM""], ""method"": ""IDW p=2; até 6 estações; raio máximo 300 km""}}","{""organization"": ""INMET"", ""dataset"": ""Dados Históricos Anuais - estações automáticas"", ""version"": ""2009"", ""retrieved_at"": ""2026-10-01"", ""reference_url"": ""https://portal.inmet.gov.br/uploads/dadoshistoricos/2009.zip"", ""method"": ""agregação anual observada por estação + IDW municipal em EPSG:31985; p=2; 3-6 estações; raio <=300 km; controle mínimo de completude"", ""verified"": true}"
2601805,2009,-125.8123719322853,-1324389.5277958266,"{""temperatura_media_c"": {""n_estacoes"": 6, ""nearest_distance_km"": 40.81, ""max_distance_km"": 179.43, ""stations"": [""IBIMIRIM"", ""SERRA TALHADA"", ""FLORESTA"", ""ARCO VERDE"", ""CABROBO"", ""GARANHUNS""], ""method"": ""IDW p=2; até 6 estações; raio máximo 300 km""}, ""precipitacao_anual_mm"": {""n_estacoes"": 6, ""nearest_distance_km"": 40.81, ""max_distance_km"": 179.43, ""stations"": [""IBIMIRIM"", ""SERRA TALHADA"", ""FLORESTA"", ""ARCO VERDE"", ""CABROBO"", ""GARANHUNS""], ""method"": ""IDW p=2; até 6 estações; raio máximo 300 km""}}","{""organization"": ""INMET"", ""dataset"": ""Dados Históricos Anuais - estações automáticas"", ""version"": ""2009"", ""retrieved_at"": ""2026-10-01"", ""reference_url"": ""https://portal.inmet.gov.br/uploads/dadoshistoricos/2009.zip"", ""method"": ""agregação anual observada por estação + IDW municipal em EPSG:31985; p=2; 3-6 estações; raio <=300 km; controle mínimo de completude"", ""verified"": true}"
2601904,2009,-185.13142866246034,-1824202.059146161,"{""temperatura_media_c"": {""n_estacoes"": 6, ""nearest_distance_km"": 22.55, ""max_distance_km"": 145.21, ""stations"": [""CARUARU"", ""SURUBIM"", ""PALMARES"", ""RECIFE"", ""GARANHUNS"", ""ARCO VERDE""], ""method"": ""IDW p=2; até 6 estações; raio máximo 300 km""}, ""precipitacao_anual_mm"": {""n_estacoes"": 6, ""nearest_distance_km"": 22.55, ""max_distance_km"": 145.21, ""stations"": [""CARUARU"", ""SURUBIM"", ""PALMARES"", ""RECIFE"", ""GARANHUNS"", ""ARCO VERDE""], ""method"": ""IDW p=2; até 6 estações; raio máximo 300 km""}}","{""organization"": ""INMET"", ""dataset"": ""Dados Históricos Anuais - estações automáticas"", ""version"": ""2009"", ""retrieved_at"": ""2026-10-01"", ""reference_url"": ""https://portal.inmet.gov.br/uploads/dadoshistoricos/2009.zip"", ""method"": ""agregação anual observada por estação + IDW municipal em EPSG:31985; p=2; 3-6 estações; raio <=300 km; controle mínimo de completude"", ""verified"": true}"
2602001,2009,-46.32595037622318,-638170.5156117021,"{""temperatura_media_c"": {""n_estacoes"": 5, ""nearest_distance_km"": 118.74, ""max_distance_km"": 267.01, ""stations"": [""CABROBO"", ""FLORESTA"", ""SERRA TALHADA"", ""PETROLINA"", ""IBIMIRIM""], ""method"": ""IDW p=2; até 6 estações; raio máximo 300 km""}, ""precipitacao_anual_mm"": {""n_estacoes"": 5, ""nearest_distance_km"": 118.74, ""max_distance_km"": 267.01, ""stations"": [""CABROBO"", ""FLORESTA"", ""SERRA TALHADA"", ""PETROLINA"", ""IBIMIRIM""], ""method"": ""IDW p=2; até 6 estações; raio máximo 300 km""}}","{""organization"": ""INMET"", ""dataset"": ""Dados Históricos Anuais - estações automáticas"", ""version"": ""2009"", ""retrieved_at"": ""2026-10-01"", ""reference_url"": ""https://portal.inmet.gov.br/uploads/dadoshistoricos/2009.zip"", ""method"": ""agregação anual observada por estação + IDW municipal em EPSG:31985; p=2; 3-6 estações; raio <=300 km; controle mínimo de completude"", ""verified"": true}"
2602100,2009,-94.02631992886829,-1017162.532926299,"{""temperatura_media_c"": {""n_estacoes"": 6, ""nearest_distance_km"": 38.83, ""max_distance_km"": 180.14, ""stations"": [""GARANHUNS"", ""ARCO VERDE"", ""CARUARU"", ""PALMARES"", ""IBIMIRIM"", ""SURUBIM""], ""method"": ""IDW p=2; até 6 estações; raio máximo 300 km""}, ""precipitacao_anual_mm"": {""n_estacoes"": 6, ""nearest_distance_km"": 38.83, ""max_distance_km"": 180.14, ""stations"": [""GARANHUNS"", ""ARCO VERDE"", ""CARUARU"", ""PALMARES"", ""IBIMIRIM"", ""SURUBIM""], ""method"": ""IDW p=2; até 6 estações; raio máximo 300 km""}}","{""organization"": ""INMET"", ""dataset"": ""Dados Históricos Anuais - estações automáticas"", ""version"": ""2009"", ""retrieved_at"": ""2026-10-01"", ""reference_url"": ""https://portal.inmet.gov.br/uploads/dadoshistoricos/2009.zip"", ""method"": ""agregação anual observada por estação + IDW municipal em EPSG:31985; p=2; 3-6 estações; raio <=300 km; controle mínimo de completude"", ""verified"": true}"
2602209,2009,-344.65327919532774,-3222514.682314331,"{""temperatura_media_c"": {""n_estacoes"": 6, ""nearest_distance_km"": 23.57, ""max_distance_km"": 179.12, ""stations"": [""SURUBIM"", ""CARUARU"", ""RECIFE"", ""PALMARES"", ""GARANHUNS"", ""ARCO VERDE""], ""method"": ""IDW p=2; até 6 estações; raio máximo 300 km""}, ""precipitacao_anual_mm"": {""n_estacoes"": 6, ""nearest_distance_km"": 23.57, ""max_distance_km"": 179.12, ""stations"": [""SURUBIM"", ""CARUARU"", ""RECIFE"", ""PALMARES"", ""GARANHUNS"", ""ARCO VERDE""], ""method"": ""IDW p=2; até 6 estações; raio máximo 300 km""}}","{""organization"": ""INMET"", ""dataset"": ""Dados Históricos Anuais - estações automáticas"", ""version"": ""2009"", ""retrieved_at"": ""2026-10-01"", ""reference_url"": ""https://portal.inmet.gov.br/uploads/dadoshistoricos/2009.zip"", ""method"": ""agregação anual observada por estação + IDW municipal em EPSG:31985; p=2; 3-6 estações; raio <=300 km; controle mínimo de completude"", ""verified"": true}"
2602308,2009,-198.72621297935288,-1949377.6725209479,"{""temperatura_media_c"": {""n_estacoes"": 6, ""nearest_distance_km"": 24.37, ""max_distance_km"": 151.95, ""stations"": [""PALMARES"", ""CARUARU"", ""SURUBIM"", ""RECIFE"", ""GARANHUNS"", ""ARCO VERDE""], ""method"": ""IDW p=2; até 6 estações; raio máximo 300 km""}, ""precipitacao_anual_mm"": {""n_estacoes"": 6, ""nearest_distance_km"": 24.37, ""max_distance_km"": 151.95, ""stations"": [""PALMARES"", ""CARUARU"", ""SURUBIM"", ""RECIFE"", ""GARANHUNS"", ""ARCO VERDE""], ""method"": ""IDW p=2; até 6 estações; raio máximo 300 km""}}","{""organization"": ""INMET"", ""dataset"": ""Dados Históricos Anuais - estações automáticas"", ""version"": ""2009"", ""retrieved_at"": ""2026-10-01"", ""reference_url"": ""https://portal.inmet.gov.br/uploads/dadoshistoricos/2009.zip"", ""method"": ""agregação anual observada por estação + IDW municipal em EPSG:31985; p=2; 3-6 estações; raio <=300 km; controle mínimo de completude"", ""verified"": true}"
2602407,2009,-22.27741936147891,-384448.5288762466,"{""temperatura_media_c"": {""n_estacoes"": 6, ""nearest_distance_km"": 13.82, ""max_distance_km"": 154.59, ""stations"": [""GARANHUNS"", ""ARCO VERDE"", ""CARUARU"", ""PALMARES"", ""IBIMIRIM"", ""SURUBIM""], ""method"": ""IDW p=2; até 6 estações; raio máximo 300 km""}, ""precipitacao_anual_mm"": {""n_estacoes"": 6, ""nearest_distance_km"": 13.82, ""max_distance_km"": 154.59, ""stations"": [""GARANHUNS"", ""ARCO VERDE"", ""CARUARU"", ""PALMARES"", ""IBIMIRIM"", ""SURUBIM""], ""method"": ""IDW p=2; até 6 estações; raio máximo 300 km""}}","{""organization"": ""INMET"", ""dataset"": ""Dados Históricos Anuais - estações automáticas"", ""version"": ""2009"", ""retrieved_at"": ""2026-10-01"", ""reference_url"": ""https://portal.inmet.gov.br/uploads/dadoshistoricos/2009.zip"", ""method"": ""agregação anual observada por estação + IDW municipal em EPSG:31985; p=2; 3-6 estações; raio <=300 km; controle mínimo de completude"", ""verified"": true}"
2602506,2009,-254.5882136956945,-2438597.213665035,"{""temperatura_media_c"": {""n_estacoes"": 6, ""nearest_distance_km"": 122.6, ""max_distance_km"": 196.47, ""stations"": [""ARCO VERDE"", ""SERRA TALHADA"", ""IBIMIRIM"", ""SURUBIM"", ""CARUARU"", ""GARANHUNS""], ""method"": ""IDW p=2; até 6 estações; raio máximo 300 km""}, ""precipitacao_anual_mm"": {""n_estacoes"": 6, ""nearest_distance_km"": 122.6, ""max_distance_km"": 196.47, ""stations"": [""ARCO VERDE"", ""SERRA TALHADA"", ""IBIMIRIM"", ""SURUBIM"", ""CARUARU"", ""GARANHUNS""], ""method"": ""IDW p=2; até 6 estações; raio máximo 300 km""}}","{""organization"": ""INMET"", ""dataset"": ""Dados Históricos Anuais - estações automáticas"", ""version"": ""2009"", ""retrieved_at"": ""2026-10-01"", ""reference_url"": ""https://portal.inmet.gov.br/uploads/dadoshistoricos/2009.zip"", ""method"": ""agregação anual observada por estação + IDW municipal em EPSG:31985; p=2; 3-6 estações; raio <=300 km; controle mínimo de completude"", ""verified"": true}"
2602605,2009,-223.260961231097,-2156468.994326036,"{""temperatura_media_c"": {""n_estacoes"": 6, ""nearest_distance_km"": 37.14, ""max_distance_km"": 145.82, ""stations"": [""CARUARU"", ""SURUBIM"", ""GARANHUNS"", ""ARCO VERDE"", ""PALMARES"", ""RECIFE""], ""method"": ""IDW p=2; até 6 estações; raio máximo 300 km""}, ""precipitacao_anual_mm"": {""n_estacoes"": 6, ""nearest_distance_km"": 37.14, ""max_distance_km"": 145.82, ""stations"": [""CARUARU"", ""SURUBIM"", ""GARANHUNS"", ""ARCO VERDE"", ""PALMARES"", ""RECIFE""], ""method"": ""IDW p=2; até 6 estações; raio máximo 300 km""}}","{""organization"": ""INMET"", ""dataset"": ""Dados Históricos Anuais - estações automáticas"", ""version"": ""2009"", ""retrieved_at"": ""2026-10-01"", ""reference_url"": ""https://portal.inmet.gov.br/uploads/dadoshistoricos/2009.zip"", ""method"": ""agregação anual observada por estação + IDW municipal em EPSG:31985; p=2; 3-6 estações; raio <=300 km; controle mínimo de completude"", ""verified"": true}"
2602704,2009,-1517.4480562186507,-13472899.090595692,"{""temperatura_media_c"": {""n_estacoes"": 6, ""nearest_distance_km"": 50.74, ""max_distance_km"": 205.81, ""stations"": [""SURUBIM"", ""RECIFE"", ""CARUARU"", ""PALMARES"", ""GARANHUNS"", ""ARCO VERDE""], ""method"": ""IDW p=2; até 6 estações; raio máximo 300 km""}, ""precipitacao_anual_mm"": {""n_estacoes"": 6, ""nearest_distance_km"": 50.74, ""max_distance_km"": 205.81, ""stations"": [""SURUBIM"", ""RECIFE"", ""CARUARU"", ""PALMARES"", ""GARANHUNS"", ""ARCO VERDE""], ""method"": ""IDW p=2; até 6 estações; raio máximo 300 km""}}","{""organization"": ""INMET"", ""dataset"": ""Dados Históricos Anuais - estações automáticas"", ""version"": ""2009"", ""retrieved_at"": ""2026-10-01"", ""reference_url"": ""https://portal.inmet.gov.br/uploads/dadoshistoricos/2009.zip"", ""method"": ""agregação anual observada por estação + IDW municipal em EPSG:31985; p=2; 3-6 estações; raio <=300 km; controle mínimo de completude"", ""verified"": true}"
2602803,2009,-613.8462514194631,-5572410.29473539,"{""temperatura_media_c"": {""n_estacoes"": 6, ""nearest_distance_km"": 26.05, ""max_distance_km"": 161.66, ""stations"": [""ARCO VERDE"", ""IBIMIRIM"", ""GARANHUNS"", ""CARUARU"", ""SERRA TALHADA"", ""FLORESTA""], ""method"": ""IDW p=2; até 6 estações; raio máximo 300 km""}, ""precipitacao_anual_mm"": {""n_estacoes"": 6, ""nearest_distance_km"": 26.05, ""max_distance_km"": 161.66, ""stations"": [""ARCO VERDE"", ""IBIMIRIM"", ""GARANHUNS"", ""CARUARU"", ""SERRA TALHADA"", ""FLORESTA""], ""method"": ""IDW p=2; até 6 estações; raio máximo 300 km""}}","{""organization"": ""INMET"", ""dataset"": ""Dados Históricos Anuais - estações automáticas"", ""version"": ""2009"", ""retrieved_at"": ""2026-10-01"", ""reference_url"": ""https://portal.inmet.gov.br/uploads/dadoshistoricos/2009.zip"", ""method"": ""agregação anual observada por estação + IDW municipal em EPSG:31985; p=2; 3-6 estações; raio <=300 km; controle mínimo de completude"", ""verified"": true}"
2602902,2009,-3356.3492305927302,-29546723.584218618,"{""temperatura_media_c"": {""n_estacoes"": 6, ""nearest_distance_km"": 27.1, ""max_distance_km"": 220.86, ""stations"": [""RECIFE"", ""PALMARES"", ""SURUBIM"", ""CARUARU"", ""GARANHUNS"", ""ARCO VERDE""], ""method"": ""IDW p=2; até 6 estações; raio máximo 300 km""}, ""precipitacao_anual_mm"": {""n_estacoes"": 6, ""nearest_distance_km"": 27.1, ""max_distance_km"": 220.86, ""stations"": [""RECIFE"", ""PALMARES"", ""SURUBIM"", ""CARUARU"", ""GARANHUNS"", ""ARCO VERDE""], ""method"": ""IDW p=2; até 6 estações; raio máximo 300 km""}}","{""organization"": ""INMET"", ""dataset"": ""Dados Históricos Anuais - estações automáticas"", ""version"": ""2009"", ""retrieved_at"": ""2026-10-01"", ""reference_url"": ""https://portal.inmet.gov.br/uploads/dadoshistoricos/2009.zip"", ""method"": ""agregação anual observada por estação + IDW municipal em EPSG:31985; p=2; 3-6 estações; raio <=300 km; controle mínimo de completude"", ""verified"": true}"
2603009,2009,-3.3385175953052544,-262304.85322660714,"{""temperatura_media_c"": {""n_estacoes"": 6, ""nearest_distance_km"": 13.08, ""max_distance_km"": 248.32, ""stations"": [""CABROBO"", ""FLORESTA"", ""SERRA TALHADA"", ""PETROLINA"", ""IBIMIRIM"", ""ARCO VERDE""], ""method"": ""IDW p=2; até 6 estações; raio máximo 300 km""}, ""precipitacao_anual_mm"": {""n_estacoes"": 6, ""nearest_distance_km"": 13.08, ""max_distance_km"": 248.32, ""stations"": [""CABROBO"", ""FLORESTA"", ""SERRA TALHADA"", ""PETROLINA"", ""IBIMIRIM"", ""ARCO VERDE""], ""method"": ""IDW p=2; até 6 estações; raio máximo 300 km""}}","{""organization"": ""INMET"", ""dataset"": ""Dados Históricos Anuais - estações automáticas"", ""version"": ""2009"", ""retrieved_at"": ""2026-10-01"", ""reference_url"": ""https://portal.inmet.gov.br/uploads/dadoshistoricos/2009.zip"", ""method"": ""agregação anual observada por estação + IDW municipal em EPSG:31985; p=2; 3-6 estações; raio <=300 km; controle mínimo de completude"", ""verified"": true}"
2603108,2009,-224.57529825551225,-2164736.1418444207,"{""temperatura_media_c"": {""n_estacoes"": 6, ""nearest_distance_km"": 43.48, ""max_distance_km"": 154.16, ""stations"": [""CARUARU"", ""GARANHUNS"", ""PALMARES"", ""ARCO VERDE"", ""SURUBIM"", ""RECIFE""], ""method"": ""IDW p=2; até 6 estações; raio máximo 300 km""}, ""precipitacao_anual_mm"": {""n_estacoes"": 6, ""nearest_distance_km"": 43.48, ""max_distance_km"": 154.16, ""stations"": [""CARUARU"", ""GARANHUNS"", ""PALMARES"", ""ARCO VERDE"", ""SURUBIM"", ""RECIFE""], ""method"": ""IDW p=2; até 6 estações; raio máximo 300 km""}}","{""organization"": ""INMET"", ""dataset"": ""Dados Históricos Anuais - estações automáticas"", ""version"": ""2009"", ""retrieved_at"": ""2026-10-01"", ""reference_url"": ""https://portal.inmet.gov.br/uploads/dadoshistoricos/2009.zip"", ""method"": ""agregação anual observada por estação + IDW municipal em EPSG:31985; p=2; 3-6 estações; raio <=300 km; controle mínimo de completude"", ""verified"": true}"
2603207,2009,-79.76702978179887,-889642.2426470453,"{""temperatura_media_c"": {""n_estacoes"": 6, ""nearest_distance_km"": 21.41, ""max_distance_km"": 143.27, ""stations"": [""GARANHUNS"", ""ARCO VERDE"", ""CARUARU"", ""IBIMIRIM"", ""PALMARES"", ""SURUBIM""], ""method"": ""IDW p=2; até 6 estações; raio máximo 300 km""}, ""precipitacao_anual_mm"": {""n_estacoes"": 6, ""nearest_distance_km"": 21.41, ""max_distance_km"": 143.27, ""stations"": [""GARANHUNS"", ""ARCO VERDE"", ""CARUARU"", ""IBIMIRIM"", ""PALMARES"", ""SURUBIM""], ""method"": ""IDW p=2; até 6 estações; raio máximo 300 km""}}","{""organization"": ""INMET"", ""dataset"": ""Dados Históricos Anuais - estações automáticas"", ""version"": ""2009"", ""retrieved_at"": ""2026-10-01"", ""reference_url"": ""https://portal.inmet.gov.br/uploads/dadoshistoricos/2009.zip"", ""method"": ""agregação anual observada por estação + IDW municipal em EPSG:31985; p=2; 3-6 estações; raio <=300 km; controle mínimo de completude"", ""verified"": true}"
2603306,2009,-50.56159033852807,-636177.3717418174,"{""temperatura_media_c"": {""n_estacoes"": 6, ""nearest_distance_km"": 25.75, ""max_distance_km"": 155.58, ""stations"": [""GARANHUNS"", ""CARUARU"", ""PALMARES"", ""ARCO VERDE"", ""SURUBIM"", ""IBIMIRIM""], ""method"": ""IDW p=2; até 6 estações; raio máximo 300 km""}, ""precipitacao_anual_mm"": {""n_estacoes"": 6, ""nearest_distance_km"": 25.75, ""max_distance_km"": 155.58, ""stations"": [""GARANHUNS"", ""CARUARU"", ""PALMARES"", ""ARCO VERDE"", ""SURUBIM"", ""IBIMIRIM""], ""method"": ""IDW p=2; até 6 estações; raio máximo 300 km""}}","{""organization"": ""INMET"", ""dataset"": ""Dados Históricos Anuais - estações automáticas"", ""version"": ""2009"", ""retrieved_at"": ""2026-10-01"", ""reference_url"": ""https://portal.inmet.gov.br/uploads/dadoshistoricos/2009.zip"", ""method"": ""agregação anual observada por estação + IDW municipal em EPSG:31985; p=2; 3-6 estações; raio <=300 km; controle mínimo de completude"", ""verified"": true}"
2603405,2009,-195.3502551667409,-1935927.7635660903,"{""temperatura_media_c"": {""n_estacoes"": 6, ""nearest_distance_km"": 24.55, ""max_distance_km"": 201.47, ""stations"": [""SERRA TALHADA"", ""IBIMIRIM"", ""FLORESTA"", ""ARCO VERDE"", ""CABROBO"", ""GARANHUNS""], ""method"": ""IDW p=2; até 6 estações; raio máximo 300 km""}, ""precipitacao_anual_mm"": {""n_estacoes"": 6, ""nearest_distance_km"": 24.55, ""max_distance_km"": 201.47, ""stations"": [""SERRA TALHADA"", ""IBIMIRIM"", ""FLORESTA"", ""ARCO VERDE"", ""CABROBO"", ""GARANHUNS""], ""method"": ""IDW p=2; até 6 estações; raio máximo 300 km""}}","{""organization"": ""INMET"", ""dataset"": ""Dados Históricos Anuais - estações automáticas"", ""version"": ""2009"", ""retrieved_at"": ""2026-10-01"", ""reference_url"": ""https://portal.inmet.gov.br/uploads/dadoshistoricos/2009.zip"", ""method"": ""agregação anual observada por estação + IDW municipal em EPSG:31985; p=2; 3-6 estações; raio <=300 km; controle mínimo de completude"", ""verified"": true}"
2603454,2009,-4417.072290148463,-38818011.75505542,"{""temperatura_media_c"": {""n_estacoes"": 6, ""nearest_distance_km"": 8.96, ""max_distance_km"": 235.13, ""stations"": [""RECIFE"", ""SURUBIM"", ""PALMARES"", ""CARUARU"", ""GARANHUNS"", ""ARCO VERDE""], ""method"": ""IDW p=2; até 6 estações; raio máximo 300 km""}, ""precipitacao_anual_mm"": {""n_estacoes"": 6, ""nearest_distance_km"": 8.96, ""max_distance_km"": 235.13, ""stations"": [""RECIFE"", ""SURUBIM"", ""PALMARES"", ""CARUARU"", ""GARANHUNS"", ""ARCO VERDE""], ""method"": ""IDW p=2; até 6 estações; raio máximo 300 km""}}","{""organization"": ""INMET"", ""dataset"": ""Dados Históricos Anuais - estações automáticas"", ""version"": ""2009"", ""retrieved_at"": ""2026-10-01"", ""reference_url"": ""https://portal.inmet.gov.br/uploads/dadoshistoricos/2009.zip"", ""method"": ""agregação anual observada por estação + IDW municipal em EPSG:31985; p=2; 3-6 estações; raio <=300 km; controle mínimo de completude"", ""verified"": true}"
2603504,2009,-213.81018369051233,-2075994.4215455076,"{""temperatura_media_c"": {""n_estacoes"": 6, ""nearest_distance_km"": 26.73, ""max_distance_km"": 144.81, ""stations"": [""CARUARU"", ""PALMARES"", ""SURUBIM"", ""RECIFE"", ""GARANHUNS"", ""ARCO VERDE""], ""method"": ""IDW p=2; até 6 estações; raio máximo 300 km""}, ""precipitacao_anual_mm"": {""n_estacoes"": 6, ""nearest_distance_km"": 26.73, ""max_distance_km"": 144.81, ""stations"": [""CARUARU"", ""PALMARES"", ""SURUBIM"", ""RECIFE"", ""GARANHUNS"", ""ARCO VERDE""], ""method"": ""IDW p=2; até 6 estações; raio máximo 300 km""}}","{""organization"": ""INMET"", ""dataset"": ""Dados Históricos Anuais - estações automáticas"", ""version"": ""2009"", ""retrieved_at"": ""2026-10-01"", ""reference_url"": ""https://portal.inmet.gov.br/uploads/dadoshistoricos/2009.zip"", ""method"": ""agregação anual observada por estação + IDW municipal em EPSG:31985; p=2; 3-6 estações; raio <=300 km; controle mínimo de completude"", ""verified"": true}"
2603603,2009,-1418.5111399561147,-12607758.17265612,"{""temperatura_media_c"": {""n_estacoes"": 6, ""nearest_distance_km"": 70.7, ""max_distance_km"": 225.03, ""stations"": [""SURUBIM"", ""RECIFE"", ""CARUARU"", ""PALMARES"", ""GARANHUNS"", ""ARCO VERDE""], ""method"": ""IDW p=2; até 6 estações; raio máximo 300 km""}, ""precipitacao_anual_mm"": {""n_estacoes"": 6, ""nearest_distance_km"": 70.7, ""max_distance_km"": 225.03, ""stations"": [""SURUBIM"", ""RECIFE"", ""CARUARU"", ""PALMARES"", ""GARANHUNS"", ""ARCO VERDE""], ""method"": ""IDW p=2; até 6 estações; raio máximo 300 km""}}","{""organization"": ""INMET"", ""dataset"": ""Dados Históricos Anuais - estações automáticas"", ""version"": ""2009"", ""retrieved_at"": ""2026-10-01"", ""reference_url"": ""https://portal.inmet.gov.br/uploads/dadoshistoricos/2009.zip"", ""method"": ""agregação anual observada por estação + IDW municipal em EPSG:31985; p=2; 3-6 estações; raio <=300 km; controle mínimo de completude"", ""verified"": true}"
2603702,2009,-176.2265580878525,-1737338.8164261645,"{""temperatura_media_c"": {""n_estacoes"": 6, ""nearest_distance_km"": 35.03, ""max_distance_km"": 162.83, ""stations"": [""GARANHUNS"", ""PALMARES"", ""CARUARU"", ""ARCO VERDE"", ""SURUBIM"", ""RECIFE""], ""method"": ""IDW p=2; até 6 estações; raio máximo 300 km""}, ""precipitacao_anual_mm"": {""n_estacoes"": 6, ""nearest_distance_km"": 35.03, ""max_distance_km"": 162.83, ""stations"": [""GARANHUNS"", ""PALMARES"", ""CARUARU"", ""ARCO VERDE"", ""SURUBIM"", ""RECIFE""], ""method"": ""IDW p=2; até 6 estações; raio máximo 300 km""}}","{""organization"": ""INMET"", ""dataset"": ""Dados Históricos Anuais - estações automáticas"", ""version"": ""2009"", ""retrieved_at"": ""2026-10-01"", ""reference_url"": ""https://portal.inmet.gov.br/uploads/dadoshistoricos/2009.zip"", ""method"": ""agregação anual observada por estação + IDW municipal em EPSG:31985; p=2; 3-6 estações; raio <=300 km; controle mínimo de completude"", ""verified"": true}"
2603801,2009,-114.97467606327398,-1199547.9501890792,"{""temperatura_media_c"": {""n_estacoes"": 6, ""nearest_distance_km"": 26.93, ""max_distance_km"": 129.24, ""stations"": [""GARANHUNS"", ""ARCO VERDE"", ""CARUARU"", ""PALMARES"", ""IBIMIRIM"", ""SURUBIM""], ""method"": ""IDW p=2; até 6 estações; raio máximo 300 km""}, ""precipitacao_anual_mm"": {""n_estacoes"": 6, ""nearest_distance_km"": 26.93, ""max_distance_km"": 129.24, ""stations"": [""GARANHUNS"", ""ARCO VERDE"", ""CARUARU"", ""PALMARES"", ""IBIMIRIM"", ""SURUBIM""], ""method"": ""IDW p=2; até 6 estações; raio máximo 300 km""}}","{""organization"": ""INMET"", ""dataset"": ""Dados Históricos Anuais - estações automáticas"", ""version"": ""2009"", ""retrieved_at"": ""2026-10-01"", ""reference_url"": ""https://portal.inmet.gov.br/uploads/dadoshistoricos/2009.zip"", ""method"": ""agregação anual observada por estação + IDW municipal em EPSG:31985; p=2; 3-6 estações; raio <=300 km; controle mínimo de completude"", ""verified"": true}"
2603900,2009,-221.7203508575928,-2160514.1819592933,"{""temperatura_media_c"": {""n_estacoes"": 6, ""nearest_distance_km"": 65.18, ""max_distance_km"": 192.35, ""stations"": [""SERRA TALHADA"", ""IBIMIRIM"", ""ARCO VERDE"", ""FLORESTA"", ""GARANHUNS"", ""CABROBO""], ""method"": ""IDW p=2; até 6 estações; raio máximo 300 km""}, ""precipitacao_anual_mm"": {""n_estacoes"": 6, ""nearest_distance_km"": 65.18, ""max_distance_km"": 192.35, ""stations"": [""SERRA TALHADA"", ""IBIMIRIM"", ""ARCO VERDE"", ""FLORESTA"", ""GARANHUNS"", ""CABROBO""], ""method"": ""IDW p=2; até 6 estações; raio máximo 300 km""}}","{""organization"": ""INMET"", ""dataset"": ""Dados Históricos Anuais - estações automáticas"", ""version"": ""2009"", ""retrieved_at"": ""2026-10-01"", ""reference_url"": ""https://portal.inmet.gov.br/uploads/dadoshistoricos/2009.zip"", ""method"": ""agregação anual observada por estação + IDW municipal em EPSG:31985; p=2; 3-6 estações; raio <=300 km; controle mínimo de completude"", ""verified"": true}"
2603926,2009,-33.12656217373735,-520826.8339375352,"{""temperatura_media_c"": {""n_estacoes"": 6, ""nearest_distance_km"": 25.53, ""max_distance_km"": 223.93, ""stations"": [""FLORESTA"", ""CABROBO"", ""SERRA TALHADA"", ""IBIMIRIM"", ""ARCO VERDE"", ""PETROLINA""], ""method"": ""IDW p=2; até 6 estações; raio máximo 300 km""}, ""precipitacao_anual_mm"": {""n_estacoes"": 6, ""nearest_distance_km"": 25.53, ""max_distance_km"": 223.93, ""stations"": [""FLORESTA"", ""CABROBO"", ""SERRA TALHADA"", ""IBIMIRIM"", ""ARCO VERDE"", ""PETROLINA""], ""method"": ""IDW p=2; até 6 estações; raio máximo 300 km""}}","{""organization"": ""INMET"", ""dataset"": ""Dados Históricos Anuais - estações automáticas"", ""version"": ""2009"", ""retrieved_at"": ""2026-10-01"", ""reference_url"": ""https://portal.inmet.gov.br/uploads/dadoshistoricos/2009.zip"", ""method"": ""agregação anual observada por estação + IDW municipal em EPSG:31985; p=2; 3-6 estações; raio <=300 km; controle mínimo de completude"", ""verified"": true}"
2604007,2009,-1940.8656407559781,-17173905.72838407,"{""temperatura_media_c"": {""n_estacoes"": 6, ""nearest_distance_km"": 46.51, ""max_distance_km"": 206.98, ""stations"": [""RECIFE"", ""SURUBIM"", ""CARUARU"", ""PALMARES"", ""GARANHUNS"", ""ARCO VERDE""], ""method"": ""IDW p=2; até 6 estações; raio máximo 300 km""}, ""precipitacao_anual_mm"": {""n_estacoes"": 6, ""nearest_distance_km"": 46.51, ""max_distance_km"": 206.98, ""stations"": [""RECIFE"", ""SURUBIM"", ""CARUARU"", ""PALMARES"", ""GARANHUNS"", ""ARCO VERDE""], ""method"": ""IDW p=2; até 6 estações; raio máximo 300 km""}}","{""organization"": ""INMET"", ""dataset"": ""Dados Históricos Anuais - estações automáticas"", ""version"": ""2009"", ""retrieved_at"": ""2026-10-01"", ""reference_url"": ""https://portal.inmet.gov.br/uploads/dadoshistoricos/2009.zip"", ""method"": ""agregação anual observada por estação + IDW municipal em EPSG:31985; p=2; 3-6 estações; raio <=300 km; controle mínimo de completude"", ""verified"": true}"
2604106,2009,-20.068848503505322,-378898.976287946,"{""temperatura_media_c"": {""n_estacoes"": 6, ""nearest_distance_km"": 7.03, ""max_distance_km"": 120.56, ""stations"": [""CARUARU"", ""SURUBIM"", ""PALMARES"", ""GARANHUNS"", ""RECIFE"", ""ARCO VERDE""], ""method"": ""IDW p=2; até 6 estações; raio máximo 300 km""}, ""precipitacao_anual_mm"": {""n_estacoes"": 6, ""nearest_distance_km"": 7.03, ""max_distance_km"": 120.56, ""stations"": [""CARUARU"", ""SURUBIM"", ""PALMARES"", ""GARANHUNS"", ""RECIFE"", ""ARCO VERDE""], ""method"": ""IDW p=2; até 6 estações; raio máximo 300 km""}}","{""organization"": ""INMET"", ""dataset"": ""Dados Históricos Anuais - estações automáticas"", ""version"": ""2009"", ""retrieved_at"": ""2026-10-01"", ""reference_url"": ""https://portal.inmet.gov.br/uploads/dadoshistoricos/2009.zip"", ""method"": ""agregação anual observada por estação + IDW municipal em EPSG:31985; p=2; 3-6 estações; raio <=300 km; controle mínimo de completude"", ""verified"": true}"
2604155,2009,-79.45496735444374,-905113.6043123289,"{""temperatura_media_c"": {""n_estacoes"": 6, ""nearest_distance_km"": 12.15, ""max_distance_km"": 167.17, ""stations"": [""SURUBIM"", ""CARUARU"", ""RECIFE"", ""PALMARES"", ""GARANHUNS"", ""ARCO VERDE""], ""method"": ""IDW p=2; até 6 estações; raio máximo 300 km""}, ""precipitacao_anual_mm"": {""n_estacoes"": 6, ""nearest_distance_km"": 12.15, ""max_distance_km"": 167.17, ""stations"": [""SURUBIM"", ""CARUARU"", ""RECIFE"", ""PALMARES"", ""GARANHUNS"", ""ARCO VERDE""], ""method"": ""IDW p=2; até 6 estações; raio máximo 300 km""}}","{""organization"": ""INMET"", ""dataset"": ""Dados Históricos Anuais - estações automáticas"", ""version"": ""2009"", ""retrieved_at"": ""2026-10-01"", ""reference_url"": ""https://portal.inmet.gov.br/uploads/dadoshistoricos/2009.zip"", ""method"": ""agregação anual observada por estação + IDW municipal em EPSG:31985; p=2; 3-6 estações; raio <=300 km; controle mínimo de completude"", ""verified"": true}"
2604205,2009,-110.43080396798528,-1180005.0100111389,"{""temperatura_media_c"": {""n_estacoes"": 6, ""nearest_distance_km"": 17.92, ""max_distance_km"": 151.87, ""stations"": [""PALMARES"", ""CARUARU"", ""GARANHUNS"", ""SURUBIM"", ""RECIFE"", ""ARCO VERDE""], ""method"": ""IDW p=2; até 6 estações; raio máximo 300 km""}, ""precipitacao_anual_mm"": {""n_estacoes"": 6, ""nearest_distance_km"": 17.92, ""max_distance_km"": 151.87, ""stations"": [""PALMARES"", ""CARUARU"", ""GARANHUNS"", ""SURUBIM"", ""RECIFE"", ""ARCO VERDE""], ""method"": ""IDW p=2; até 6 estações; raio máximo 300 km""}}","{""organization"": ""INMET"", ""dataset"": ""Dados Históricos Anuais - estações automáticas"", ""version"": ""2009"", ""retrieved_at"": ""2026-10-01"", ""reference_url"": ""https://portal.inmet.gov.br/uploads/dadoshistoricos/2009.zip"", ""method"": ""agregação anual observada por estação + IDW municipal em EPSG:31985; p=2; 3-6 estações; raio <=300 km; controle mínimo de completude"", ""verified"": true}"
2604304,2009,-95.12872093314658,-1062216.8722706016,"{""temperatura_media_c"": {""n_estacoes"": 6, ""nearest_distance_km"": 85.31, ""max_distance_km"": 246.18, ""stations"": [""CABROBO"", ""SERRA TALHADA"", ""FLORESTA"", ""IBIMIRIM"", ""PETROLINA"", ""ARCO VERDE""], ""method"": ""IDW p=2; até 6 estações; raio máximo 300 km""}, ""precipitacao_anual_mm"": {""n_estacoes"": 6, ""nearest_distance_km"": 85.31, ""max_distance_km"": 246.18, ""stations"": [""CABROBO"", ""SERRA TALHADA"", ""FLORESTA"", ""IBIMIRIM"", ""PETROLINA"", ""ARCO VERDE""], ""method"": ""IDW p=2; até 6 estações; raio máximo 300 km""}}","{""organization"": ""INMET"", ""dataset"": ""Dados Históricos Anuais - estações automáticas"", ""version"": ""2009"", ""retrieved_at"": ""2026-10-01"", ""reference_url"": ""https://portal.inmet.gov.br/uploads/dadoshistoricos/2009.zip"", ""method"": ""agregação anual observada por estação + IDW municipal em EPSG:31985; p=2; 3-6 estações; raio <=300 km; controle mínimo de completude"", ""verified"": true}"
2604403,2009,-3048.9467677413872,-26859512.593553007,"{""temperatura_media_c"": {""n_estacoes"": 6, ""nearest_distance_km"": 29.71, ""max_distance_km"": 210.47, ""stations"": [""RECIFE"", ""SURUBIM"", ""PALMARES"", ""CARUARU"", ""GARANHUNS"", ""ARCO VERDE""], ""method"": ""IDW p=2; até 6 estações; raio máximo 300 km""}, ""precipitacao_anual_mm"": {""n_estacoes"": 6, ""nearest_distance_km"": 29.71, ""max_distance_km"": 210.47, ""stations"": [""RECIFE"", ""SURUBIM"", ""PALMARES"", ""CARUARU"", ""GARANHUNS"", ""ARCO VERDE""], ""method"": ""IDW p=2; até 6 estações; raio máximo 300 km""}}","{""organization"": ""INMET"", ""dataset"": ""Dados Históricos Anuais - estações automáticas"", ""version"": ""2009"", ""retrieved_at"": ""2026-10-01"", ""reference_url"": ""https://portal.inmet.gov.br/uploads/dadoshistoricos/2009.zip"", ""method"": ""agregação anual observada por estação + IDW municipal em EPSG:31985; p=2; 3-6 estações; raio <=300 km; controle mínimo de completude"", ""verified"": true}"
2604502,2009,-922.7283204680602,-8275169.777225455,"{""temperatura_media_c"": {""n_estacoes"": 6, ""nearest_distance_km"": 49.44, ""max_distance_km"": 178.71, ""stations"": [""PALMARES"", ""SURUBIM"", ""CARUARU"", ""RECIFE"", ""GARANHUNS"", ""ARCO VERDE""], ""method"": ""IDW p=2; até 6 estações; raio máximo 300 km""}, ""precipitacao_anual_mm"": {""n_estacoes"": 6, ""nearest_distance_km"": 49.44, ""max_distance_km"": 178.71, ""stations"": [""PALMARES"", ""SURUBIM"", ""CARUARU"", ""RECIFE"", ""GARANHUNS"", ""ARCO VERDE""], ""method"": ""IDW p=2; até 6 estações; raio máximo 300 km""}}","{""organization"": ""INMET"", ""dataset"": ""Dados Históricos Anuais - estações automáticas"", ""version"": ""2009"", ""retrieved_at"": ""2026-10-01"", ""reference_url"": ""https://portal.inmet.gov.br/uploads/dadoshistoricos/2009.zip"", ""method"": ""agregação anual observada por estação + IDW municipal em EPSG:31985; p=2; 3-6 estações; raio <=300 km; controle mínimo de completude"", ""verified"": true}"
2604601,2009,-2396.6585120743916,-21157683.30695105,"{""temperatura_media_c"": {""n_estacoes"": 6, ""nearest_distance_km"": 53.45, ""max_distance_km"": 237.12, ""stations"": [""RECIFE"", ""SURUBIM"", ""CARUARU"", ""PALMARES"", ""GARANHUNS"", ""ARCO VERDE""], ""method"": ""IDW p=2; até 6 estações; raio máximo 300 km""}, ""precipitacao_anual_mm"": {""n_estacoes"": 6, ""nearest_distance_km"": 53.45, ""max_distance_km"": 237.12, ""stations"": [""RECIFE"", ""SURUBIM"", ""CARUARU"", ""PALMARES"", ""GARANHUNS"", ""ARCO VERDE""], ""method"": ""IDW p=2; até 6 estações; raio máximo 300 km""}}","{""organization"": ""INMET"", ""dataset"": ""Dados Históricos Anuais - estações automáticas"", ""version"": ""2009"", ""retrieved_at"": ""2026-10-01"", ""reference_url"": ""https://portal.inmet.gov.br/uploads/dadoshistoricos/2009.zip"", ""method"": ""agregação anual observada por estação + IDW municipal em EPSG:31985; p=2; 3-6 estações; raio <=300 km; controle mínimo de completude"", ""verified"": true}"
2604700,2009,-45.55641458346652,-591536.4905101499,"{""temperatura_media_c"": {""n_estacoes"": 6, ""nearest_distance_km"": 28.72, ""max_distance_km"": 165.53, ""stations"": [""GARANHUNS"", ""PALMARES"", ""CARUARU"", ""ARCO VERDE"", ""SURUBIM"", ""IBIMIRIM""], ""method"": ""IDW p=2; até 6 estações; raio máximo 300 km""}, ""precipitacao_anual_mm"": {""n_estacoes"": 6, ""nearest_distance_km"": 28.72, ""max_distance_km"": 165.53, ""stations"": [""GARANHUNS"", ""PALMARES"", ""CARUARU"", ""ARCO VERDE"", ""SURUBIM"", ""IBIMIRIM""], ""method"": ""IDW p=2; até 6 estações; raio máximo 300 km""}}","{""organization"": ""INMET"", ""dataset"": ""Dados Históricos Anuais - estações automáticas"", ""version"": ""2009"", ""retrieved_at"": ""2026-10-01"", ""reference_url"": ""https://portal.inmet.gov.br/uploads/dadoshistoricos/2009.zip"", ""method"": ""agregação anual observada por estação + IDW municipal em EPSG:31985; p=2; 3-6 estações; raio <=300 km; controle mínimo de completude"", ""verified"": true}"
2604809,2009,-365.3516726488102,-3406536.5621887185,"{""temperatura_media_c"": {""n_estacoes"": 6, ""nearest_distance_km"": 26.15, ""max_distance_km"": 171.21, ""stations"": [""PALMARES"", ""CARUARU"", ""SURUBIM"", ""RECIFE"", ""GARANHUNS"", ""ARCO VERDE""], ""method"": ""IDW p=2; até 6 estações; raio máximo 300 km""}, ""precipitacao_anual_mm"": {""n_estacoes"": 6, ""nearest_distance_km"": 26.15, ""max_distance_km"": 171.21, ""stations"": [""PALMARES"", ""CARUARU"", ""SURUBIM"", ""RECIFE"", ""GARANHUNS"", ""ARCO VERDE""], ""method"": ""IDW p=2; até 6 estações; raio máximo 300 km""}}","{""organization"": ""INMET"", ""dataset"": ""Dados Históricos Anuais - estações automáticas"", ""version"": ""2009"", ""retrieved_at"": ""2026-10-01"", ""reference_url"": ""https://portal.inmet.gov.br/uploads/dadoshistoricos/2009.zip"", ""method"": ""agregação anual observada por estação + IDW municipal em EPSG:31985; p=2; 3-6 estações; raio <=300 km; controle mínimo de completude"", ""verified"": true}"
2604908,2009,-231.3182570885479,-2230713.4457249236,"{""temperatura_media_c"": {""n_estacoes"": 6, ""nearest_distance_km"": 23.96, ""max_distance_km"": 156.02, ""stations"": [""SURUBIM"", ""CARUARU"", ""PALMARES"", ""RECIFE"", ""GARANHUNS"", ""ARCO VERDE""], ""method"": ""IDW p=2; até 6 estações; raio máximo 300 km""}, ""precipitacao_anual_mm"": {""n_estacoes"": 6, ""nearest_distance_km"": 23.96, ""max_distance_km"": 156.02, ""stations"": [""SURUBIM"", ""CARUARU"", ""PALMARES"", ""RECIFE"", ""GARANHUNS"", ""ARCO VERDE""], ""method"": ""IDW p=2; até 6 estações; raio máximo 300 km""}}","{""organization"": ""INMET"", ""dataset"": ""Dados Históricos Anuais - estações automáticas"", ""version"": ""2009"", ""retrieved_at"": ""2026-10-01"", ""reference_url"": ""https://portal.inmet.gov.br/uploads/dadoshistoricos/2009.zip"", ""method"": ""agregação anual observada por estação + IDW municipal em EPSG:31985; p=2; 3-6 estações; raio <=300 km; controle mínimo de completude"", ""verified"": true}"
2605004,2009,-208.62483743155684,-2030936.6139059323,"{""temperatura_media_c"": {""n_estacoes"": 6, ""nearest_distance_km"": 38.87, ""max_distance_km"": 128.35, ""stations"": [""CARUARU"", ""PALMARES"", ""GARANHUNS"", ""SURUBIM"", ""RECIFE"", ""ARCO VERDE""], ""method"": ""IDW p=2; até 6 estações; raio máximo 300 km""}, ""precipitacao_anual_mm"": {""n_estacoes"": 6, ""nearest_distance_km"": 38.87, ""max_distance_km"": 128.35, ""stations"": [""CARUARU"", ""PALMARES"", ""GARANHUNS"", ""SURUBIM"", ""RECIFE"", ""ARCO VERDE""], ""method"": ""IDW p=2; até 6 estações; raio máximo 300 km""}}","{""organization"": ""INMET"", ""dataset"": ""Dados Históricos Anuais - estações automáticas"", ""version"": ""2009"", ""retrieved_at"": ""2026-10-01"", ""reference_url"": ""https://portal.inmet.gov.br/uploads/dadoshistoricos/2009.zip"", ""method"": ""agregação anual observada por estação + IDW municipal em EPSG:31985; p=2; 3-6 estações; raio <=300 km; controle mínimo de completude"", ""verified"": true}"
2605103,2009,-162.80086539203884,-1644047.4790029447,"{""temperatura_media_c"": {""n_estacoes"": 6, ""nearest_distance_km"": 37.37, ""max_distance_km"": 184.22, ""stations"": [""IBIMIRIM"", ""ARCO VERDE"", ""SERRA TALHADA"", ""FLORESTA"", ""GARANHUNS"", ""CABROBO""], ""method"": ""IDW p=2; até 6 estações; raio máximo 300 km""}, ""precipitacao_anual_mm"": {""n_estacoes"": 6, ""nearest_distance_km"": 37.37, ""max_distance_km"": 184.22, ""stations"": [""IBIMIRIM"", ""ARCO VERDE"", ""SERRA TALHADA"", ""FLORESTA"", ""GARANHUNS"", ""CABROBO""], ""method"": ""IDW p=2; até 6 estações; raio máximo 300 km""}}","{""organization"": ""INMET"", ""dataset"": ""Dados Históricos Anuais - estações automáticas"", ""version"": ""2009"", ""retrieved_at"": ""2026-10-01"", ""reference_url"": ""https://portal.inmet.gov.br/uploads/dadoshistoricos/2009.zip"", ""method"": ""agregação anual observada por estação + IDW municipal em EPSG:31985; p=2; 3-6 estações; raio <=300 km; controle mínimo de completude"", ""verified"": true}"
2605152,2009,-55.801671876816386,-726573.6422846242,"{""temperatura_media_c"": {""n_estacoes"": 4, ""nearest_distance_km"": 100.5, ""max_distance_km"": 264.72, ""stations"": [""PETROLINA"", ""CABROBO"", ""FLORESTA"", ""SERRA TALHADA""], ""method"": ""IDW p=2; até 6 estações; raio máximo 300 km""}, ""precipitacao_anual_mm"": {""n_estacoes"": 4, ""nearest_distance_km"": 100.5, ""max_distance_km"": 264.72, ""stations"": [""PETROLINA"", ""CABROBO"", ""FLORESTA"", ""SERRA TALHADA""], ""method"": ""IDW p=2; até 6 estações; raio máximo 300 km""}}","{""organization"": ""INMET"", ""dataset"": ""Dados Históricos Anuais - estações automáticas"", ""version"": ""2009"", ""retrieved_at"": ""2026-10-01"", ""reference_url"": ""https://portal.inmet.gov.br/uploads/dadoshistoricos/2009.zip"", ""method"": ""agregação anual observada por estação + IDW municipal em EPSG:31985; p=2; 3-6 estações; raio <=300 km; controle mínimo de completude"", ""verified"": true}"
2605202,2009,-1580.4784581072247,-14025503.502866665,"{""temperatura_media_c"": {""n_estacoes"": 6, ""nearest_distance_km"": 46.85, ""max_distance_km"": 200.62, ""stations"": [""PALMARES"", ""RECIFE"", ""CARUARU"", ""SURUBIM"", ""GARANHUNS"", ""ARCO VERDE""], ""method"": ""IDW p=2; até 6 estações; raio máximo 300 km""}, ""precipitacao_anual_mm"": {""n_estacoes"": 6, ""nearest_distance_km"": 46.85, ""max_distance_km"": 200.62, ""stations"": [""PALMARES"", ""RECIFE"", ""CARUARU"", ""SURUBIM"", ""GARANHUNS"", ""ARCO VERDE""], ""method"": ""IDW p=2; até 6 estações; raio máximo 300 km""}}","{""organization"": ""INMET"", ""dataset"": ""Dados Históricos Anuais - estações automáticas"", ""version"": ""2009"", ""retrieved_at"": ""2026-10-01"", ""reference_url"": ""https://portal.inmet.gov.br/uploads/dadoshistoricos/2009.zip"", ""method"": ""agregação anual observada por estação + IDW municipal em EPSG:31985; p=2; 3-6 estações; raio <=300 km; controle mínimo de completude"", ""verified"": true}"
2605301,2009,-51.63281534037896,-684004.932527907,"{""temperatura_media_c"": {""n_estacoes"": 5, ""nearest_distance_km"": 119.93, ""max_distance_km"": 251.13, ""stations"": [""CABROBO"", ""SERRA TALHADA"", ""FLORESTA"", ""PETROLINA"", ""IBIMIRIM""], ""method"": ""IDW p=2; até 6 estações; raio máximo 300 km""}, ""precipitacao_anual_mm"": {""n_estacoes"": 5, ""nearest_distance_km"": 119.93, ""max_distance_km"": 251.13, ""stations"": [""CABROBO"", ""SERRA TALHADA"", ""FLORESTA"", ""PETROLINA"", ""IBIMIRIM""], ""method"": ""IDW p=2; até 6 estações; raio máximo 300 km""}}","{""organization"": ""INMET"", ""dataset"": ""Dados Históricos Anuais - estações automáticas"", ""version"": ""2009"", ""retrieved_at"": ""2026-10-01"", ""reference_url"": ""https://portal.inmet.gov.br/uploads/dadoshistoricos/2009.zip"", ""method"": ""agregação anual observada por estação + IDW municipal em EPSG:31985; p=2; 3-6 estações; raio <=300 km; controle mínimo de completude"", ""verified"": true}"
2605400,2009,-1548.1702253173924,-13741501.035411002,"{""temperatura_media_c"": {""n_estacoes"": 6, ""nearest_distance_km"": 47.33, ""max_distance_km"": 194.48, ""stations"": [""SURUBIM"", ""RECIFE"", ""CARUARU"", ""PALMARES"", ""GARANHUNS"", ""ARCO VERDE""], ""method"": ""IDW p=2; até 6 estações; raio máximo 300 km""}, ""precipitacao_anual_mm"": {""n_estacoes"": 6, ""nearest_distance_km"": 47.33, ""max_distance_km"": 194.48, ""stations"": [""SURUBIM"", ""RECIFE"", ""CARUARU"", ""PALMARES"", ""GARANHUNS"", ""ARCO VERDE""], ""method"": ""IDW p=2; até 6 estações; raio máximo 300 km""}}","{""organization"": ""INMET"", ""dataset"": ""Dados Históricos Anuais - estações automáticas"", ""version"": ""2009"", ""retrieved_at"": ""2026-10-01"", ""reference_url"": ""https://portal.inmet.gov.br/uploads/dadoshistoricos/2009.zip"", ""method"": ""agregação anual observada por estação + IDW municipal em EPSG:31985; p=2; 3-6 estações; raio <=300 km; controle mínimo de completude"", ""verified"": true}"
2605459,2009,,,"{""temperatura_media_c"": {""n_estacoes"": 0, ""max_distance_km"": null, ""method"": ""unavailable""}, ""precipitacao_anual_mm"": {""n_estacoes"": 0, ""max_distance_km"": null, ""method"": ""unavailable""}}","{""organization"": ""INMET"", ""dataset"": ""Dados Históricos Anuais - estações automáticas"", ""version"": ""2009"", ""retrieved_at"": ""2026-10-01"", ""reference_url"": ""https://portal.inmet.gov.br/uploads/dadoshistoricos/2009.zip"", ""method"": ""agregação anual observada por estação + IDW municipal em EPSG:31985; p=2; 3-6 estações; raio <=300 km; controle mínimo de completude"", ""verified"": true}"
2605509,2009,-1632.2860655006846,-14476355.673297696,"{""temperatura_media_c"": {""n_estacoes"": 6, ""nearest_distance_km"": 71.53, ""max_distance_km"": 228.02, ""stations"": [""RECIFE"", ""SURUBIM"", ""CARUARU"", ""PALMARES"", ""GARANHUNS"", ""ARCO VERDE""], ""method"": ""IDW p=2; até 6 estações; raio máximo 300 km""}, ""precipitacao_anual_mm"": {""n_estacoes"": 6, ""nearest_distance_km"": 71.53, ""max_distance_km"": 228.02, ""stations"": [""RECIFE"", ""SURUBIM"", ""CARUARU"", ""PALMARES"", ""GARANHUNS"", ""ARCO VERDE""], ""method"": ""IDW p=2; até 6 estações; raio máximo 300 km""}}","{""organization"": ""INMET"", ""dataset"": ""Dados Históricos Anuais - estações automáticas"", ""version"": ""2009"", ""retrieved_at"": ""2026-10-01"", ""reference_url"": ""https://portal.inmet.gov.br/uploads/dadoshistoricos/2009.zip"", ""method"": ""agregação anual observada por estação + IDW municipal em EPSG:31985; p=2; 3-6 estações; raio <=300 km; controle mínimo de completude"", ""verified"": true}"
2605608,2009,-190.65987907618225,-1891818.0790417038,"{""temperatura_media_c"": {""n_estacoes"": 6, ""nearest_distance_km"": 44.28, ""max_distance_km"": 188.07, ""stations"": [""SERRA TALHADA"", ""IBIMIRIM"", ""ARCO VERDE"", ""FLORESTA"", ""CABROBO"", ""GARANHUNS""], ""method"": ""IDW p=2; até 6 estações; raio máximo 300 km""}, ""precipitacao_anual_mm"": {""n_estacoes"": 6, ""nearest_distance_km"": 44.28, ""max_distance_km"": 188.07, ""stations"": [""SERRA TALHADA"", ""IBIMIRIM"", ""ARCO VERDE"", ""FLORESTA"", ""CABROBO"", ""GARANHUNS""], ""method"": ""IDW p=2; até 6 estações; raio máximo 300 km""}}","{""organization"": ""INMET"", ""dataset"": ""Dados Históricos Anuais - estações automáticas"", ""version"": ""2009"", ""retrieved_at"": ""2026-10-01"", ""reference_url"": ""https://portal.inmet.gov.br/uploads/dadoshistoricos/2009.zip"", ""method"": ""agregação anual observada por estação + IDW municipal em EPSG:31985; p=2; 3-6 estações; raio <=300 km; controle mínimo de completude"", ""verified"": true}"
2605707,2009,-54.57407855987757,-706029.6392821807,"{""temperatura_media_c"": {""n_estacoes"": 6, ""nearest_distance_km"": 30.87, ""max_distance_km"": 203.34, ""stations"": [""FLORESTA"", ""IBIMIRIM"", ""SERRA TALHADA"", ""CABROBO"", ""ARCO VERDE"", ""GARANHUNS""], ""method"": ""IDW p=2; até 6 estações; raio máximo 300 km""}, ""precipitacao_anual_mm"": {""n_estacoes"": 6, ""nearest_distance_km"": 30.87, ""max_distance_km"": 203.34, ""stations"": [""FLORESTA"", ""IBIMIRIM"", ""SERRA TALHADA"", ""CABROBO"", ""ARCO VERDE"", ""GARANHUNS""], ""method"": ""IDW p=2; até 6 estações; raio máximo 300 km""}}","{""organization"": ""INMET"", ""dataset"": ""Dados Históricos Anuais - estações automáticas"", ""version"": ""2009"", ""retrieved_at"": ""2026-10-01"", ""reference_url"": ""https://portal.inmet.gov.br/uploads/dadoshistoricos/2009.zip"", ""method"": ""agregação anual observada por estação + IDW municipal em EPSG:31985; p=2; 3-6 estações; raio <=300 km; controle mínimo de completude"", ""verified"": true}"
2605806,2009,-80.81315057623326,-916116.8392657767,"{""temperatura_media_c"": {""n_estacoes"": 6, ""nearest_distance_km"": 14.64, ""max_distance_km"": 142.6, ""stations"": [""SURUBIM"", ""CARUARU"", ""PALMARES"", ""RECIFE"", ""GARANHUNS"", ""ARCO VERDE""], ""method"": ""IDW p=2; até 6 estações; raio máximo 300 km""}, ""precipitacao_anual_mm"": {""n_estacoes"": 6, ""nearest_distance_km"": 14.64, ""max_distance_km"": 142.6, ""stations"": [""SURUBIM"", ""CARUARU"", ""PALMARES"", ""RECIFE"", ""GARANHUNS"", ""ARCO VERDE""], ""method"": ""IDW p=2; até 6 estações; raio máximo 300 km""}}","{""organization"": ""INMET"", ""dataset"": ""Dados Históricos Anuais - estações automáticas"", ""version"": ""2009"", ""retrieved_at"": ""2026-10-01"", ""reference_url"": ""https://portal.inmet.gov.br/uploads/dadoshistoricos/2009.zip"", ""method"": ""agregação anual observada por estação + IDW municipal em EPSG:31985; p=2; 3-6 estações; raio <=300 km; controle mínimo de completude"", ""verified"": true}"
2605905,2009,-260.8189490554688,-2494991.4433626095,"{""temperatura_media_c"": {""n_estacoes"": 6, ""nearest_distance_km"": 20.21, ""max_distance_km"": 187.63, ""stations"": [""PALMARES"", ""CARUARU"", ""RECIFE"", ""SURUBIM"", ""GARANHUNS"", ""ARCO VERDE""], ""method"": ""IDW p=2; até 6 estações; raio máximo 300 km""}, ""precipitacao_anual_mm"": {""n_estacoes"": 6, ""nearest_distance_km"": 20.21, ""max_distance_km"": 187.63, ""stations"": [""PALMARES"", ""CARUARU"", ""RECIFE"", ""SURUBIM"", ""GARANHUNS"", ""ARCO VERDE""], ""method"": ""IDW p=2; até 6 estações; raio máximo 300 km""}}","{""organization"": ""INMET"", ""dataset"": ""Dados Históricos Anuais - estações automáticas"", ""version"": ""2009"", ""retrieved_at"": ""2026-10-01"", ""reference_url"": ""https://portal.inmet.gov.br/uploads/dadoshistoricos/2009.zip"", ""method"": ""agregação anual observada por estação + IDW municipal em EPSG:31985; p=2; 3-6 estações; raio <=300 km; controle mínimo de completude"", ""verified"": true}"
2606002,2009,-5.403960103191796,-235531.34432237846,"{""temperatura_media_c"": {""n_estacoes"": 6, ""nearest_distance_km"": 2.55, ""max_distance_km"": 143.75, ""stations"": [""GARANHUNS"", ""ARCO VERDE"", ""CARUARU"", ""PALMARES"", ""IBIMIRIM"", ""SURUBIM""], ""method"": ""IDW p=2; até 6 estações; raio máximo 300 km""}, ""precipitacao_anual_mm"": {""n_estacoes"": 6, ""nearest_distance_km"": 2.55, ""max_distance_km"": 143.75, ""stations"": [""GARANHUNS"", ""ARCO VERDE"", ""CARUARU"", ""PALMARES"", ""IBIMIRIM"", ""SURUBIM""], ""method"": ""IDW p=2; até 6 estações; raio máximo 300 km""}}","{""organization"": ""INMET"", ""dataset"": ""Dados Históricos Anuais - estações automáticas"", ""version"": ""2009"", ""retrieved_at"": ""2026-10-01"", ""reference_url"": ""https://portal.inmet.gov.br/uploads/dadoshistoricos/2009.zip"", ""method"": ""agregação anual observada por estação + IDW municipal em EPSG:31985; p=2; 3-6 estações; raio <=300 km; controle mínimo de completude"", ""verified"": true}"
2606101,2009,-1964.1073851474328,-17377155.354948755,"{""temperatura_media_c"": {""n_estacoes"": 6, ""nearest_distance_km"": 42.11, ""max_distance_km"": 197.63, ""stations"": [""RECIFE"", ""SURUBIM"", ""CARUARU"", ""PALMARES"", ""GARANHUNS"", ""ARCO VERDE""], ""method"": ""IDW p=2; até 6 estações; raio máximo 300 km""}, ""precipitacao_anual_mm"": {""n_estacoes"": 6, ""nearest_distance_km"": 42.11, ""max_distance_km"": 197.63, ""stations"": [""RECIFE"", ""SURUBIM"", ""CARUARU"", ""PALMARES"", ""GARANHUNS"", ""ARCO VERDE""], ""method"": ""IDW p=2; até 6 estações; raio máximo 300 km""}}","{""organization"": ""INMET"", ""dataset"": ""Dados Históricos Anuais - estações automáticas"", ""version"": ""2009"", ""retrieved_at"": ""2026-10-01"", ""reference_url"": ""https://portal.inmet.gov.br/uploads/dadoshistoricos/2009.zip"", ""method"": ""agregação anual observada por estação + IDW municipal em EPSG:31985; p=2; 3-6 estações; raio <=300 km; controle mínimo de completude"", ""verified"": true}"
2606200,2009,-2773.8417631100833,-24454562.27793429,"{""temperatura_media_c"": {""n_estacoes"": 6, ""nearest_distance_km"": 51.17, ""max_distance_km"": 253.09, ""stations"": [""RECIFE"", ""SURUBIM"", ""CARUARU"", ""PALMARES"", ""GARANHUNS"", ""ARCO VERDE""], ""method"": ""IDW p=2; até 6 estações; raio máximo 300 km""}, ""precipitacao_anual_mm"": {""n_estacoes"": 6, ""nearest_distance_km"": 51.17, ""max_distance_km"": 253.09, ""stations"": [""RECIFE"", ""SURUBIM"", ""CARUARU"", ""PALMARES"", ""GARANHUNS"", ""ARCO VERDE""], ""method"": ""IDW p=2; até 6 estações; raio máximo 300 km""}}","{""organization"": ""INMET"", ""dataset"": ""Dados Históricos Anuais - estações automáticas"", ""version"": ""2009"", ""retrieved_at"": ""2026-10-01"", ""reference_url"": ""https://portal.inmet.gov.br/uploads/dadoshistoricos/2009.zip"", ""method"": ""agregação anual observada por estação + IDW municipal em EPSG:31985; p=2; 3-6 estações; raio <=300 km; controle mínimo de completude"", ""verified"": true}"
2606309,2009,-75.6377890179848,-892829.2149927579,"{""temperatura_media_c"": {""n_estacoes"": 6, ""nearest_distance_km"": 90.0, ""max_distance_km"": 297.25, ""stations"": [""CABROBO"", ""FLORESTA"", ""SERRA TALHADA"", ""PETROLINA"", ""IBIMIRIM"", ""ARCO VERDE""], ""method"": ""IDW p=2; até 6 estações; raio máximo 300 km""}, ""precipitacao_anual_mm"": {""n_estacoes"": 6, ""nearest_distance_km"": 90.0, ""max_distance_km"": 297.25, ""stations"": [""CABROBO"", ""FLORESTA"", ""SERRA TALHADA"", ""PETROLINA"", ""IBIMIRIM"", ""ARCO VERDE""], ""method"": ""IDW p=2; até 6 estações; raio máximo 300 km""}}","{""organization"": ""INMET"", ""dataset"": ""Dados Históricos Anuais - estações automáticas"", ""version"": ""2009"", ""retrieved_at"": ""2026-10-01"", ""reference_url"": ""https://portal.inmet.gov.br/uploads/dadoshistoricos/2009.zip"", ""method"": ""agregação anual observada por estação + IDW municipal em EPSG:31985; p=2; 3-6 estações; raio <=300 km; controle mínimo de completude"", ""verified"": true}"
2606408,2009,-633.2163880897242,-5743869.831819756,"{""temperatura_media_c"": {""n_estacoes"": 6, ""nearest_distance_km"": 46.75, ""max_distance_km"": 169.37, ""stations"": [""CARUARU"", ""SURUBIM"", ""PALMARES"", ""RECIFE"", ""GARANHUNS"", ""ARCO VERDE""], ""method"": ""IDW p=2; até 6 estações; raio máximo 300 km""}, ""precipitacao_anual_mm"": {""n_estacoes"": 6, ""nearest_distance_km"": 46.75, ""max_distance_km"": 169.37, ""stations"": [""CARUARU"", ""SURUBIM"", ""PALMARES"", ""RECIFE"", ""GARANHUNS"", ""ARCO VERDE""], ""method"": ""IDW p=2; até 6 estações; raio máximo 300 km""}}","{""organization"": ""INMET"", ""dataset"": ""Dados Históricos Anuais - estações automáticas"", ""version"": ""2009"", ""retrieved_at"": ""2026-10-01"", ""reference_url"": ""https://portal.inmet.gov.br/uploads/dadoshistoricos/2009.zip"", ""method"": ""agregação anual observada por estação + IDW municipal em EPSG:31985; p=2; 3-6 estações; raio <=300 km; controle mínimo de completude"", ""verified"": true}"
2606507,2009,-172.01815926119832,-1702721.2716087038,"{""temperatura_media_c"": {""n_estacoes"": 6, ""nearest_distance_km"": 51.85, ""max_distance_km"": 189.14, ""stations"": [""GARANHUNS"", ""ARCO VERDE"", ""IBIMIRIM"", ""CARUARU"", ""PALMARES"", ""SURUBIM""], ""method"": ""IDW p=2; até 6 estações; raio máximo 300 km""}, ""precipitacao_anual_mm"": {""n_estacoes"": 6, ""nearest_distance_km"": 51.85, ""max_distance_km"": 189.14, ""stations"": [""GARANHUNS"", ""ARCO VERDE"", ""IBIMIRIM"", ""CARUARU"", ""PALMARES"", ""SURUBIM""], ""method"": ""IDW p=2; até 6 estações; raio máximo 300 km""}}","{""organization"": ""INMET"", ""dataset"": ""Dados Históricos Anuais - estações automáticas"", ""version"": ""2009"", ""retrieved_at"": ""2026-10-01"", ""reference_url"": ""https://portal.inmet.gov.br/uploads/dadoshistoricos/2009.zip"", ""method"": ""agregação anual observada por estação + IDW municipal em EPSG:31985; p=2; 3-6 estações; raio <=300 km; controle mínimo de completude"", ""verified"": true}"
2606606,2009,-46.5775517998142,-628966.0521307967,"{""temperatura_media_c"": {""n_estacoes"": 6, ""nearest_distance_km"": 14.67, ""max_distance_km"": 183.26, ""stations"": [""IBIMIRIM"", ""ARCO VERDE"", ""SERRA TALHADA"", ""FLORESTA"", ""GARANHUNS"", ""CARUARU""], ""method"": ""IDW p=2; até 6 estações; raio máximo 300 km""}, ""precipitacao_anual_mm"": {""n_estacoes"": 6, ""nearest_distance_km"": 14.67, ""max_distance_km"": 183.26, ""stations"": [""IBIMIRIM"", ""ARCO VERDE"", ""SERRA TALHADA"", ""FLORESTA"", ""GARANHUNS"", ""CARUARU""], ""method"": ""IDW p=2; até 6 estações; raio máximo 300 km""}}","{""organization"": ""INMET"", ""dataset"": ""Dados Históricos Anuais - estações automáticas"", ""version"": ""2009"", ""retrieved_at"": ""2026-10-01"", ""reference_url"": ""https://portal.inmet.gov.br/uploads/dadoshistoricos/2009.zip"", ""method"": ""agregação anual observada por estação + IDW municipal em EPSG:31985; p=2; 3-6 estações; raio <=300 km; controle mínimo de completude"", ""verified"": true}"
2606705,2009,-211.47550376351927,-2049560.1620295271,"{""temperatura_media_c"": {""n_estacoes"": 6, ""nearest_distance_km"": 45.84, ""max_distance_km"": 150.0, ""stations"": [""GARANHUNS"", ""CARUARU"", ""PALMARES"", ""SURUBIM"", ""ARCO VERDE"", ""RECIFE""], ""method"": ""IDW p=2; até 6 estações; raio máximo 300 km""}, ""precipitacao_anual_mm"": {""n_estacoes"": 6, ""nearest_distance_km"": 45.84, ""max_distance_km"": 150.0, ""stations"": [""GARANHUNS"", ""CARUARU"", ""PALMARES"", ""SURUBIM"", ""ARCO VERDE"", ""RECIFE""], ""method"": ""IDW p=2; até 6 estações; raio máximo 300 km""}}","{""organization"": ""INMET"", ""dataset"": ""Dados Históricos Anuais - estações automáticas"", ""version"": ""2009"", ""retrieved_at"": ""2026-10-01"", ""reference_url"": ""https://portal.inmet.gov.br/uploads/dadoshistoricos/2009.zip"", ""method"": ""agregação anual observada por estação + IDW municipal em EPSG:31985; p=2; 3-6 estações; raio <=300 km; controle mínimo de completude"", ""verified"": true}"
2606804,2009,-3747.9414112103577,-32969194.773266934,"{""temperatura_media_c"": {""n_estacoes"": 6, ""nearest_distance_km"": 26.73, ""max_distance_km"": 243.44, ""stations"": [""RECIFE"", ""SURUBIM"", ""PALMARES"", ""CARUARU"", ""GARANHUNS"", ""ARCO VERDE""], ""method"": ""IDW p=2; até 6 estações; raio máximo 300 km""}, ""precipitacao_anual_mm"": {""n_estacoes"": 6, ""nearest_distance_km"": 26.73, ""max_distance_km"": 243.44, ""stations"": [""RECIFE"", ""SURUBIM"", ""PALMARES"", ""CARUARU"", ""GARANHUNS"", ""ARCO VERDE""], ""method"": ""IDW p=2; até 6 estações; raio máximo 300 km""}}","{""organization"": ""INMET"", ""dataset"": ""Dados Históricos Anuais - estações automáticas"", ""version"": ""2009"", ""retrieved_at"": ""2026-10-01"", ""reference_url"": ""https://portal.inmet.gov.br/uploads/dadoshistoricos/2009.zip"", ""method"": ""agregação anual observada por estação + IDW municipal em EPSG:31985; p=2; 3-6 estações; raio <=300 km; controle mínimo de completude"", ""verified"": true}"
2606903,2009,-319.18227966248975,-3005081.858291919,"{""temperatura_media_c"": {""n_estacoes"": 6, ""nearest_distance_km"": 72.52, ""max_distance_km"": 162.37, ""stations"": [""ARCO VERDE"", ""IBIMIRIM"", ""SERRA TALHADA"", ""GARANHUNS"", ""FLORESTA"", ""CARUARU""], ""method"": ""IDW p=2; até 6 estações; raio máximo 300 km""}, ""precipitacao_anual_mm"": {""n_estacoes"": 6, ""nearest_distance_km"": 72.52, ""max_distance_km"": 162.37, ""stations"": [""ARCO VERDE"", ""IBIMIRIM"", ""SERRA TALHADA"", ""GARANHUNS"", ""FLORESTA"", ""CARUARU""], ""method"": ""IDW p=2; até 6 estações; raio máximo 300 km""}}","{""organization"": ""INMET"", ""dataset"": ""Dados Históricos Anuais - estações automáticas"", ""version"": ""2009"", ""retrieved_at"": ""2026-10-01"", ""reference_url"": ""https://portal.inmet.gov.br/uploads/dadoshistoricos/2009.zip"", ""method"": ""agregação anual observada por estação + IDW municipal em EPSG:31985; p=2; 3-6 estações; raio <=300 km; controle mínimo de completude"", ""verified"": true}"
2607000,2009,-94.6613369235773,-1049337.4455949955,"{""temperatura_media_c"": {""n_estacoes"": 6, ""nearest_distance_km"": 36.35, ""max_distance_km"": 165.7, ""stations"": [""IBIMIRIM"", ""FLORESTA"", ""ARCO VERDE"", ""SERRA TALHADA"", ""GARANHUNS"", ""CABROBO""], ""method"": ""IDW p=2; até 6 estações; raio máximo 300 km""}, ""precipitacao_anual_mm"": {""n_estacoes"": 6, ""nearest_distance_km"": 36.35, ""max_distance_km"": 165.7, ""stations"": [""IBIMIRIM"", ""FLORESTA"", ""ARCO VERDE"", ""SERRA TALHADA"", ""GARANHUNS"", ""CABROBO""], ""method"": ""IDW p=2; até 6 estações; raio máximo 300 km""}}","{""organization"": ""INMET"", ""dataset"": ""Dados Históricos Anuais - estações automáticas"", ""version"": ""2009"", ""retrieved_at"": ""2026-10-01"", ""reference_url"": ""https://portal.inmet.gov.br/uploads/dadoshistoricos/2009.zip"", ""method"": ""agregação anual observada por estação + IDW municipal em EPSG:31985; p=2; 3-6 estações; raio <=300 km; controle mínimo de completude"", ""verified"": true}"
2607109,2009,-293.168413630797,-2778395.705086249,"{""temperatura_media_c"": {""n_estacoes"": 6, ""nearest_distance_km"": 86.17, ""max_distance_km"": 168.22, ""stations"": [""ARCO VERDE"", ""IBIMIRIM"", ""SERRA TALHADA"", ""FLORESTA"", ""GARANHUNS"", ""CARUARU""], ""method"": ""IDW p=2; até 6 estações; raio máximo 300 km""}, ""precipitacao_anual_mm"": {""n_estacoes"": 6, ""nearest_distance_km"": 86.17, ""max_distance_km"": 168.22, ""stations"": [""ARCO VERDE"", ""IBIMIRIM"", ""SERRA TALHADA"", ""FLORESTA"", ""GARANHUNS"", ""CARUARU""], ""method"": ""IDW p=2; até 6 estações; raio máximo 300 km""}}","{""organization"": ""INMET"", ""dataset"": ""Dados Históricos Anuais - estações automáticas"", ""version"": ""2009"", ""retrieved_at"": ""2026-10-01"", ""reference_url"": ""https://portal.inmet.gov.br/uploads/dadoshistoricos/2009.zip"", ""method"": ""agregação anual observada por estação + IDW municipal em EPSG:31985; p=2; 3-6 estações; raio <=300 km; controle mínimo de completude"", ""verified"": true}"
2607208,2009,-2221.434974156615,-19627425.17005705,"{""temperatura_media_c"": {""n_estacoes"": 6, ""nearest_distance_km"": 44.18, ""max_distance_km"": 219.88, ""stations"": [""RECIFE"", ""PALMARES"", ""CARUARU"", ""SURUBIM"", ""GARANHUNS"", ""ARCO VERDE""], ""method"": ""IDW p=2; até 6 estações; raio máximo 300 km""}, ""precipitacao_anual_mm"": {""n_estacoes"": 6, ""nearest_distance_km"": 44.18, ""max_distance_km"": 219.88, ""stations"": [""RECIFE"", ""PALMARES"", ""CARUARU"", ""SURUBIM"", ""GARANHUNS"", ""ARCO VERDE""], ""method"": ""IDW p=2; até 6 estações; raio máximo 300 km""}}","{""organization"": ""INMET"", ""dataset"": ""Dados Históricos Anuais - estações automáticas"", ""version"": ""2009"", ""retrieved_at"": ""2026-10-01"", ""reference_url"": ""https://portal.inmet.gov.br/uploads/dadoshistoricos/2009.zip"", ""method"": ""agregação anual observada por estação + IDW municipal em EPSG:31985; p=2; 3-6 estações; raio <=300 km; controle mínimo de completude"", ""verified"": true}"
2607307,2009,-50.22890034002755,-672580.0750244712,"{""temperatura_media_c"": {""n_estacoes"": 5, ""nearest_distance_km"": 150.24, ""max_distance_km"": 299.57, ""stations"": [""CABROBO"", ""PETROLINA"", ""FLORESTA"", ""SERRA TALHADA"", ""IBIMIRIM""], ""method"": ""IDW p=2; até 6 estações; raio máximo 300 km""}, ""precipitacao_anual_mm"": {""n_estacoes"": 5, ""nearest_distance_km"": 150.24, ""max_distance_km"": 299.57, ""stations"": [""CABROBO"", ""PETROLINA"", ""FLORESTA"", ""SERRA TALHADA"", ""IBIMIRIM""], ""method"": ""IDW p=2; até 6 estações; raio máximo 300 km""}}","{""organization"": ""INMET"", ""dataset"": ""Dados Históricos Anuais - estações automáticas"", ""version"": ""2009"", ""retrieved_at"": ""2026-10-01"", ""reference_url"": ""https://portal.inmet.gov.br/uploads/dadoshistoricos/2009.zip"", ""method"": ""agregação anual observada por estação + IDW municipal em EPSG:31985; p=2; 3-6 estações; raio <=300 km; controle mínimo de completude"", ""verified"": true}"
2607406,2009,-19.911149286788635,-405469.4201246073,"{""temperatura_media_c"": {""n_estacoes"": 6, ""nearest_distance_km"": 23.55, ""max_distance_km"": 207.35, ""stations"": [""FLORESTA"", ""CABROBO"", ""SERRA TALHADA"", ""IBIMIRIM"", ""ARCO VERDE"", ""PETROLINA""], ""method"": ""IDW p=2; até 6 estações; raio máximo 300 km""}, ""precipitacao_anual_mm"": {""n_estacoes"": 6, ""nearest_distance_km"": 23.55, ""max_distance_km"": 207.35, ""stations"": [""FLORESTA"", ""CABROBO"", ""SERRA TALHADA"", ""IBIMIRIM"", ""ARCO VERDE"", ""PETROLINA""], ""method"": ""IDW p=2; até 6 estações; raio máximo 300 km""}}","{""organization"": ""INMET"", ""dataset"": ""Dados Históricos Anuais - estações automáticas"", ""version"": ""2009"", ""retrieved_at"": ""2026-10-01"", ""reference_url"": ""https://portal.inmet.gov.br/uploads/dadoshistoricos/2009.zip"", ""method"": ""agregação anual observada por estação + IDW municipal em EPSG:31985; p=2; 3-6 estações; raio <=300 km; controle mínimo de completude"", ""verified"": true}"
2607505,2009,-287.0491921429312,-2719714.0349660655,"{""temperatura_media_c"": {""n_estacoes"": 6, ""nearest_distance_km"": 67.12, ""max_distance_km"": 166.52, ""stations"": [""ARCO VERDE"", ""IBIMIRIM"", ""GARANHUNS"", ""FLORESTA"", ""SERRA TALHADA"", ""CARUARU""], ""method"": ""IDW p=2; até 6 estações; raio máximo 300 km""}, ""precipitacao_anual_mm"": {""n_estacoes"": 6, ""nearest_distance_km"": 67.12, ""max_distance_km"": 166.52, ""stations"": [""ARCO VERDE"", ""IBIMIRIM"", ""GARANHUNS"", ""FLORESTA"", ""SERRA TALHADA"", ""CARUARU""], ""method"": ""IDW p=2; até 6 estações; raio máximo 300 km""}}","{""organization"": ""INMET"", ""dataset"": ""Dados Históricos Anuais - estações automáticas"", ""version"": ""2009"", ""retrieved_at"": ""2026-10-01"", ""reference_url"": ""https://portal.inmet.gov.br/uploads/dadoshistoricos/2009.zip"", ""method"": ""agregação anual observada por estação + IDW municipal em EPSG:31985; p=2; 3-6 estações; raio <=300 km; controle mínimo de completude"", ""verified"": true}"
2607604,2009,-3503.7307829563524,-30834532.683917396,"{""temperatura_media_c"": {""n_estacoes"": 6, ""nearest_distance_km"": 35.11, ""max_distance_km"": 256.45, ""stations"": [""RECIFE"", ""SURUBIM"", ""PALMARES"", ""CARUARU"", ""GARANHUNS"", ""ARCO VERDE""], ""method"": ""IDW p=2; até 6 estações; raio máximo 300 km""}, ""precipitacao_anual_mm"": {""n_estacoes"": 6, ""nearest_distance_km"": 35.11, ""max_distance_km"": 256.45, ""stations"": [""RECIFE"", ""SURUBIM"", ""PALMARES"", ""CARUARU"", ""GARANHUNS"", ""ARCO VERDE""], ""method"": ""IDW p=2; até 6 estações; raio máximo 300 km""}}","{""organization"": ""INMET"", ""dataset"": ""Dados Históricos Anuais - estações automáticas"", ""version"": ""2009"", ""retrieved_at"": ""2026-10-01"", ""reference_url"": ""https://portal.inmet.gov.br/uploads/dadoshistoricos/2009.zip"", ""method"": ""agregação anual observada por estação + IDW municipal em EPSG:31985; p=2; 3-6 estações; raio <=300 km; controle mínimo de completude"", ""verified"": true}"
2607653,2009,-1912.0234493267126,-16921426.593170736,"{""temperatura_media_c"": {""n_estacoes"": 6, ""nearest_distance_km"": 70.1, ""max_distance_km"": 240.31, ""stations"": [""RECIFE"", ""SURUBIM"", ""CARUARU"", ""PALMARES"", ""GARANHUNS"", ""ARCO VERDE""], ""method"": ""IDW p=2; até 6 estações; raio máximo 300 km""}, ""precipitacao_anual_mm"": {""n_estacoes"": 6, ""nearest_distance_km"": 70.1, ""max_distance_km"": 240.31, ""stations"": [""RECIFE"", ""SURUBIM"", ""CARUARU"", ""PALMARES"", ""GARANHUNS"", ""ARCO VERDE""], ""method"": ""IDW p=2; até 6 estações; raio máximo 300 km""}}","{""organization"": ""INMET"", ""dataset"": ""Dados Históricos Anuais - estações automáticas"", ""version"": ""2009"", ""retrieved_at"": ""2026-10-01"", ""reference_url"": ""https://portal.inmet.gov.br/uploads/dadoshistoricos/2009.zip"", ""method"": ""agregação anual observada por estação + IDW municipal em EPSG:31985; p=2; 3-6 estações; raio <=300 km; controle mínimo de completude"", ""verified"": true}"
2607703,2009,-260.887478613759,-2491917.763282171,"{""temperatura_media_c"": {""n_estacoes"": 6, ""nearest_distance_km"": 113.18, ""max_distance_km"": 181.92, ""stations"": [""ARCO VERDE"", ""IBIMIRIM"", ""SERRA TALHADA"", ""SURUBIM"", ""CARUARU"", ""GARANHUNS""], ""method"": ""IDW p=2; até 6 estações; raio máximo 300 km""}, ""precipitacao_anual_mm"": {""n_estacoes"": 6, ""nearest_distance_km"": 113.18, ""max_distance_km"": 181.92, ""stations"": [""ARCO VERDE"", ""IBIMIRIM"", ""SERRA TALHADA"", ""SURUBIM"", ""CARUARU"", ""GARANHUNS""], ""method"": ""IDW p=2; até 6 estações; raio máximo 300 km""}}","{""organization"": ""INMET"", ""dataset"": ""Dados Históricos Anuais - estações automáticas"", ""version"": ""2009"", ""retrieved_at"": ""2026-10-01"", ""reference_url"": ""https://portal.inmet.gov.br/uploads/dadoshistoricos/2009.zip"", ""method"": ""agregação anual observada por estação + IDW municipal em EPSG:31985; p=2; 3-6 estações; raio <=300 km; controle mínimo de completude"", ""verified"": true}"
2607752,2009,-3439.7181210171216,-30275008.124842882,"{""temperatura_media_c"": {""n_estacoes"": 6, ""nearest_distance_km"": 35.22, ""max_distance_km"": 251.39, ""stations"": [""RECIFE"", ""SURUBIM"", ""PALMARES"", ""CARUARU"", ""GARANHUNS"", ""ARCO VERDE""], ""method"": ""IDW p=2; até 6 estações; raio máximo 300 km""}, ""precipitacao_anual_mm"": {""n_estacoes"": 6, ""nearest_distance_km"": 35.22, ""max_distance_km"": 251.39, ""stations"": [""RECIFE"", ""SURUBIM"", ""PALMARES"", ""CARUARU"", ""GARANHUNS"", ""ARCO VERDE""], ""method"": ""IDW p=2; até 6 estações; raio máximo 300 km""}}","{""organization"": ""INMET"", ""dataset"": ""Dados Históricos Anuais - estações automáticas"", ""version"": ""2009"", ""retrieved_at"": ""2026-10-01"", ""reference_url"": ""https://portal.inmet.gov.br/uploads/dadoshistoricos/2009.zip"", ""method"": ""agregação anual observada por estação + IDW municipal em EPSG:31985; p=2; 3-6 estações; raio <=300 km; controle mínimo de completude"", ""verified"": true}"
2607802,2009,-2954.9800614397705,-26037955.04401352,"{""temperatura_media_c"": {""n_estacoes"": 6, ""nearest_distance_km"": 42.02, ""max_distance_km"": 240.31, ""stations"": [""RECIFE"", ""SURUBIM"", ""CARUARU"", ""PALMARES"", ""GARANHUNS"", ""ARCO VERDE""], ""method"": ""IDW p=2; até 6 estações; raio máximo 300 km""}, ""precipitacao_anual_mm"": {""n_estacoes"": 6, ""nearest_distance_km"": 42.02, ""max_distance_km"": 240.31, ""stations"": [""RECIFE"", ""SURUBIM"", ""CARUARU"", ""PALMARES"", ""GARANHUNS"", ""ARCO VERDE""], ""method"": ""IDW p=2; até 6 estações; raio máximo 300 km""}}","{""organization"": ""INMET"", ""dataset"": ""Dados Históricos Anuais - estações automáticas"", ""version"": ""2009"", ""retrieved_at"": ""2026-10-01"", ""reference_url"": ""https://portal.inmet.gov.br/uploads/dadoshistoricos/2009.zip"", ""method"": ""agregação anual observada por estação + IDW municipal em EPSG:31985; p=2; 3-6 estações; raio <=300 km; controle mínimo de completude"", ""verified"": true}"
2607901,2009,-4326.363579559615,-38025165.95931105,"{""temperatura_media_c"": {""n_estacoes"": 6, ""nearest_distance_km"": 11.37, ""max_distance_km"": 231.25, ""stations"": [""RECIFE"", ""PALMARES"", ""SURUBIM"", ""CARUARU"", ""GARANHUNS"", ""ARCO VERDE""], ""method"": ""IDW p=2; até 6 estações; raio máximo 300 km""}, ""precipitacao_anual_mm"": {""n_estacoes"": 6, ""nearest_distance_km"": 11.37, ""max_distance_km"": 231.25, ""stations"": [""RECIFE"", ""PALMARES"", ""SURUBIM"", ""CARUARU"", ""GARANHUNS"", ""ARCO VERDE""], ""method"": ""IDW p=2; até 6 estações; raio máximo 300 km""}}","{""organization"": ""INMET"", ""dataset"": ""Dados Históricos Anuais - estações automáticas"", ""version"": ""2009"", ""retrieved_at"": ""2026-10-01"", ""reference_url"": ""https://portal.inmet.gov.br/uploads/dadoshistoricos/2009.zip"", ""method"": ""agregação anual observada por estação + IDW municipal em EPSG:31985; p=2; 3-6 estações; raio <=300 km; controle mínimo de completude"", ""verified"": true}"
2607950,2009,-180.676997858728,-1791292.9419653849,"{""temperatura_media_c"": {""n_estacoes"": 6, ""nearest_distance_km"": 27.74, ""max_distance_km"": 145.18, ""stations"": [""PALMARES"", ""CARUARU"", ""GARANHUNS"", ""SURUBIM"", ""RECIFE"", ""ARCO VERDE""], ""method"": ""IDW p=2; até 6 estações; raio máximo 300 km""}, ""precipitacao_anual_mm"": {""n_estacoes"": 6, ""nearest_distance_km"": 27.74, ""max_distance_km"": 145.18, ""stations"": [""PALMARES"", ""CARUARU"", ""GARANHUNS"", ""SURUBIM"", ""RECIFE"", ""ARCO VERDE""], ""method"": ""IDW p=2; até 6 estações; raio máximo 300 km""}}","{""organization"": ""INMET"", ""dataset"": ""Dados Históricos Anuais - estações automáticas"", ""version"": ""2009"", ""retrieved_at"": ""2026-10-01"", ""reference_url"": ""https://portal.inmet.gov.br/uploads/dadoshistoricos/2009.zip"", ""method"": ""agregação anual observada por estação + IDW municipal em EPSG:31985; p=2; 3-6 estações; raio <=300 km; controle mínimo de completude"", ""verified"": true}"
2608008,2009,-197.81041024649792,-1934424.5848276948,"{""temperatura_media_c"": {""n_estacoes"": 6, ""nearest_distance_km"": 63.7, ""max_distance_km"": 139.41, ""stations"": [""CARUARU"", ""ARCO VERDE"", ""SURUBIM"", ""GARANHUNS"", ""PALMARES"", ""IBIMIRIM""], ""method"": ""IDW p=2; até 6 estações; raio máximo 300 km""}, ""precipitacao_anual_mm"": {""n_estacoes"": 6, ""nearest_distance_km"": 63.7, ""max_distance_km"": 139.41, ""stations"": [""CARUARU"", ""ARCO VERDE"", ""SURUBIM"", ""GARANHUNS"", ""PALMARES"", ""IBIMIRIM""], ""method"": ""IDW p=2; até 6 estações; raio máximo 300 km""}}","{""organization"": ""INMET"", ""dataset"": ""Dados Históricos Anuais - estações automáticas"", ""version"": ""2009"", ""retrieved_at"": ""2026-10-01"", ""reference_url"": ""https://portal.inmet.gov.br/uploads/dadoshistoricos/2009.zip"", ""method"": ""agregação anual observada por estação + IDW municipal em EPSG:31985; p=2; 3-6 estações; raio <=300 km; controle mínimo de completude"", ""verified"": true}"
2608057,2009,-106.77728753683884,-1157640.3326840794,"{""temperatura_media_c"": {""n_estacoes"": 6, ""nearest_distance_km"": 79.5, ""max_distance_km"": 192.38, ""stations"": [""FLORESTA"", ""IBIMIRIM"", ""SERRA TALHADA"", ""CABROBO"", ""ARCO VERDE"", ""GARANHUNS""], ""method"": ""IDW p=2; até 6 estações; raio máximo 300 km""}, ""precipitacao_anual_mm"": {""n_estacoes"": 6, ""nearest_distance_km"": 79.5, ""max_distance_km"": 192.38, ""stations"": [""FLORESTA"", ""IBIMIRIM"", ""SERRA TALHADA"", ""CABROBO"", ""ARCO VERDE"", ""GARANHUNS""], ""method"": ""IDW p=2; até 6 estações; raio máximo 300 km""}}","{""organization"": ""INMET"", ""dataset"": ""Dados Históricos Anuais - estações automáticas"", ""version"": ""2009"", ""retrieved_at"": ""2026-10-01"", ""reference_url"": ""https://portal.inmet.gov.br/uploads/dadoshistoricos/2009.zip"", ""method"": ""agregação anual observada por estação + IDW municipal em EPSG:31985; p=2; 3-6 estações; raio <=300 km; controle mínimo de completude"", ""verified"": true}"
2608107,2009,-334.57781958597434,-3134402.8415126815,"{""temperatura_media_c"": {""n_estacoes"": 6, ""nearest_distance_km"": 22.64, ""max_distance_km"": 175.67, ""stations"": [""SURUBIM"", ""CARUARU"", ""RECIFE"", ""PALMARES"", ""GARANHUNS"", ""ARCO VERDE""], ""method"": ""IDW p=2; até 6 estações; raio máximo 300 km""}, ""precipitacao_anual_mm"": {""n_estacoes"": 6, ""nearest_distance_km"": 22.64, ""max_distance_km"": 175.67, ""stations"": [""SURUBIM"", ""CARUARU"", ""RECIFE"", ""PALMARES"", ""GARANHUNS"", ""ARCO VERDE""], ""method"": ""IDW p=2; até 6 estações; raio máximo 300 km""}}","{""organization"": ""INMET"", ""dataset"": ""Dados Históricos Anuais - estações automáticas"", ""version"": ""2009"", ""retrieved_at"": ""2026-10-01"", ""reference_url"": ""https://portal.inmet.gov.br/uploads/dadoshistoricos/2009.zip"", ""method"": ""agregação anual observada por estação + IDW municipal em EPSG:31985; p=2; 3-6 estações; raio <=300 km; controle mínimo de completude"", ""verified"": true}"
2608206,2009,-84.37653197082471,-953843.3452971993,"{""temperatura_media_c"": {""n_estacoes"": 6, ""nearest_distance_km"": 11.85, ""max_distance_km"": 170.42, ""stations"": [""PALMARES"", ""CARUARU"", ""SURUBIM"", ""RECIFE"", ""GARANHUNS"", ""ARCO VERDE""], ""method"": ""IDW p=2; até 6 estações; raio máximo 300 km""}, ""precipitacao_anual_mm"": {""n_estacoes"": 6, ""nearest_distance_km"": 11.85, ""max_distance_km"": 170.42, ""stations"": [""PALMARES"", ""CARUARU"", ""SURUBIM"", ""RECIFE"", ""GARANHUNS"", ""ARCO VERDE""], ""method"": ""IDW p=2; até 6 estações; raio máximo 300 km""}}","{""organization"": ""INMET"", ""dataset"": ""Dados Históricos Anuais - estações automáticas"", ""version"": ""2009"", ""retrieved_at"": ""2026-10-01"", ""reference_url"": ""https://portal.inmet.gov.br/uploads/dadoshistoricos/2009.zip"", ""method"": ""agregação anual observada por estação + IDW municipal em EPSG:31985; p=2; 3-6 estações; raio <=300 km; controle mínimo de completude"", ""verified"": true}"
2608255,2009,-43.45021547856229,-571361.3787808085,"{""temperatura_media_c"": {""n_estacoes"": 6, ""nearest_distance_km"": 18.45, ""max_distance_km"": 140.51, ""stations"": [""GARANHUNS"", ""CARUARU"", ""ARCO VERDE"", ""PALMARES"", ""SURUBIM"", ""IBIMIRIM""], ""method"": ""IDW p=2; até 6 estações; raio máximo 300 km""}, ""precipitacao_anual_mm"": {""n_estacoes"": 6, ""nearest_distance_km"": 18.45, ""max_distance_km"": 140.51, ""stations"": [""GARANHUNS"", ""CARUARU"", ""ARCO VERDE"", ""PALMARES"", ""SURUBIM"", ""IBIMIRIM""], ""method"": ""IDW p=2; até 6 estações; raio máximo 300 km""}}","{""organization"": ""INMET"", ""dataset"": ""Dados Históricos Anuais - estações automáticas"", ""version"": ""2009"", ""retrieved_at"": ""2026-10-01"", ""reference_url"": ""https://portal.inmet.gov.br/uploads/dadoshistoricos/2009.zip"", ""method"": ""agregação anual observada por estação + IDW municipal em EPSG:31985; p=2; 3-6 estações; raio <=300 km; controle mínimo de completude"", ""verified"": true}"
2608305,2009,-55.46425347757001,-678337.504060932,"{""temperatura_media_c"": {""n_estacoes"": 6, ""nearest_distance_km"": 23.94, ""max_distance_km"": 147.1, ""stations"": [""GARANHUNS"", ""CARUARU"", ""ARCO VERDE"", ""PALMARES"", ""SURUBIM"", ""IBIMIRIM""], ""method"": ""IDW p=2; até 6 estações; raio máximo 300 km""}, ""precipitacao_anual_mm"": {""n_estacoes"": 6, ""nearest_distance_km"": 23.94, ""max_distance_km"": 147.1, ""stations"": [""GARANHUNS"", ""CARUARU"", ""ARCO VERDE"", ""PALMARES"", ""SURUBIM"", ""IBIMIRIM""], ""method"": ""IDW p=2; até 6 estações; raio máximo 300 km""}}","{""organization"": ""INMET"", ""dataset"": ""Dados Históricos Anuais - estações automáticas"", ""version"": ""2009"", ""retrieved_at"": ""2026-10-01"", ""reference_url"": ""https://portal.inmet.gov.br/uploads/dadoshistoricos/2009.zip"", ""method"": ""agregação anual observada por estação + IDW municipal em EPSG:31985; p=2; 3-6 estações; raio <=300 km; controle mínimo de completude"", ""verified"": true}"
2608404,2009,-208.5684626375839,-2023320.9110810813,"{""temperatura_media_c"": {""n_estacoes"": 6, ""nearest_distance_km"": 42.24, ""max_distance_km"": 151.46, ""stations"": [""GARANHUNS"", ""CARUARU"", ""PALMARES"", ""SURUBIM"", ""ARCO VERDE"", ""RECIFE""], ""method"": ""IDW p=2; até 6 estações; raio máximo 300 km""}, ""precipitacao_anual_mm"": {""n_estacoes"": 6, ""nearest_distance_km"": 42.24, ""max_distance_km"": 151.46, ""stations"": [""GARANHUNS"", ""CARUARU"", ""PALMARES"", ""SURUBIM"", ""ARCO VERDE"", ""RECIFE""], ""method"": ""IDW p=2; até 6 estações; raio máximo 300 km""}}","{""organization"": ""INMET"", ""dataset"": ""Dados Históricos Anuais - estações automáticas"", ""version"": ""2009"", ""retrieved_at"": ""2026-10-01"", ""reference_url"": ""https://portal.inmet.gov.br/uploads/dadoshistoricos/2009.zip"", ""method"": ""agregação anual observada por estação + IDW municipal em EPSG:31985; p=2; 3-6 estações; raio <=300 km; controle mínimo de completude"", ""verified"": true}"
2608453,2009,-1771.8052583133087,-15696213.075952493,"{""temperatura_media_c"": {""n_estacoes"": 6, ""nearest_distance_km"": 47.47, ""max_distance_km"": 202.59, ""stations"": [""RECIFE"", ""SURUBIM"", ""CARUARU"", ""PALMARES"", ""GARANHUNS"", ""ARCO VERDE""], ""method"": ""IDW p=2; até 6 estações; raio máximo 300 km""}, ""precipitacao_anual_mm"": {""n_estacoes"": 6, ""nearest_distance_km"": 47.47, ""max_distance_km"": 202.59, ""stations"": [""RECIFE"", ""SURUBIM"", ""CARUARU"", ""PALMARES"", ""GARANHUNS"", ""ARCO VERDE""], ""method"": ""IDW p=2; até 6 estações; raio máximo 300 km""}}","{""organization"": ""INMET"", ""dataset"": ""Dados Históricos Anuais - estações automáticas"", ""version"": ""2009"", ""retrieved_at"": ""2026-10-01"", ""reference_url"": ""https://portal.inmet.gov.br/uploads/dadoshistoricos/2009.zip"", ""method"": ""agregação anual observada por estação + IDW municipal em EPSG:31985; p=2; 3-6 estações; raio <=300 km; controle mínimo de completude"", ""verified"": true}"
2608503,2009,-2221.4900789990957,-19626821.777144603,"{""temperatura_media_c"": {""n_estacoes"": 6, ""nearest_distance_km"": 40.54, ""max_distance_km"": 205.17, ""stations"": [""RECIFE"", ""SURUBIM"", ""CARUARU"", ""PALMARES"", ""GARANHUNS"", ""ARCO VERDE""], ""method"": ""IDW p=2; até 6 estações; raio máximo 300 km""}, ""precipitacao_anual_mm"": {""n_estacoes"": 6, ""nearest_distance_km"": 40.54, ""max_distance_km"": 205.17, ""stations"": [""RECIFE"", ""SURUBIM"", ""CARUARU"", ""PALMARES"", ""GARANHUNS"", ""ARCO VERDE""], ""method"": ""IDW p=2; até 6 estações; raio máximo 300 km""}}","{""organization"": ""INMET"", ""dataset"": ""Dados Históricos Anuais - estações automáticas"", ""version"": ""2009"", ""retrieved_at"": ""2026-10-01"", ""reference_url"": ""https://portal.inmet.gov.br/uploads/dadoshistoricos/2009.zip"", ""method"": ""agregação anual observada por estação + IDW municipal em EPSG:31985; p=2; 3-6 estações; raio <=300 km; controle mínimo de completude"", ""verified"": true}"
2608602,2009,-50.51544387724896,-634419.5842552979,"{""temperatura_media_c"": {""n_estacoes"": 6, ""nearest_distance_km"": 28.46, ""max_distance_km"": 164.22, ""stations"": [""GARANHUNS"", ""ARCO VERDE"", ""PALMARES"", ""CARUARU"", ""IBIMIRIM"", ""SURUBIM""], ""method"": ""IDW p=2; até 6 estações; raio máximo 300 km""}, ""precipitacao_anual_mm"": {""n_estacoes"": 6, ""nearest_distance_km"": 28.46, ""max_distance_km"": 164.22, ""stations"": [""GARANHUNS"", ""ARCO VERDE"", ""PALMARES"", ""CARUARU"", ""IBIMIRIM"", ""SURUBIM""], ""method"": ""IDW p=2; até 6 estações; raio máximo 300 km""}}","{""organization"": ""INMET"", ""dataset"": ""Dados Históricos Anuais - estações automáticas"", ""version"": ""2009"", ""retrieved_at"": ""2026-10-01"", ""reference_url"": ""https://portal.inmet.gov.br/uploads/dadoshistoricos/2009.zip"", ""method"": ""agregação anual observada por estação + IDW municipal em EPSG:31985; p=2; 3-6 estações; raio <=300 km; controle mínimo de completude"", ""verified"": true}"
2608701,2009,-214.96607515740385,-2088019.1058702697,"{""temperatura_media_c"": {""n_estacoes"": 6, ""nearest_distance_km"": 36.12, ""max_distance_km"": 134.21, ""stations"": [""PALMARES"", ""CARUARU"", ""GARANHUNS"", ""SURUBIM"", ""RECIFE"", ""ARCO VERDE""], ""method"": ""IDW p=2; até 6 estações; raio máximo 300 km""}, ""precipitacao_anual_mm"": {""n_estacoes"": 6, ""nearest_distance_km"": 36.12, ""max_distance_km"": 134.21, ""stations"": [""PALMARES"", ""CARUARU"", ""GARANHUNS"", ""SURUBIM"", ""RECIFE"", ""ARCO VERDE""], ""method"": ""IDW p=2; até 6 estações; raio máximo 300 km""}}","{""organization"": ""INMET"", ""dataset"": ""Dados Históricos Anuais - estações automáticas"", ""version"": ""2009"", ""retrieved_at"": ""2026-10-01"", ""reference_url"": ""https://portal.inmet.gov.br/uploads/dadoshistoricos/2009.zip"", ""method"": ""agregação anual observada por estação + IDW municipal em EPSG:31985; p=2; 3-6 estações; raio <=300 km; controle mínimo de completude"", ""verified"": true}"
2608750,2009,-50.46594543312268,-679600.0211518179,"{""temperatura_media_c"": {""n_estacoes"": 5, ""nearest_distance_km"": 74.21, ""max_distance_km"": 279.43, ""stations"": [""PETROLINA"", ""CABROBO"", ""FLORESTA"", ""SERRA TALHADA"", ""IBIMIRIM""], ""method"": ""IDW p=2; até 6 estações; raio máximo 300 km""}, ""precipitacao_anual_mm"": {""n_estacoes"": 5, ""nearest_distance_km"": 74.21, ""max_distance_km"": 279.43, ""stations"": [""PETROLINA"", ""CABROBO"", ""FLORESTA"", ""SERRA TALHADA"", ""IBIMIRIM""], ""method"": ""IDW p=2; até 6 estações; raio máximo 300 km""}}","{""organization"": ""INMET"", ""dataset"": ""Dados Históricos Anuais - estações automáticas"", ""version"": ""2009"", ""retrieved_at"": ""2026-10-01"", ""reference_url"": ""https://portal.inmet.gov.br/uploads/dadoshistoricos/2009.zip"", ""method"": ""agregação anual observada por estação + IDW municipal em EPSG:31985; p=2; 3-6 estações; raio <=300 km; controle mínimo de completude"", ""verified"": true}"
2608800,2009,-65.8814281273448,-773375.269505083,"{""temperatura_media_c"": {""n_estacoes"": 6, ""nearest_distance_km"": 34.21, ""max_distance_km"": 158.29, ""stations"": [""GARANHUNS"", ""CARUARU"", ""PALMARES"", ""ARCO VERDE"", ""SURUBIM"", ""IBIMIRIM""], ""method"": ""IDW p=2; até 6 estações; raio máximo 300 km""}, ""precipitacao_anual_mm"": {""n_estacoes"": 6, ""nearest_distance_km"": 34.21, ""max_distance_km"": 158.29, ""stations"": [""GARANHUNS"", ""CARUARU"", ""PALMARES"", ""ARCO VERDE"", ""SURUBIM"", ""IBIMIRIM""], ""method"": ""IDW p=2; até 6 estações; raio máximo 300 km""}}","{""organization"": ""INMET"", ""dataset"": ""Dados Históricos Anuais - estações automáticas"", ""version"": ""2009"", ""retrieved_at"": ""2026-10-01"", ""reference_url"": ""https://portal.inmet.gov.br/uploads/dadoshistoricos/2009.zip"", ""method"": ""agregação anual observada por estação + IDW municipal em EPSG:31985; p=2; 3-6 estações; raio <=300 km; controle mínimo de completude"", ""verified"": true}"
2608909,2009,-1002.4636767766715,-8971711.327422697,"{""temperatura_media_c"": {""n_estacoes"": 6, ""nearest_distance_km"": 38.45, ""max_distance_km"": 191.15, ""stations"": [""SURUBIM"", ""RECIFE"", ""CARUARU"", ""PALMARES"", ""GARANHUNS"", ""ARCO VERDE""], ""method"": ""IDW p=2; até 6 estações; raio máximo 300 km""}, ""precipitacao_anual_mm"": {""n_estacoes"": 6, ""nearest_distance_km"": 38.45, ""max_distance_km"": 191.15, ""stations"": [""SURUBIM"", ""RECIFE"", ""CARUARU"", ""PALMARES"", ""GARANHUNS"", ""ARCO VERDE""], ""method"": ""IDW p=2; até 6 estações; raio máximo 300 km""}}","{""organization"": ""INMET"", ""dataset"": ""Dados Históricos Anuais - estações automáticas"", ""version"": ""2009"", ""retrieved_at"": ""2026-10-01"", ""reference_url"": ""https://portal.inmet.gov.br/uploads/dadoshistoricos/2009.zip"", ""method"": ""agregação anual observada por estação + IDW municipal em EPSG:31985; p=2; 3-6 estações; raio <=300 km; controle mínimo de completude"", ""verified"": true}"
2609006,2009,-969.0717717232812,-8679571.0167337,"{""temperatura_media_c"": {""n_estacoes"": 6, ""nearest_distance_km"": 51.28, ""max_distance_km"": 205.42, ""stations"": [""SURUBIM"", ""RECIFE"", ""CARUARU"", ""PALMARES"", ""GARANHUNS"", ""ARCO VERDE""], ""method"": ""IDW p=2; até 6 estações; raio máximo 300 km""}, ""precipitacao_anual_mm"": {""n_estacoes"": 6, ""nearest_distance_km"": 51.28, ""max_distance_km"": 205.42, ""stations"": [""SURUBIM"", ""RECIFE"", ""CARUARU"", ""PALMARES"", ""GARANHUNS"", ""ARCO VERDE""], ""method"": ""IDW p=2; até 6 estações; raio máximo 300 km""}}","{""organization"": ""INMET"", ""dataset"": ""Dados Históricos Anuais - estações automáticas"", ""version"": ""2009"", ""retrieved_at"": ""2026-10-01"", ""reference_url"": ""https://portal.inmet.gov.br/uploads/dadoshistoricos/2009.zip"", ""method"": ""agregação anual observada por estação + IDW municipal em EPSG:31985; p=2; 3-6 estações; raio <=300 km; controle mínimo de completude"", ""verified"": true}"
2609105,2009,-711.7367281225739,-6430658.64763908,"{""temperatura_media_c"": {""n_estacoes"": 6, ""nearest_distance_km"": 35.79, ""max_distance_km"": 191.7, ""stations"": [""SURUBIM"", ""RECIFE"", ""CARUARU"", ""PALMARES"", ""GARANHUNS"", ""ARCO VERDE""], ""method"": ""IDW p=2; até 6 estações; raio máximo 300 km""}, ""precipitacao_anual_mm"": {""n_estacoes"": 6, ""nearest_distance_km"": 35.79, ""max_distance_km"": 191.7, ""stations"": [""SURUBIM"", ""RECIFE"", ""CARUARU"", ""PALMARES"", ""GARANHUNS"", ""ARCO VERDE""], ""method"": ""IDW p=2; até 6 estações; raio máximo 300 km""}}","{""organization"": ""INMET"", ""dataset"": ""Dados Históricos Anuais - estações automáticas"", ""version"": ""2009"", ""retrieved_at"": ""2026-10-01"", ""reference_url"": ""https://portal.inmet.gov.br/uploads/dadoshistoricos/2009.zip"", ""method"": ""agregação anual observada por estação + IDW municipal em EPSG:31985; p=2; 3-6 estações; raio <=300 km; controle mínimo de completude"", ""verified"": true}"
2609154,2009,-185.26584118460568,-1836444.6136271313,"{""temperatura_media_c"": {""n_estacoes"": 6, ""nearest_distance_km"": 45.93, ""max_distance_km"": 187.65, ""stations"": [""IBIMIRIM"", ""ARCO VERDE"", ""GARANHUNS"", ""FLORESTA"", ""SERRA TALHADA"", ""CARUARU""], ""method"": ""IDW p=2; até 6 estações; raio máximo 300 km""}, ""precipitacao_anual_mm"": {""n_estacoes"": 6, ""nearest_distance_km"": 45.93, ""max_distance_km"": 187.65, ""stations"": [""IBIMIRIM"", ""ARCO VERDE"", ""GARANHUNS"", ""FLORESTA"", ""SERRA TALHADA"", ""CARUARU""], ""method"": ""IDW p=2; até 6 estações; raio máximo 300 km""}}","{""organization"": ""INMET"", ""dataset"": ""Dados Históricos Anuais - estações automáticas"", ""version"": ""2009"", ""retrieved_at"": ""2026-10-01"", ""reference_url"": ""https://portal.inmet.gov.br/uploads/dadoshistoricos/2009.zip"", ""method"": ""agregação anual observada por estação + IDW municipal em EPSG:31985; p=2; 3-6 estações; raio <=300 km; controle mínimo de completude"", ""verified"": true}"
2609204,2009,-187.44944645913722,-1850955.4778954696,"{""temperatura_media_c"": {""n_estacoes"": 6, ""nearest_distance_km"": 28.28, ""max_distance_km"": 152.82, ""stations"": [""PALMARES"", ""CARUARU"", ""GARANHUNS"", ""SURUBIM"", ""RECIFE"", ""ARCO VERDE""], ""method"": ""IDW p=2; até 6 estações; raio máximo 300 km""}, ""precipitacao_anual_mm"": {""n_estacoes"": 6, ""nearest_distance_km"": 28.28, ""max_distance_km"": 152.82, ""stations"": [""PALMARES"", ""CARUARU"", ""GARANHUNS"", ""SURUBIM"", ""RECIFE"", ""ARCO VERDE""], ""method"": ""IDW p=2; até 6 estações; raio máximo 300 km""}}","{""organization"": ""INMET"", ""dataset"": ""Dados Históricos Anuais - estações automáticas"", ""version"": ""2009"", ""retrieved_at"": ""2026-10-01"", ""reference_url"": ""https://portal.inmet.gov.br/uploads/dadoshistoricos/2009.zip"", ""method"": ""agregação anual observada por estação + IDW municipal em EPSG:31985; p=2; 3-6 estações; raio <=300 km; controle mínimo de completude"", ""verified"": true}"
2609303,2009,-97.57760263700587,-1083331.7494779595,"{""temperatura_media_c"": {""n_estacoes"": 6, ""nearest_distance_km"": 51.29, ""max_distance_km"": 237.55, ""stations"": [""FLORESTA"", ""SERRA TALHADA"", ""CABROBO"", ""IBIMIRIM"", ""ARCO VERDE"", ""PETROLINA""], ""method"": ""IDW p=2; até 6 estações; raio máximo 300 km""}, ""precipitacao_anual_mm"": {""n_estacoes"": 6, ""nearest_distance_km"": 51.29, ""max_distance_km"": 237.55, ""stations"": [""FLORESTA"", ""SERRA TALHADA"", ""CABROBO"", ""IBIMIRIM"", ""ARCO VERDE"", ""PETROLINA""], ""method"": ""IDW p=2; até 6 estações; raio máximo 300 km""}}","{""organization"": ""INMET"", ""dataset"": ""Dados Históricos Anuais - estações automáticas"", ""version"": ""2009"", ""retrieved_at"": ""2026-10-01"", ""reference_url"": ""https://portal.inmet.gov.br/uploads/dadoshistoricos/2009.zip"", ""method"": ""agregação anual observada por estação + IDW municipal em EPSG:31985; p=2; 3-6 estações; raio <=300 km; controle mínimo de completude"", ""verified"": true}"
2609402,2009,-3600.04308149154,-31676633.311818052,"{""temperatura_media_c"": {""n_estacoes"": 6, ""nearest_distance_km"": 22.69, ""max_distance_km"": 215.69, ""stations"": [""RECIFE"", ""PALMARES"", ""SURUBIM"", ""CARUARU"", ""GARANHUNS"", ""ARCO VERDE""], ""method"": ""IDW p=2; até 6 estações; raio máximo 300 km""}, ""precipitacao_anual_mm"": {""n_estacoes"": 6, ""nearest_distance_km"": 22.69, ""max_distance_km"": 215.69, ""stations"": [""RECIFE"", ""PALMARES"", ""SURUBIM"", ""CARUARU"", ""GARANHUNS"", ""ARCO VERDE""], ""method"": ""IDW p=2; até 6 estações; raio máximo 300 km""}}","{""organization"": ""INMET"", ""dataset"": ""Dados Históricos Anuais - estações automáticas"", ""version"": ""2009"", ""retrieved_at"": ""2026-10-01"", ""reference_url"": ""https://portal.inmet.gov.br/uploads/dadoshistoricos/2009.zip"", ""method"": ""agregação anual observada por estação + IDW municipal em EPSG:31985; p=2; 3-6 estações; raio <=300 km; controle mínimo de completude"", ""verified"": true}"
2609501,2009,-2227.294457504737,-19677446.810599063,"{""temperatura_media_c"": {""n_estacoes"": 6, ""nearest_distance_km"": 46.69, ""max_distance_km"": 217.59, ""stations"": [""RECIFE"", ""SURUBIM"", ""CARUARU"", ""PALMARES"", ""GARANHUNS"", ""ARCO VERDE""], ""method"": ""IDW p=2; até 6 estações; raio máximo 300 km""}, ""precipitacao_anual_mm"": {""n_estacoes"": 6, ""nearest_distance_km"": 46.69, ""max_distance_km"": 217.59, ""stations"": [""RECIFE"", ""SURUBIM"", ""CARUARU"", ""PALMARES"", ""GARANHUNS"", ""ARCO VERDE""], ""method"": ""IDW p=2; até 6 estações; raio máximo 300 km""}}","{""organization"": ""INMET"", ""dataset"": ""Dados Históricos Anuais - estações automáticas"", ""version"": ""2009"", ""retrieved_at"": ""2026-10-01"", ""reference_url"": ""https://portal.inmet.gov.br/uploads/dadoshistoricos/2009.zip"", ""method"": ""agregação anual observada por estação + IDW municipal em EPSG:31985; p=2; 3-6 estações; raio <=300 km; controle mínimo de completude"", ""verified"": true}"
2609600,2009,-4348.151526533786,-38215582.25102717,"{""temperatura_media_c"": {""n_estacoes"": 6, ""nearest_distance_km"": 12.6, ""max_distance_km"": 248.98, ""stations"": [""RECIFE"", ""SURUBIM"", ""PALMARES"", ""CARUARU"", ""GARANHUNS"", ""ARCO VERDE""], ""method"": ""IDW p=2; até 6 estações; raio máximo 300 km""}, ""precipitacao_anual_mm"": {""n_estacoes"": 6, ""nearest_distance_km"": 12.6, ""max_distance_km"": 248.98, ""stations"": [""RECIFE"", ""SURUBIM"", ""PALMARES"", ""CARUARU"", ""GARANHUNS"", ""ARCO VERDE""], ""method"": ""IDW p=2; até 6 estações; raio máximo 300 km""}}","{""organization"": ""INMET"", ""dataset"": ""Dados Históricos Anuais - estações automáticas"", ""version"": ""2009"", ""retrieved_at"": ""2026-10-01"", ""reference_url"": ""https://portal.inmet.gov.br/uploads/dadoshistoricos/2009.zip"", ""method"": ""agregação anual observada por estação + IDW municipal em EPSG:31985; p=2; 3-6 estações; raio <=300 km; controle mínimo de completude"", ""verified"": true}"
2609709,2009,-369.98451270657307,-3443857.108988546,"{""temperatura_media_c"": {""n_estacoes"": 6, ""nearest_distance_km"": 26.19, ""max_distance_km"": 181.81, ""stations"": [""SURUBIM"", ""CARUARU"", ""RECIFE"", ""PALMARES"", ""GARANHUNS"", ""ARCO VERDE""], ""method"": ""IDW p=2; até 6 estações; raio máximo 300 km""}, ""precipitacao_anual_mm"": {""n_estacoes"": 6, ""nearest_distance_km"": 26.19, ""max_distance_km"": 181.81, ""stations"": [""SURUBIM"", ""CARUARU"", ""RECIFE"", ""PALMARES"", ""GARANHUNS"", ""ARCO VERDE""], ""method"": ""IDW p=2; até 6 estações; raio máximo 300 km""}}","{""organization"": ""INMET"", ""dataset"": ""Dados Históricos Anuais - estações automáticas"", ""version"": ""2009"", ""retrieved_at"": ""2026-10-01"", ""reference_url"": ""https://portal.inmet.gov.br/uploads/dadoshistoricos/2009.zip"", ""method"": ""agregação anual observada por estação + IDW municipal em EPSG:31985; p=2; 3-6 estações; raio <=300 km; controle mínimo de completude"", ""verified"": true}"
2609808,2009,-17.233114579126777,-383644.9754790663,"{""temperatura_media_c"": {""n_estacoes"": 6, ""nearest_distance_km"": 30.89, ""max_distance_km"": 277.32, ""stations"": [""CABROBO"", ""FLORESTA"", ""PETROLINA"", ""SERRA TALHADA"", ""IBIMIRIM"", ""ARCO VERDE""], ""method"": ""IDW p=2; até 6 estações; raio máximo 300 km""}, ""precipitacao_anual_mm"": {""n_estacoes"": 6, ""nearest_distance_km"": 30.89, ""max_distance_km"": 277.32, ""stations"": [""CABROBO"", ""FLORESTA"", ""PETROLINA"", ""SERRA TALHADA"", ""IBIMIRIM"", ""ARCO VERDE""], ""method"": ""IDW p=2; até 6 estações; raio máximo 300 km""}}","{""organization"": ""INMET"", ""dataset"": ""Dados Históricos Anuais - estações automáticas"", ""version"": ""2009"", ""retrieved_at"": ""2026-10-01"", ""reference_url"": ""https://portal.inmet.gov.br/uploads/dadoshistoricos/2009.zip"", ""method"": ""agregação anual observada por estação + IDW municipal em EPSG:31985; p=2; 3-6 estações; raio <=300 km; controle mínimo de completude"", ""verified"": true}"
2609907,2009,-41.61250315621125,-597912.5850297677,"{""temperatura_media_c"": {""n_estacoes"": 5, ""nearest_distance_km"": 111.69, ""max_distance_km"": 278.28, ""stations"": [""CABROBO"", ""PETROLINA"", ""FLORESTA"", ""SERRA TALHADA"", ""IBIMIRIM""], ""method"": ""IDW p=2; até 6 estações; raio máximo 300 km""}, ""precipitacao_anual_mm"": {""n_estacoes"": 5, ""nearest_distance_km"": 111.69, ""max_distance_km"": 278.28, ""stations"": [""CABROBO"", ""PETROLINA"", ""FLORESTA"", ""SERRA TALHADA"", ""IBIMIRIM""], ""method"": ""IDW p=2; até 6 estações; raio máximo 300 km""}}","{""organization"": ""INMET"", ""dataset"": ""Dados Históricos Anuais - estações automáticas"", ""version"": ""2009"", ""retrieved_at"": ""2026-10-01"", ""reference_url"": ""https://portal.inmet.gov.br/uploads/dadoshistoricos/2009.zip"", ""method"": ""agregação anual observada por estação + IDW municipal em EPSG:31985; p=2; 3-6 estações; raio <=300 km; controle mínimo de completude"", ""verified"": true}"
2610004,2009,-22.98662635301351,-417950.2169510295,"{""temperatura_media_c"": {""n_estacoes"": 6, ""nearest_distance_km"": 6.9, ""max_distance_km"": 162.4, ""stations"": [""PALMARES"", ""CARUARU"", ""SURUBIM"", ""RECIFE"", ""GARANHUNS"", ""ARCO VERDE""], ""method"": ""IDW p=2; até 6 estações; raio máximo 300 km""}, ""precipitacao_anual_mm"": {""n_estacoes"": 6, ""nearest_distance_km"": 6.9, ""max_distance_km"": 162.4, ""stations"": [""PALMARES"", ""CARUARU"", ""SURUBIM"", ""RECIFE"", ""GARANHUNS"", ""ARCO VERDE""], ""method"": ""IDW p=2; até 6 estações; raio máximo 300 km""}}","{""organization"": ""INMET"", ""dataset"": ""Dados Históricos Anuais - estações automáticas"", ""version"": ""2009"", ""retrieved_at"": ""2026-10-01"", ""reference_url"": ""https://portal.inmet.gov.br/uploads/dadoshistoricos/2009.zip"", ""method"": ""agregação anual observada por estação + IDW municipal em EPSG:31985; p=2; 3-6 estações; raio <=300 km; controle mínimo de completude"", ""verified"": true}"
2610103,2009,-40.742331192669354,-549493.59983894,"{""temperatura_media_c"": {""n_estacoes"": 6, ""nearest_distance_km"": 26.53, ""max_distance_km"": 167.55, ""stations"": [""GARANHUNS"", ""PALMARES"", ""CARUARU"", ""ARCO VERDE"", ""SURUBIM"", ""IBIMIRIM""], ""method"": ""IDW p=2; até 6 estações; raio máximo 300 km""}, ""precipitacao_anual_mm"": {""n_estacoes"": 6, ""nearest_distance_km"": 26.53, ""max_distance_km"": 167.55, ""stations"": [""GARANHUNS"", ""PALMARES"", ""CARUARU"", ""ARCO VERDE"", ""SURUBIM"", ""IBIMIRIM""], ""method"": ""IDW p=2; até 6 estações; raio máximo 300 km""}}","{""organization"": ""INMET"", ""dataset"": ""Dados Históricos Anuais - estações automáticas"", ""version"": ""2009"", ""retrieved_at"": ""2026-10-01"", ""reference_url"": ""https://portal.inmet.gov.br/uploads/dadoshistoricos/2009.zip"", ""method"": ""agregação anual observada por estação + IDW municipal em EPSG:31985; p=2; 3-6 estações; raio <=300 km; controle mínimo de completude"", ""verified"": true}"
2610202,2009,-225.2110174688314,-2172940.147811343,"{""temperatura_media_c"": {""n_estacoes"": 6, ""nearest_distance_km"": 48.0, ""max_distance_km"": 137.54, ""stations"": [""CARUARU"", ""PALMARES"", ""GARANHUNS"", ""SURUBIM"", ""ARCO VERDE"", ""RECIFE""], ""method"": ""IDW p=2; até 6 estações; raio máximo 300 km""}, ""precipitacao_anual_mm"": {""n_estacoes"": 6, ""nearest_distance_km"": 48.0, ""max_distance_km"": 137.54, ""stations"": [""CARUARU"", ""PALMARES"", ""GARANHUNS"", ""SURUBIM"", ""ARCO VERDE"", ""RECIFE""], ""method"": ""IDW p=2; até 6 estações; raio máximo 300 km""}}","{""organization"": ""INMET"", ""dataset"": ""Dados Históricos Anuais - estações automáticas"", ""version"": ""2009"", ""retrieved_at"": ""2026-10-01"", ""reference_url"": ""https://portal.inmet.gov.br/uploads/dadoshistoricos/2009.zip"", ""method"": ""agregação anual observada por estação + IDW municipal em EPSG:31985; p=2; 3-6 estações; raio <=300 km; controle mínimo de completude"", ""verified"": true}"
2610301,2009,-83.840181653146,-925553.7713497685,"{""temperatura_media_c"": {""n_estacoes"": 6, ""nearest_distance_km"": 23.44, ""max_distance_km"": 154.24, ""stations"": [""GARANHUNS"", ""ARCO VERDE"", ""CARUARU"", ""IBIMIRIM"", ""PALMARES"", ""SURUBIM""], ""method"": ""IDW p=2; até 6 estações; raio máximo 300 km""}, ""precipitacao_anual_mm"": {""n_estacoes"": 6, ""nearest_distance_km"": 23.44, ""max_distance_km"": 154.24, ""stations"": [""GARANHUNS"", ""ARCO VERDE"", ""CARUARU"", ""IBIMIRIM"", ""PALMARES"", ""SURUBIM""], ""method"": ""IDW p=2; até 6 estações; raio máximo 300 km""}}","{""organization"": ""INMET"", ""dataset"": ""Dados Históricos Anuais - estações automáticas"", ""version"": ""2009"", ""retrieved_at"": ""2026-10-01"", ""reference_url"": ""https://portal.inmet.gov.br/uploads/dadoshistoricos/2009.zip"", ""method"": ""agregação anual observada por estação + IDW municipal em EPSG:31985; p=2; 3-6 estações; raio <=300 km; controle mínimo de completude"", ""verified"": true}"
2610400,2009,-48.367663610052325,-655409.444955586,"{""temperatura_media_c"": {""n_estacoes"": 6, ""nearest_distance_km"": 63.34, ""max_distance_km"": 298.58, ""stations"": [""CABROBO"", ""FLORESTA"", ""PETROLINA"", ""SERRA TALHADA"", ""IBIMIRIM"", ""ARCO VERDE""], ""method"": ""IDW p=2; até 6 estações; raio máximo 300 km""}, ""precipitacao_anual_mm"": {""n_estacoes"": 6, ""nearest_distance_km"": 63.34, ""max_distance_km"": 298.58, ""stations"": [""CABROBO"", ""FLORESTA"", ""PETROLINA"", ""SERRA TALHADA"", ""IBIMIRIM"", ""ARCO VERDE""], ""method"": ""IDW p=2; até 6 estações; raio máximo 300 km""}}","{""organization"": ""INMET"", ""dataset"": ""Dados Históricos Anuais - estações automáticas"", ""version"": ""2009"", ""retrieved_at"": ""2026-10-01"", ""reference_url"": ""https://portal.inmet.gov.br/uploads/dadoshistoricos/2009.zip"", ""method"": ""agregação anual observada por estação + IDW municipal em EPSG:31985; p=2; 3-6 estações; raio <=300 km; controle mínimo de completude"", ""verified"": true}"
2610509,2009,-639.5634966579887,-5799513.197788484,"{""temperatura_media_c"": {""n_estacoes"": 6, ""nearest_distance_km"": 33.7, ""max_distance_km"": 175.37, ""stations"": [""SURUBIM"", ""CARUARU"", ""RECIFE"", ""PALMARES"", ""GARANHUNS"", ""ARCO VERDE""], ""method"": ""IDW p=2; até 6 estações; raio máximo 300 km""}, ""precipitacao_anual_mm"": {""n_estacoes"": 6, ""nearest_distance_km"": 33.7, ""max_distance_km"": 175.37, ""stations"": [""SURUBIM"", ""CARUARU"", ""RECIFE"", ""PALMARES"", ""GARANHUNS"", ""ARCO VERDE""], ""method"": ""IDW p=2; até 6 estações; raio máximo 300 km""}}","{""organization"": ""INMET"", ""dataset"": ""Dados Históricos Anuais - estações automáticas"", ""version"": ""2009"", ""retrieved_at"": ""2026-10-01"", ""reference_url"": ""https://portal.inmet.gov.br/uploads/dadoshistoricos/2009.zip"", ""method"": ""agregação anual observada por estação + IDW municipal em EPSG:31985; p=2; 3-6 estações; raio <=300 km; controle mínimo de completude"", ""verified"": true}"
2610608,2009,-3381.6704266777174,-29767729.267418735,"{""temperatura_media_c"": {""n_estacoes"": 6, ""nearest_distance_km"": 27.46, ""max_distance_km"": 220.13, ""stations"": [""RECIFE"", ""SURUBIM"", ""PALMARES"", ""CARUARU"", ""GARANHUNS"", ""ARCO VERDE""], ""method"": ""IDW p=2; até 6 estações; raio máximo 300 km""}, ""precipitacao_anual_mm"": {""n_estacoes"": 6, ""nearest_distance_km"": 27.46, ""max_distance_km"": 220.13, ""stations"": [""RECIFE"", ""SURUBIM"", ""PALMARES"", ""CARUARU"", ""GARANHUNS"", ""ARCO VERDE""], ""method"": ""IDW p=2; até 6 estações; raio máximo 300 km""}}","{""organization"": ""INMET"", ""dataset"": ""Dados Históricos Anuais - estações automáticas"", ""version"": ""2009"", ""retrieved_at"": ""2026-10-01"", ""reference_url"": ""https://portal.inmet.gov.br/uploads/dadoshistoricos/2009.zip"", ""method"": ""agregação anual observada por estação + IDW municipal em EPSG:31985; p=2; 3-6 estações; raio <=300 km; controle mínimo de completude"", ""verified"": true}"
2610707,2009,-4212.844694542668,-37032877.43492046,"{""temperatura_media_c"": {""n_estacoes"": 6, ""nearest_distance_km"": 16.74, ""max_distance_km"": 248.62, ""stations"": [""RECIFE"", ""SURUBIM"", ""PALMARES"", ""CARUARU"", ""GARANHUNS"", ""ARCO VERDE""], ""method"": ""IDW p=2; até 6 estações; raio máximo 300 km""}, ""precipitacao_anual_mm"": {""n_estacoes"": 6, ""nearest_distance_km"": 16.74, ""max_distance_km"": 248.62, ""stations"": [""RECIFE"", ""SURUBIM"", ""PALMARES"", ""CARUARU"", ""GARANHUNS"", ""ARCO VERDE""], ""method"": ""IDW p=2; até 6 estações; raio máximo 300 km""}}","{""organization"": ""INMET"", ""dataset"": ""Dados Históricos Anuais - estações automáticas"", ""version"": ""2009"", ""retrieved_at"": ""2026-10-01"", ""reference_url"": ""https://portal.inmet.gov.br/uploads/dadoshistoricos/2009.zip"", ""method"": ""agregação anual observada por estação + IDW municipal em EPSG:31985; p=2; 3-6 estações; raio <=300 km; controle mínimo de completude"", ""verified"": true}"
2610806,2009,-431.54182233730063,-3974597.650460161,"{""temperatura_media_c"": {""n_estacoes"": 6, ""nearest_distance_km"": 37.08, ""max_distance_km"": 154.61, ""stations"": [""ARCO VERDE"", ""GARANHUNS"", ""IBIMIRIM"", ""CARUARU"", ""PALMARES"", ""SURUBIM""], ""method"": ""IDW p=2; até 6 estações; raio máximo 300 km""}, ""precipitacao_anual_mm"": {""n_estacoes"": 6, ""nearest_distance_km"": 37.08, ""max_distance_km"": 154.61, ""stations"": [""ARCO VERDE"", ""GARANHUNS"", ""IBIMIRIM"", ""CARUARU"", ""PALMARES"", ""SURUBIM""], ""method"": ""IDW p=2; até 6 estações; raio máximo 300 km""}}","{""organization"": ""INMET"", ""dataset"": ""Dados Históricos Anuais - estações automáticas"", ""version"": ""2009"", ""retrieved_at"": ""2026-10-01"", ""reference_url"": ""https://portal.inmet.gov.br/uploads/dadoshistoricos/2009.zip"", ""method"": ""agregação anual observada por estação + IDW municipal em EPSG:31985; p=2; 3-6 estações; raio <=300 km; controle mínimo de completude"", ""verified"": true}"
2610905,2009,-446.3777263701975,-4105604.5696874247,"{""temperatura_media_c"": {""n_estacoes"": 6, ""nearest_distance_km"": 38.05, ""max_distance_km"": 132.67, ""stations"": [""ARCO VERDE"", ""GARANHUNS"", ""CARUARU"", ""IBIMIRIM"", ""SURUBIM"", ""PALMARES""], ""method"": ""IDW p=2; até 6 estações; raio máximo 300 km""}, ""precipitacao_anual_mm"": {""n_estacoes"": 6, ""nearest_distance_km"": 38.05, ""max_distance_km"": 132.67, ""stations"": [""ARCO VERDE"", ""GARANHUNS"", ""CARUARU"", ""IBIMIRIM"", ""SURUBIM"", ""PALMARES""], ""method"": ""IDW p=2; até 6 estações; raio máximo 300 km""}}","{""organization"": ""INMET"", ""dataset"": ""Dados Históricos Anuais - estações automáticas"", ""version"": ""2009"", ""retrieved_at"": ""2026-10-01"", ""reference_url"": ""https://portal.inmet.gov.br/uploads/dadoshistoricos/2009.zip"", ""method"": ""agregação anual observada por estação + IDW municipal em EPSG:31985; p=2; 3-6 estações; raio <=300 km; controle mínimo de completude"", ""verified"": true}"
2611002,2009,-66.71528168891538,-810661.1719868736,"{""temperatura_media_c"": {""n_estacoes"": 6, ""nearest_distance_km"": 45.63, ""max_distance_km"": 199.94, ""stations"": [""FLORESTA"", ""IBIMIRIM"", ""SERRA TALHADA"", ""CABROBO"", ""ARCO VERDE"", ""GARANHUNS""], ""method"": ""IDW p=2; até 6 estações; raio máximo 300 km""}, ""precipitacao_anual_mm"": {""n_estacoes"": 6, ""nearest_distance_km"": 45.63, ""max_distance_km"": 199.94, ""stations"": [""FLORESTA"", ""IBIMIRIM"", ""SERRA TALHADA"", ""CABROBO"", ""ARCO VERDE"", ""GARANHUNS""], ""method"": ""IDW p=2; até 6 estações; raio máximo 300 km""}}","{""organization"": ""INMET"", ""dataset"": ""Dados Históricos Anuais - estações automáticas"", ""version"": ""2009"", ""retrieved_at"": ""2026-10-01"", ""reference_url"": ""https://portal.inmet.gov.br/uploads/dadoshistoricos/2009.zip"", ""method"": ""agregação anual observada por estação + IDW municipal em EPSG:31985; p=2; 3-6 estações; raio <=300 km; controle mínimo de completude"", ""verified"": true}"
2611101,2009,-67.18089382040644,-829929.8133609175,"{""temperatura_media_c"": {""n_estacoes"": 4, ""nearest_distance_km"": 42.1, ""max_distance_km"": 278.76, ""stations"": [""PETROLINA"", ""CABROBO"", ""FLORESTA"", ""SERRA TALHADA""], ""method"": ""IDW p=2; até 6 estações; raio máximo 300 km""}, ""precipitacao_anual_mm"": {""n_estacoes"": 4, ""nearest_distance_km"": 42.1, ""max_distance_km"": 278.76, ""stations"": [""PETROLINA"", ""CABROBO"", ""FLORESTA"", ""SERRA TALHADA""], ""method"": ""IDW p=2; até 6 estações; raio máximo 300 km""}}","{""organization"": ""INMET"", ""dataset"": ""Dados Históricos Anuais - estações automáticas"", ""version"": ""2009"", ""retrieved_at"": ""2026-10-01"", ""reference_url"": ""https://portal.inmet.gov.br/uploads/dadoshistoricos/2009.zip"", ""method"": ""agregação anual observada por estação + IDW municipal em EPSG:31985; p=2; 3-6 estações; raio <=300 km; controle mínimo de completude"", ""verified"": true}"
2611200,2009,-391.8456815591278,-3629893.3932834305,"{""temperatura_media_c"": {""n_estacoes"": 6, ""nearest_distance_km"": 46.21, ""max_distance_km"": 135.23, ""stations"": [""ARCO VERDE"", ""GARANHUNS"", ""CARUARU"", ""SURUBIM"", ""IBIMIRIM"", ""PALMARES""], ""method"": ""IDW p=2; até 6 estações; raio máximo 300 km""}, ""precipitacao_anual_mm"": {""n_estacoes"": 6, ""nearest_distance_km"": 46.21, ""max_distance_km"": 135.23, ""stations"": [""ARCO VERDE"", ""GARANHUNS"", ""CARUARU"", ""SURUBIM"", ""IBIMIRIM"", ""PALMARES""], ""method"": ""IDW p=2; até 6 estações; raio máximo 300 km""}}","{""organization"": ""INMET"", ""dataset"": ""Dados Históricos Anuais - estações automáticas"", ""version"": ""2009"", ""retrieved_at"": ""2026-10-01"", ""reference_url"": ""https://portal.inmet.gov.br/uploads/dadoshistoricos/2009.zip"", ""method"": ""agregação anual observada por estação + IDW municipal em EPSG:31985; p=2; 3-6 estações; raio <=300 km; controle mínimo de completude"", ""verified"": true}"
2611309,2009,-1457.3639141007982,-12948197.161953775,"{""temperatura_media_c"": {""n_estacoes"": 6, ""nearest_distance_km"": 49.08, ""max_distance_km"": 188.87, ""stations"": [""RECIFE"", ""PALMARES"", ""SURUBIM"", ""CARUARU"", ""GARANHUNS"", ""ARCO VERDE""], ""method"": ""IDW p=2; até 6 estações; raio máximo 300 km""}, ""precipitacao_anual_mm"": {""n_estacoes"": 6, ""nearest_distance_km"": 49.08, ""max_distance_km"": 188.87, ""stations"": [""RECIFE"", ""PALMARES"", ""SURUBIM"", ""CARUARU"", ""GARANHUNS"", ""ARCO VERDE""], ""method"": ""IDW p=2; até 6 estações; raio máximo 300 km""}}","{""organization"": ""INMET"", ""dataset"": ""Dados Históricos Anuais - estações automáticas"", ""version"": ""2009"", ""retrieved_at"": ""2026-10-01"", ""reference_url"": ""https://portal.inmet.gov.br/uploads/dadoshistoricos/2009.zip"", ""method"": ""agregação anual observada por estação + IDW municipal em EPSG:31985; p=2; 3-6 estações; raio <=300 km; controle mínimo de completude"", ""verified"": true}"
2611408,2009,-1059.6094366701166,-9472773.724259645,"{""temperatura_media_c"": {""n_estacoes"": 6, ""nearest_distance_km"": 42.33, ""max_distance_km"": 186.89, ""stations"": [""PALMARES"", ""RECIFE"", ""CARUARU"", ""SURUBIM"", ""GARANHUNS"", ""ARCO VERDE""], ""method"": ""IDW p=2; até 6 estações; raio máximo 300 km""}, ""precipitacao_anual_mm"": {""n_estacoes"": 6, ""nearest_distance_km"": 42.33, ""max_distance_km"": 186.89, ""stations"": [""PALMARES"", ""RECIFE"", ""CARUARU"", ""SURUBIM"", ""GARANHUNS"", ""ARCO VERDE""], ""method"": ""IDW p=2; até 6 estações; raio máximo 300 km""}}","{""organization"": ""INMET"", ""dataset"": ""Dados Históricos Anuais - estações automáticas"", ""version"": ""2009"", ""retrieved_at"": ""2026-10-01"", ""reference_url"": ""https://portal.inmet.gov.br/uploads/dadoshistoricos/2009.zip"", ""method"": ""agregação anual observada por estação + IDW municipal em EPSG:31985; p=2; 3-6 estações; raio <=300 km; controle mínimo de completude"", ""verified"": true}"
2611507,2009,-238.5040087266678,-2288235.854449639,"{""temperatura_media_c"": {""n_estacoes"": 6, ""nearest_distance_km"": 51.92, ""max_distance_km"": 145.84, ""stations"": [""GARANHUNS"", ""PALMARES"", ""CARUARU"", ""SURUBIM"", ""ARCO VERDE"", ""RECIFE""], ""method"": ""IDW p=2; até 6 estações; raio máximo 300 km""}, ""precipitacao_anual_mm"": {""n_estacoes"": 6, ""nearest_distance_km"": 51.92, ""max_distance_km"": 145.84, ""stations"": [""GARANHUNS"", ""PALMARES"", ""CARUARU"", ""SURUBIM"", ""ARCO VERDE"", ""RECIFE""], ""method"": ""IDW p=2; até 6 estações; raio máximo 300 km""}}","{""organization"": ""INMET"", ""dataset"": ""Dados Históricos Anuais - estações automáticas"", ""version"": ""2009"", ""retrieved_at"": ""2026-10-01"", ""reference_url"": ""https://portal.inmet.gov.br/uploads/dadoshistoricos/2009.zip"", ""method"": ""agregação anual observada por estação + IDW municipal em EPSG:31985; p=2; 3-6 estações; raio <=300 km; controle mínimo de completude"", ""verified"": true}"
2611533,2009,-207.62286985828987,-2039317.7102452288,"{""temperatura_media_c"": {""n_estacoes"": 6, ""nearest_distance_km"": 55.84, ""max_distance_km"": 199.34, ""stations"": [""SERRA TALHADA"", ""IBIMIRIM"", ""ARCO VERDE"", ""FLORESTA"", ""CABROBO"", ""GARANHUNS""], ""method"": ""IDW p=2; até 6 estações; raio máximo 300 km""}, ""precipitacao_anual_mm"": {""n_estacoes"": 6, ""nearest_distance_km"": 55.84, ""max_distance_km"": 199.34, ""stations"": [""SERRA TALHADA"", ""IBIMIRIM"", ""ARCO VERDE"", ""FLORESTA"", ""CABROBO"", ""GARANHUNS""], ""method"": ""IDW p=2; até 6 estações; raio máximo 300 km""}}","{""organization"": ""INMET"", ""dataset"": ""Dados Históricos Anuais - estações automáticas"", ""version"": ""2009"", ""retrieved_at"": ""2026-10-01"", ""reference_url"": ""https://portal.inmet.gov.br/uploads/dadoshistoricos/2009.zip"", ""method"": ""agregação anual observada por estação + IDW municipal em EPSG:31985; p=2; 3-6 estações; raio <=300 km; controle mínimo de completude"", ""verified"": true}"
2611606,2009,-4521.173813646616,-39727945.22178029,"{""temperatura_media_c"": {""n_estacoes"": 6, ""nearest_distance_km"": 3.64, ""max_distance_km"": 240.81, ""stations"": [""RECIFE"", ""SURUBIM"", ""PALMARES"", ""CARUARU"", ""GARANHUNS"", ""ARCO VERDE""], ""method"": ""IDW p=2; até 6 estações; raio máximo 300 km""}, ""precipitacao_anual_mm"": {""n_estacoes"": 6, ""nearest_distance_km"": 3.64, ""max_distance_km"": 240.81, ""stations"": [""RECIFE"", ""SURUBIM"", ""PALMARES"", ""CARUARU"", ""GARANHUNS"", ""ARCO VERDE""], ""method"": ""IDW p=2; até 6 estações; raio máximo 300 km""}}","{""organization"": ""INMET"", ""dataset"": ""Dados Históricos Anuais - estações automáticas"", ""version"": ""2009"", ""retrieved_at"": ""2026-10-01"", ""reference_url"": ""https://portal.inmet.gov.br/uploads/dadoshistoricos/2009.zip"", ""method"": ""agregação anual observada por estação + IDW municipal em EPSG:31985; p=2; 3-6 estações; raio <=300 km; controle mínimo de completude"", ""verified"": true}"
2611705,2009,-121.45265069647482,-1267712.598829487,"{""temperatura_media_c"": {""n_estacoes"": 6, ""nearest_distance_km"": 20.5, ""max_distance_km"": 137.55, ""stations"": [""CARUARU"", ""SURUBIM"", ""PALMARES"", ""RECIFE"", ""GARANHUNS"", ""ARCO VERDE""], ""method"": ""IDW p=2; até 6 estações; raio máximo 300 km""}, ""precipitacao_anual_mm"": {""n_estacoes"": 6, ""nearest_distance_km"": 20.5, ""max_distance_km"": 137.55, ""stations"": [""CARUARU"", ""SURUBIM"", ""PALMARES"", ""RECIFE"", ""GARANHUNS"", ""ARCO VERDE""], ""method"": ""IDW p=2; até 6 estações; raio máximo 300 km""}}","{""organization"": ""INMET"", ""dataset"": ""Dados Históricos Anuais - estações automáticas"", ""version"": ""2009"", ""retrieved_at"": ""2026-10-01"", ""reference_url"": ""https://portal.inmet.gov.br/uploads/dadoshistoricos/2009.zip"", ""method"": ""agregação anual observada por estação + IDW municipal em EPSG:31985; p=2; 3-6 estações; raio <=300 km; controle mínimo de completude"", ""verified"": true}"
2611804,2009,-565.4028505363224,-5155594.840589721,"{""temperatura_media_c"": {""n_estacoes"": 6, ""nearest_distance_km"": 28.52, ""max_distance_km"": 189.52, ""stations"": [""PALMARES"", ""RECIFE"", ""CARUARU"", ""SURUBIM"", ""GARANHUNS"", ""ARCO VERDE""], ""method"": ""IDW p=2; até 6 estações; raio máximo 300 km""}, ""precipitacao_anual_mm"": {""n_estacoes"": 6, ""nearest_distance_km"": 28.52, ""max_distance_km"": 189.52, ""stations"": [""PALMARES"", ""RECIFE"", ""CARUARU"", ""SURUBIM"", ""GARANHUNS"", ""ARCO VERDE""], ""method"": ""IDW p=2; até 6 estações; raio máximo 300 km""}}","{""organization"": ""INMET"", ""dataset"": ""Dados Históricos Anuais - estações automáticas"", ""version"": ""2009"", ""retrieved_at"": ""2026-10-01"", ""reference_url"": ""https://portal.inmet.gov.br/uploads/dadoshistoricos/2009.zip"", ""method"": ""agregação anual observada por estação + IDW municipal em EPSG:31985; p=2; 3-6 estações; raio <=300 km; controle mínimo de completude"", ""verified"": true}"
2611903,2009,-765.6711116841558,-6905337.937274756,"{""temperatura_media_c"": {""n_estacoes"": 6, ""nearest_distance_km"": 38.54, ""max_distance_km"": 207.55, ""stations"": [""PALMARES"", ""RECIFE"", ""CARUARU"", ""SURUBIM"", ""GARANHUNS"", ""ARCO VERDE""], ""method"": ""IDW p=2; até 6 estações; raio máximo 300 km""}, ""precipitacao_anual_mm"": {""n_estacoes"": 6, ""nearest_distance_km"": 38.54, ""max_distance_km"": 207.55, ""stations"": [""PALMARES"", ""RECIFE"", ""CARUARU"", ""SURUBIM"", ""GARANHUNS"", ""ARCO VERDE""], ""method"": ""IDW p=2; até 6 estações; raio máximo 300 km""}}","{""organization"": ""INMET"", ""dataset"": ""Dados Históricos Anuais - estações automáticas"", ""version"": ""2009"", ""retrieved_at"": ""2026-10-01"", ""reference_url"": ""https://portal.inmet.gov.br/uploads/dadoshistoricos/2009.zip"", ""method"": ""agregação anual observada por estação + IDW municipal em EPSG:31985; p=2; 3-6 estações; raio <=300 km; controle mínimo de completude"", ""verified"": true}"
2612000,2009,-330.4262339147594,-3096543.761857121,"{""temperatura_media_c"": {""n_estacoes"": 6, ""nearest_distance_km"": 34.04, ""max_distance_km"": 154.8, ""stations"": [""CARUARU"", ""PALMARES"", ""SURUBIM"", ""RECIFE"", ""GARANHUNS"", ""ARCO VERDE""], ""method"": ""IDW p=2; até 6 estações; raio máximo 300 km""}, ""precipitacao_anual_mm"": {""n_estacoes"": 6, ""nearest_distance_km"": 34.04, ""max_distance_km"": 154.8, ""stations"": [""CARUARU"", ""PALMARES"", ""SURUBIM"", ""RECIFE"", ""GARANHUNS"", ""ARCO VERDE""], ""method"": ""IDW p=2; até 6 estações; raio máximo 300 km""}}","{""organization"": ""INMET"", ""dataset"": ""Dados Históricos Anuais - estações automáticas"", ""version"": ""2009"", ""retrieved_at"": ""2026-10-01"", ""reference_url"": ""https://portal.inmet.gov.br/uploads/dadoshistoricos/2009.zip"", ""method"": ""agregação anual observada por estação + IDW municipal em EPSG:31985; p=2; 3-6 estações; raio <=300 km; controle mínimo de completude"", ""verified"": true}"
2612109,2009,-367.60154362183897,-3422878.2309595044,"{""temperatura_media_c"": {""n_estacoes"": 6, ""nearest_distance_km"": 23.98, ""max_distance_km"": 173.46, ""stations"": [""SURUBIM"", ""CARUARU"", ""RECIFE"", ""PALMARES"", ""GARANHUNS"", ""ARCO VERDE""], ""method"": ""IDW p=2; até 6 estações; raio máximo 300 km""}, ""precipitacao_anual_mm"": {""n_estacoes"": 6, ""nearest_distance_km"": 23.98, ""max_distance_km"": 173.46, ""stations"": [""SURUBIM"", ""CARUARU"", ""RECIFE"", ""PALMARES"", ""GARANHUNS"", ""ARCO VERDE""], ""method"": ""IDW p=2; até 6 estações; raio máximo 300 km""}}","{""organization"": ""INMET"", ""dataset"": ""Dados Históricos Anuais - estações automáticas"", ""version"": ""2009"", ""retrieved_at"": ""2026-10-01"", ""reference_url"": ""https://portal.inmet.gov.br/uploads/dadoshistoricos/2009.zip"", ""method"": ""agregação anual observada por estação + IDW municipal em EPSG:31985; p=2; 3-6 estações; raio <=300 km; controle mínimo de completude"", ""verified"": true}"
2612208,2009,-54.633413003426085,-709153.8783502034,"{""temperatura_media_c"": {""n_estacoes"": 6, ""nearest_distance_km"": 48.42, ""max_distance_km"": 224.13, ""stations"": [""CABROBO"", ""FLORESTA"", ""SERRA TALHADA"", ""IBIMIRIM"", ""PETROLINA"", ""ARCO VERDE""], ""method"": ""IDW p=2; até 6 estações; raio máximo 300 km""}, ""precipitacao_anual_mm"": {""n_estacoes"": 6, ""nearest_distance_km"": 48.42, ""max_distance_km"": 224.13, ""stations"": [""CABROBO"", ""FLORESTA"", ""SERRA TALHADA"", ""IBIMIRIM"", ""PETROLINA"", ""ARCO VERDE""], ""method"": ""IDW p=2; até 6 estações; raio máximo 300 km""}}","{""organization"": ""INMET"", ""dataset"": ""Dados Históricos Anuais - estações automáticas"", ""version"": ""2009"", ""retrieved_at"": ""2026-10-01"", ""reference_url"": ""https://portal.inmet.gov.br/uploads/dadoshistoricos/2009.zip"", ""method"": ""agregação anual observada por estação + IDW municipal em EPSG:31985; p=2; 3-6 estações; raio <=300 km; controle mínimo de completude"", ""verified"": true}"
2612307,2009,-95.39536164921435,-1027596.8170883143,"{""temperatura_media_c"": {""n_estacoes"": 6, ""nearest_distance_km"": 28.49, ""max_distance_km"": 164.79, ""stations"": [""GARANHUNS"", ""ARCO VERDE"", ""CARUARU"", ""IBIMIRIM"", ""PALMARES"", ""SURUBIM""], ""method"": ""IDW p=2; até 6 estações; raio máximo 300 km""}, ""precipitacao_anual_mm"": {""n_estacoes"": 6, ""nearest_distance_km"": 28.49, ""max_distance_km"": 164.79, ""stations"": [""GARANHUNS"", ""ARCO VERDE"", ""CARUARU"", ""IBIMIRIM"", ""PALMARES"", ""SURUBIM""], ""method"": ""IDW p=2; até 6 estações; raio máximo 300 km""}}","{""organization"": ""INMET"", ""dataset"": ""Dados Históricos Anuais - estações automáticas"", ""version"": ""2009"", ""retrieved_at"": ""2026-10-01"", ""reference_url"": ""https://portal.inmet.gov.br/uploads/dadoshistoricos/2009.zip"", ""method"": ""agregação anual observada por estação + IDW municipal em EPSG:31985; p=2; 3-6 estações; raio <=300 km; controle mínimo de completude"", ""verified"": true}"
2612406,2009,-229.91785240643165,-2212490.0012911106,"{""temperatura_media_c"": {""n_estacoes"": 6, ""nearest_distance_km"": 59.17, ""max_distance_km"": 129.21, ""stations"": [""ARCO VERDE"", ""GARANHUNS"", ""CARUARU"", ""SURUBIM"", ""PALMARES"", ""IBIMIRIM""], ""method"": ""IDW p=2; até 6 estações; raio máximo 300 km""}, ""precipitacao_anual_mm"": {""n_estacoes"": 6, ""nearest_distance_km"": 59.17, ""max_distance_km"": 129.21, ""stations"": [""ARCO VERDE"", ""GARANHUNS"", ""CARUARU"", ""SURUBIM"", ""PALMARES"", ""IBIMIRIM""], ""method"": ""IDW p=2; até 6 estações; raio máximo 300 km""}}","{""organization"": ""INMET"", ""dataset"": ""Dados Históricos Anuais - estações automáticas"", ""version"": ""2009"", ""retrieved_at"": ""2026-10-01"", ""reference_url"": ""https://portal.inmet.gov.br/uploads/dadoshistoricos/2009.zip"", ""method"": ""agregação anual observada por estação + IDW municipal em EPSG:31985; p=2; 3-6 estações; raio <=300 km; controle mínimo de completude"", ""verified"": true}"
2612455,2009,-43.060756722267236,-612034.8564862281,"{""temperatura_media_c"": {""n_estacoes"": 5, ""nearest_distance_km"": 112.09, ""max_distance_km"": 287.83, ""stations"": [""CABROBO"", ""PETROLINA"", ""FLORESTA"", ""SERRA TALHADA"", ""IBIMIRIM""], ""method"": ""IDW p=2; até 6 estações; raio máximo 300 km""}, ""precipitacao_anual_mm"": {""n_estacoes"": 5, ""nearest_distance_km"": 112.09, ""max_distance_km"": 287.83, ""stations"": [""CABROBO"", ""PETROLINA"", ""FLORESTA"", ""SERRA TALHADA"", ""IBIMIRIM""], ""method"": ""IDW p=2; até 6 estações; raio máximo 300 km""}}","{""organization"": ""INMET"", ""dataset"": ""Dados Históricos Anuais - estações automáticas"", ""version"": ""2009"", ""retrieved_at"": ""2026-10-01"", ""reference_url"": ""https://portal.inmet.gov.br/uploads/dadoshistoricos/2009.zip"", ""method"": ""agregação anual observada por estação + IDW municipal em EPSG:31985; p=2; 3-6 estações; raio <=300 km; controle mínimo de completude"", ""verified"": true}"
2612471,2009,-207.96075252754244,-2047215.1612727868,"{""temperatura_media_c"": {""n_estacoes"": 6, ""nearest_distance_km"": 17.52, ""max_distance_km"": 219.52, ""stations"": [""SERRA TALHADA"", ""IBIMIRIM"", ""FLORESTA"", ""ARCO VERDE"", ""CABROBO"", ""GARANHUNS""], ""method"": ""IDW p=2; até 6 estações; raio máximo 300 km""}, ""precipitacao_anual_mm"": {""n_estacoes"": 6, ""nearest_distance_km"": 17.52, ""max_distance_km"": 219.52, ""stations"": [""SERRA TALHADA"", ""IBIMIRIM"", ""FLORESTA"", ""ARCO VERDE"", ""CABROBO"", ""GARANHUNS""], ""method"": ""IDW p=2; até 6 estações; raio máximo 300 km""}}","{""organization"": ""INMET"", ""dataset"": ""Dados Históricos Anuais - estações automáticas"", ""version"": ""2009"", ""retrieved_at"": ""2026-10-01"", ""reference_url"": ""https://portal.inmet.gov.br/uploads/dadoshistoricos/2009.zip"", ""method"": ""agregação anual observada por estação + IDW municipal em EPSG:31985; p=2; 3-6 estações; raio <=300 km; controle mínimo de completude"", ""verified"": true}"
2612505,2009,-300.7214312926726,-2834565.2501587807,"{""temperatura_media_c"": {""n_estacoes"": 6, ""nearest_distance_km"": 53.62, ""max_distance_km"": 151.85, ""stations"": [""CARUARU"", ""SURUBIM"", ""ARCO VERDE"", ""GARANHUNS"", ""PALMARES"", ""RECIFE""], ""method"": ""IDW p=2; até 6 estações; raio máximo 300 km""}, ""precipitacao_anual_mm"": {""n_estacoes"": 6, ""nearest_distance_km"": 53.62, ""max_distance_km"": 151.85, ""stations"": [""CARUARU"", ""SURUBIM"", ""ARCO VERDE"", ""GARANHUNS"", ""PALMARES"", ""RECIFE""], ""method"": ""IDW p=2; até 6 estações; raio máximo 300 km""}}","{""organization"": ""INMET"", ""dataset"": ""Dados Históricos Anuais - estações automáticas"", ""version"": ""2009"", ""retrieved_at"": ""2026-10-01"", ""reference_url"": ""https://portal.inmet.gov.br/uploads/dadoshistoricos/2009.zip"", ""method"": ""agregação anual observada por estação + IDW municipal em EPSG:31985; p=2; 3-6 estações; raio <=300 km; controle mínimo de completude"", ""verified"": true}"
2612554,2009,-52.13588276788828,-692919.3348431581,"{""temperatura_media_c"": {""n_estacoes"": 4, ""nearest_distance_km"": 130.15, ""max_distance_km"": 254.21, ""stations"": [""PETROLINA"", ""CABROBO"", ""FLORESTA"", ""SERRA TALHADA""], ""method"": ""IDW p=2; até 6 estações; raio máximo 300 km""}, ""precipitacao_anual_mm"": {""n_estacoes"": 4, ""nearest_distance_km"": 130.15, ""max_distance_km"": 254.21, ""stations"": [""PETROLINA"", ""CABROBO"", ""FLORESTA"", ""SERRA TALHADA""], ""method"": ""IDW p=2; até 6 estações; raio máximo 300 km""}}","{""organization"": ""INMET"", ""dataset"": ""Dados Históricos Anuais - estações automáticas"", ""version"": ""2009"", ""retrieved_at"": ""2026-10-01"", ""reference_url"": ""https://portal.inmet.gov.br/uploads/dadoshistoricos/2009.zip"", ""method"": ""agregação anual observada por estação + IDW municipal em EPSG:31985; p=2; 3-6 estações; raio <=300 km; controle mínimo de completude"", ""verified"": true}"
2612604,2009,-29.649727260336093,-494073.27074660454,"{""temperatura_media_c"": {""n_estacoes"": 5, ""nearest_distance_km"": 67.99, ""max_distance_km"": 244.03, ""stations"": [""CABROBO"", ""PETROLINA"", ""FLORESTA"", ""SERRA TALHADA"", ""IBIMIRIM""], ""method"": ""IDW p=2; até 6 estações; raio máximo 300 km""}, ""precipitacao_anual_mm"": {""n_estacoes"": 5, ""nearest_distance_km"": 67.99, ""max_distance_km"": 244.03, ""stations"": [""CABROBO"", ""PETROLINA"", ""FLORESTA"", ""SERRA TALHADA"", ""IBIMIRIM""], ""method"": ""IDW p=2; até 6 estações; raio máximo 300 km""}}","{""organization"": ""INMET"", ""dataset"": ""Dados Históricos Anuais - estações automáticas"", ""version"": ""2009"", ""retrieved_at"": ""2026-10-01"", ""reference_url"": ""https://portal.inmet.gov.br/uploads/dadoshistoricos/2009.zip"", ""method"": ""agregação anual observada por estação + IDW municipal em EPSG:31985; p=2; 3-6 estações; raio <=300 km; controle mínimo de completude"", ""verified"": true}"
2612703,2009,-39.19374630201759,-553197.14214376,"{""temperatura_media_c"": {""n_estacoes"": 6, ""nearest_distance_km"": 9.67, ""max_distance_km"": 147.84, ""stations"": [""SURUBIM"", ""CARUARU"", ""PALMARES"", ""RECIFE"", ""GARANHUNS"", ""ARCO VERDE""], ""method"": ""IDW p=2; até 6 estações; raio máximo 300 km""}, ""precipitacao_anual_mm"": {""n_estacoes"": 6, ""nearest_distance_km"": 9.67, ""max_distance_km"": 147.84, ""stations"": [""SURUBIM"", ""CARUARU"", ""PALMARES"", ""RECIFE"", ""GARANHUNS"", ""ARCO VERDE""], ""method"": ""IDW p=2; até 6 estações; raio máximo 300 km""}}","{""organization"": ""INMET"", ""dataset"": ""Dados Históricos Anuais - estações automáticas"", ""version"": ""2009"", ""retrieved_at"": ""2026-10-01"", ""reference_url"": ""https://portal.inmet.gov.br/uploads/dadoshistoricos/2009.zip"", ""method"": ""agregação anual observada por estação + IDW municipal em EPSG:31985; p=2; 3-6 estações; raio <=300 km; controle mínimo de completude"", ""verified"": true}"
2612802,2009,-256.0637544681141,-2456769.204757725,"{""temperatura_media_c"": {""n_estacoes"": 6, ""nearest_distance_km"": 111.31, ""max_distance_km"": 186.8, ""stations"": [""SERRA TALHADA"", ""ARCO VERDE"", ""IBIMIRIM"", ""FLORESTA"", ""CARUARU"", ""SURUBIM""], ""method"": ""IDW p=2; até 6 estações; raio máximo 300 km""}, ""precipitacao_anual_mm"": {""n_estacoes"": 6, ""nearest_distance_km"": 111.31, ""max_distance_km"": 186.8, ""stations"": [""SERRA TALHADA"", ""ARCO VERDE"", ""IBIMIRIM"", ""FLORESTA"", ""CARUARU"", ""SURUBIM""], ""method"": ""IDW p=2; até 6 estações; raio máximo 300 km""}}","{""organization"": ""INMET"", ""dataset"": ""Dados Históricos Anuais - estações automáticas"", ""version"": ""2009"", ""retrieved_at"": ""2026-10-01"", ""reference_url"": ""https://portal.inmet.gov.br/uploads/dadoshistoricos/2009.zip"", ""method"": ""agregação anual observada por estação + IDW municipal em EPSG:31985; p=2; 3-6 estações; raio <=300 km; controle mínimo de completude"", ""verified"": true}"
2612901,2009,-235.41780834341122,-2265894.5139702237,"{""temperatura_media_c"": {""n_estacoes"": 6, ""nearest_distance_km"": 40.51, ""max_distance_km"": 136.79, ""stations"": [""PALMARES"", ""CARUARU"", ""GARANHUNS"", ""SURUBIM"", ""RECIFE"", ""ARCO VERDE""], ""method"": ""IDW p=2; até 6 estações; raio máximo 300 km""}, ""precipitacao_anual_mm"": {""n_estacoes"": 6, ""nearest_distance_km"": 40.51, ""max_distance_km"": 136.79, ""stations"": [""PALMARES"", ""CARUARU"", ""GARANHUNS"", ""SURUBIM"", ""RECIFE"", ""ARCO VERDE""], ""method"": ""IDW p=2; até 6 estações; raio máximo 300 km""}}","{""organization"": ""INMET"", ""dataset"": ""Dados Históricos Anuais - estações automáticas"", ""version"": ""2009"", ""retrieved_at"": ""2026-10-01"", ""reference_url"": ""https://portal.inmet.gov.br/uploads/dadoshistoricos/2009.zip"", ""method"": ""agregação anual observada por estação + IDW municipal em EPSG:31985; p=2; 3-6 estações; raio <=300 km; controle mínimo de completude"", ""verified"": true}"
2613008,2009,-129.86086917824503,-1334366.0298834837,"{""temperatura_media_c"": {""n_estacoes"": 6, ""nearest_distance_km"": 41.38, ""max_distance_km"": 139.13, ""stations"": [""GARANHUNS"", ""CARUARU"", ""ARCO VERDE"", ""PALMARES"", ""SURUBIM"", ""IBIMIRIM""], ""method"": ""IDW p=2; até 6 estações; raio máximo 300 km""}, ""precipitacao_anual_mm"": {""n_estacoes"": 6, ""nearest_distance_km"": 41.38, ""max_distance_km"": 139.13, ""stations"": [""GARANHUNS"", ""CARUARU"", ""ARCO VERDE"", ""PALMARES"", ""SURUBIM"", ""IBIMIRIM""], ""method"": ""IDW p=2; até 6 estações; raio máximo 300 km""}}","{""organization"": ""INMET"", ""dataset"": ""Dados Históricos Anuais - estações automáticas"", ""version"": ""2009"", ""retrieved_at"": ""2026-10-01"", ""reference_url"": ""https://portal.inmet.gov.br/uploads/dadoshistoricos/2009.zip"", ""method"": ""agregação anual observada por estação + IDW municipal em EPSG:31985; p=2; 3-6 estações; raio <=300 km; controle mínimo de completude"", ""verified"": true}"
2613107,2009,-108.1944906527072,-1149638.2280085746,"{""temperatura_media_c"": {""n_estacoes"": 6, ""nearest_distance_km"": 20.62, ""max_distance_km"": 134.4, ""stations"": [""CARUARU"", ""SURUBIM"", ""PALMARES"", ""GARANHUNS"", ""ARCO VERDE"", ""RECIFE""], ""method"": ""IDW p=2; até 6 estações; raio máximo 300 km""}, ""precipitacao_anual_mm"": {""n_estacoes"": 6, ""nearest_distance_km"": 20.62, ""max_distance_km"": 134.4, ""stations"": [""CARUARU"", ""SURUBIM"", ""PALMARES"", ""GARANHUNS"", ""ARCO VERDE"", ""RECIFE""], ""method"": ""IDW p=2; até 6 estações; raio máximo 300 km""}}","{""organization"": ""INMET"", ""dataset"": ""Dados Históricos Anuais - estações automáticas"", ""version"": ""2009"", ""retrieved_at"": ""2026-10-01"", ""reference_url"": ""https://portal.inmet.gov.br/uploads/dadoshistoricos/2009.zip"", ""method"": ""agregação anual observada por estação + IDW municipal em EPSG:31985; p=2; 3-6 estações; raio <=300 km; controle mínimo de completude"", ""verified"": true}"
2613206,2009,-19.863397875460926,-363536.9374307279,"{""temperatura_media_c"": {""n_estacoes"": 6, ""nearest_distance_km"": 13.24, ""max_distance_km"": 152.71, ""stations"": [""GARANHUNS"", ""CARUARU"", ""PALMARES"", ""ARCO VERDE"", ""SURUBIM"", ""IBIMIRIM""], ""method"": ""IDW p=2; até 6 estações; raio máximo 300 km""}, ""precipitacao_anual_mm"": {""n_estacoes"": 6, ""nearest_distance_km"": 13.24, ""max_distance_km"": 152.71, ""stations"": [""GARANHUNS"", ""CARUARU"", ""PALMARES"", ""ARCO VERDE"", ""SURUBIM"", ""IBIMIRIM""], ""method"": ""IDW p=2; até 6 estações; raio máximo 300 km""}}","{""organization"": ""INMET"", ""dataset"": ""Dados Históricos Anuais - estações automáticas"", ""version"": ""2009"", ""retrieved_at"": ""2026-10-01"", ""reference_url"": ""https://portal.inmet.gov.br/uploads/dadoshistoricos/2009.zip"", ""method"": ""agregação anual observada por estação + IDW municipal em EPSG:31985; p=2; 3-6 estações; raio <=300 km; controle mínimo de completude"", ""verified"": true}"
2613305,2009,-188.53337141316035,-1855416.2153821995,"{""temperatura_media_c"": {""n_estacoes"": 6, ""nearest_distance_km"": 28.92, ""max_distance_km"": 136.88, ""stations"": [""CARUARU"", ""PALMARES"", ""SURUBIM"", ""GARANHUNS"", ""RECIFE"", ""ARCO VERDE""], ""method"": ""IDW p=2; até 6 estações; raio máximo 300 km""}, ""precipitacao_anual_mm"": {""n_estacoes"": 6, ""nearest_distance_km"": 28.92, ""max_distance_km"": 136.88, ""stations"": [""CARUARU"", ""PALMARES"", ""SURUBIM"", ""GARANHUNS"", ""RECIFE"", ""ARCO VERDE""], ""method"": ""IDW p=2; até 6 estações; raio máximo 300 km""}}","{""organization"": ""INMET"", ""dataset"": ""Dados Históricos Anuais - estações automáticas"", ""version"": ""2009"", ""retrieved_at"": ""2026-10-01"", ""reference_url"": ""https://portal.inmet.gov.br/uploads/dadoshistoricos/2009.zip"", ""method"": ""agregação anual observada por estação + IDW municipal em EPSG:31985; p=2; 3-6 estações; raio <=300 km; controle mínimo de completude"", ""verified"": true}"
2613404,2009,-716.3283819441981,-6473350.864291548,"{""temperatura_media_c"": {""n_estacoes"": 6, ""nearest_distance_km"": 47.56, ""max_distance_km"": 214.97, ""stations"": [""PALMARES"", ""RECIFE"", ""CARUARU"", ""SURUBIM"", ""GARANHUNS"", ""ARCO VERDE""], ""method"": ""IDW p=2; até 6 estações; raio máximo 300 km""}, ""precipitacao_anual_mm"": {""n_estacoes"": 6, ""nearest_distance_km"": 47.56, ""max_distance_km"": 214.97, ""stations"": [""PALMARES"", ""RECIFE"", ""CARUARU"", ""SURUBIM"", ""GARANHUNS"", ""ARCO VERDE""], ""method"": ""IDW p=2; até 6 estações; raio máximo 300 km""}}","{""organization"": ""INMET"", ""dataset"": ""Dados Históricos Anuais - estações automáticas"", ""version"": ""2009"", ""retrieved_at"": ""2026-10-01"", ""reference_url"": ""https://portal.inmet.gov.br/uploads/dadoshistoricos/2009.zip"", ""method"": ""agregação anual observada por estação + IDW municipal em EPSG:31985; p=2; 3-6 estações; raio <=300 km; controle mínimo de completude"", ""verified"": true}"
2613503,2009,-144.21497993437072,-1490430.282218955,"{""temperatura_media_c"": {""n_estacoes"": 6, ""nearest_distance_km"": 50.88, ""max_distance_km"": 256.9, ""stations"": [""SERRA TALHADA"", ""FLORESTA"", ""CABROBO"", ""IBIMIRIM"", ""ARCO VERDE"", ""PETROLINA""], ""method"": ""IDW p=2; até 6 estações; raio máximo 300 km""}, ""precipitacao_anual_mm"": {""n_estacoes"": 6, ""nearest_distance_km"": 50.88, ""max_distance_km"": 256.9, ""stations"": [""SERRA TALHADA"", ""FLORESTA"", ""CABROBO"", ""IBIMIRIM"", ""ARCO VERDE"", ""PETROLINA""], ""method"": ""IDW p=2; até 6 estações; raio máximo 300 km""}}","{""organization"": ""INMET"", ""dataset"": ""Dados Históricos Anuais - estações automáticas"", ""version"": ""2009"", ""retrieved_at"": ""2026-10-01"", ""reference_url"": ""https://portal.inmet.gov.br/uploads/dadoshistoricos/2009.zip"", ""method"": ""agregação anual observada por estação + IDW municipal em EPSG:31985; p=2; 3-6 estações; raio <=300 km; controle mínimo de completude"", ""verified"": true}"
2613602,2009,-282.19352503035464,-2679215.20111154,"{""temperatura_media_c"": {""n_estacoes"": 6, ""nearest_distance_km"": 100.95, ""max_distance_km"": 175.48, ""stations"": [""ARCO VERDE"", ""IBIMIRIM"", ""SERRA TALHADA"", ""CARUARU"", ""SURUBIM"", ""GARANHUNS""], ""method"": ""IDW p=2; até 6 estações; raio máximo 300 km""}, ""precipitacao_anual_mm"": {""n_estacoes"": 6, ""nearest_distance_km"": 100.95, ""max_distance_km"": 175.48, ""stations"": [""ARCO VERDE"", ""IBIMIRIM"", ""SERRA TALHADA"", ""CARUARU"", ""SURUBIM"", ""GARANHUNS""], ""method"": ""IDW p=2; até 6 estações; raio máximo 300 km""}}","{""organization"": ""INMET"", ""dataset"": ""Dados Históricos Anuais - estações automáticas"", ""version"": ""2009"", ""retrieved_at"": ""2026-10-01"", ""reference_url"": ""https://portal.inmet.gov.br/uploads/dadoshistoricos/2009.zip"", ""method"": ""agregação anual observada por estação + IDW municipal em EPSG:31985; p=2; 3-6 estações; raio <=300 km; controle mínimo de completude"", ""verified"": true}"
2613701,2009,-4061.443073071511,-35709537.1556505,"{""temperatura_media_c"": {""n_estacoes"": 6, ""nearest_distance_km"": 16.44, ""max_distance_km"": 222.63, ""stations"": [""RECIFE"", ""SURUBIM"", ""PALMARES"", ""CARUARU"", ""GARANHUNS"", ""ARCO VERDE""], ""method"": ""IDW p=2; até 6 estações; raio máximo 300 km""}, ""precipitacao_anual_mm"": {""n_estacoes"": 6, ""nearest_distance_km"": 16.44, ""max_distance_km"": 222.63, ""stations"": [""RECIFE"", ""SURUBIM"", ""PALMARES"", ""CARUARU"", ""GARANHUNS"", ""ARCO VERDE""], ""method"": ""IDW p=2; até 6 estações; raio máximo 300 km""}}","{""organization"": ""INMET"", ""dataset"": ""Dados Históricos Anuais - estações automáticas"", ""version"": ""2009"", ""retrieved_at"": ""2026-10-01"", ""reference_url"": ""https://portal.inmet.gov.br/uploads/dadoshistoricos/2009.zip"", ""method"": ""agregação anual observada por estação + IDW municipal em EPSG:31985; p=2; 3-6 estações; raio <=300 km; controle mínimo de completude"", ""verified"": true}"
2613800,2009,-801.3750505119011,-7213984.603322449,"{""temperatura_media_c"": {""n_estacoes"": 6, ""nearest_distance_km"": 42.36, ""max_distance_km"": 197.46, ""stations"": [""SURUBIM"", ""RECIFE"", ""CARUARU"", ""PALMARES"", ""GARANHUNS"", ""ARCO VERDE""], ""method"": ""IDW p=2; até 6 estações; raio máximo 300 km""}, ""precipitacao_anual_mm"": {""n_estacoes"": 6, ""nearest_distance_km"": 42.36, ""max_distance_km"": 197.46, ""stations"": [""SURUBIM"", ""RECIFE"", ""CARUARU"", ""PALMARES"", ""GARANHUNS"", ""ARCO VERDE""], ""method"": ""IDW p=2; até 6 estações; raio máximo 300 km""}}","{""organization"": ""INMET"", ""dataset"": ""Dados Históricos Anuais - estações automáticas"", ""version"": ""2009"", ""retrieved_at"": ""2026-10-01"", ""reference_url"": ""https://portal.inmet.gov.br/uploads/dadoshistoricos/2009.zip"", ""method"": ""agregação anual observada por estação + IDW municipal em EPSG:31985; p=2; 3-6 estações; raio <=300 km; controle mínimo de completude"", ""verified"": true}"
2613909,2009,-207.4129171972923,-2042878.9101240593,"{""temperatura_media_c"": {""n_estacoes"": 6, ""nearest_distance_km"": 12.36, ""max_distance_km"": 228.42, ""stations"": [""SERRA TALHADA"", ""FLORESTA"", ""IBIMIRIM"", ""CABROBO"", ""ARCO VERDE"", ""GARANHUNS""], ""method"": ""IDW p=2; até 6 estações; raio máximo 300 km""}, ""precipitacao_anual_mm"": {""n_estacoes"": 6, ""nearest_distance_km"": 12.36, ""max_distance_km"": 228.42, ""stations"": [""SERRA TALHADA"", ""FLORESTA"", ""IBIMIRIM"", ""CABROBO"", ""ARCO VERDE"", ""GARANHUNS""], ""method"": ""IDW p=2; até 6 estações; raio máximo 300 km""}}","{""organization"": ""INMET"", ""dataset"": ""Dados Históricos Anuais - estações automáticas"", ""version"": ""2009"", ""retrieved_at"": ""2026-10-01"", ""reference_url"": ""https://portal.inmet.gov.br/uploads/dadoshistoricos/2009.zip"", ""method"": ""agregação anual observada por estação + IDW municipal em EPSG:31985; p=2; 3-6 estações; raio <=300 km; controle mínimo de completude"", ""verified"": true}"
2614006,2009,-72.87484804899452,-868379.7054484481,"{""temperatura_media_c"": {""n_estacoes"": 6, ""nearest_distance_km"": 73.02, ""max_distance_km"": 261.92, ""stations"": [""CABROBO"", ""SERRA TALHADA"", ""FLORESTA"", ""IBIMIRIM"", ""PETROLINA"", ""ARCO VERDE""], ""method"": ""IDW p=2; até 6 estações; raio máximo 300 km""}, ""precipitacao_anual_mm"": {""n_estacoes"": 6, ""nearest_distance_km"": 73.02, ""max_distance_km"": 261.92, ""stations"": [""CABROBO"", ""SERRA TALHADA"", ""FLORESTA"", ""IBIMIRIM"", ""PETROLINA"", ""ARCO VERDE""], ""method"": ""IDW p=2; até 6 estações; raio máximo 300 km""}}","{""organization"": ""INMET"", ""dataset"": ""Dados Históricos Anuais - estações automáticas"", ""version"": ""2009"", ""retrieved_at"": ""2026-10-01"", ""reference_url"": ""https://portal.inmet.gov.br/uploads/dadoshistoricos/2009.zip"", ""method"": ""agregação anual observada por estação + IDW municipal em EPSG:31985; p=2; 3-6 estações; raio <=300 km; controle mínimo de completude"", ""verified"": true}"
2614105,2009,-479.10543312958265,-4399344.789092237,"{""temperatura_media_c"": {""n_estacoes"": 6, ""nearest_distance_km"": 36.17, ""max_distance_km"": 149.16, ""stations"": [""ARCO VERDE"", ""IBIMIRIM"", ""SERRA TALHADA"", ""GARANHUNS"", ""FLORESTA"", ""CARUARU""], ""method"": ""IDW p=2; até 6 estações; raio máximo 300 km""}, ""precipitacao_anual_mm"": {""n_estacoes"": 6, ""nearest_distance_km"": 36.17, ""max_distance_km"": 149.16, ""stations"": [""ARCO VERDE"", ""IBIMIRIM"", ""SERRA TALHADA"", ""GARANHUNS"", ""FLORESTA"", ""CARUARU""], ""method"": ""IDW p=2; até 6 estações; raio máximo 300 km""}}","{""organization"": ""INMET"", ""dataset"": ""Dados Históricos Anuais - estações automáticas"", ""version"": ""2009"", ""retrieved_at"": ""2026-10-01"", ""reference_url"": ""https://portal.inmet.gov.br/uploads/dadoshistoricos/2009.zip"", ""method"": ""agregação anual observada por estação + IDW municipal em EPSG:31985; p=2; 3-6 estações; raio <=300 km; controle mínimo de completude"", ""verified"": true}"
2614204,2009,-1196.149950501153,-10667076.60973482,"{""temperatura_media_c"": {""n_estacoes"": 6, ""nearest_distance_km"": 44.84, ""max_distance_km"": 211.37, ""stations"": [""PALMARES"", ""RECIFE"", ""CARUARU"", ""SURUBIM"", ""GARANHUNS"", ""ARCO VERDE""], ""method"": ""IDW p=2; até 6 estações; raio máximo 300 km""}, ""precipitacao_anual_mm"": {""n_estacoes"": 6, ""nearest_distance_km"": 44.84, ""max_distance_km"": 211.37, ""stations"": [""PALMARES"", ""RECIFE"", ""CARUARU"", ""SURUBIM"", ""GARANHUNS"", ""ARCO VERDE""], ""method"": ""IDW p=2; até 6 estações; raio máximo 300 km""}}","{""organization"": ""INMET"", ""dataset"": ""Dados Históricos Anuais - estações automáticas"", ""version"": ""2009"", ""retrieved_at"": ""2026-10-01"", ""reference_url"": ""https://portal.inmet.gov.br/uploads/dadoshistoricos/2009.zip"", ""method"": ""agregação anual observada por estação + IDW municipal em EPSG:31985; p=2; 3-6 estações; raio <=300 km; controle mínimo de completude"", ""verified"": true}"
2614303,2009,-91.61699426937666,-1031832.5452791891,"{""temperatura_media_c"": {""n_estacoes"": 6, ""nearest_distance_km"": 101.12, ""max_distance_km"": 284.14, ""stations"": [""CABROBO"", ""SERRA TALHADA"", ""FLORESTA"", ""IBIMIRIM"", ""PETROLINA"", ""ARCO VERDE""], ""method"": ""IDW p=2; até 6 estações; raio máximo 300 km""}, ""precipitacao_anual_mm"": {""n_estacoes"": 6, ""nearest_distance_km"": 101.12, ""max_distance_km"": 284.14, ""stations"": [""CABROBO"", ""SERRA TALHADA"", ""FLORESTA"", ""IBIMIRIM"", ""PETROLINA"", ""ARCO VERDE""], ""method"": ""IDW p=2; até 6 estações; raio máximo 300 km""}}","{""organization"": ""INMET"", ""dataset"": ""Dados Históricos Anuais - estações automáticas"", ""version"": ""2009"", ""retrieved_at"": ""2026-10-01"", ""reference_url"": ""https://portal.inmet.gov.br/uploads/dadoshistoricos/2009.zip"", ""method"": ""agregação anual observada por estação + IDW municipal em EPSG:31985; p=2; 3-6 estações; raio <=300 km; controle mínimo de completude"", ""verified"": true}"
2614402,2009,-236.8004769495664,-2289545.9216782665,"{""temperatura_media_c"": {""n_estacoes"": 6, ""nearest_distance_km"": 82.13, ""max_distance_km"": 197.63, ""stations"": [""SERRA TALHADA"", ""IBIMIRIM"", ""ARCO VERDE"", ""FLORESTA"", ""GARANHUNS"", ""CARUARU""], ""method"": ""IDW p=2; até 6 estações; raio máximo 300 km""}, ""precipitacao_anual_mm"": {""n_estacoes"": 6, ""nearest_distance_km"": 82.13, ""max_distance_km"": 197.63, ""stations"": [""SERRA TALHADA"", ""IBIMIRIM"", ""ARCO VERDE"", ""FLORESTA"", ""GARANHUNS"", ""CARUARU""], ""method"": ""IDW p=2; até 6 estações; raio máximo 300 km""}}","{""organization"": ""INMET"", ""dataset"": ""Dados Históricos Anuais - estações automáticas"", ""version"": ""2009"", ""retrieved_at"": ""2026-10-01"", ""reference_url"": ""https://portal.inmet.gov.br/uploads/dadoshistoricos/2009.zip"", ""method"": ""agregação anual observada por estação + IDW municipal em EPSG:31985; p=2; 3-6 estações; raio <=300 km; controle mínimo de completude"", ""verified"": true}"
2614501,2009,-33.01829912935271,-499363.494394035,"{""temperatura_media_c"": {""n_estacoes"": 6, ""nearest_distance_km"": 7.62, ""max_distance_km"": 157.75, ""stations"": [""SURUBIM"", ""CARUARU"", ""PALMARES"", ""RECIFE"", ""GARANHUNS"", ""ARCO VERDE""], ""method"": ""IDW p=2; até 6 estações; raio máximo 300 km""}, ""precipitacao_anual_mm"": {""n_estacoes"": 6, ""nearest_distance_km"": 7.62, ""max_distance_km"": 157.75, ""stations"": [""SURUBIM"", ""CARUARU"", ""PALMARES"", ""RECIFE"", ""GARANHUNS"", ""ARCO VERDE""], ""method"": ""IDW p=2; até 6 estações; raio máximo 300 km""}}","{""organization"": ""INMET"", ""dataset"": ""Dados Históricos Anuais - estações automáticas"", ""version"": ""2009"", ""retrieved_at"": ""2026-10-01"", ""reference_url"": ""https://portal.inmet.gov.br/uploads/dadoshistoricos/2009.zip"", ""method"": ""agregação anual observada por estação + IDW municipal em EPSG:31985; p=2; 3-6 estações; raio <=300 km; controle mínimo de completude"", ""verified"": true}"
2614600,2009,-258.9252506947639,-2480821.08871208,"{""temperatura_media_c"": {""n_estacoes"": 6, ""nearest_distance_km"": 96.02, ""max_distance_km"": 185.32, ""stations"": [""SERRA TALHADA"", ""ARCO VERDE"", ""IBIMIRIM"", ""FLORESTA"", ""CARUARU"", ""GARANHUNS""], ""method"": ""IDW p=2; até 6 estações; raio máximo 300 km""}, ""precipitacao_anual_mm"": {""n_estacoes"": 6, ""nearest_distance_km"": 96.02, ""max_distance_km"": 185.32, ""stations"": [""SERRA TALHADA"", ""ARCO VERDE"", ""IBIMIRIM"", ""FLORESTA"", ""CARUARU"", ""GARANHUNS""], ""method"": ""IDW p=2; até 6 estações; raio máximo 300 km""}}","{""organization"": ""INMET"", ""dataset"": ""Dados Históricos Anuais - estações automáticas"", ""version"": ""2009"", ""retrieved_at"": ""2026-10-01"", ""reference_url"": ""https://portal.inmet.gov.br/uploads/dadoshistoricos/2009.zip"", ""method"": ""agregação anual observada por estação + IDW municipal em EPSG:31985; p=2; 3-6 estações; raio <=300 km; controle mínimo de completude"", ""verified"": true}"
2614709,2009,-197.73304008371738,-1931863.0367817187,"{""temperatura_media_c"": {""n_estacoes"": 6, ""nearest_distance_km"": 33.71, ""max_distance_km"": 148.01, ""stations"": [""CARUARU"", ""GARANHUNS"", ""SURUBIM"", ""PALMARES"", ""ARCO VERDE"", ""RECIFE""], ""method"": ""IDW p=2; até 6 estações; raio máximo 300 km""}, ""precipitacao_anual_mm"": {""n_estacoes"": 6, ""nearest_distance_km"": 33.71, ""max_distance_km"": 148.01, ""stations"": [""CARUARU"", ""GARANHUNS"", ""SURUBIM"", ""PALMARES"", ""ARCO VERDE"", ""RECIFE""], ""method"": ""IDW p=2; até 6 estações; raio máximo 300 km""}}","{""organization"": ""INMET"", ""dataset"": ""Dados Históricos Anuais - estações automáticas"", ""version"": ""2009"", ""retrieved_at"": ""2026-10-01"", ""reference_url"": ""https://portal.inmet.gov.br/uploads/dadoshistoricos/2009.zip"", ""method"": ""agregação anual observada por estação + IDW municipal em EPSG:31985; p=2; 3-6 estações; raio <=300 km; controle mínimo de completude"", ""verified"": true}"
2614808,2009,-103.26344354012072,-1126556.72565333,"{""temperatura_media_c"": {""n_estacoes"": 6, ""nearest_distance_km"": 63.94, ""max_distance_km"": 174.46, ""stations"": [""IBIMIRIM"", ""FLORESTA"", ""SERRA TALHADA"", ""ARCO VERDE"", ""CABROBO"", ""GARANHUNS""], ""method"": ""IDW p=2; até 6 estações; raio máximo 300 km""}, ""precipitacao_anual_mm"": {""n_estacoes"": 6, ""nearest_distance_km"": 63.94, ""max_distance_km"": 174.46, ""stations"": [""IBIMIRIM"", ""FLORESTA"", ""SERRA TALHADA"", ""ARCO VERDE"", ""CABROBO"", ""GARANHUNS""], ""method"": ""IDW p=2; até 6 estações; raio máximo 300 km""}}","{""organization"": ""INMET"", ""dataset"": ""Dados Históricos Anuais - estações automáticas"", ""version"": ""2009"", ""retrieved_at"": ""2026-10-01"", ""reference_url"": ""https://portal.inmet.gov.br/uploads/dadoshistoricos/2009.zip"", ""method"": ""agregação anual observada por estação + IDW municipal em EPSG:31985; p=2; 3-6 estações; raio <=300 km; controle mínimo de completude"", ""verified"": true}"
2614857,2009,-650.7566921157535,-5901074.593075637,"{""temperatura_media_c"": {""n_estacoes"": 6, ""nearest_distance_km"": 38.24, ""max_distance_km"": 207.46, ""stations"": [""PALMARES"", ""RECIFE"", ""CARUARU"", ""SURUBIM"", ""GARANHUNS"", ""ARCO VERDE""], ""method"": ""IDW p=2; até 6 estações; raio máximo 300 km""}, ""precipitacao_anual_mm"": {""n_estacoes"": 6, ""nearest_distance_km"": 38.24, ""max_distance_km"": 207.46, ""stations"": [""PALMARES"", ""RECIFE"", ""CARUARU"", ""SURUBIM"", ""GARANHUNS"", ""ARCO VERDE""], ""method"": ""IDW p=2; até 6 estações; raio máximo 300 km""}}","{""organization"": ""INMET"", ""dataset"": ""Dados Históricos Anuais - estações automáticas"", ""version"": ""2009"", ""retrieved_at"": ""2026-10-01"", ""reference_url"": ""https://portal.inmet.gov.br/uploads/dadoshistoricos/2009.zip"", ""method"": ""agregação anual observada por estação + IDW municipal em EPSG:31985; p=2; 3-6 estações; raio <=300 km; controle mínimo de completude"", ""verified"": true}"
2615003,2009,-210.52924437459012,-2047580.1660905124,"{""temperatura_media_c"": {""n_estacoes"": 6, ""nearest_distance_km"": 37.08, ""max_distance_km"": 130.88, ""stations"": [""SURUBIM"", ""CARUARU"", ""PALMARES"", ""ARCO VERDE"", ""GARANHUNS"", ""RECIFE""], ""method"": ""IDW p=2; até 6 estações; raio máximo 300 km""}, ""precipitacao_anual_mm"": {""n_estacoes"": 6, ""nearest_distance_km"": 37.08, ""max_distance_km"": 130.88, ""stations"": [""SURUBIM"", ""CARUARU"", ""PALMARES"", ""ARCO VERDE"", ""GARANHUNS"", ""RECIFE""], ""method"": ""IDW p=2; até 6 estações; raio máximo 300 km""}}","{""organization"": ""INMET"", ""dataset"": ""Dados Históricos Anuais - estações automáticas"", ""version"": ""2009"", ""retrieved_at"": ""2026-10-01"", ""reference_url"": ""https://portal.inmet.gov.br/uploads/dadoshistoricos/2009.zip"", ""method"": ""agregação anual observada por estação + IDW municipal em EPSG:31985; p=2; 3-6 estações; raio <=300 km; controle mínimo de completude"", ""verified"": true}"
2615102,2009,-55.064488241584165,-673349.7568543649,"{""temperatura_media_c"": {""n_estacoes"": 6, ""nearest_distance_km"": 24.12, ""max_distance_km"": 165.34, ""stations"": [""GARANHUNS"", ""ARCO VERDE"", ""CARUARU"", ""PALMARES"", ""IBIMIRIM"", ""SURUBIM""], ""method"": ""IDW p=2; até 6 estações; raio máximo 300 km""}, ""precipitacao_anual_mm"": {""n_estacoes"": 6, ""nearest_distance_km"": 24.12, ""max_distance_km"": 165.34, ""stations"": [""GARANHUNS"", ""ARCO VERDE"", ""CARUARU"", ""PALMARES"", ""IBIMIRIM"", ""SURUBIM""], ""method"": ""IDW p=2; até 6 estações; raio máximo 300 km""}}","{""organization"": ""INMET"", ""dataset"": ""Dados Históricos Anuais - estações automáticas"", ""version"": ""2009"", ""retrieved_at"": ""2026-10-01"", ""reference_url"": ""https://portal.inmet.gov.br/uploads/dadoshistoricos/2009.zip"", ""method"": ""agregação anual observada por estação + IDW municipal em EPSG:31985; p=2; 3-6 estações; raio <=300 km; controle mínimo de completude"", ""verified"": true}"
2615201,2009,-31.58497594830005,-508526.67899384454,"{""temperatura_media_c"": {""n_estacoes"": 6, ""nearest_distance_km"": 39.51, ""max_distance_km"": 257.52, ""stations"": [""CABROBO"", ""FLORESTA"", ""SERRA TALHADA"", ""PETROLINA"", ""IBIMIRIM"", ""ARCO VERDE""], ""method"": ""IDW p=2; até 6 estações; raio máximo 300 km""}, ""precipitacao_anual_mm"": {""n_estacoes"": 6, ""nearest_distance_km"": 39.51, ""max_distance_km"": 257.52, ""stations"": [""CABROBO"", ""FLORESTA"", ""SERRA TALHADA"", ""PETROLINA"", ""IBIMIRIM"", ""ARCO VERDE""], ""method"": ""IDW p=2; até 6 estações; raio máximo 300 km""}}","{""organization"": ""INMET"", ""dataset"": ""Dados Históricos Anuais - estações automáticas"", ""version"": ""2009"", ""retrieved_at"": ""2026-10-01"", ""reference_url"": ""https://portal.inmet.gov.br/uploads/dadoshistoricos/2009.zip"", ""method"": ""agregação anual observada por estação + IDW municipal em EPSG:31985; p=2; 3-6 estações; raio <=300 km; controle mínimo de completude"", ""verified"": true}"
2615300,2009,-1348.5613368141949,-11996499.344329596,"{""temperatura_media_c"": {""n_estacoes"": 6, ""nearest_distance_km"": 60.31, ""max_distance_km"": 215.66, ""stations"": [""SURUBIM"", ""RECIFE"", ""CARUARU"", ""PALMARES"", ""GARANHUNS"", ""ARCO VERDE""], ""method"": ""IDW p=2; até 6 estações; raio máximo 300 km""}, ""precipitacao_anual_mm"": {""n_estacoes"": 6, ""nearest_distance_km"": 60.31, ""max_distance_km"": 215.66, ""stations"": [""SURUBIM"", ""RECIFE"", ""CARUARU"", ""PALMARES"", ""GARANHUNS"", ""ARCO VERDE""], ""method"": ""IDW p=2; até 6 estações; raio máximo 300 km""}}","{""organization"": ""INMET"", ""dataset"": ""Dados Históricos Anuais - estações automáticas"", ""version"": ""2009"", ""retrieved_at"": ""2026-10-01"", ""reference_url"": ""https://portal.inmet.gov.br/uploads/dadoshistoricos/2009.zip"", ""method"": ""agregação anual observada por estação + IDW municipal em EPSG:31985; p=2; 3-6 estações; raio <=300 km; controle mínimo de completude"", ""verified"": true}"
2615409,2009,-144.41243005876913,-1468596.1713910871,"{""temperatura_media_c"": {""n_estacoes"": 6, ""nearest_distance_km"": 27.36, ""max_distance_km"": 122.49, ""stations"": [""CARUARU"", ""SURUBIM"", ""PALMARES"", ""GARANHUNS"", ""RECIFE"", ""ARCO VERDE""], ""method"": ""IDW p=2; até 6 estações; raio máximo 300 km""}, ""precipitacao_anual_mm"": {""n_estacoes"": 6, ""nearest_distance_km"": 27.36, ""max_distance_km"": 122.49, ""stations"": [""CARUARU"", ""SURUBIM"", ""PALMARES"", ""GARANHUNS"", ""RECIFE"", ""ARCO VERDE""], ""method"": ""IDW p=2; até 6 estações; raio máximo 300 km""}}","{""organization"": ""INMET"", ""dataset"": ""Dados Históricos Anuais - estações automáticas"", ""version"": ""2009"", ""retrieved_at"": ""2026-10-01"", ""reference_url"": ""https://portal.inmet.gov.br/uploads/dadoshistoricos/2009.zip"", ""method"": ""agregação anual observada por estação + IDW municipal em EPSG:31985; p=2; 3-6 estações; raio <=300 km; controle mínimo de completude"", ""verified"": true}"
2615508,2009,-2736.699680386038,-24130067.410842236,"{""temperatura_media_c"": {""n_estacoes"": 6, ""nearest_distance_km"": 39.89, ""max_distance_km"": 224.23, ""stations"": [""RECIFE"", ""SURUBIM"", ""CARUARU"", ""PALMARES"", ""GARANHUNS"", ""ARCO VERDE""], ""method"": ""IDW p=2; até 6 estações; raio máximo 300 km""}, ""precipitacao_anual_mm"": {""n_estacoes"": 6, ""nearest_distance_km"": 39.89, ""max_distance_km"": 224.23, ""stations"": [""RECIFE"", ""SURUBIM"", ""CARUARU"", ""PALMARES"", ""GARANHUNS"", ""ARCO VERDE""], ""method"": ""IDW p=2; até 6 estações; raio máximo 300 km""}}","{""organization"": ""INMET"", ""dataset"": ""Dados Históricos Anuais - estações automáticas"", ""version"": ""2009"", ""retrieved_at"": ""2026-10-01"", ""reference_url"": ""https://portal.inmet.gov.br/uploads/dadoshistoricos/2009.zip"", ""method"": ""agregação anual observada por estação + IDW municipal em EPSG:31985; p=2; 3-6 estações; raio <=300 km; controle mínimo de completude"", ""verified"": true}"
2615607,2009,-47.01400938027418,-644996.3392495299,"{""temperatura_media_c"": {""n_estacoes"": 5, ""nearest_distance_km"": 138.91, ""max_distance_km"": 299.1, ""stations"": [""CABROBO"", ""PETROLINA"", ""FLORESTA"", ""SERRA TALHADA"", ""IBIMIRIM""], ""method"": ""IDW p=2; até 6 estações; raio máximo 300 km""}, ""precipitacao_anual_mm"": {""n_estacoes"": 5, ""nearest_distance_km"": 138.91, ""max_distance_km"": 299.1, ""stations"": [""CABROBO"", ""PETROLINA"", ""FLORESTA"", ""SERRA TALHADA"", ""IBIMIRIM""], ""method"": ""IDW p=2; até 6 estações; raio máximo 300 km""}}","{""organization"": ""INMET"", ""dataset"": ""Dados Históricos Anuais - estações automáticas"", ""version"": ""2009"", ""retrieved_at"": ""2026-10-01"", ""reference_url"": ""https://portal.inmet.gov.br/uploads/dadoshistoricos/2009.zip"", ""method"": ""agregação anual observada por estação + IDW municipal em EPSG:31985; p=2; 3-6 estações; raio <=300 km; controle mínimo de completude"", ""verified"": true}"
2615706,2009,-200.41879245671572,-1980092.9373333654,"{""temperatura_media_c"": {""n_estacoes"": 6, ""nearest_distance_km"": 27.75, ""max_distance_km"": 209.4, ""stations"": [""SERRA TALHADA"", ""IBIMIRIM"", ""FLORESTA"", ""ARCO VERDE"", ""CABROBO"", ""GARANHUNS""], ""method"": ""IDW p=2; até 6 estações; raio máximo 300 km""}, ""precipitacao_anual_mm"": {""n_estacoes"": 6, ""nearest_distance_km"": 27.75, ""max_distance_km"": 209.4, ""stations"": [""SERRA TALHADA"", ""IBIMIRIM"", ""FLORESTA"", ""ARCO VERDE"", ""CABROBO"", ""GARANHUNS""], ""method"": ""IDW p=2; até 6 estações; raio máximo 300 km""}}","{""organization"": ""INMET"", ""dataset"": ""Dados Históricos Anuais - estações automáticas"", ""version"": ""2009"", ""retrieved_at"": ""2026-10-01"", ""reference_url"": ""https://portal.inmet.gov.br/uploads/dadoshistoricos/2009.zip"", ""method"": ""agregação anual observada por estação + IDW municipal em EPSG:31985; p=2; 3-6 estações; raio <=300 km; controle mínimo de completude"", ""verified"": true}"
2615805,2009,-453.15242267117395,-4171449.1801764,"{""temperatura_media_c"": {""n_estacoes"": 6, ""nearest_distance_km"": 36.71, ""max_distance_km"": 151.14, ""stations"": [""ARCO VERDE"", ""IBIMIRIM"", ""GARANHUNS"", ""SERRA TALHADA"", ""FLORESTA"", ""CARUARU""], ""method"": ""IDW p=2; até 6 estações; raio máximo 300 km""}, ""precipitacao_anual_mm"": {""n_estacoes"": 6, ""nearest_distance_km"": 36.71, ""max_distance_km"": 151.14, ""stations"": [""ARCO VERDE"", ""IBIMIRIM"", ""GARANHUNS"", ""SERRA TALHADA"", ""FLORESTA"", ""CARUARU""], ""method"": ""IDW p=2; até 6 estações; raio máximo 300 km""}}","{""organization"": ""INMET"", ""dataset"": ""Dados Históricos Anuais - estações automáticas"", ""version"": ""2009"", ""retrieved_at"": ""2026-10-01"", ""reference_url"": ""https://portal.inmet.gov.br/uploads/dadoshistoricos/2009.zip"", ""method"": ""agregação anual observada por estação + IDW municipal em EPSG:31985; p=2; 3-6 estações; raio <=300 km; controle mínimo de completude"", ""verified"": true}"
2615904,2009,-316.75926680935083,-2980872.1853755433,"{""temperatura_media_c"": {""n_estacoes"": 6, ""nearest_distance_km"": 83.39, ""max_distance_km"": 162.95, ""stations"": [""ARCO VERDE"", ""IBIMIRIM"", ""SERRA TALHADA"", ""CARUARU"", ""GARANHUNS"", ""SURUBIM""], ""method"": ""IDW p=2; até 6 estações; raio máximo 300 km""}, ""precipitacao_anual_mm"": {""n_estacoes"": 6, ""nearest_distance_km"": 83.39, ""max_distance_km"": 162.95, ""stations"": [""ARCO VERDE"", ""IBIMIRIM"", ""SERRA TALHADA"", ""CARUARU"", ""GARANHUNS"", ""SURUBIM""], ""method"": ""IDW p=2; até 6 estações; raio máximo 300 km""}}","{""organization"": ""INMET"", ""dataset"": ""Dados Históricos Anuais - estações automáticas"", ""version"": ""2009"", ""retrieved_at"": ""2026-10-01"", ""reference_url"": ""https://portal.inmet.gov.br/uploads/dadoshistoricos/2009.zip"", ""method"": ""agregação anual observada por estação + IDW municipal em EPSG:31985; p=2; 3-6 estações; raio <=300 km; controle mínimo de completude"", ""verified"": true}"
2616001,2009,-402.91068088040714,-3723595.3842697777,"{""temperatura_media_c"": {""n_estacoes"": 6, ""nearest_distance_km"": 37.71, ""max_distance_km"": 140.78, ""stations"": [""ARCO VERDE"", ""GARANHUNS"", ""CARUARU"", ""IBIMIRIM"", ""PALMARES"", ""SURUBIM""], ""method"": ""IDW p=2; até 6 estações; raio máximo 300 km""}, ""precipitacao_anual_mm"": {""n_estacoes"": 6, ""nearest_distance_km"": 37.71, ""max_distance_km"": 140.78, ""stations"": [""ARCO VERDE"", ""GARANHUNS"", ""CARUARU"", ""IBIMIRIM"", ""PALMARES"", ""SURUBIM""], ""method"": ""IDW p=2; até 6 estações; raio máximo 300 km""}}","{""organization"": ""INMET"", ""dataset"": ""Dados Históricos Anuais - estações automáticas"", ""version"": ""2009"", ""retrieved_at"": ""2026-10-01"", ""reference_url"": ""https://portal.inmet.gov.br/uploads/dadoshistoricos/2009.zip"", ""method"": ""agregação anual observada por estação + IDW municipal em EPSG:31985; p=2; 3-6 estações; raio <=300 km; controle mínimo de completude"", ""verified"": true}"
2616100,2009,-90.29214729825561,-1019974.3652951306,"{""temperatura_media_c"": {""n_estacoes"": 6, ""nearest_distance_km"": 68.78, ""max_distance_km"": 228.75, ""stations"": [""CABROBO"", ""SERRA TALHADA"", ""FLORESTA"", ""IBIMIRIM"", ""ARCO VERDE"", ""PETROLINA""], ""method"": ""IDW p=2; até 6 estações; raio máximo 300 km""}, ""precipitacao_anual_mm"": {""n_estacoes"": 6, ""nearest_distance_km"": 68.78, ""max_distance_km"": 228.75, ""stations"": [""CABROBO"", ""SERRA TALHADA"", ""FLORESTA"", ""IBIMIRIM"", ""ARCO VERDE"", ""PETROLINA""], ""method"": ""IDW p=2; até 6 estações; raio máximo 300 km""}}","{""organization"": ""INMET"", ""dataset"": ""Dados Históricos Anuais - estações automáticas"", ""version"": ""2009"", ""retrieved_at"": ""2026-10-01"", ""reference_url"": ""https://portal.inmet.gov.br/uploads/dadoshistoricos/2009.zip"", ""method"": ""agregação anual observada por estação + IDW municipal em EPSG:31985; p=2; 3-6 estações; raio <=300 km; controle mínimo de completude"", ""verified"": true}"
2616183,2009,-22.656075049338792,-408875.5236682022,"{""temperatura_media_c"": {""n_estacoes"": 6, ""nearest_distance_km"": 6.9, ""max_distance_km"": 156.83, ""stations"": [""SURUBIM"", ""CARUARU"", ""RECIFE"", ""PALMARES"", ""GARANHUNS"", ""ARCO VERDE""], ""method"": ""IDW p=2; até 6 estações; raio máximo 300 km""}, ""precipitacao_anual_mm"": {""n_estacoes"": 6, ""nearest_distance_km"": 6.9, ""max_distance_km"": 156.83, ""stations"": [""SURUBIM"", ""CARUARU"", ""RECIFE"", ""PALMARES"", ""GARANHUNS"", ""ARCO VERDE""], ""method"": ""IDW p=2; até 6 estações; raio máximo 300 km""}}","{""organization"": ""INMET"", ""dataset"": ""Dados Históricos Anuais - estações automáticas"", ""version"": ""2009"", ""retrieved_at"": ""2026-10-01"", ""reference_url"": ""https://portal.inmet.gov.br/uploads/dadoshistoricos/2009.zip"", ""method"": ""agregação anual observada por estação + IDW municipal em EPSG:31985; p=2; 3-6 estações; raio <=300 km; controle mínimo de completude"", ""verified"": true}"
2616209,2009,-124.28340574296202,-1295294.3063192517,"{""temperatura_media_c"": {""n_estacoes"": 6, ""nearest_distance_km"": 21.37, ""max_distance_km"": 134.8, ""stations"": [""SURUBIM"", ""CARUARU"", ""PALMARES"", ""RECIFE"", ""GARANHUNS"", ""ARCO VERDE""], ""method"": ""IDW p=2; até 6 estações; raio máximo 300 km""}, ""precipitacao_anual_mm"": {""n_estacoes"": 6, ""nearest_distance_km"": 21.37, ""max_distance_km"": 134.8, ""stations"": [""SURUBIM"", ""CARUARU"", ""PALMARES"", ""RECIFE"", ""GARANHUNS"", ""ARCO VERDE""], ""method"": ""IDW p=2; até 6 estações; raio máximo 300 km""}}","{""organization"": ""INMET"", ""dataset"": ""Dados Históricos Anuais - estações automáticas"", ""version"": ""2009"", ""retrieved_at"": ""2026-10-01"", ""reference_url"": ""https://portal.inmet.gov.br/uploads/dadoshistoricos/2009.zip"", ""method"": ""agregação anual observada por estação + IDW municipal em EPSG:31985; p=2; 3-6 estações; raio <=300 km; controle mínimo de completude"", ""verified"": true}"
2616308,2009,-1374.715110323262,-12225257.546588533,"{""temperatura_media_c"": {""n_estacoes"": 6, ""nearest_distance_km"": 52.27, ""max_distance_km"": 208.14, ""stations"": [""SURUBIM"", ""RECIFE"", ""CARUARU"", ""PALMARES"", ""GARANHUNS"", ""ARCO VERDE""], ""method"": ""IDW p=2; até 6 estações; raio máximo 300 km""}, ""precipitacao_anual_mm"": {""n_estacoes"": 6, ""nearest_distance_km"": 52.27, ""max_distance_km"": 208.14, ""stations"": [""SURUBIM"", ""RECIFE"", ""CARUARU"", ""PALMARES"", ""GARANHUNS"", ""ARCO VERDE""], ""method"": ""IDW p=2; até 6 estações; raio máximo 300 km""}}","{""organization"": ""INMET"", ""dataset"": ""Dados Históricos Anuais - estações automáticas"", ""version"": ""2009"", ""retrieved_at"": ""2026-10-01"", ""reference_url"": ""https://portal.inmet.gov.br/uploads/dadoshistoricos/2009.zip"", ""method"": ""agregação anual observada por estação + IDW municipal em EPSG:31985; p=2; 3-6 estações; raio <=300 km; controle mínimo de completude"", ""verified"": true}"
2616407,2009,-2302.1724025690123,-20332372.282246385,"{""temperatura_media_c"": {""n_estacoes"": 6, ""nearest_distance_km"": 37.55, ""max_distance_km"": 200.25, ""stations"": [""RECIFE"", ""PALMARES"", ""SURUBIM"", ""CARUARU"", ""GARANHUNS"", ""ARCO VERDE""], ""method"": ""IDW p=2; até 6 estações; raio máximo 300 km""}, ""precipitacao_anual_mm"": {""n_estacoes"": 6, ""nearest_distance_km"": 37.55, ""max_distance_km"": 200.25, ""stations"": [""RECIFE"", ""PALMARES"", ""SURUBIM"", ""CARUARU"", ""GARANHUNS"", ""ARCO VERDE""], ""method"": ""IDW p=2; até 6 estações; raio máximo 300 km""}}","{""organization"": ""INMET"", ""dataset"": ""Dados Históricos Anuais - estações automáticas"", ""version"": ""2009"", ""retrieved_at"": ""2026-10-01"", ""reference_url"": ""https://portal.inmet.gov.br/uploads/dadoshistoricos/2009.zip"", ""method"": ""agregação anual observada por estação + IDW municipal em EPSG:31985; p=2; 3-6 estações; raio <=300 km; controle mínimo de completude"", ""verified"": true}"
2616506,2009,-136.44785450603572,-1407400.4852537757,"{""temperatura_media_c"": {""n_estacoes"": 6, ""nearest_distance_km"": 21.01, ""max_distance_km"": 164.31, ""stations"": [""PALMARES"", ""CARUARU"", ""GARANHUNS"", ""SURUBIM"", ""RECIFE"", ""ARCO VERDE""], ""method"": ""IDW p=2; até 6 estações; raio máximo 300 km""}, ""precipitacao_anual_mm"": {""n_estacoes"": 6, ""nearest_distance_km"": 21.01, ""max_distance_km"": 164.31, ""stations"": [""PALMARES"", ""CARUARU"", ""GARANHUNS"", ""SURUBIM"", ""RECIFE"", ""ARCO VERDE""], ""method"": ""IDW p=2; até 6 estações; raio máximo 300 km""}}","{""organization"": ""INMET"", ""dataset"": ""Dados Históricos Anuais - estações automáticas"", ""version"": ""2009"", ""retrieved_at"": ""2026-10-01"", ""reference_url"": ""https://portal.inmet.gov.br/uploads/dadoshistoricos/2009.zip"", ""method"": ""agregação anual observada por estação + IDW municipal em EPSG:31985; p=2; 3-6 estações; raio <=300 km; controle mínimo de completude"", ""verified"": true}"
