municipio_ibge,ano,temperatura_media_c,precipitacao_anual_mm,climate_diagnostics,climate_provenance
2600054,2024,23.46153649157136,264.72605493746573,"{""temperatura_media_c"": {""n_estacoes"": 4, ""nearest_distance_km"": 106.03, ""max_distance_km"": 232.86, ""stations"": [""PALMARES"", ""CARUARU"", ""GARANHUNS"", ""ARCO VERDE""], ""method"": ""IDW p=2; até 6 estações; raio máximo 300 km""}, ""precipitacao_anual_mm"": {""n_estacoes"": 4, ""nearest_distance_km"": 86.39, ""max_distance_km"": 232.86, ""stations"": [""SURUBIM"", ""PALMARES"", ""CARUARU"", ""ARCO VERDE""], ""method"": ""IDW p=2; até 6 estações; raio máximo 300 km""}}","{""organization"": ""INMET"", ""dataset"": ""Dados Históricos Anuais - estações automáticas"", ""version"": ""2024"", ""retrieved_at"": ""2026-10-01"", ""reference_url"": ""https://portal.inmet.gov.br/uploads/dadoshistoricos/2024.zip"", ""method"": ""agregação anual observada por estação + IDW municipal em EPSG:31985; p=2; 3-6 estações; raio <=300 km; controle mínimo de completude"", ""verified"": true}"
2600104,2024,25.0131395765348,577.3424507624395,"{""temperatura_media_c"": {""n_estacoes"": 6, ""nearest_distance_km"": 78.48, ""max_distance_km"": 189.05, ""stations"": [""SERRA TALHADA"", ""ARCO VERDE"", ""FLORESTA"", ""SALGUEIRO"", ""GARANHUNS"", ""CARUARU""], ""method"": ""IDW p=2; até 6 estações; raio máximo 300 km""}, ""precipitacao_anual_mm"": {""n_estacoes"": 6, ""nearest_distance_km"": 78.48, ""max_distance_km"": 189.05, ""stations"": [""SERRA TALHADA"", ""IBIMIRIM"", ""ARCO VERDE"", ""FLORESTA"", ""SALGUEIRO"", ""CARUARU""], ""method"": ""IDW p=2; até 6 estações; raio máximo 300 km""}}","{""organization"": ""INMET"", ""dataset"": ""Dados Históricos Anuais - estações automáticas"", ""version"": ""2024"", ""retrieved_at"": ""2026-10-01"", ""reference_url"": ""https://portal.inmet.gov.br/uploads/dadoshistoricos/2024.zip"", ""method"": ""agregação anual observada por estação + IDW municipal em EPSG:31985; p=2; 3-6 estações; raio <=300 km; controle mínimo de completude"", ""verified"": true}"
2600203,2024,27.28402166270478,341.38386585972717,"{""temperatura_media_c"": {""n_estacoes"": 4, ""nearest_distance_km"": 129.37, ""max_distance_km"": 268.3, ""stations"": [""OURICURI"", ""CABROBO"", ""SALGUEIRO"", ""FLORESTA""], ""method"": ""IDW p=2; até 6 estações; raio máximo 300 km""}, ""precipitacao_anual_mm"": {""n_estacoes"": 5, ""nearest_distance_km"": 101.13, ""max_distance_km"": 268.3, ""stations"": [""PETROLINA"", ""OURICURI"", ""CABROBO"", ""SALGUEIRO"", ""FLORESTA""], ""method"": ""IDW p=2; até 6 estações; raio máximo 300 km""}}","{""organization"": ""INMET"", ""dataset"": ""Dados Históricos Anuais - estações automáticas"", ""version"": ""2024"", ""retrieved_at"": ""2026-10-01"", ""reference_url"": ""https://portal.inmet.gov.br/uploads/dadoshistoricos/2024.zip"", ""method"": ""agregação anual observada por estação + IDW municipal em EPSG:31985; p=2; 3-6 estações; raio <=300 km; controle mínimo de completude"", ""verified"": true}"
2600302,2024,21.762520664925965,123.98015922202234,"{""temperatura_media_c"": {""n_estacoes"": 6, ""nearest_distance_km"": 13.64, ""max_distance_km"": 291.67, ""stations"": [""CARUARU"", ""PALMARES"", ""GARANHUNS"", ""ARCO VERDE"", ""SERRA TALHADA"", ""FLORESTA""], ""method"": ""IDW p=2; até 6 estações; raio máximo 300 km""}, ""precipitacao_anual_mm"": {""n_estacoes"": 6, ""nearest_distance_km"": 13.64, ""max_distance_km"": 265.4, ""stations"": [""CARUARU"", ""PALMARES"", ""SURUBIM"", ""ARCO VERDE"", ""IBIMIRIM"", ""SERRA TALHADA""], ""method"": ""IDW p=2; até 6 estações; raio máximo 300 km""}}","{""organization"": ""INMET"", ""dataset"": ""Dados Históricos Anuais - estações automáticas"", ""version"": ""2024"", ""retrieved_at"": ""2026-10-01"", ""reference_url"": ""https://portal.inmet.gov.br/uploads/dadoshistoricos/2024.zip"", ""method"": ""agregação anual observada por estação + IDW municipal em EPSG:31985; p=2; 3-6 estações; raio <=300 km; controle mínimo de completude"", ""verified"": true}"
2600401,2024,25.205061802510574,194.58029221318867,"{""temperatura_media_c"": {""n_estacoes"": 4, ""nearest_distance_km"": 11.73, ""max_distance_km"": 176.51, ""stations"": [""PALMARES"", ""CARUARU"", ""GARANHUNS"", ""ARCO VERDE""], ""method"": ""IDW p=2; até 6 estações; raio máximo 300 km""}, ""precipitacao_anual_mm"": {""n_estacoes"": 5, ""nearest_distance_km"": 11.73, ""max_distance_km"": 247.04, ""stations"": [""PALMARES"", ""CARUARU"", ""SURUBIM"", ""ARCO VERDE"", ""IBIMIRIM""], ""method"": ""IDW p=2; até 6 estações; raio máximo 300 km""}}","{""organization"": ""INMET"", ""dataset"": ""Dados Históricos Anuais - estações automáticas"", ""version"": ""2024"", ""retrieved_at"": ""2026-10-01"", ""reference_url"": ""https://portal.inmet.gov.br/uploads/dadoshistoricos/2024.zip"", ""method"": ""agregação anual observada por estação + IDW municipal em EPSG:31985; p=2; 3-6 estações; raio <=300 km; controle mínimo de completude"", ""verified"": true}"
2600500,2024,23.155999279475736,515.6021745140498,"{""temperatura_media_c"": {""n_estacoes"": 6, ""nearest_distance_km"": 63.16, ""max_distance_km"": 187.17, ""stations"": [""GARANHUNS"", ""ARCO VERDE"", ""CARUARU"", ""PALMARES"", ""FLORESTA"", ""SERRA TALHADA""], ""method"": ""IDW p=2; até 6 estações; raio máximo 300 km""}, ""precipitacao_anual_mm"": {""n_estacoes"": 6, ""nearest_distance_km"": 72.44, ""max_distance_km"": 187.17, ""stations"": [""ARCO VERDE"", ""IBIMIRIM"", ""CARUARU"", ""PALMARES"", ""FLORESTA"", ""SERRA TALHADA""], ""method"": ""IDW p=2; até 6 estações; raio máximo 300 km""}}","{""organization"": ""INMET"", ""dataset"": ""Dados Históricos Anuais - estações automáticas"", ""version"": ""2024"", ""retrieved_at"": ""2026-10-01"", ""reference_url"": ""https://portal.inmet.gov.br/uploads/dadoshistoricos/2024.zip"", ""method"": ""agregação anual observada por estação + IDW municipal em EPSG:31985; p=2; 3-6 estações; raio <=300 km; controle mínimo de completude"", ""verified"": true}"
2600609,2024,23.225351534775914,570.0553139441455,"{""temperatura_media_c"": {""n_estacoes"": 6, ""nearest_distance_km"": 33.78, ""max_distance_km"": 202.25, ""stations"": [""ARCO VERDE"", ""GARANHUNS"", ""CARUARU"", ""PALMARES"", ""SERRA TALHADA"", ""FLORESTA""], ""method"": ""IDW p=2; até 6 estações; raio máximo 300 km""}, ""precipitacao_anual_mm"": {""n_estacoes"": 6, ""nearest_distance_km"": 33.78, ""max_distance_km"": 180.32, ""stations"": [""ARCO VERDE"", ""CARUARU"", ""IBIMIRIM"", ""SURUBIM"", ""PALMARES"", ""SERRA TALHADA""], ""method"": ""IDW p=2; até 6 estações; raio máximo 300 km""}}","{""organization"": ""INMET"", ""dataset"": ""Dados Históricos Anuais - estações automáticas"", ""version"": ""2024"", ""retrieved_at"": ""2026-10-01"", ""reference_url"": ""https://portal.inmet.gov.br/uploads/dadoshistoricos/2024.zip"", ""method"": ""agregação anual observada por estação + IDW municipal em EPSG:31985; p=2; 3-6 estações; raio <=300 km; controle mínimo de completude"", ""verified"": true}"
2600708,2024,23.220236488906586,287.9348061328412,"{""temperatura_media_c"": {""n_estacoes"": 4, ""nearest_distance_km"": 124.79, ""max_distance_km"": 225.2, ""stations"": [""PALMARES"", ""CARUARU"", ""GARANHUNS"", ""ARCO VERDE""], ""method"": ""IDW p=2; até 6 estações; raio máximo 300 km""}, ""precipitacao_anual_mm"": {""n_estacoes"": 5, ""nearest_distance_km"": 72.06, ""max_distance_km"": 295.62, ""stations"": [""SURUBIM"", ""PALMARES"", ""CARUARU"", ""ARCO VERDE"", ""IBIMIRIM""], ""method"": ""IDW p=2; até 6 estações; raio máximo 300 km""}}","{""organization"": ""INMET"", ""dataset"": ""Dados Históricos Anuais - estações automáticas"", ""version"": ""2024"", ""retrieved_at"": ""2026-10-01"", ""reference_url"": ""https://portal.inmet.gov.br/uploads/dadoshistoricos/2024.zip"", ""method"": ""agregação anual observada por estação + IDW municipal em EPSG:31985; p=2; 3-6 estações; raio <=300 km; controle mínimo de completude"", ""verified"": true}"
2600807,2024,21.748212036265127,130.23236000929953,"{""temperatura_media_c"": {""n_estacoes"": 6, ""nearest_distance_km"": 15.9, ""max_distance_km"": 274.55, ""stations"": [""CARUARU"", ""PALMARES"", ""GARANHUNS"", ""ARCO VERDE"", ""SERRA TALHADA"", ""FLORESTA""], ""method"": ""IDW p=2; até 6 estações; raio máximo 300 km""}, ""precipitacao_anual_mm"": {""n_estacoes"": 6, ""nearest_distance_km"": 15.9, ""max_distance_km"": 249.7, ""stations"": [""CARUARU"", ""PALMARES"", ""SURUBIM"", ""ARCO VERDE"", ""IBIMIRIM"", ""SERRA TALHADA""], ""method"": ""IDW p=2; até 6 estações; raio máximo 300 km""}}","{""organization"": ""INMET"", ""dataset"": ""Dados Históricos Anuais - estações automáticas"", ""version"": ""2024"", ""retrieved_at"": ""2026-10-01"", ""reference_url"": ""https://portal.inmet.gov.br/uploads/dadoshistoricos/2024.zip"", ""method"": ""agregação anual observada por estação + IDW municipal em EPSG:31985; p=2; 3-6 estações; raio <=300 km; controle mínimo de completude"", ""verified"": true}"
2600906,2024,24.24227343203401,211.79943102647377,"{""temperatura_media_c"": {""n_estacoes"": 4, ""nearest_distance_km"": 35.19, ""max_distance_km"": 175.47, ""stations"": [""PALMARES"", ""CARUARU"", ""GARANHUNS"", ""ARCO VERDE""], ""method"": ""IDW p=2; até 6 estações; raio máximo 300 km""}, ""precipitacao_anual_mm"": {""n_estacoes"": 5, ""nearest_distance_km"": 35.19, ""max_distance_km"": 248.24, ""stations"": [""PALMARES"", ""CARUARU"", ""SURUBIM"", ""ARCO VERDE"", ""IBIMIRIM""], ""method"": ""IDW p=2; até 6 estações; raio máximo 300 km""}}","{""organization"": ""INMET"", ""dataset"": ""Dados Históricos Anuais - estações automáticas"", ""version"": ""2024"", ""retrieved_at"": ""2026-10-01"", ""reference_url"": ""https://portal.inmet.gov.br/uploads/dadoshistoricos/2024.zip"", ""method"": ""agregação anual observada por estação + IDW municipal em EPSG:31985; p=2; 3-6 estações; raio <=300 km; controle mínimo de completude"", ""verified"": true}"
2601003,2024,22.288515749051456,283.22585219522244,"{""temperatura_media_c"": {""n_estacoes"": 6, ""nearest_distance_km"": 23.95, ""max_distance_km"": 256.62, ""stations"": [""GARANHUNS"", ""CARUARU"", ""PALMARES"", ""ARCO VERDE"", ""SERRA TALHADA"", ""FLORESTA""], ""method"": ""IDW p=2; até 6 estações; raio máximo 300 km""}, ""precipitacao_anual_mm"": {""n_estacoes"": 6, ""nearest_distance_km"": 64.38, ""max_distance_km"": 245.84, ""stations"": [""CARUARU"", ""PALMARES"", ""ARCO VERDE"", ""SURUBIM"", ""IBIMIRIM"", ""SERRA TALHADA""], ""method"": ""IDW p=2; até 6 estações; raio máximo 300 km""}}","{""organization"": ""INMET"", ""dataset"": ""Dados Históricos Anuais - estações automáticas"", ""version"": ""2024"", ""retrieved_at"": ""2026-10-01"", ""reference_url"": ""https://portal.inmet.gov.br/uploads/dadoshistoricos/2024.zip"", ""method"": ""agregação anual observada por estação + IDW municipal em EPSG:31985; p=2; 3-6 estações; raio <=300 km; controle mínimo de completude"", ""verified"": true}"
2601052,2024,23.37876944052176,271.15824163549706,"{""temperatura_media_c"": {""n_estacoes"": 4, ""nearest_distance_km"": 110.81, ""max_distance_km"": 229.61, ""stations"": [""PALMARES"", ""CARUARU"", ""GARANHUNS"", ""ARCO VERDE""], ""method"": ""IDW p=2; até 6 estações; raio máximo 300 km""}, ""precipitacao_anual_mm"": {""n_estacoes"": 4, ""nearest_distance_km"": 80.17, ""max_distance_km"": 229.61, ""stations"": [""SURUBIM"", ""PALMARES"", ""CARUARU"", ""ARCO VERDE""], ""method"": ""IDW p=2; até 6 estações; raio máximo 300 km""}}","{""organization"": ""INMET"", ""dataset"": ""Dados Históricos Anuais - estações automáticas"", ""version"": ""2024"", ""retrieved_at"": ""2026-10-01"", ""reference_url"": ""https://portal.inmet.gov.br/uploads/dadoshistoricos/2024.zip"", ""method"": ""agregação anual observada por estação + IDW municipal em EPSG:31985; p=2; 3-6 estações; raio <=300 km; controle mínimo de completude"", ""verified"": true}"
2601102,2024,27.10770830286994,591.325316573295,"{""temperatura_media_c"": {""n_estacoes"": 5, ""nearest_distance_km"": 52.56, ""max_distance_km"": 245.98, ""stations"": [""OURICURI"", ""SALGUEIRO"", ""CABROBO"", ""FLORESTA"", ""SERRA TALHADA""], ""method"": ""IDW p=2; até 6 estações; raio máximo 300 km""}, ""precipitacao_anual_mm"": {""n_estacoes"": 6, ""nearest_distance_km"": 52.56, ""max_distance_km"": 245.98, ""stations"": [""OURICURI"", ""SALGUEIRO"", ""CABROBO"", ""PETROLINA"", ""FLORESTA"", ""SERRA TALHADA""], ""method"": ""IDW p=2; até 6 estações; raio máximo 300 km""}}","{""organization"": ""INMET"", ""dataset"": ""Dados Históricos Anuais - estações automáticas"", ""version"": ""2024"", ""retrieved_at"": ""2026-10-01"", ""reference_url"": ""https://portal.inmet.gov.br/uploads/dadoshistoricos/2024.zip"", ""method"": ""agregação anual observada por estação + IDW municipal em EPSG:31985; p=2; 3-6 estações; raio <=300 km; controle mínimo de completude"", ""verified"": true}"
2601201,2024,23.655513796185843,695.1343234900093,"{""temperatura_media_c"": {""n_estacoes"": 6, ""nearest_distance_km"": 7.36, ""max_distance_km"": 175.44, ""stations"": [""ARCO VERDE"", ""GARANHUNS"", ""CARUARU"", ""SERRA TALHADA"", ""PALMARES"", ""FLORESTA""], ""method"": ""IDW p=2; até 6 estações; raio máximo 300 km""}, ""precipitacao_anual_mm"": {""n_estacoes"": 6, ""nearest_distance_km"": 7.36, ""max_distance_km"": 162.02, ""stations"": [""ARCO VERDE"", ""IBIMIRIM"", ""CARUARU"", ""SURUBIM"", ""SERRA TALHADA"", ""PALMARES""], ""method"": ""IDW p=2; até 6 estações; raio máximo 300 km""}}","{""organization"": ""INMET"", ""dataset"": ""Dados Históricos Anuais - estações automáticas"", ""version"": ""2024"", ""retrieved_at"": ""2026-10-01"", ""reference_url"": ""https://portal.inmet.gov.br/uploads/dadoshistoricos/2024.zip"", ""method"": ""agregação anual observada por estação + IDW municipal em EPSG:31985; p=2; 3-6 estações; raio <=300 km; controle mínimo de completude"", ""verified"": true}"
2601300,2024,24.082129983437774,200.06595152502035,"{""temperatura_media_c"": {""n_estacoes"": 5, ""nearest_distance_km"": 28.58, ""max_distance_km"": 298.47, ""stations"": [""PALMARES"", ""CARUARU"", ""GARANHUNS"", ""ARCO VERDE"", ""SERRA TALHADA""], ""method"": ""IDW p=2; até 6 estações; raio máximo 300 km""}, ""precipitacao_anual_mm"": {""n_estacoes"": 6, ""nearest_distance_km"": 28.58, ""max_distance_km"": 298.47, ""stations"": [""PALMARES"", ""CARUARU"", ""SURUBIM"", ""ARCO VERDE"", ""IBIMIRIM"", ""SERRA TALHADA""], ""method"": ""IDW p=2; até 6 estações; raio máximo 300 km""}}","{""organization"": ""INMET"", ""dataset"": ""Dados Históricos Anuais - estações automáticas"", ""version"": ""2024"", ""retrieved_at"": ""2026-10-01"", ""reference_url"": ""https://portal.inmet.gov.br/uploads/dadoshistoricos/2024.zip"", ""method"": ""agregação anual observada por estação + IDW municipal em EPSG:31985; p=2; 3-6 estações; raio <=300 km; controle mínimo de completude"", ""verified"": true}"
2601409,2024,24.62727317914485,209.23751737803738,"{""temperatura_media_c"": {""n_estacoes"": 4, ""nearest_distance_km"": 38.07, ""max_distance_km"": 202.59, ""stations"": [""PALMARES"", ""CARUARU"", ""GARANHUNS"", ""ARCO VERDE""], ""method"": ""IDW p=2; até 6 estações; raio máximo 300 km""}, ""precipitacao_anual_mm"": {""n_estacoes"": 5, ""nearest_distance_km"": 38.07, ""max_distance_km"": 272.56, ""stations"": [""PALMARES"", ""CARUARU"", ""SURUBIM"", ""ARCO VERDE"", ""IBIMIRIM""], ""method"": ""IDW p=2; até 6 estações; raio máximo 300 km""}}","{""organization"": ""INMET"", ""dataset"": ""Dados Históricos Anuais - estações automáticas"", ""version"": ""2024"", ""retrieved_at"": ""2026-10-01"", ""reference_url"": ""https://portal.inmet.gov.br/uploads/dadoshistoricos/2024.zip"", ""method"": ""agregação anual observada por estação + IDW municipal em EPSG:31985; p=2; 3-6 estações; raio <=300 km; controle mínimo de completude"", ""verified"": true}"
2601508,2024,23.719417364935374,185.9386640970672,"{""temperatura_media_c"": {""n_estacoes"": 5, ""nearest_distance_km"": 28.05, ""max_distance_km"": 283.14, ""stations"": [""PALMARES"", ""CARUARU"", ""GARANHUNS"", ""ARCO VERDE"", ""SERRA TALHADA""], ""method"": ""IDW p=2; até 6 estações; raio máximo 300 km""}, ""precipitacao_anual_mm"": {""n_estacoes"": 6, ""nearest_distance_km"": 28.05, ""max_distance_km"": 283.14, ""stations"": [""PALMARES"", ""CARUARU"", ""SURUBIM"", ""ARCO VERDE"", ""IBIMIRIM"", ""SERRA TALHADA""], ""method"": ""IDW p=2; até 6 estações; raio máximo 300 km""}}","{""organization"": ""INMET"", ""dataset"": ""Dados Históricos Anuais - estações automáticas"", ""version"": ""2024"", ""retrieved_at"": ""2026-10-01"", ""reference_url"": ""https://portal.inmet.gov.br/uploads/dadoshistoricos/2024.zip"", ""method"": ""agregação anual observada por estação + IDW municipal em EPSG:31985; p=2; 3-6 estações; raio <=300 km; controle mínimo de completude"", ""verified"": true}"
2601607,2024,27.352999218626397,520.2021986206926,"{""temperatura_media_c"": {""n_estacoes"": 6, ""nearest_distance_km"": 37.93, ""max_distance_km"": 213.48, ""stations"": [""CABROBO"", ""FLORESTA"", ""SALGUEIRO"", ""SERRA TALHADA"", ""OURICURI"", ""ARCO VERDE""], ""method"": ""IDW p=2; até 6 estações; raio máximo 300 km""}, ""precipitacao_anual_mm"": {""n_estacoes"": 6, ""nearest_distance_km"": 37.93, ""max_distance_km"": 146.5, ""stations"": [""CABROBO"", ""FLORESTA"", ""SALGUEIRO"", ""SERRA TALHADA"", ""IBIMIRIM"", ""OURICURI""], ""method"": ""IDW p=2; até 6 estações; raio máximo 300 km""}}","{""organization"": ""INMET"", ""dataset"": ""Dados Históricos Anuais - estações automáticas"", ""version"": ""2024"", ""retrieved_at"": ""2026-10-01"", ""reference_url"": ""https://portal.inmet.gov.br/uploads/dadoshistoricos/2024.zip"", ""method"": ""agregação anual observada por estação + IDW municipal em EPSG:31985; p=2; 3-6 estações; raio <=300 km; controle mínimo de completude"", ""verified"": true}"
2601706,2024,22.462381709425156,276.5353227983142,"{""temperatura_media_c"": {""n_estacoes"": 6, ""nearest_distance_km"": 43.2, ""max_distance_km"": 243.54, ""stations"": [""CARUARU"", ""GARANHUNS"", ""ARCO VERDE"", ""PALMARES"", ""SERRA TALHADA"", ""FLORESTA""], ""method"": ""IDW p=2; até 6 estações; raio máximo 300 km""}, ""precipitacao_anual_mm"": {""n_estacoes"": 6, ""nearest_distance_km"": 43.2, ""max_distance_km"": 211.52, ""stations"": [""CARUARU"", ""ARCO VERDE"", ""SURUBIM"", ""PALMARES"", ""IBIMIRIM"", ""SERRA TALHADA""], ""method"": ""IDW p=2; até 6 estações; raio máximo 300 km""}}","{""organization"": ""INMET"", ""dataset"": ""Dados Históricos Anuais - estações automáticas"", ""version"": ""2024"", ""retrieved_at"": ""2026-10-01"", ""reference_url"": ""https://portal.inmet.gov.br/uploads/dadoshistoricos/2024.zip"", ""method"": ""agregação anual observada por estação + IDW municipal em EPSG:31985; p=2; 3-6 estações; raio <=300 km; controle mínimo de completude"", ""verified"": true}"
2601805,2024,25.996346139758103,558.1201978137505,"{""temperatura_media_c"": {""n_estacoes"": 6, ""nearest_distance_km"": 48.46, ""max_distance_km"": 179.74, ""stations"": [""SERRA TALHADA"", ""FLORESTA"", ""ARCO VERDE"", ""SALGUEIRO"", ""CABROBO"", ""GARANHUNS""], ""method"": ""IDW p=2; até 6 estações; raio máximo 300 km""}, ""precipitacao_anual_mm"": {""n_estacoes"": 6, ""nearest_distance_km"": 40.79, ""max_distance_km"": 149.24, ""stations"": [""IBIMIRIM"", ""SERRA TALHADA"", ""FLORESTA"", ""ARCO VERDE"", ""SALGUEIRO"", ""CABROBO""], ""method"": ""IDW p=2; até 6 estações; raio máximo 300 km""}}","{""organization"": ""INMET"", ""dataset"": ""Dados Históricos Anuais - estações automáticas"", ""version"": ""2024"", ""retrieved_at"": ""2026-10-01"", ""reference_url"": ""https://portal.inmet.gov.br/uploads/dadoshistoricos/2024.zip"", ""method"": ""agregação anual observada por estação + IDW municipal em EPSG:31985; p=2; 3-6 estações; raio <=300 km; controle mínimo de completude"", ""verified"": true}"
2601904,2024,22.443407936521467,205.0265910728361,"{""temperatura_media_c"": {""n_estacoes"": 5, ""nearest_distance_km"": 31.66, ""max_distance_km"": 279.09, ""stations"": [""CARUARU"", ""PALMARES"", ""GARANHUNS"", ""ARCO VERDE"", ""SERRA TALHADA""], ""method"": ""IDW p=2; até 6 estações; raio máximo 300 km""}, ""precipitacao_anual_mm"": {""n_estacoes"": 6, ""nearest_distance_km"": 31.66, ""max_distance_km"": 279.09, ""stations"": [""CARUARU"", ""SURUBIM"", ""PALMARES"", ""ARCO VERDE"", ""IBIMIRIM"", ""SERRA TALHADA""], ""method"": ""IDW p=2; até 6 estações; raio máximo 300 km""}}","{""organization"": ""INMET"", ""dataset"": ""Dados Históricos Anuais - estações automáticas"", ""version"": ""2024"", ""retrieved_at"": ""2026-10-01"", ""reference_url"": ""https://portal.inmet.gov.br/uploads/dadoshistoricos/2024.zip"", ""method"": ""agregação anual observada por estação + IDW municipal em EPSG:31985; p=2; 3-6 estações; raio <=300 km; controle mínimo de completude"", ""verified"": true}"
2602001,2024,27.101554355899513,617.418746408219,"{""temperatura_media_c"": {""n_estacoes"": 5, ""nearest_distance_km"": 29.79, ""max_distance_km"": 188.13, ""stations"": [""OURICURI"", ""SALGUEIRO"", ""CABROBO"", ""FLORESTA"", ""SERRA TALHADA""], ""method"": ""IDW p=2; até 6 estações; raio máximo 300 km""}, ""precipitacao_anual_mm"": {""n_estacoes"": 6, ""nearest_distance_km"": 29.79, ""max_distance_km"": 202.69, ""stations"": [""OURICURI"", ""SALGUEIRO"", ""CABROBO"", ""FLORESTA"", ""SERRA TALHADA"", ""PETROLINA""], ""method"": ""IDW p=2; até 6 estações; raio máximo 300 km""}}","{""organization"": ""INMET"", ""dataset"": ""Dados Históricos Anuais - estações automáticas"", ""version"": ""2024"", ""retrieved_at"": ""2026-10-01"", ""reference_url"": ""https://portal.inmet.gov.br/uploads/dadoshistoricos/2024.zip"", ""method"": ""agregação anual observada por estação + IDW municipal em EPSG:31985; p=2; 3-6 estações; raio <=300 km; controle mínimo de completude"", ""verified"": true}"
2602100,2024,22.531194011192344,409.0023320947582,"{""temperatura_media_c"": {""n_estacoes"": 6, ""nearest_distance_km"": 38.55, ""max_distance_km"": 225.35, ""stations"": [""GARANHUNS"", ""ARCO VERDE"", ""CARUARU"", ""PALMARES"", ""FLORESTA"", ""SERRA TALHADA""], ""method"": ""IDW p=2; até 6 estações; raio máximo 300 km""}, ""precipitacao_anual_mm"": {""n_estacoes"": 6, ""nearest_distance_km"": 94.54, ""max_distance_km"": 220.03, ""stations"": [""ARCO VERDE"", ""CARUARU"", ""PALMARES"", ""IBIMIRIM"", ""SURUBIM"", ""FLORESTA""], ""method"": ""IDW p=2; até 6 estações; raio máximo 300 km""}}","{""organization"": ""INMET"", ""dataset"": ""Dados Históricos Anuais - estações automáticas"", ""version"": ""2024"", ""retrieved_at"": ""2026-10-01"", ""reference_url"": ""https://portal.inmet.gov.br/uploads/dadoshistoricos/2024.zip"", ""method"": ""agregação anual observada por estação + IDW municipal em EPSG:31985; p=2; 3-6 estações; raio <=300 km; controle mínimo de completude"", ""verified"": true}"
2602209,2024,23.04212684093783,316.51466807003925,"{""temperatura_media_c"": {""n_estacoes"": 5, ""nearest_distance_km"": 80.33, ""max_distance_km"": 299.65, ""stations"": [""CARUARU"", ""PALMARES"", ""GARANHUNS"", ""ARCO VERDE"", ""SERRA TALHADA""], ""method"": ""IDW p=2; até 6 estações; raio máximo 300 km""}, ""precipitacao_anual_mm"": {""n_estacoes"": 6, ""nearest_distance_km"": 24.18, ""max_distance_km"": 299.65, ""stations"": [""SURUBIM"", ""CARUARU"", ""PALMARES"", ""ARCO VERDE"", ""IBIMIRIM"", ""SERRA TALHADA""], ""method"": ""IDW p=2; até 6 estações; raio máximo 300 km""}}","{""organization"": ""INMET"", ""dataset"": ""Dados Históricos Anuais - estações automáticas"", ""version"": ""2024"", ""retrieved_at"": ""2026-10-01"", ""reference_url"": ""https://portal.inmet.gov.br/uploads/dadoshistoricos/2024.zip"", ""method"": ""agregação anual observada por estação + IDW municipal em EPSG:31985; p=2; 3-6 estações; raio <=300 km; controle mínimo de completude"", ""verified"": true}"
2602308,2024,24.11305061322081,191.37676194289946,"{""temperatura_media_c"": {""n_estacoes"": 5, ""nearest_distance_km"": 24.39, ""max_distance_km"": 291.92, ""stations"": [""PALMARES"", ""CARUARU"", ""GARANHUNS"", ""ARCO VERDE"", ""SERRA TALHADA""], ""method"": ""IDW p=2; até 6 estações; raio máximo 300 km""}, ""precipitacao_anual_mm"": {""n_estacoes"": 6, ""nearest_distance_km"": 24.39, ""max_distance_km"": 291.92, ""stations"": [""PALMARES"", ""CARUARU"", ""SURUBIM"", ""ARCO VERDE"", ""IBIMIRIM"", ""SERRA TALHADA""], ""method"": ""IDW p=2; até 6 estações; raio máximo 300 km""}}","{""organization"": ""INMET"", ""dataset"": ""Dados Históricos Anuais - estações automáticas"", ""version"": ""2024"", ""retrieved_at"": ""2026-10-01"", ""reference_url"": ""https://portal.inmet.gov.br/uploads/dadoshistoricos/2024.zip"", ""method"": ""agregação anual observada por estação + IDW municipal em EPSG:31985; p=2; 3-6 estações; raio <=300 km; controle mínimo de completude"", ""verified"": true}"
2602407,2024,22.08986397416941,381.6410471139715,"{""temperatura_media_c"": {""n_estacoes"": 6, ""nearest_distance_km"": 13.45, ""max_distance_km"": 231.54, ""stations"": [""GARANHUNS"", ""ARCO VERDE"", ""CARUARU"", ""PALMARES"", ""SERRA TALHADA"", ""FLORESTA""], ""method"": ""IDW p=2; até 6 estações; raio máximo 300 km""}, ""precipitacao_anual_mm"": {""n_estacoes"": 6, ""nearest_distance_km"": 87.62, ""max_distance_km"": 228.28, ""stations"": [""ARCO VERDE"", ""CARUARU"", ""PALMARES"", ""IBIMIRIM"", ""SURUBIM"", ""SERRA TALHADA""], ""method"": ""IDW p=2; até 6 estações; raio máximo 300 km""}}","{""organization"": ""INMET"", ""dataset"": ""Dados Históricos Anuais - estações automáticas"", ""version"": ""2024"", ""retrieved_at"": ""2026-10-01"", ""reference_url"": ""https://portal.inmet.gov.br/uploads/dadoshistoricos/2024.zip"", ""method"": ""agregação anual observada por estação + IDW municipal em EPSG:31985; p=2; 3-6 estações; raio <=300 km; controle mínimo de completude"", ""verified"": true}"
2602506,2024,24.532980779663557,534.0995288835114,"{""temperatura_media_c"": {""n_estacoes"": 6, ""nearest_distance_km"": 125.08, ""max_distance_km"": 212.28, ""stations"": [""ARCO VERDE"", ""SERRA TALHADA"", ""CARUARU"", ""GARANHUNS"", ""FLORESTA"", ""SALGUEIRO""], ""method"": ""IDW p=2; até 6 estações; raio máximo 300 km""}, ""precipitacao_anual_mm"": {""n_estacoes"": 6, ""nearest_distance_km"": 125.08, ""max_distance_km"": 197.87, ""stations"": [""ARCO VERDE"", ""SERRA TALHADA"", ""IBIMIRIM"", ""SURUBIM"", ""CARUARU"", ""FLORESTA""], ""method"": ""IDW p=2; até 6 estações; raio máximo 300 km""}}","{""organization"": ""INMET"", ""dataset"": ""Dados Históricos Anuais - estações automáticas"", ""version"": ""2024"", ""retrieved_at"": ""2026-10-01"", ""reference_url"": ""https://portal.inmet.gov.br/uploads/dadoshistoricos/2024.zip"", ""method"": ""agregação anual observada por estação + IDW municipal em EPSG:31985; p=2; 3-6 estações; raio <=300 km; controle mínimo de completude"", ""verified"": true}"
2602605,2024,22.374997203754074,252.1519506369982,"{""temperatura_media_c"": {""n_estacoes"": 6, ""nearest_distance_km"": 42.52, ""max_distance_km"": 260.85, ""stations"": [""CARUARU"", ""ARCO VERDE"", ""GARANHUNS"", ""PALMARES"", ""SERRA TALHADA"", ""FLORESTA""], ""method"": ""IDW p=2; até 6 estações; raio máximo 300 km""}, ""precipitacao_anual_mm"": {""n_estacoes"": 6, ""nearest_distance_km"": 42.52, ""max_distance_km"": 222.92, ""stations"": [""CARUARU"", ""SURUBIM"", ""ARCO VERDE"", ""PALMARES"", ""IBIMIRIM"", ""SERRA TALHADA""], ""method"": ""IDW p=2; até 6 estações; raio máximo 300 km""}}","{""organization"": ""INMET"", ""dataset"": ""Dados Históricos Anuais - estações automáticas"", ""version"": ""2024"", ""retrieved_at"": ""2026-10-01"", ""reference_url"": ""https://portal.inmet.gov.br/uploads/dadoshistoricos/2024.zip"", ""method"": ""agregação anual observada por estação + IDW municipal em EPSG:31985; p=2; 3-6 estações; raio <=300 km; controle mínimo de completude"", ""verified"": true}"
2602704,2024,23.183776892480967,291.37720658172407,"{""temperatura_media_c"": {""n_estacoes"": 4, ""nearest_distance_km"": 102.3, ""max_distance_km"": 203.64, ""stations"": [""CARUARU"", ""PALMARES"", ""GARANHUNS"", ""ARCO VERDE""], ""method"": ""IDW p=2; até 6 estações; raio máximo 300 km""}, ""precipitacao_anual_mm"": {""n_estacoes"": 5, ""nearest_distance_km"": 51.34, ""max_distance_km"": 274.62, ""stations"": [""SURUBIM"", ""CARUARU"", ""PALMARES"", ""ARCO VERDE"", ""IBIMIRIM""], ""method"": ""IDW p=2; até 6 estações; raio máximo 300 km""}}","{""organization"": ""INMET"", ""dataset"": ""Dados Históricos Anuais - estações automáticas"", ""version"": ""2024"", ""retrieved_at"": ""2026-10-01"", ""reference_url"": ""https://portal.inmet.gov.br/uploads/dadoshistoricos/2024.zip"", ""method"": ""agregação anual observada por estação + IDW municipal em EPSG:31985; p=2; 3-6 estações; raio <=300 km; controle mínimo de completude"", ""verified"": true}"
2602803,2024,23.59046948543399,642.9376294168719,"{""temperatura_media_c"": {""n_estacoes"": 6, ""nearest_distance_km"": 24.94, ""max_distance_km"": 171.14, ""stations"": [""ARCO VERDE"", ""GARANHUNS"", ""CARUARU"", ""SERRA TALHADA"", ""FLORESTA"", ""PALMARES""], ""method"": ""IDW p=2; até 6 estações; raio máximo 300 km""}, ""precipitacao_anual_mm"": {""n_estacoes"": 6, ""nearest_distance_km"": 24.94, ""max_distance_km"": 170.99, ""stations"": [""ARCO VERDE"", ""IBIMIRIM"", ""CARUARU"", ""SERRA TALHADA"", ""FLORESTA"", ""SURUBIM""], ""method"": ""IDW p=2; até 6 estações; raio máximo 300 km""}}","{""organization"": ""INMET"", ""dataset"": ""Dados Históricos Anuais - estações automáticas"", ""version"": ""2024"", ""retrieved_at"": ""2026-10-01"", ""reference_url"": ""https://portal.inmet.gov.br/uploads/dadoshistoricos/2024.zip"", ""method"": ""agregação anual observada por estação + IDW municipal em EPSG:31985; p=2; 3-6 estações; raio <=300 km; controle mínimo de completude"", ""verified"": true}"
2602902,2024,23.915368958394886,239.62738529105647,"{""temperatura_media_c"": {""n_estacoes"": 4, ""nearest_distance_km"": 68.95, ""max_distance_km"": 217.94, ""stations"": [""PALMARES"", ""CARUARU"", ""GARANHUNS"", ""ARCO VERDE""], ""method"": ""IDW p=2; até 6 estações; raio máximo 300 km""}, ""precipitacao_anual_mm"": {""n_estacoes"": 5, ""nearest_distance_km"": 68.95, ""max_distance_km"": 290.82, ""stations"": [""PALMARES"", ""SURUBIM"", ""CARUARU"", ""ARCO VERDE"", ""IBIMIRIM""], ""method"": ""IDW p=2; até 6 estações; raio máximo 300 km""}}","{""organization"": ""INMET"", ""dataset"": ""Dados Históricos Anuais - estações automáticas"", ""version"": ""2024"", ""retrieved_at"": ""2026-10-01"", ""reference_url"": ""https://portal.inmet.gov.br/uploads/dadoshistoricos/2024.zip"", ""method"": ""agregação anual observada por estação + IDW municipal em EPSG:31985; p=2; 3-6 estações; raio <=300 km; controle mínimo de completude"", ""verified"": true}"
2603009,2024,27.563611723142944,488.45756810415594,"{""temperatura_media_c"": {""n_estacoes"": 6, ""nearest_distance_km"": 13.15, ""max_distance_km"": 251.42, ""stations"": [""CABROBO"", ""SALGUEIRO"", ""FLORESTA"", ""OURICURI"", ""SERRA TALHADA"", ""ARCO VERDE""], ""method"": ""IDW p=2; até 6 estações; raio máximo 300 km""}, ""precipitacao_anual_mm"": {""n_estacoes"": 6, ""nearest_distance_km"": 13.15, ""max_distance_km"": 172.99, ""stations"": [""CABROBO"", ""SALGUEIRO"", ""FLORESTA"", ""OURICURI"", ""SERRA TALHADA"", ""PETROLINA""], ""method"": ""IDW p=2; até 6 estações; raio máximo 300 km""}}","{""organization"": ""INMET"", ""dataset"": ""Dados Históricos Anuais - estações automáticas"", ""version"": ""2024"", ""retrieved_at"": ""2026-10-01"", ""reference_url"": ""https://portal.inmet.gov.br/uploads/dadoshistoricos/2024.zip"", ""method"": ""agregação anual observada por estação + IDW municipal em EPSG:31985; p=2; 3-6 estações; raio <=300 km; controle mínimo de completude"", ""verified"": true}"
2603108,2024,22.182382815053188,204.38600145884982,"{""temperatura_media_c"": {""n_estacoes"": 6, ""nearest_distance_km"": 31.84, ""max_distance_km"": 253.44, ""stations"": [""CARUARU"", ""GARANHUNS"", ""PALMARES"", ""ARCO VERDE"", ""SERRA TALHADA"", ""FLORESTA""], ""method"": ""IDW p=2; até 6 estações; raio máximo 300 km""}, ""precipitacao_anual_mm"": {""n_estacoes"": 6, ""nearest_distance_km"": 31.84, ""max_distance_km"": 229.04, ""stations"": [""CARUARU"", ""PALMARES"", ""ARCO VERDE"", ""SURUBIM"", ""IBIMIRIM"", ""SERRA TALHADA""], ""method"": ""IDW p=2; até 6 estações; raio máximo 300 km""}}","{""organization"": ""INMET"", ""dataset"": ""Dados Históricos Anuais - estações automáticas"", ""version"": ""2024"", ""retrieved_at"": ""2026-10-01"", ""reference_url"": ""https://portal.inmet.gov.br/uploads/dadoshistoricos/2024.zip"", ""method"": ""agregação anual observada por estação + IDW municipal em EPSG:31985; p=2; 3-6 estações; raio <=300 km; controle mínimo de completude"", ""verified"": true}"
2603207,2024,22.303221135218095,454.35227516812193,"{""temperatura_media_c"": {""n_estacoes"": 6, ""nearest_distance_km"": 21.77, ""max_distance_km"": 213.65, ""stations"": [""GARANHUNS"", ""ARCO VERDE"", ""CARUARU"", ""PALMARES"", ""SERRA TALHADA"", ""FLORESTA""], ""method"": ""IDW p=2; até 6 estações; raio máximo 300 km""}, ""precipitacao_anual_mm"": {""n_estacoes"": 6, ""nearest_distance_km"": 59.95, ""max_distance_km"": 203.74, ""stations"": [""ARCO VERDE"", ""CARUARU"", ""IBIMIRIM"", ""PALMARES"", ""SURUBIM"", ""SERRA TALHADA""], ""method"": ""IDW p=2; até 6 estações; raio máximo 300 km""}}","{""organization"": ""INMET"", ""dataset"": ""Dados Históricos Anuais - estações automáticas"", ""version"": ""2024"", ""retrieved_at"": ""2026-10-01"", ""reference_url"": ""https://portal.inmet.gov.br/uploads/dadoshistoricos/2024.zip"", ""method"": ""agregação anual observada por estação + IDW municipal em EPSG:31985; p=2; 3-6 estações; raio <=300 km; controle mínimo de completude"", ""verified"": true}"
2603306,2024,22.294527462062533,275.82568158373704,"{""temperatura_media_c"": {""n_estacoes"": 6, ""nearest_distance_km"": 25.93, ""max_distance_km"": 250.21, ""stations"": [""GARANHUNS"", ""CARUARU"", ""PALMARES"", ""ARCO VERDE"", ""SERRA TALHADA"", ""FLORESTA""], ""method"": ""IDW p=2; até 6 estações; raio máximo 300 km""}, ""precipitacao_anual_mm"": {""n_estacoes"": 6, ""nearest_distance_km"": 53.53, ""max_distance_km"": 235.09, ""stations"": [""CARUARU"", ""PALMARES"", ""ARCO VERDE"", ""SURUBIM"", ""IBIMIRIM"", ""SERRA TALHADA""], ""method"": ""IDW p=2; até 6 estações; raio máximo 300 km""}}","{""organization"": ""INMET"", ""dataset"": ""Dados Históricos Anuais - estações automáticas"", ""version"": ""2024"", ""retrieved_at"": ""2026-10-01"", ""reference_url"": ""https://portal.inmet.gov.br/uploads/dadoshistoricos/2024.zip"", ""method"": ""agregação anual observada por estação + IDW municipal em EPSG:31985; p=2; 3-6 estações; raio <=300 km; controle mínimo de completude"", ""verified"": true}"
2603405,2024,25.90383028213654,698.1971768600358,"{""temperatura_media_c"": {""n_estacoes"": 6, ""nearest_distance_km"": 24.56, ""max_distance_km"": 201.82, ""stations"": [""SERRA TALHADA"", ""FLORESTA"", ""SALGUEIRO"", ""ARCO VERDE"", ""CABROBO"", ""GARANHUNS""], ""method"": ""IDW p=2; até 6 estações; raio máximo 300 km""}, ""precipitacao_anual_mm"": {""n_estacoes"": 6, ""nearest_distance_km"": 24.56, ""max_distance_km"": 147.7, ""stations"": [""SERRA TALHADA"", ""IBIMIRIM"", ""FLORESTA"", ""SALGUEIRO"", ""ARCO VERDE"", ""CABROBO""], ""method"": ""IDW p=2; até 6 estações; raio máximo 300 km""}}","{""organization"": ""INMET"", ""dataset"": ""Dados Históricos Anuais - estações automáticas"", ""version"": ""2024"", ""retrieved_at"": ""2026-10-01"", ""reference_url"": ""https://portal.inmet.gov.br/uploads/dadoshistoricos/2024.zip"", ""method"": ""agregação anual observada por estação + IDW municipal em EPSG:31985; p=2; 3-6 estações; raio <=300 km; controle mínimo de completude"", ""verified"": true}"
2603454,2024,23.559195422601707,257.5988909834431,"{""temperatura_media_c"": {""n_estacoes"": 4, ""nearest_distance_km"": 98.16, ""max_distance_km"": 232.51, ""stations"": [""PALMARES"", ""CARUARU"", ""GARANHUNS"", ""ARCO VERDE""], ""method"": ""IDW p=2; até 6 estações; raio máximo 300 km""}, ""precipitacao_anual_mm"": {""n_estacoes"": 4, ""nearest_distance_km"": 90.32, ""max_distance_km"": 232.51, ""stations"": [""SURUBIM"", ""PALMARES"", ""CARUARU"", ""ARCO VERDE""], ""method"": ""IDW p=2; até 6 estações; raio máximo 300 km""}}","{""organization"": ""INMET"", ""dataset"": ""Dados Históricos Anuais - estações automáticas"", ""version"": ""2024"", ""retrieved_at"": ""2026-10-01"", ""reference_url"": ""https://portal.inmet.gov.br/uploads/dadoshistoricos/2024.zip"", ""method"": ""agregação anual observada por estação + IDW municipal em EPSG:31985; p=2; 3-6 estações; raio <=300 km; controle mínimo de completude"", ""verified"": true}"
2603504,2024,22.669156182361355,177.10391103826086,"{""temperatura_media_c"": {""n_estacoes"": 5, ""nearest_distance_km"": 28.3, ""max_distance_km"": 282.06, ""stations"": [""CARUARU"", ""PALMARES"", ""GARANHUNS"", ""ARCO VERDE"", ""SERRA TALHADA""], ""method"": ""IDW p=2; até 6 estações; raio máximo 300 km""}, ""precipitacao_anual_mm"": {""n_estacoes"": 6, ""nearest_distance_km"": 28.3, ""max_distance_km"": 282.06, ""stations"": [""CARUARU"", ""PALMARES"", ""SURUBIM"", ""ARCO VERDE"", ""IBIMIRIM"", ""SERRA TALHADA""], ""method"": ""IDW p=2; até 6 estações; raio máximo 300 km""}}","{""organization"": ""INMET"", ""dataset"": ""Dados Históricos Anuais - estações automáticas"", ""version"": ""2024"", ""retrieved_at"": ""2026-10-01"", ""reference_url"": ""https://portal.inmet.gov.br/uploads/dadoshistoricos/2024.zip"", ""method"": ""agregação anual observada por estação + IDW municipal em EPSG:31985; p=2; 3-6 estações; raio <=300 km; controle mínimo de completude"", ""verified"": true}"
2603603,2024,23.11846981218642,295.71253437975884,"{""temperatura_media_c"": {""n_estacoes"": 4, ""nearest_distance_km"": 130.76, ""max_distance_km"": 223.25, ""stations"": [""CARUARU"", ""PALMARES"", ""GARANHUNS"", ""ARCO VERDE""], ""method"": ""IDW p=2; até 6 estações; raio máximo 300 km""}, ""precipitacao_anual_mm"": {""n_estacoes"": 5, ""nearest_distance_km"": 71.33, ""max_distance_km"": 291.8, ""stations"": [""SURUBIM"", ""CARUARU"", ""PALMARES"", ""ARCO VERDE"", ""IBIMIRIM""], ""method"": ""IDW p=2; até 6 estações; raio máximo 300 km""}}","{""organization"": ""INMET"", ""dataset"": ""Dados Históricos Anuais - estações automáticas"", ""version"": ""2024"", ""retrieved_at"": ""2026-10-01"", ""reference_url"": ""https://portal.inmet.gov.br/uploads/dadoshistoricos/2024.zip"", ""method"": ""agregação anual observada por estação + IDW municipal em EPSG:31985; p=2; 3-6 estações; raio <=300 km; controle mínimo de completude"", ""verified"": true}"
2603702,2024,22.54260455479867,256.4144344326632,"{""temperatura_media_c"": {""n_estacoes"": 6, ""nearest_distance_km"": 34.9, ""max_distance_km"": 267.55, ""stations"": [""GARANHUNS"", ""CARUARU"", ""PALMARES"", ""ARCO VERDE"", ""SERRA TALHADA"", ""FLORESTA""], ""method"": ""IDW p=2; até 6 estações; raio máximo 300 km""}, ""precipitacao_anual_mm"": {""n_estacoes"": 6, ""nearest_distance_km"": 60.7, ""max_distance_km"": 255.93, ""stations"": [""CARUARU"", ""PALMARES"", ""ARCO VERDE"", ""SURUBIM"", ""IBIMIRIM"", ""SERRA TALHADA""], ""method"": ""IDW p=2; até 6 estações; raio máximo 300 km""}}","{""organization"": ""INMET"", ""dataset"": ""Dados Históricos Anuais - estações automáticas"", ""version"": ""2024"", ""retrieved_at"": ""2026-10-01"", ""reference_url"": ""https://portal.inmet.gov.br/uploads/dadoshistoricos/2024.zip"", ""method"": ""agregação anual observada por estação + IDW municipal em EPSG:31985; p=2; 3-6 estações; raio <=300 km; controle mínimo de completude"", ""verified"": true}"
2603801,2024,22.4314933454662,431.33566327363246,"{""temperatura_media_c"": {""n_estacoes"": 6, ""nearest_distance_km"": 27.39, ""max_distance_km"": 219.32, ""stations"": [""GARANHUNS"", ""ARCO VERDE"", ""CARUARU"", ""PALMARES"", ""SERRA TALHADA"", ""FLORESTA""], ""method"": ""IDW p=2; até 6 estações; raio máximo 300 km""}, ""precipitacao_anual_mm"": {""n_estacoes"": 6, ""nearest_distance_km"": 57.64, ""max_distance_km"": 204.17, ""stations"": [""ARCO VERDE"", ""CARUARU"", ""PALMARES"", ""IBIMIRIM"", ""SURUBIM"", ""SERRA TALHADA""], ""method"": ""IDW p=2; até 6 estações; raio máximo 300 km""}}","{""organization"": ""INMET"", ""dataset"": ""Dados Históricos Anuais - estações automáticas"", ""version"": ""2024"", ""retrieved_at"": ""2026-10-01"", ""reference_url"": ""https://portal.inmet.gov.br/uploads/dadoshistoricos/2024.zip"", ""method"": ""agregação anual observada por estação + IDW municipal em EPSG:31985; p=2; 3-6 estações; raio <=300 km; controle mínimo de completude"", ""verified"": true}"
2603900,2024,25.589840966142365,607.1061691158865,"{""temperatura_media_c"": {""n_estacoes"": 6, ""nearest_distance_km"": 65.23, ""max_distance_km"": 192.53, ""stations"": [""SERRA TALHADA"", ""ARCO VERDE"", ""FLORESTA"", ""SALGUEIRO"", ""GARANHUNS"", ""CABROBO""], ""method"": ""IDW p=2; até 6 estações; raio máximo 300 km""}, ""precipitacao_anual_mm"": {""n_estacoes"": 6, ""nearest_distance_km"": 65.23, ""max_distance_km"": 192.53, ""stations"": [""SERRA TALHADA"", ""IBIMIRIM"", ""ARCO VERDE"", ""FLORESTA"", ""SALGUEIRO"", ""CABROBO""], ""method"": ""IDW p=2; até 6 estações; raio máximo 300 km""}}","{""organization"": ""INMET"", ""dataset"": ""Dados Históricos Anuais - estações automáticas"", ""version"": ""2024"", ""retrieved_at"": ""2026-10-01"", ""reference_url"": ""https://portal.inmet.gov.br/uploads/dadoshistoricos/2024.zip"", ""method"": ""agregação anual observada por estação + IDW municipal em EPSG:31985; p=2; 3-6 estações; raio <=300 km; controle mínimo de completude"", ""verified"": true}"
2603926,2024,27.263319577780205,563.2222267870064,"{""temperatura_media_c"": {""n_estacoes"": 6, ""nearest_distance_km"": 25.98, ""max_distance_km"": 184.08, ""stations"": [""FLORESTA"", ""SALGUEIRO"", ""CABROBO"", ""SERRA TALHADA"", ""OURICURI"", ""ARCO VERDE""], ""method"": ""IDW p=2; até 6 estações; raio máximo 300 km""}, ""precipitacao_anual_mm"": {""n_estacoes"": 6, ""nearest_distance_km"": 25.98, ""max_distance_km"": 163.8, ""stations"": [""FLORESTA"", ""SALGUEIRO"", ""CABROBO"", ""SERRA TALHADA"", ""IBIMIRIM"", ""OURICURI""], ""method"": ""IDW p=2; até 6 estações; raio máximo 300 km""}}","{""organization"": ""INMET"", ""dataset"": ""Dados Históricos Anuais - estações automáticas"", ""version"": ""2024"", ""retrieved_at"": ""2026-10-01"", ""reference_url"": ""https://portal.inmet.gov.br/uploads/dadoshistoricos/2024.zip"", ""method"": ""agregação anual observada por estação + IDW municipal em EPSG:31985; p=2; 3-6 estações; raio <=300 km; controle mínimo de completude"", ""verified"": true}"
2604007,2024,23.26690801883773,283.99441356958147,"{""temperatura_media_c"": {""n_estacoes"": 4, ""nearest_distance_km"": 98.1, ""max_distance_km"": 204.67, ""stations"": [""PALMARES"", ""CARUARU"", ""GARANHUNS"", ""ARCO VERDE""], ""method"": ""IDW p=2; até 6 estações; raio máximo 300 km""}, ""precipitacao_anual_mm"": {""n_estacoes"": 5, ""nearest_distance_km"": 54.69, ""max_distance_km"": 276.29, ""stations"": [""SURUBIM"", ""PALMARES"", ""CARUARU"", ""ARCO VERDE"", ""IBIMIRIM""], ""method"": ""IDW p=2; até 6 estações; raio máximo 300 km""}}","{""organization"": ""INMET"", ""dataset"": ""Dados Históricos Anuais - estações automáticas"", ""version"": ""2024"", ""retrieved_at"": ""2026-10-01"", ""reference_url"": ""https://portal.inmet.gov.br/uploads/dadoshistoricos/2024.zip"", ""method"": ""agregação anual observada por estação + IDW municipal em EPSG:31985; p=2; 3-6 estações; raio <=300 km; controle mínimo de completude"", ""verified"": true}"
2604106,2024,21.81187533419825,161.82164916158825,"{""temperatura_media_c"": {""n_estacoes"": 6, ""nearest_distance_km"": 20.5, ""max_distance_km"": 287.24, ""stations"": [""CARUARU"", ""PALMARES"", ""GARANHUNS"", ""ARCO VERDE"", ""SERRA TALHADA"", ""FLORESTA""], ""method"": ""IDW p=2; até 6 estações; raio máximo 300 km""}, ""precipitacao_anual_mm"": {""n_estacoes"": 6, ""nearest_distance_km"": 20.5, ""max_distance_km"": 252.95, ""stations"": [""CARUARU"", ""SURUBIM"", ""PALMARES"", ""ARCO VERDE"", ""IBIMIRIM"", ""SERRA TALHADA""], ""method"": ""IDW p=2; até 6 estações; raio máximo 300 km""}}","{""organization"": ""INMET"", ""dataset"": ""Dados Históricos Anuais - estações automáticas"", ""version"": ""2024"", ""retrieved_at"": ""2026-10-01"", ""reference_url"": ""https://portal.inmet.gov.br/uploads/dadoshistoricos/2024.zip"", ""method"": ""agregação anual observada por estação + IDW municipal em EPSG:31985; p=2; 3-6 estações; raio <=300 km; controle mínimo de completude"", ""verified"": true}"
2604155,2024,22.89586841867418,327.53408528749884,"{""temperatura_media_c"": {""n_estacoes"": 5, ""nearest_distance_km"": 75.43, ""max_distance_km"": 285.26, ""stations"": [""CARUARU"", ""PALMARES"", ""GARANHUNS"", ""ARCO VERDE"", ""SERRA TALHADA""], ""method"": ""IDW p=2; até 6 estações; raio máximo 300 km""}, ""precipitacao_anual_mm"": {""n_estacoes"": 6, ""nearest_distance_km"": 12.75, ""max_distance_km"": 285.26, ""stations"": [""SURUBIM"", ""CARUARU"", ""PALMARES"", ""ARCO VERDE"", ""IBIMIRIM"", ""SERRA TALHADA""], ""method"": ""IDW p=2; até 6 estações; raio máximo 300 km""}}","{""organization"": ""INMET"", ""dataset"": ""Dados Históricos Anuais - estações automáticas"", ""version"": ""2024"", ""retrieved_at"": ""2026-10-01"", ""reference_url"": ""https://portal.inmet.gov.br/uploads/dadoshistoricos/2024.zip"", ""method"": ""agregação anual observada por estação + IDW municipal em EPSG:31985; p=2; 3-6 estações; raio <=300 km; controle mínimo de completude"", ""verified"": true}"
2604205,2024,24.74619915160417,195.12739327958062,"{""temperatura_media_c"": {""n_estacoes"": 5, ""nearest_distance_km"": 17.92, ""max_distance_km"": 294.17, ""stations"": [""PALMARES"", ""CARUARU"", ""GARANHUNS"", ""ARCO VERDE"", ""SERRA TALHADA""], ""method"": ""IDW p=2; até 6 estações; raio máximo 300 km""}, ""precipitacao_anual_mm"": {""n_estacoes"": 6, ""nearest_distance_km"": 17.92, ""max_distance_km"": 294.17, ""stations"": [""PALMARES"", ""CARUARU"", ""SURUBIM"", ""ARCO VERDE"", ""IBIMIRIM"", ""SERRA TALHADA""], ""method"": ""IDW p=2; até 6 estações; raio máximo 300 km""}}","{""organization"": ""INMET"", ""dataset"": ""Dados Históricos Anuais - estações automáticas"", ""version"": ""2024"", ""retrieved_at"": ""2026-10-01"", ""reference_url"": ""https://portal.inmet.gov.br/uploads/dadoshistoricos/2024.zip"", ""method"": ""agregação anual observada por estação + IDW municipal em EPSG:31985; p=2; 3-6 estações; raio <=300 km; controle mínimo de completude"", ""verified"": true}"
2604304,2024,27.14247405862114,458.43254391435266,"{""temperatura_media_c"": {""n_estacoes"": 6, ""nearest_distance_km"": 36.92, ""max_distance_km"": 249.66, ""stations"": [""SALGUEIRO"", ""CABROBO"", ""OURICURI"", ""SERRA TALHADA"", ""FLORESTA"", ""ARCO VERDE""], ""method"": ""IDW p=2; até 6 estações; raio máximo 300 km""}, ""precipitacao_anual_mm"": {""n_estacoes"": 6, ""nearest_distance_km"": 36.92, ""max_distance_km"": 185.72, ""stations"": [""SALGUEIRO"", ""CABROBO"", ""OURICURI"", ""SERRA TALHADA"", ""FLORESTA"", ""IBIMIRIM""], ""method"": ""IDW p=2; até 6 estações; raio máximo 300 km""}}","{""organization"": ""INMET"", ""dataset"": ""Dados Históricos Anuais - estações automáticas"", ""version"": ""2024"", ""retrieved_at"": ""2026-10-01"", ""reference_url"": ""https://portal.inmet.gov.br/uploads/dadoshistoricos/2024.zip"", ""method"": ""agregação anual observada por estação + IDW municipal em EPSG:31985; p=2; 3-6 estações; raio <=300 km; controle mínimo de completude"", ""verified"": true}"
2604403,2024,23.50587068910182,264.20406815020584,"{""temperatura_media_c"": {""n_estacoes"": 4, ""nearest_distance_km"": 83.13, ""max_distance_km"": 207.89, ""stations"": [""PALMARES"", ""CARUARU"", ""GARANHUNS"", ""ARCO VERDE""], ""method"": ""IDW p=2; até 6 estações; raio máximo 300 km""}, ""precipitacao_anual_mm"": {""n_estacoes"": 5, ""nearest_distance_km"": 66.27, ""max_distance_km"": 280.45, ""stations"": [""SURUBIM"", ""PALMARES"", ""CARUARU"", ""ARCO VERDE"", ""IBIMIRIM""], ""method"": ""IDW p=2; até 6 estações; raio máximo 300 km""}}","{""organization"": ""INMET"", ""dataset"": ""Dados Históricos Anuais - estações automáticas"", ""version"": ""2024"", ""retrieved_at"": ""2026-10-01"", ""reference_url"": ""https://portal.inmet.gov.br/uploads/dadoshistoricos/2024.zip"", ""method"": ""agregação anual observada por estação + IDW municipal em EPSG:31985; p=2; 3-6 estações; raio <=300 km; controle mínimo de completude"", ""verified"": true}"
2604502,2024,23.701153004475614,232.4719474117605,"{""temperatura_media_c"": {""n_estacoes"": 4, ""nearest_distance_km"": 49.47, ""max_distance_km"": 175.89, ""stations"": [""PALMARES"", ""CARUARU"", ""GARANHUNS"", ""ARCO VERDE""], ""method"": ""IDW p=2; até 6 estações; raio máximo 300 km""}, ""precipitacao_anual_mm"": {""n_estacoes"": 5, ""nearest_distance_km"": 49.47, ""max_distance_km"": 248.8, ""stations"": [""PALMARES"", ""SURUBIM"", ""CARUARU"", ""ARCO VERDE"", ""IBIMIRIM""], ""method"": ""IDW p=2; até 6 estações; raio máximo 300 km""}}","{""organization"": ""INMET"", ""dataset"": ""Dados Históricos Anuais - estações automáticas"", ""version"": ""2024"", ""retrieved_at"": ""2026-10-01"", ""reference_url"": ""https://portal.inmet.gov.br/uploads/dadoshistoricos/2024.zip"", ""method"": ""agregação anual observada por estação + IDW municipal em EPSG:31985; p=2; 3-6 estações; raio <=300 km; controle mínimo de completude"", ""verified"": true}"
2604601,2024,23.25963555978938,280.4427634334766,"{""temperatura_media_c"": {""n_estacoes"": 4, ""nearest_distance_km"": 129.24, ""max_distance_km"": 235.01, ""stations"": [""PALMARES"", ""CARUARU"", ""GARANHUNS"", ""ARCO VERDE""], ""method"": ""IDW p=2; até 6 estações; raio máximo 300 km""}, ""precipitacao_anual_mm"": {""n_estacoes"": 4, ""nearest_distance_km"": 82.08, ""max_distance_km"": 235.01, ""stations"": [""SURUBIM"", ""PALMARES"", ""CARUARU"", ""ARCO VERDE""], ""method"": ""IDW p=2; até 6 estações; raio máximo 300 km""}}","{""organization"": ""INMET"", ""dataset"": ""Dados Históricos Anuais - estações automáticas"", ""version"": ""2024"", ""retrieved_at"": ""2026-10-01"", ""reference_url"": ""https://portal.inmet.gov.br/uploads/dadoshistoricos/2024.zip"", ""method"": ""agregação anual observada por estação + IDW municipal em EPSG:31985; p=2; 3-6 estações; raio <=300 km; controle mínimo de completude"", ""verified"": true}"
2604700,2024,22.342751912389428,325.46386969962566,"{""temperatura_media_c"": {""n_estacoes"": 6, ""nearest_distance_km"": 28.28, ""max_distance_km"": 254.18, ""stations"": [""GARANHUNS"", ""CARUARU"", ""PALMARES"", ""ARCO VERDE"", ""SERRA TALHADA"", ""FLORESTA""], ""method"": ""IDW p=2; até 6 estações; raio máximo 300 km""}, ""precipitacao_anual_mm"": {""n_estacoes"": 6, ""nearest_distance_km"": 89.75, ""max_distance_km"": 251.34, ""stations"": [""CARUARU"", ""PALMARES"", ""ARCO VERDE"", ""SURUBIM"", ""IBIMIRIM"", ""SERRA TALHADA""], ""method"": ""IDW p=2; até 6 estações; raio máximo 300 km""}}","{""organization"": ""INMET"", ""dataset"": ""Dados Históricos Anuais - estações automáticas"", ""version"": ""2024"", ""retrieved_at"": ""2026-10-01"", ""reference_url"": ""https://portal.inmet.gov.br/uploads/dadoshistoricos/2024.zip"", ""method"": ""agregação anual observada por estação + IDW municipal em EPSG:31985; p=2; 3-6 estações; raio <=300 km; controle mínimo de completude"", ""verified"": true}"
2604809,2024,24.50979084415125,201.7089517186624,"{""temperatura_media_c"": {""n_estacoes"": 4, ""nearest_distance_km"": 26.18, ""max_distance_km"": 168.13, ""stations"": [""PALMARES"", ""CARUARU"", ""GARANHUNS"", ""ARCO VERDE""], ""method"": ""IDW p=2; até 6 estações; raio máximo 300 km""}, ""precipitacao_anual_mm"": {""n_estacoes"": 5, ""nearest_distance_km"": 26.18, ""max_distance_km"": 240.69, ""stations"": [""PALMARES"", ""CARUARU"", ""SURUBIM"", ""ARCO VERDE"", ""IBIMIRIM""], ""method"": ""IDW p=2; até 6 estações; raio máximo 300 km""}}","{""organization"": ""INMET"", ""dataset"": ""Dados Históricos Anuais - estações automáticas"", ""version"": ""2024"", ""retrieved_at"": ""2026-10-01"", ""reference_url"": ""https://portal.inmet.gov.br/uploads/dadoshistoricos/2024.zip"", ""method"": ""agregação anual observada por estação + IDW municipal em EPSG:31985; p=2; 3-6 estações; raio <=300 km; controle mínimo de completude"", ""verified"": true}"
2604908,2024,22.742493290816537,291.6575142784574,"{""temperatura_media_c"": {""n_estacoes"": 5, ""nearest_distance_km"": 49.47, ""max_distance_km"": 284.55, ""stations"": [""CARUARU"", ""PALMARES"", ""GARANHUNS"", ""ARCO VERDE"", ""SERRA TALHADA""], ""method"": ""IDW p=2; até 6 estações; raio máximo 300 km""}, ""precipitacao_anual_mm"": {""n_estacoes"": 6, ""nearest_distance_km"": 23.87, ""max_distance_km"": 284.55, ""stations"": [""SURUBIM"", ""CARUARU"", ""PALMARES"", ""ARCO VERDE"", ""IBIMIRIM"", ""SERRA TALHADA""], ""method"": ""IDW p=2; até 6 estações; raio máximo 300 km""}}","{""organization"": ""INMET"", ""dataset"": ""Dados Históricos Anuais - estações automáticas"", ""version"": ""2024"", ""retrieved_at"": ""2026-10-01"", ""reference_url"": ""https://portal.inmet.gov.br/uploads/dadoshistoricos/2024.zip"", ""method"": ""agregação anual observada por estação + IDW municipal em EPSG:31985; p=2; 3-6 estações; raio <=300 km; controle mínimo de completude"", ""verified"": true}"
2605004,2024,22.588292774181046,163.23290901601592,"{""temperatura_media_c"": {""n_estacoes"": 6, ""nearest_distance_km"": 26.37, ""max_distance_km"": 292.72, ""stations"": [""CARUARU"", ""PALMARES"", ""GARANHUNS"", ""ARCO VERDE"", ""SERRA TALHADA"", ""FLORESTA""], ""method"": ""IDW p=2; até 6 estações; raio máximo 300 km""}, ""precipitacao_anual_mm"": {""n_estacoes"": 6, ""nearest_distance_km"": 26.37, ""max_distance_km"": 270.12, ""stations"": [""CARUARU"", ""PALMARES"", ""SURUBIM"", ""ARCO VERDE"", ""IBIMIRIM"", ""SERRA TALHADA""], ""method"": ""IDW p=2; até 6 estações; raio máximo 300 km""}}","{""organization"": ""INMET"", ""dataset"": ""Dados Históricos Anuais - estações automáticas"", ""version"": ""2024"", ""retrieved_at"": ""2026-10-01"", ""reference_url"": ""https://portal.inmet.gov.br/uploads/dadoshistoricos/2024.zip"", ""method"": ""agregação anual observada por estação + IDW municipal em EPSG:31985; p=2; 3-6 estações; raio <=300 km; controle mínimo de completude"", ""verified"": true}"
2605103,2024,24.967838183917177,507.5812140918872,"{""temperatura_media_c"": {""n_estacoes"": 6, ""nearest_distance_km"": 72.09, ""max_distance_km"": 183.7, ""stations"": [""SERRA TALHADA"", ""ARCO VERDE"", ""FLORESTA"", ""GARANHUNS"", ""SALGUEIRO"", ""CARUARU""], ""method"": ""IDW p=2; até 6 estações; raio máximo 300 km""}, ""precipitacao_anual_mm"": {""n_estacoes"": 6, ""nearest_distance_km"": 37.37, ""max_distance_km"": 183.7, ""stations"": [""IBIMIRIM"", ""SERRA TALHADA"", ""ARCO VERDE"", ""FLORESTA"", ""SALGUEIRO"", ""CARUARU""], ""method"": ""IDW p=2; até 6 estações; raio máximo 300 km""}}","{""organization"": ""INMET"", ""dataset"": ""Dados Históricos Anuais - estações automáticas"", ""version"": ""2024"", ""retrieved_at"": ""2026-10-01"", ""reference_url"": ""https://portal.inmet.gov.br/uploads/dadoshistoricos/2024.zip"", ""method"": ""agregação anual observada por estação + IDW municipal em EPSG:31985; p=2; 3-6 estações; raio <=300 km; controle mínimo de completude"", ""verified"": true}"
2605152,2024,27.17151917842035,432.36999010356726,"{""temperatura_media_c"": {""n_estacoes"": 5, ""nearest_distance_km"": 89.04, ""max_distance_km"": 264.68, ""stations"": [""OURICURI"", ""CABROBO"", ""SALGUEIRO"", ""FLORESTA"", ""SERRA TALHADA""], ""method"": ""IDW p=2; até 6 estações; raio máximo 300 km""}, ""precipitacao_anual_mm"": {""n_estacoes"": 6, ""nearest_distance_km"": 89.04, ""max_distance_km"": 264.68, ""stations"": [""OURICURI"", ""PETROLINA"", ""CABROBO"", ""SALGUEIRO"", ""FLORESTA"", ""SERRA TALHADA""], ""method"": ""IDW p=2; até 6 estações; raio máximo 300 km""}}","{""organization"": ""INMET"", ""dataset"": ""Dados Históricos Anuais - estações automáticas"", ""version"": ""2024"", ""retrieved_at"": ""2026-10-01"", ""reference_url"": ""https://portal.inmet.gov.br/uploads/dadoshistoricos/2024.zip"", ""method"": ""agregação anual observada por estação + IDW municipal em EPSG:31985; p=2; 3-6 estações; raio <=300 km; controle mínimo de completude"", ""verified"": true}"
2605202,2024,24.220894698681487,222.24502807922298,"{""temperatura_media_c"": {""n_estacoes"": 4, ""nearest_distance_km"": 46.87, ""max_distance_km"": 197.6, ""stations"": [""PALMARES"", ""CARUARU"", ""GARANHUNS"", ""ARCO VERDE""], ""method"": ""IDW p=2; até 6 estações; raio máximo 300 km""}, ""precipitacao_anual_mm"": {""n_estacoes"": 5, ""nearest_distance_km"": 46.87, ""max_distance_km"": 270.33, ""stations"": [""PALMARES"", ""SURUBIM"", ""CARUARU"", ""ARCO VERDE"", ""IBIMIRIM""], ""method"": ""IDW p=2; até 6 estações; raio máximo 300 km""}}","{""organization"": ""INMET"", ""dataset"": ""Dados Históricos Anuais - estações automáticas"", ""version"": ""2024"", ""retrieved_at"": ""2026-10-01"", ""reference_url"": ""https://portal.inmet.gov.br/uploads/dadoshistoricos/2024.zip"", ""method"": ""agregação anual observada por estação + IDW municipal em EPSG:31985; p=2; 3-6 estações; raio <=300 km; controle mínimo de completude"", ""verified"": true}"
2605301,2024,27.128941403028154,563.0123585799371,"{""temperatura_media_c"": {""n_estacoes"": 5, ""nearest_distance_km"": 56.98, ""max_distance_km"": 176.46, ""stations"": [""OURICURI"", ""SALGUEIRO"", ""CABROBO"", ""SERRA TALHADA"", ""FLORESTA""], ""method"": ""IDW p=2; até 6 estações; raio máximo 300 km""}, ""precipitacao_anual_mm"": {""n_estacoes"": 6, ""nearest_distance_km"": 56.98, ""max_distance_km"": 225.61, ""stations"": [""OURICURI"", ""SALGUEIRO"", ""CABROBO"", ""SERRA TALHADA"", ""FLORESTA"", ""PETROLINA""], ""method"": ""IDW p=2; até 6 estações; raio máximo 300 km""}}","{""organization"": ""INMET"", ""dataset"": ""Dados Históricos Anuais - estações automáticas"", ""version"": ""2024"", ""retrieved_at"": ""2026-10-01"", ""reference_url"": ""https://portal.inmet.gov.br/uploads/dadoshistoricos/2024.zip"", ""method"": ""agregação anual observada por estação + IDW municipal em EPSG:31985; p=2; 3-6 estações; raio <=300 km; controle mínimo de completude"", ""verified"": true}"
2605400,2024,23.30982917043594,277.48413629380485,"{""temperatura_media_c"": {""n_estacoes"": 4, ""nearest_distance_km"": 81.57, ""max_distance_km"": 192.02, ""stations"": [""PALMARES"", ""CARUARU"", ""GARANHUNS"", ""ARCO VERDE""], ""method"": ""IDW p=2; até 6 estações; raio máximo 300 km""}, ""precipitacao_anual_mm"": {""n_estacoes"": 5, ""nearest_distance_km"": 47.78, ""max_distance_km"": 264.24, ""stations"": [""SURUBIM"", ""PALMARES"", ""CARUARU"", ""ARCO VERDE"", ""IBIMIRIM""], ""method"": ""IDW p=2; até 6 estações; raio máximo 300 km""}}","{""organization"": ""INMET"", ""dataset"": ""Dados Históricos Anuais - estações automáticas"", ""version"": ""2024"", ""retrieved_at"": ""2026-10-01"", ""reference_url"": ""https://portal.inmet.gov.br/uploads/dadoshistoricos/2024.zip"", ""method"": ""agregação anual observada por estação + IDW municipal em EPSG:31985; p=2; 3-6 estações; raio <=300 km; controle mínimo de completude"", ""verified"": true}"
2605459,2024,,,"{""temperatura_media_c"": {""n_estacoes"": 0, ""max_distance_km"": null, ""method"": ""unavailable""}, ""precipitacao_anual_mm"": {""n_estacoes"": 0, ""max_distance_km"": null, ""method"": ""unavailable""}}","{""organization"": ""INMET"", ""dataset"": ""Dados Históricos Anuais - estações automáticas"", ""version"": ""2024"", ""retrieved_at"": ""2026-10-01"", ""reference_url"": ""https://portal.inmet.gov.br/uploads/dadoshistoricos/2024.zip"", ""method"": ""agregação anual observada por estação + IDW municipal em EPSG:31985; p=2; 3-6 estações; raio <=300 km; controle mínimo de completude"", ""verified"": true}"
2605509,2024,23.154223651104562,293.03751891446126,"{""temperatura_media_c"": {""n_estacoes"": 4, ""nearest_distance_km"": 130.8, ""max_distance_km"": 226.14, ""stations"": [""CARUARU"", ""PALMARES"", ""GARANHUNS"", ""ARCO VERDE""], ""method"": ""IDW p=2; até 6 estações; raio máximo 300 km""}, ""precipitacao_anual_mm"": {""n_estacoes"": 5, ""nearest_distance_km"": 73.3, ""max_distance_km"": 295.35, ""stations"": [""SURUBIM"", ""CARUARU"", ""PALMARES"", ""ARCO VERDE"", ""IBIMIRIM""], ""method"": ""IDW p=2; até 6 estações; raio máximo 300 km""}}","{""organization"": ""INMET"", ""dataset"": ""Dados Históricos Anuais - estações automáticas"", ""version"": ""2024"", ""retrieved_at"": ""2026-10-01"", ""reference_url"": ""https://portal.inmet.gov.br/uploads/dadoshistoricos/2024.zip"", ""method"": ""agregação anual observada por estação + IDW municipal em EPSG:31985; p=2; 3-6 estações; raio <=300 km; controle mínimo de completude"", ""verified"": true}"
2605608,2024,25.814597528586546,631.0763208432857,"{""temperatura_media_c"": {""n_estacoes"": 6, ""nearest_distance_km"": 44.31, ""max_distance_km"": 188.44, ""stations"": [""SERRA TALHADA"", ""FLORESTA"", ""ARCO VERDE"", ""SALGUEIRO"", ""CABROBO"", ""GARANHUNS""], ""method"": ""IDW p=2; até 6 estações; raio máximo 300 km""}, ""precipitacao_anual_mm"": {""n_estacoes"": 6, ""nearest_distance_km"": 44.31, ""max_distance_km"": 169.22, ""stations"": [""SERRA TALHADA"", ""IBIMIRIM"", ""FLORESTA"", ""ARCO VERDE"", ""SALGUEIRO"", ""CABROBO""], ""method"": ""IDW p=2; até 6 estações; raio máximo 300 km""}}","{""organization"": ""INMET"", ""dataset"": ""Dados Históricos Anuais - estações automáticas"", ""version"": ""2024"", ""retrieved_at"": ""2026-10-01"", ""reference_url"": ""https://portal.inmet.gov.br/uploads/dadoshistoricos/2024.zip"", ""method"": ""agregação anual observada por estação + IDW municipal em EPSG:31985; p=2; 3-6 estações; raio <=300 km; controle mínimo de completude"", ""verified"": true}"
2605707,2024,27.021673730678184,574.9890664414249,"{""temperatura_media_c"": {""n_estacoes"": 6, ""nearest_distance_km"": 30.96, ""max_distance_km"": 203.57, ""stations"": [""FLORESTA"", ""SERRA TALHADA"", ""SALGUEIRO"", ""CABROBO"", ""ARCO VERDE"", ""GARANHUNS""], ""method"": ""IDW p=2; até 6 estações; raio máximo 300 km""}, ""precipitacao_anual_mm"": {""n_estacoes"": 6, ""nearest_distance_km"": 30.96, ""max_distance_km"": 138.86, ""stations"": [""FLORESTA"", ""IBIMIRIM"", ""SERRA TALHADA"", ""SALGUEIRO"", ""CABROBO"", ""ARCO VERDE""], ""method"": ""IDW p=2; até 6 estações; raio máximo 300 km""}}","{""organization"": ""INMET"", ""dataset"": ""Dados Históricos Anuais - estações automáticas"", ""version"": ""2024"", ""retrieved_at"": ""2026-10-01"", ""reference_url"": ""https://portal.inmet.gov.br/uploads/dadoshistoricos/2024.zip"", ""method"": ""agregação anual observada por estação + IDW municipal em EPSG:31985; p=2; 3-6 estações; raio <=300 km; controle mínimo de completude"", ""verified"": true}"
2605806,2024,22.513844802267574,318.02720028000397,"{""temperatura_media_c"": {""n_estacoes"": 5, ""nearest_distance_km"": 50.18, ""max_distance_km"": 266.31, ""stations"": [""CARUARU"", ""PALMARES"", ""GARANHUNS"", ""ARCO VERDE"", ""SERRA TALHADA""], ""method"": ""IDW p=2; até 6 estações; raio máximo 300 km""}, ""precipitacao_anual_mm"": {""n_estacoes"": 6, ""nearest_distance_km"": 14.04, ""max_distance_km"": 266.31, ""stations"": [""SURUBIM"", ""CARUARU"", ""PALMARES"", ""ARCO VERDE"", ""IBIMIRIM"", ""SERRA TALHADA""], ""method"": ""IDW p=2; até 6 estações; raio máximo 300 km""}}","{""organization"": ""INMET"", ""dataset"": ""Dados Históricos Anuais - estações automáticas"", ""version"": ""2024"", ""retrieved_at"": ""2026-10-01"", ""reference_url"": ""https://portal.inmet.gov.br/uploads/dadoshistoricos/2024.zip"", ""method"": ""agregação anual observada por estação + IDW municipal em EPSG:31985; p=2; 3-6 estações; raio <=300 km; controle mínimo de completude"", ""verified"": true}"
2605905,2024,24.993544921867066,198.68619079637048,"{""temperatura_media_c"": {""n_estacoes"": 4, ""nearest_distance_km"": 20.21, ""max_distance_km"": 184.38, ""stations"": [""PALMARES"", ""CARUARU"", ""GARANHUNS"", ""ARCO VERDE""], ""method"": ""IDW p=2; até 6 estações; raio máximo 300 km""}, ""precipitacao_anual_mm"": {""n_estacoes"": 5, ""nearest_distance_km"": 20.21, ""max_distance_km"": 255.95, ""stations"": [""PALMARES"", ""CARUARU"", ""SURUBIM"", ""ARCO VERDE"", ""IBIMIRIM""], ""method"": ""IDW p=2; até 6 estações; raio máximo 300 km""}}","{""organization"": ""INMET"", ""dataset"": ""Dados Históricos Anuais - estações automáticas"", ""version"": ""2024"", ""retrieved_at"": ""2026-10-01"", ""reference_url"": ""https://portal.inmet.gov.br/uploads/dadoshistoricos/2024.zip"", ""method"": ""agregação anual observada por estação + IDW municipal em EPSG:31985; p=2; 3-6 estações; raio <=300 km; controle mínimo de completude"", ""verified"": true}"
2606002,2024,21.99312628230158,371.06872307191304,"{""temperatura_media_c"": {""n_estacoes"": 6, ""nearest_distance_km"": 2.2, ""max_distance_km"": 232.72, ""stations"": [""GARANHUNS"", ""CARUARU"", ""ARCO VERDE"", ""PALMARES"", ""SERRA TALHADA"", ""FLORESTA""], ""method"": ""IDW p=2; até 6 estações; raio máximo 300 km""}, ""precipitacao_anual_mm"": {""n_estacoes"": 6, ""nearest_distance_km"": 81.32, ""max_distance_km"": 225.62, ""stations"": [""CARUARU"", ""ARCO VERDE"", ""PALMARES"", ""IBIMIRIM"", ""SURUBIM"", ""SERRA TALHADA""], ""method"": ""IDW p=2; até 6 estações; raio máximo 300 km""}}","{""organization"": ""INMET"", ""dataset"": ""Dados Históricos Anuais - estações automáticas"", ""version"": ""2024"", ""retrieved_at"": ""2026-10-01"", ""reference_url"": ""https://portal.inmet.gov.br/uploads/dadoshistoricos/2024.zip"", ""method"": ""agregação anual observada por estação + IDW municipal em EPSG:31985; p=2; 3-6 estações; raio <=300 km; controle mínimo de completude"", ""verified"": true}"
2606101,2024,23.43311874518045,267.0540015512851,"{""temperatura_media_c"": {""n_estacoes"": 4, ""nearest_distance_km"": 76.68, ""max_distance_km"": 195.07, ""stations"": [""PALMARES"", ""CARUARU"", ""GARANHUNS"", ""ARCO VERDE""], ""method"": ""IDW p=2; até 6 estações; raio máximo 300 km""}, ""precipitacao_anual_mm"": {""n_estacoes"": 5, ""nearest_distance_km"": 54.51, ""max_distance_km"": 267.59, ""stations"": [""SURUBIM"", ""PALMARES"", ""CARUARU"", ""ARCO VERDE"", ""IBIMIRIM""], ""method"": ""IDW p=2; até 6 estações; raio máximo 300 km""}}","{""organization"": ""INMET"", ""dataset"": ""Dados Históricos Anuais - estações automáticas"", ""version"": ""2024"", ""retrieved_at"": ""2026-10-01"", ""reference_url"": ""https://portal.inmet.gov.br/uploads/dadoshistoricos/2024.zip"", ""method"": ""agregação anual observada por estação + IDW municipal em EPSG:31985; p=2; 3-6 estações; raio <=300 km; controle mínimo de completude"", ""verified"": true}"
2606200,2024,23.310530375919384,276.14849270620243,"{""temperatura_media_c"": {""n_estacoes"": 4, ""nearest_distance_km"": 136.99, ""max_distance_km"": 250.9, ""stations"": [""PALMARES"", ""CARUARU"", ""GARANHUNS"", ""ARCO VERDE""], ""method"": ""IDW p=2; até 6 estações; raio máximo 300 km""}, ""precipitacao_anual_mm"": {""n_estacoes"": 4, ""nearest_distance_km"": 98.5, ""max_distance_km"": 250.9, ""stations"": [""SURUBIM"", ""PALMARES"", ""CARUARU"", ""ARCO VERDE""], ""method"": ""IDW p=2; até 6 estações; raio máximo 300 km""}}","{""organization"": ""INMET"", ""dataset"": ""Dados Históricos Anuais - estações automáticas"", ""version"": ""2024"", ""retrieved_at"": ""2026-10-01"", ""reference_url"": ""https://portal.inmet.gov.br/uploads/dadoshistoricos/2024.zip"", ""method"": ""agregação anual observada por estação + IDW municipal em EPSG:31985; p=2; 3-6 estações; raio <=300 km; controle mínimo de completude"", ""verified"": true}"
2606309,2024,27.159757025002467,556.8228436617759,"{""temperatura_media_c"": {""n_estacoes"": 5, ""nearest_distance_km"": 46.63, ""max_distance_km"": 156.19, ""stations"": [""OURICURI"", ""SALGUEIRO"", ""CABROBO"", ""FLORESTA"", ""SERRA TALHADA""], ""method"": ""IDW p=2; até 6 estações; raio máximo 300 km""}, ""precipitacao_anual_mm"": {""n_estacoes"": 6, ""nearest_distance_km"": 46.63, ""max_distance_km"": 200.53, ""stations"": [""OURICURI"", ""SALGUEIRO"", ""CABROBO"", ""FLORESTA"", ""SERRA TALHADA"", ""PETROLINA""], ""method"": ""IDW p=2; até 6 estações; raio máximo 300 km""}}","{""organization"": ""INMET"", ""dataset"": ""Dados Históricos Anuais - estações automáticas"", ""version"": ""2024"", ""retrieved_at"": ""2026-10-01"", ""reference_url"": ""https://portal.inmet.gov.br/uploads/dadoshistoricos/2024.zip"", ""method"": ""agregação anual observada por estação + IDW municipal em EPSG:31985; p=2; 3-6 estações; raio <=300 km; controle mínimo de completude"", ""verified"": true}"
2606408,2024,23.37577393762137,236.5050373857108,"{""temperatura_media_c"": {""n_estacoes"": 4, ""nearest_distance_km"": 51.83, ""max_distance_km"": 166.61, ""stations"": [""PALMARES"", ""CARUARU"", ""GARANHUNS"", ""ARCO VERDE""], ""method"": ""IDW p=2; até 6 estações; raio máximo 300 km""}, ""precipitacao_anual_mm"": {""n_estacoes"": 5, ""nearest_distance_km"": 47.56, ""max_distance_km"": 239.49, ""stations"": [""SURUBIM"", ""PALMARES"", ""CARUARU"", ""ARCO VERDE"", ""IBIMIRIM""], ""method"": ""IDW p=2; até 6 estações; raio máximo 300 km""}}","{""organization"": ""INMET"", ""dataset"": ""Dados Históricos Anuais - estações automáticas"", ""version"": ""2024"", ""retrieved_at"": ""2026-10-01"", ""reference_url"": ""https://portal.inmet.gov.br/uploads/dadoshistoricos/2024.zip"", ""method"": ""agregação anual observada por estação + IDW municipal em EPSG:31985; p=2; 3-6 estações; raio <=300 km; controle mínimo de completude"", ""verified"": true}"
2606507,2024,22.872079858045236,461.0425683868693,"{""temperatura_media_c"": {""n_estacoes"": 6, ""nearest_distance_km"": 51.77, ""max_distance_km"": 202.68, ""stations"": [""GARANHUNS"", ""ARCO VERDE"", ""CARUARU"", ""PALMARES"", ""FLORESTA"", ""SERRA TALHADA""], ""method"": ""IDW p=2; até 6 estações; raio máximo 300 km""}, ""precipitacao_anual_mm"": {""n_estacoes"": 6, ""nearest_distance_km"": 80.49, ""max_distance_km"": 195.28, ""stations"": [""ARCO VERDE"", ""IBIMIRIM"", ""CARUARU"", ""PALMARES"", ""SURUBIM"", ""FLORESTA""], ""method"": ""IDW p=2; até 6 estações; raio máximo 300 km""}}","{""organization"": ""INMET"", ""dataset"": ""Dados Históricos Anuais - estações automáticas"", ""version"": ""2024"", ""retrieved_at"": ""2026-10-01"", ""reference_url"": ""https://portal.inmet.gov.br/uploads/dadoshistoricos/2024.zip"", ""method"": ""agregação anual observada por estação + IDW municipal em EPSG:31985; p=2; 3-6 estações; raio <=300 km; controle mínimo de completude"", ""verified"": true}"
2606606,2024,24.51501561034558,426.756749100895,"{""temperatura_media_c"": {""n_estacoes"": 6, ""nearest_distance_km"": 63.45, ""max_distance_km"": 176.05, ""stations"": [""ARCO VERDE"", ""SERRA TALHADA"", ""FLORESTA"", ""GARANHUNS"", ""SALGUEIRO"", ""CARUARU""], ""method"": ""IDW p=2; até 6 estações; raio máximo 300 km""}, ""precipitacao_anual_mm"": {""n_estacoes"": 6, ""nearest_distance_km"": 14.7, ""max_distance_km"": 176.05, ""stations"": [""IBIMIRIM"", ""ARCO VERDE"", ""SERRA TALHADA"", ""FLORESTA"", ""SALGUEIRO"", ""CARUARU""], ""method"": ""IDW p=2; até 6 estações; raio máximo 300 km""}}","{""organization"": ""INMET"", ""dataset"": ""Dados Históricos Anuais - estações automáticas"", ""version"": ""2024"", ""retrieved_at"": ""2026-10-01"", ""reference_url"": ""https://portal.inmet.gov.br/uploads/dadoshistoricos/2024.zip"", ""method"": ""agregação anual observada por estação + IDW municipal em EPSG:31985; p=2; 3-6 estações; raio <=300 km; controle mínimo de completude"", ""verified"": true}"
2606705,2024,22.279842946064143,196.13110321220654,"{""temperatura_media_c"": {""n_estacoes"": 6, ""nearest_distance_km"": 33.45, ""max_distance_km"": 262.96, ""stations"": [""CARUARU"", ""GARANHUNS"", ""PALMARES"", ""ARCO VERDE"", ""SERRA TALHADA"", ""FLORESTA""], ""method"": ""IDW p=2; até 6 estações; raio máximo 300 km""}, ""precipitacao_anual_mm"": {""n_estacoes"": 6, ""nearest_distance_km"": 33.45, ""max_distance_km"": 242.46, ""stations"": [""CARUARU"", ""PALMARES"", ""ARCO VERDE"", ""SURUBIM"", ""IBIMIRIM"", ""SERRA TALHADA""], ""method"": ""IDW p=2; até 6 estações; raio máximo 300 km""}}","{""organization"": ""INMET"", ""dataset"": ""Dados Históricos Anuais - estações automáticas"", ""version"": ""2024"", ""retrieved_at"": ""2026-10-01"", ""reference_url"": ""https://portal.inmet.gov.br/uploads/dadoshistoricos/2024.zip"", ""method"": ""agregação anual observada por estação + IDW municipal em EPSG:31985; p=2; 3-6 estações; raio <=300 km; controle mínimo de completude"", ""verified"": true}"
2606804,2024,23.428472856144527,267.1429480895502,"{""temperatura_media_c"": {""n_estacoes"": 4, ""nearest_distance_km"": 115.38, ""max_distance_km"": 241.0, ""stations"": [""PALMARES"", ""CARUARU"", ""GARANHUNS"", ""ARCO VERDE""], ""method"": ""IDW p=2; até 6 estações; raio máximo 300 km""}, ""precipitacao_anual_mm"": {""n_estacoes"": 4, ""nearest_distance_km"": 92.8, ""max_distance_km"": 241.0, ""stations"": [""SURUBIM"", ""PALMARES"", ""CARUARU"", ""ARCO VERDE""], ""method"": ""IDW p=2; até 6 estações; raio máximo 300 km""}}","{""organization"": ""INMET"", ""dataset"": ""Dados Históricos Anuais - estações automáticas"", ""version"": ""2024"", ""retrieved_at"": ""2026-10-01"", ""reference_url"": ""https://portal.inmet.gov.br/uploads/dadoshistoricos/2024.zip"", ""method"": ""agregação anual observada por estação + IDW municipal em EPSG:31985; p=2; 3-6 estações; raio <=300 km; controle mínimo de completude"", ""verified"": true}"
2606903,2024,24.422661528012156,557.3300412870111,"{""temperatura_media_c"": {""n_estacoes"": 6, ""nearest_distance_km"": 75.65, ""max_distance_km"": 188.85, ""stations"": [""ARCO VERDE"", ""SERRA TALHADA"", ""GARANHUNS"", ""FLORESTA"", ""CARUARU"", ""SALGUEIRO""], ""method"": ""IDW p=2; até 6 estações; raio máximo 300 km""}, ""precipitacao_anual_mm"": {""n_estacoes"": 6, ""nearest_distance_km"": 75.65, ""max_distance_km"": 176.96, ""stations"": [""ARCO VERDE"", ""IBIMIRIM"", ""SERRA TALHADA"", ""FLORESTA"", ""CARUARU"", ""SURUBIM""], ""method"": ""IDW p=2; até 6 estações; raio máximo 300 km""}}","{""organization"": ""INMET"", ""dataset"": ""Dados Históricos Anuais - estações automáticas"", ""version"": ""2024"", ""retrieved_at"": ""2026-10-01"", ""reference_url"": ""https://portal.inmet.gov.br/uploads/dadoshistoricos/2024.zip"", ""method"": ""agregação anual observada por estação + IDW municipal em EPSG:31985; p=2; 3-6 estações; raio <=300 km; controle mínimo de completude"", ""verified"": true}"
2607000,2024,25.712253562770847,483.0717176989204,"{""temperatura_media_c"": {""n_estacoes"": 6, ""nearest_distance_km"": 84.73, ""max_distance_km"": 165.83, ""stations"": [""FLORESTA"", ""ARCO VERDE"", ""SERRA TALHADA"", ""GARANHUNS"", ""SALGUEIRO"", ""CABROBO""], ""method"": ""IDW p=2; até 6 estações; raio máximo 300 km""}, ""precipitacao_anual_mm"": {""n_estacoes"": 6, ""nearest_distance_km"": 36.33, ""max_distance_km"": 165.83, ""stations"": [""IBIMIRIM"", ""FLORESTA"", ""ARCO VERDE"", ""SERRA TALHADA"", ""SALGUEIRO"", ""CABROBO""], ""method"": ""IDW p=2; até 6 estações; raio máximo 300 km""}}","{""organization"": ""INMET"", ""dataset"": ""Dados Históricos Anuais - estações automáticas"", ""version"": ""2024"", ""retrieved_at"": ""2026-10-01"", ""reference_url"": ""https://portal.inmet.gov.br/uploads/dadoshistoricos/2024.zip"", ""method"": ""agregação anual observada por estação + IDW municipal em EPSG:31985; p=2; 3-6 estações; raio <=300 km; controle mínimo de completude"", ""verified"": true}"
2607109,2024,24.547121207607827,556.6565532877278,"{""temperatura_media_c"": {""n_estacoes"": 6, ""nearest_distance_km"": 89.17, ""max_distance_km"": 189.85, ""stations"": [""ARCO VERDE"", ""SERRA TALHADA"", ""FLORESTA"", ""GARANHUNS"", ""CARUARU"", ""SALGUEIRO""], ""method"": ""IDW p=2; até 6 estações; raio máximo 300 km""}, ""precipitacao_anual_mm"": {""n_estacoes"": 6, ""nearest_distance_km"": 89.17, ""max_distance_km"": 178.97, ""stations"": [""ARCO VERDE"", ""IBIMIRIM"", ""SERRA TALHADA"", ""FLORESTA"", ""CARUARU"", ""SURUBIM""], ""method"": ""IDW p=2; até 6 estações; raio máximo 300 km""}}","{""organization"": ""INMET"", ""dataset"": ""Dados Históricos Anuais - estações automáticas"", ""version"": ""2024"", ""retrieved_at"": ""2026-10-01"", ""reference_url"": ""https://portal.inmet.gov.br/uploads/dadoshistoricos/2024.zip"", ""method"": ""agregação anual observada por estação + IDW municipal em EPSG:31985; p=2; 3-6 estações; raio <=300 km; controle mínimo de completude"", ""verified"": true}"
2607208,2024,24.158218897841664,227.93868185448503,"{""temperatura_media_c"": {""n_estacoes"": 4, ""nearest_distance_km"": 58.56, ""max_distance_km"": 216.8, ""stations"": [""PALMARES"", ""CARUARU"", ""GARANHUNS"", ""ARCO VERDE""], ""method"": ""IDW p=2; até 6 estações; raio máximo 300 km""}, ""precipitacao_anual_mm"": {""n_estacoes"": 5, ""nearest_distance_km"": 58.56, ""max_distance_km"": 289.32, ""stations"": [""PALMARES"", ""SURUBIM"", ""CARUARU"", ""ARCO VERDE"", ""IBIMIRIM""], ""method"": ""IDW p=2; até 6 estações; raio máximo 300 km""}}","{""organization"": ""INMET"", ""dataset"": ""Dados Históricos Anuais - estações automáticas"", ""version"": ""2024"", ""retrieved_at"": ""2026-10-01"", ""reference_url"": ""https://portal.inmet.gov.br/uploads/dadoshistoricos/2024.zip"", ""method"": ""agregação anual observada por estação + IDW municipal em EPSG:31985; p=2; 3-6 estações; raio <=300 km; controle mínimo de completude"", ""verified"": true}"
2607307,2024,27.103899610506573,602.0575942887245,"{""temperatura_media_c"": {""n_estacoes"": 5, ""nearest_distance_km"": 45.07, ""max_distance_km"": 219.21, ""stations"": [""OURICURI"", ""SALGUEIRO"", ""CABROBO"", ""FLORESTA"", ""SERRA TALHADA""], ""method"": ""IDW p=2; até 6 estações; raio máximo 300 km""}, ""precipitacao_anual_mm"": {""n_estacoes"": 6, ""nearest_distance_km"": 45.07, ""max_distance_km"": 219.21, ""stations"": [""OURICURI"", ""SALGUEIRO"", ""CABROBO"", ""PETROLINA"", ""FLORESTA"", ""SERRA TALHADA""], ""method"": ""IDW p=2; até 6 estações; raio máximo 300 km""}}","{""organization"": ""INMET"", ""dataset"": ""Dados Históricos Anuais - estações automáticas"", ""version"": ""2024"", ""retrieved_at"": ""2026-10-01"", ""reference_url"": ""https://portal.inmet.gov.br/uploads/dadoshistoricos/2024.zip"", ""method"": ""agregação anual observada por estação + IDW municipal em EPSG:31985; p=2; 3-6 estações; raio <=300 km; controle mínimo de completude"", ""verified"": true}"
2607406,2024,27.365971503432732,572.9327133438804,"{""temperatura_media_c"": {""n_estacoes"": 6, ""nearest_distance_km"": 23.11, ""max_distance_km"": 188.05, ""stations"": [""FLORESTA"", ""CABROBO"", ""SALGUEIRO"", ""SERRA TALHADA"", ""OURICURI"", ""ARCO VERDE""], ""method"": ""IDW p=2; até 6 estações; raio máximo 300 km""}, ""precipitacao_anual_mm"": {""n_estacoes"": 6, ""nearest_distance_km"": 23.11, ""max_distance_km"": 180.02, ""stations"": [""FLORESTA"", ""CABROBO"", ""SALGUEIRO"", ""SERRA TALHADA"", ""IBIMIRIM"", ""OURICURI""], ""method"": ""IDW p=2; até 6 estações; raio máximo 300 km""}}","{""organization"": ""INMET"", ""dataset"": ""Dados Históricos Anuais - estações automáticas"", ""version"": ""2024"", ""retrieved_at"": ""2026-10-01"", ""reference_url"": ""https://portal.inmet.gov.br/uploads/dadoshistoricos/2024.zip"", ""method"": ""agregação anual observada por estação + IDW municipal em EPSG:31985; p=2; 3-6 estações; raio <=300 km; controle mínimo de completude"", ""verified"": true}"
2607505,2024,23.66044663633622,527.4657372902675,"{""temperatura_media_c"": {""n_estacoes"": 6, ""nearest_distance_km"": 66.55, ""max_distance_km"": 193.57, ""stations"": [""ARCO VERDE"", ""GARANHUNS"", ""FLORESTA"", ""CARUARU"", ""SERRA TALHADA"", ""PALMARES""], ""method"": ""IDW p=2; até 6 estações; raio máximo 300 km""}, ""precipitacao_anual_mm"": {""n_estacoes"": 6, ""nearest_distance_km"": 66.55, ""max_distance_km"": 193.57, ""stations"": [""ARCO VERDE"", ""IBIMIRIM"", ""FLORESTA"", ""CARUARU"", ""SERRA TALHADA"", ""PALMARES""], ""method"": ""IDW p=2; até 6 estações; raio máximo 300 km""}}","{""organization"": ""INMET"", ""dataset"": ""Dados Históricos Anuais - estações automáticas"", ""version"": ""2024"", ""retrieved_at"": ""2026-10-01"", ""reference_url"": ""https://portal.inmet.gov.br/uploads/dadoshistoricos/2024.zip"", ""method"": ""agregação anual observada por estação + IDW municipal em EPSG:31985; p=2; 3-6 estações; raio <=300 km; controle mínimo de completude"", ""verified"": true}"
2607604,2024,23.410396901959267,268.42216363038364,"{""temperatura_media_c"": {""n_estacoes"": 4, ""nearest_distance_km"": 127.51, ""max_distance_km"": 254.04, ""stations"": [""PALMARES"", ""CARUARU"", ""GARANHUNS"", ""ARCO VERDE""], ""method"": ""IDW p=2; até 6 estações; raio máximo 300 km""}, ""precipitacao_anual_mm"": {""n_estacoes"": 4, ""nearest_distance_km"": 104.84, ""max_distance_km"": 254.04, ""stations"": [""SURUBIM"", ""PALMARES"", ""CARUARU"", ""ARCO VERDE""], ""method"": ""IDW p=2; até 6 estações; raio máximo 300 km""}}","{""organization"": ""INMET"", ""dataset"": ""Dados Históricos Anuais - estações automáticas"", ""version"": ""2024"", ""retrieved_at"": ""2026-10-01"", ""reference_url"": ""https://portal.inmet.gov.br/uploads/dadoshistoricos/2024.zip"", ""method"": ""agregação anual observada por estação + IDW municipal em EPSG:31985; p=2; 3-6 estações; raio <=300 km; controle mínimo de completude"", ""verified"": true}"
2607653,2024,23.19340764685811,285.53857411402,"{""temperatura_media_c"": {""n_estacoes"": 4, ""nearest_distance_km"": 141.39, ""max_distance_km"": 238.4, ""stations"": [""CARUARU"", ""PALMARES"", ""GARANHUNS"", ""ARCO VERDE""], ""method"": ""IDW p=2; até 6 estações; raio máximo 300 km""}, ""precipitacao_anual_mm"": {""n_estacoes"": 4, ""nearest_distance_km"": 85.32, ""max_distance_km"": 238.4, ""stations"": [""SURUBIM"", ""CARUARU"", ""PALMARES"", ""ARCO VERDE""], ""method"": ""IDW p=2; até 6 estações; raio máximo 300 km""}}","{""organization"": ""INMET"", ""dataset"": ""Dados Históricos Anuais - estações automáticas"", ""version"": ""2024"", ""retrieved_at"": ""2026-10-01"", ""reference_url"": ""https://portal.inmet.gov.br/uploads/dadoshistoricos/2024.zip"", ""method"": ""agregação anual observada por estação + IDW municipal em EPSG:31985; p=2; 3-6 estações; raio <=300 km; controle mínimo de completude"", ""verified"": true}"
2607703,2024,24.064920186755902,513.2501223249345,"{""temperatura_media_c"": {""n_estacoes"": 6, ""nearest_distance_km"": 115.24, ""max_distance_km"": 223.57, ""stations"": [""ARCO VERDE"", ""SERRA TALHADA"", ""CARUARU"", ""GARANHUNS"", ""FLORESTA"", ""PALMARES""], ""method"": ""IDW p=2; até 6 estações; raio máximo 300 km""}, ""precipitacao_anual_mm"": {""n_estacoes"": 6, ""nearest_distance_km"": 115.24, ""max_distance_km"": 207.75, ""stations"": [""ARCO VERDE"", ""IBIMIRIM"", ""SERRA TALHADA"", ""SURUBIM"", ""CARUARU"", ""FLORESTA""], ""method"": ""IDW p=2; até 6 estações; raio máximo 300 km""}}","{""organization"": ""INMET"", ""dataset"": ""Dados Históricos Anuais - estações automáticas"", ""version"": ""2024"", ""retrieved_at"": ""2026-10-01"", ""reference_url"": ""https://portal.inmet.gov.br/uploads/dadoshistoricos/2024.zip"", ""method"": ""agregação anual observada por estação + IDW municipal em EPSG:31985; p=2; 3-6 estações; raio <=300 km; controle mínimo de completude"", ""verified"": true}"
2607752,2024,23.393770826127437,269.7072039971994,"{""temperatura_media_c"": {""n_estacoes"": 4, ""nearest_distance_km"": 125.33, ""max_distance_km"": 249.02, ""stations"": [""PALMARES"", ""CARUARU"", ""GARANHUNS"", ""ARCO VERDE""], ""method"": ""IDW p=2; até 6 estações; raio máximo 300 km""}, ""precipitacao_anual_mm"": {""n_estacoes"": 4, ""nearest_distance_km"": 99.24, ""max_distance_km"": 249.02, ""stations"": [""SURUBIM"", ""PALMARES"", ""CARUARU"", ""ARCO VERDE""], ""method"": ""IDW p=2; até 6 estações; raio máximo 300 km""}}","{""organization"": ""INMET"", ""dataset"": ""Dados Históricos Anuais - estações automáticas"", ""version"": ""2024"", ""retrieved_at"": ""2026-10-01"", ""reference_url"": ""https://portal.inmet.gov.br/uploads/dadoshistoricos/2024.zip"", ""method"": ""agregação anual observada por estação + IDW municipal em EPSG:31985; p=2; 3-6 estações; raio <=300 km; controle mínimo de completude"", ""verified"": true}"
2607802,2024,23.328041272122675,274.9564667727755,"{""temperatura_media_c"": {""n_estacoes"": 4, ""nearest_distance_km"": 123.48, ""max_distance_km"": 238.06, ""stations"": [""PALMARES"", ""CARUARU"", ""GARANHUNS"", ""ARCO VERDE""], ""method"": ""IDW p=2; até 6 estações; raio máximo 300 km""}, ""precipitacao_anual_mm"": {""n_estacoes"": 4, ""nearest_distance_km"": 86.5, ""max_distance_km"": 238.06, ""stations"": [""SURUBIM"", ""PALMARES"", ""CARUARU"", ""ARCO VERDE""], ""method"": ""IDW p=2; até 6 estações; raio máximo 300 km""}}","{""organization"": ""INMET"", ""dataset"": ""Dados Históricos Anuais - estações automáticas"", ""version"": ""2024"", ""retrieved_at"": ""2026-10-01"", ""reference_url"": ""https://portal.inmet.gov.br/uploads/dadoshistoricos/2024.zip"", ""method"": ""agregação anual observada por estação + IDW municipal em EPSG:31985; p=2; 3-6 estações; raio <=300 km; controle mínimo de completude"", ""verified"": true}"
2607901,2024,23.733748074208822,246.00172181007088,"{""temperatura_media_c"": {""n_estacoes"": 4, ""nearest_distance_km"": 84.33, ""max_distance_km"": 228.44, ""stations"": [""PALMARES"", ""CARUARU"", ""GARANHUNS"", ""ARCO VERDE""], ""method"": ""IDW p=2; até 6 estações; raio máximo 300 km""}, ""precipitacao_anual_mm"": {""n_estacoes"": 4, ""nearest_distance_km"": 84.33, ""max_distance_km"": 228.44, ""stations"": [""PALMARES"", ""SURUBIM"", ""CARUARU"", ""ARCO VERDE""], ""method"": ""IDW p=2; até 6 estações; raio máximo 300 km""}}","{""organization"": ""INMET"", ""dataset"": ""Dados Históricos Anuais - estações automáticas"", ""version"": ""2024"", ""retrieved_at"": ""2026-10-01"", ""reference_url"": ""https://portal.inmet.gov.br/uploads/dadoshistoricos/2024.zip"", ""method"": ""agregação anual observada por estação + IDW municipal em EPSG:31985; p=2; 3-6 estações; raio <=300 km; controle mínimo de completude"", ""verified"": true}"
2607950,2024,24.16276297199748,198.64129869153268,"{""temperatura_media_c"": {""n_estacoes"": 5, ""nearest_distance_km"": 27.73, ""max_distance_km"": 288.14, ""stations"": [""PALMARES"", ""CARUARU"", ""GARANHUNS"", ""ARCO VERDE"", ""SERRA TALHADA""], ""method"": ""IDW p=2; até 6 estações; raio máximo 300 km""}, ""precipitacao_anual_mm"": {""n_estacoes"": 6, ""nearest_distance_km"": 27.73, ""max_distance_km"": 288.14, ""stations"": [""PALMARES"", ""CARUARU"", ""SURUBIM"", ""ARCO VERDE"", ""IBIMIRIM"", ""SERRA TALHADA""], ""method"": ""IDW p=2; até 6 estações; raio máximo 300 km""}}","{""organization"": ""INMET"", ""dataset"": ""Dados Históricos Anuais - estações automáticas"", ""version"": ""2024"", ""retrieved_at"": ""2026-10-01"", ""reference_url"": ""https://portal.inmet.gov.br/uploads/dadoshistoricos/2024.zip"", ""method"": ""agregação anual observada por estação + IDW municipal em EPSG:31985; p=2; 3-6 estações; raio <=300 km; controle mínimo de completude"", ""verified"": true}"
2608008,2024,22.92611582863141,367.71796546208054,"{""temperatura_media_c"": {""n_estacoes"": 6, ""nearest_distance_km"": 65.49, ""max_distance_km"": 234.36, ""stations"": [""CARUARU"", ""ARCO VERDE"", ""GARANHUNS"", ""PALMARES"", ""SERRA TALHADA"", ""FLORESTA""], ""method"": ""IDW p=2; até 6 estações; raio máximo 300 km""}, ""precipitacao_anual_mm"": {""n_estacoes"": 6, ""nearest_distance_km"": 65.49, ""max_distance_km"": 194.97, ""stations"": [""CARUARU"", ""ARCO VERDE"", ""SURUBIM"", ""PALMARES"", ""IBIMIRIM"", ""SERRA TALHADA""], ""method"": ""IDW p=2; até 6 estações; raio máximo 300 km""}}","{""organization"": ""INMET"", ""dataset"": ""Dados Históricos Anuais - estações automáticas"", ""version"": ""2024"", ""retrieved_at"": ""2026-10-01"", ""reference_url"": ""https://portal.inmet.gov.br/uploads/dadoshistoricos/2024.zip"", ""method"": ""agregação anual observada por estação + IDW municipal em EPSG:31985; p=2; 3-6 estações; raio <=300 km; controle mínimo de completude"", ""verified"": true}"
2608057,2024,26.40496478680765,546.6765343990915,"{""temperatura_media_c"": {""n_estacoes"": 6, ""nearest_distance_km"": 79.02, ""max_distance_km"": 192.45, ""stations"": [""FLORESTA"", ""SERRA TALHADA"", ""CABROBO"", ""ARCO VERDE"", ""SALGUEIRO"", ""GARANHUNS""], ""method"": ""IDW p=2; até 6 estações; raio máximo 300 km""}, ""precipitacao_anual_mm"": {""n_estacoes"": 6, ""nearest_distance_km"": 79.02, ""max_distance_km"": 160.7, ""stations"": [""FLORESTA"", ""IBIMIRIM"", ""SERRA TALHADA"", ""CABROBO"", ""ARCO VERDE"", ""SALGUEIRO""], ""method"": ""IDW p=2; até 6 estações; raio máximo 300 km""}}","{""organization"": ""INMET"", ""dataset"": ""Dados Históricos Anuais - estações automáticas"", ""version"": ""2024"", ""retrieved_at"": ""2026-10-01"", ""reference_url"": ""https://portal.inmet.gov.br/uploads/dadoshistoricos/2024.zip"", ""method"": ""agregação anual observada por estação + IDW municipal em EPSG:31985; p=2; 3-6 estações; raio <=300 km; controle mínimo de completude"", ""verified"": true}"
2608107,2024,23.032987491798483,313.9473853707156,"{""temperatura_media_c"": {""n_estacoes"": 5, ""nearest_distance_km"": 73.67, ""max_distance_km"": 298.8, ""stations"": [""CARUARU"", ""PALMARES"", ""GARANHUNS"", ""ARCO VERDE"", ""SERRA TALHADA""], ""method"": ""IDW p=2; até 6 estações; raio máximo 300 km""}, ""precipitacao_anual_mm"": {""n_estacoes"": 6, ""nearest_distance_km"": 23.15, ""max_distance_km"": 298.8, ""stations"": [""SURUBIM"", ""CARUARU"", ""PALMARES"", ""ARCO VERDE"", ""IBIMIRIM"", ""SERRA TALHADA""], ""method"": ""IDW p=2; até 6 estações; raio máximo 300 km""}}","{""organization"": ""INMET"", ""dataset"": ""Dados Históricos Anuais - estações automáticas"", ""version"": ""2024"", ""retrieved_at"": ""2026-10-01"", ""reference_url"": ""https://portal.inmet.gov.br/uploads/dadoshistoricos/2024.zip"", ""method"": ""agregação anual observada por estação + IDW municipal em EPSG:31985; p=2; 3-6 estações; raio <=300 km; controle mínimo de completude"", ""verified"": true}"
2608206,2024,25.14366187781123,194.39378034565834,"{""temperatura_media_c"": {""n_estacoes"": 4, ""nearest_distance_km"": 11.88, ""max_distance_km"": 167.19, ""stations"": [""PALMARES"", ""CARUARU"", ""GARANHUNS"", ""ARCO VERDE""], ""method"": ""IDW p=2; até 6 estações; raio máximo 300 km""}, ""precipitacao_anual_mm"": {""n_estacoes"": 5, ""nearest_distance_km"": 11.88, ""max_distance_km"": 239.06, ""stations"": [""PALMARES"", ""CARUARU"", ""SURUBIM"", ""ARCO VERDE"", ""IBIMIRIM""], ""method"": ""IDW p=2; até 6 estações; raio máximo 300 km""}}","{""organization"": ""INMET"", ""dataset"": ""Dados Históricos Anuais - estações automáticas"", ""version"": ""2024"", ""retrieved_at"": ""2026-10-01"", ""reference_url"": ""https://portal.inmet.gov.br/uploads/dadoshistoricos/2024.zip"", ""method"": ""agregação anual observada por estação + IDW municipal em EPSG:31985; p=2; 3-6 estações; raio <=300 km; controle mínimo de completude"", ""verified"": true}"
2608255,2024,22.192007072916336,343.7334339153965,"{""temperatura_media_c"": {""n_estacoes"": 6, ""nearest_distance_km"": 18.84, ""max_distance_km"": 235.01, ""stations"": [""GARANHUNS"", ""CARUARU"", ""ARCO VERDE"", ""PALMARES"", ""SERRA TALHADA"", ""FLORESTA""], ""method"": ""IDW p=2; até 6 estações; raio máximo 300 km""}, ""precipitacao_anual_mm"": {""n_estacoes"": 6, ""nearest_distance_km"": 63.39, ""max_distance_km"": 220.79, ""stations"": [""CARUARU"", ""ARCO VERDE"", ""PALMARES"", ""SURUBIM"", ""IBIMIRIM"", ""SERRA TALHADA""], ""method"": ""IDW p=2; até 6 estações; raio máximo 300 km""}}","{""organization"": ""INMET"", ""dataset"": ""Dados Históricos Anuais - estações automáticas"", ""version"": ""2024"", ""retrieved_at"": ""2026-10-01"", ""reference_url"": ""https://portal.inmet.gov.br/uploads/dadoshistoricos/2024.zip"", ""method"": ""agregação anual observada por estação + IDW municipal em EPSG:31985; p=2; 3-6 estações; raio <=300 km; controle mínimo de completude"", ""verified"": true}"
2608305,2024,22.2701742472903,304.57414937903553,"{""temperatura_media_c"": {""n_estacoes"": 6, ""nearest_distance_km"": 24.25, ""max_distance_km"": 242.04, ""stations"": [""GARANHUNS"", ""CARUARU"", ""ARCO VERDE"", ""PALMARES"", ""SERRA TALHADA"", ""FLORESTA""], ""method"": ""IDW p=2; até 6 estações; raio máximo 300 km""}, ""precipitacao_anual_mm"": {""n_estacoes"": 6, ""nearest_distance_km"": 55.93, ""max_distance_km"": 226.25, ""stations"": [""CARUARU"", ""ARCO VERDE"", ""PALMARES"", ""SURUBIM"", ""IBIMIRIM"", ""SERRA TALHADA""], ""method"": ""IDW p=2; até 6 estações; raio máximo 300 km""}}","{""organization"": ""INMET"", ""dataset"": ""Dados Históricos Anuais - estações automáticas"", ""version"": ""2024"", ""retrieved_at"": ""2026-10-01"", ""reference_url"": ""https://portal.inmet.gov.br/uploads/dadoshistoricos/2024.zip"", ""method"": ""agregação anual observada por estação + IDW municipal em EPSG:31985; p=2; 3-6 estações; raio <=300 km; controle mínimo de completude"", ""verified"": true}"
2608404,2024,22.566736563471963,220.6150972829837,"{""temperatura_media_c"": {""n_estacoes"": 6, ""nearest_distance_km"": 42.28, ""max_distance_km"": 269.93, ""stations"": [""GARANHUNS"", ""CARUARU"", ""PALMARES"", ""ARCO VERDE"", ""SERRA TALHADA"", ""FLORESTA""], ""method"": ""IDW p=2; até 6 estações; raio máximo 300 km""}, ""precipitacao_anual_mm"": {""n_estacoes"": 6, ""nearest_distance_km"": 45.0, ""max_distance_km"": 253.67, ""stations"": [""CARUARU"", ""PALMARES"", ""ARCO VERDE"", ""SURUBIM"", ""IBIMIRIM"", ""SERRA TALHADA""], ""method"": ""IDW p=2; até 6 estações; raio máximo 300 km""}}","{""organization"": ""INMET"", ""dataset"": ""Dados Históricos Anuais - estações automáticas"", ""version"": ""2024"", ""retrieved_at"": ""2026-10-01"", ""reference_url"": ""https://portal.inmet.gov.br/uploads/dadoshistoricos/2024.zip"", ""method"": ""agregação anual observada por estação + IDW municipal em EPSG:31985; p=2; 3-6 estações; raio <=300 km; controle mínimo de completude"", ""verified"": true}"
2608453,2024,23.265347803776457,283.78858633924665,"{""temperatura_media_c"": {""n_estacoes"": 4, ""nearest_distance_km"": 93.62, ""max_distance_km"": 200.26, ""stations"": [""PALMARES"", ""CARUARU"", ""GARANHUNS"", ""ARCO VERDE""], ""method"": ""IDW p=2; até 6 estações; raio máximo 300 km""}, ""precipitacao_anual_mm"": {""n_estacoes"": 5, ""nearest_distance_km"": 51.26, ""max_distance_km"": 272.02, ""stations"": [""SURUBIM"", ""PALMARES"", ""CARUARU"", ""ARCO VERDE"", ""IBIMIRIM""], ""method"": ""IDW p=2; até 6 estações; raio máximo 300 km""}}","{""organization"": ""INMET"", ""dataset"": ""Dados Históricos Anuais - estações automáticas"", ""version"": ""2024"", ""retrieved_at"": ""2026-10-01"", ""reference_url"": ""https://portal.inmet.gov.br/uploads/dadoshistoricos/2024.zip"", ""method"": ""agregação anual observada por estação + IDW municipal em EPSG:31985; p=2; 3-6 estações; raio <=300 km; controle mínimo de completude"", ""verified"": true}"
2608503,2024,23.352268306270588,276.1391632546601,"{""temperatura_media_c"": {""n_estacoes"": 4, ""nearest_distance_km"": 89.06, ""max_distance_km"": 202.74, ""stations"": [""PALMARES"", ""CARUARU"", ""GARANHUNS"", ""ARCO VERDE""], ""method"": ""IDW p=2; até 6 estações; raio máximo 300 km""}, ""precipitacao_anual_mm"": {""n_estacoes"": 5, ""nearest_distance_km"": 56.39, ""max_distance_km"": 274.86, ""stations"": [""SURUBIM"", ""PALMARES"", ""CARUARU"", ""ARCO VERDE"", ""IBIMIRIM""], ""method"": ""IDW p=2; até 6 estações; raio máximo 300 km""}}","{""organization"": ""INMET"", ""dataset"": ""Dados Históricos Anuais - estações automáticas"", ""version"": ""2024"", ""retrieved_at"": ""2026-10-01"", ""reference_url"": ""https://portal.inmet.gov.br/uploads/dadoshistoricos/2024.zip"", ""method"": ""agregação anual observada por estação + IDW municipal em EPSG:31985; p=2; 3-6 estações; raio <=300 km; controle mínimo de completude"", ""verified"": true}"
2608602,2024,22.319856934285276,353.9617706385831,"{""temperatura_media_c"": {""n_estacoes"": 6, ""nearest_distance_km"": 28.01, ""max_distance_km"": 242.33, ""stations"": [""GARANHUNS"", ""CARUARU"", ""ARCO VERDE"", ""PALMARES"", ""FLORESTA"", ""SERRA TALHADA""], ""method"": ""IDW p=2; até 6 estações; raio máximo 300 km""}, ""precipitacao_anual_mm"": {""n_estacoes"": 6, ""nearest_distance_km"": 100.51, ""max_distance_km"": 241.92, ""stations"": [""CARUARU"", ""ARCO VERDE"", ""PALMARES"", ""IBIMIRIM"", ""SURUBIM"", ""FLORESTA""], ""method"": ""IDW p=2; até 6 estações; raio máximo 300 km""}}","{""organization"": ""INMET"", ""dataset"": ""Dados Históricos Anuais - estações automáticas"", ""version"": ""2024"", ""retrieved_at"": ""2026-10-01"", ""reference_url"": ""https://portal.inmet.gov.br/uploads/dadoshistoricos/2024.zip"", ""method"": ""agregação anual observada por estação + IDW municipal em EPSG:31985; p=2; 3-6 estações; raio <=300 km; controle mínimo de completude"", ""verified"": true}"
2608701,2024,23.359216247170917,189.304805439666,"{""temperatura_media_c"": {""n_estacoes"": 6, ""nearest_distance_km"": 36.11, ""max_distance_km"": 296.77, ""stations"": [""PALMARES"", ""CARUARU"", ""GARANHUNS"", ""ARCO VERDE"", ""SERRA TALHADA"", ""FLORESTA""], ""method"": ""IDW p=2; até 6 estações; raio máximo 300 km""}, ""precipitacao_anual_mm"": {""n_estacoes"": 6, ""nearest_distance_km"": 36.11, ""max_distance_km"": 276.91, ""stations"": [""PALMARES"", ""CARUARU"", ""SURUBIM"", ""ARCO VERDE"", ""IBIMIRIM"", ""SERRA TALHADA""], ""method"": ""IDW p=2; até 6 estações; raio máximo 300 km""}}","{""organization"": ""INMET"", ""dataset"": ""Dados Históricos Anuais - estações automáticas"", ""version"": ""2024"", ""retrieved_at"": ""2026-10-01"", ""reference_url"": ""https://portal.inmet.gov.br/uploads/dadoshistoricos/2024.zip"", ""method"": ""agregação anual observada por estação + IDW municipal em EPSG:31985; p=2; 3-6 estações; raio <=300 km; controle mínimo de completude"", ""verified"": true}"
2608750,2024,27.24507580638919,370.75853633297754,"{""temperatura_media_c"": {""n_estacoes"": 5, ""nearest_distance_km"": 100.19, ""max_distance_km"": 232.33, ""stations"": [""OURICURI"", ""CABROBO"", ""SALGUEIRO"", ""FLORESTA"", ""SERRA TALHADA""], ""method"": ""IDW p=2; até 6 estações; raio máximo 300 km""}, ""precipitacao_anual_mm"": {""n_estacoes"": 6, ""nearest_distance_km"": 75.82, ""max_distance_km"": 232.33, ""stations"": [""PETROLINA"", ""OURICURI"", ""CABROBO"", ""SALGUEIRO"", ""FLORESTA"", ""SERRA TALHADA""], ""method"": ""IDW p=2; até 6 estações; raio máximo 300 km""}}","{""organization"": ""INMET"", ""dataset"": ""Dados Históricos Anuais - estações automáticas"", ""version"": ""2024"", ""retrieved_at"": ""2026-10-01"", ""reference_url"": ""https://portal.inmet.gov.br/uploads/dadoshistoricos/2024.zip"", ""method"": ""agregação anual observada por estação + IDW municipal em EPSG:31985; p=2; 3-6 estações; raio <=300 km; controle mínimo de completude"", ""verified"": true}"
2608800,2024,22.35998161724278,245.55556511024471,"{""temperatura_media_c"": {""n_estacoes"": 6, ""nearest_distance_km"": 34.43, ""max_distance_km"": 253.73, ""stations"": [""GARANHUNS"", ""CARUARU"", ""PALMARES"", ""ARCO VERDE"", ""SERRA TALHADA"", ""FLORESTA""], ""method"": ""IDW p=2; até 6 estações; raio máximo 300 km""}, ""precipitacao_anual_mm"": {""n_estacoes"": 6, ""nearest_distance_km"": 44.8, ""max_distance_km"": 235.87, ""stations"": [""CARUARU"", ""PALMARES"", ""ARCO VERDE"", ""SURUBIM"", ""IBIMIRIM"", ""SERRA TALHADA""], ""method"": ""IDW p=2; até 6 estações; raio máximo 300 km""}}","{""organization"": ""INMET"", ""dataset"": ""Dados Históricos Anuais - estações automáticas"", ""version"": ""2024"", ""retrieved_at"": ""2026-10-01"", ""reference_url"": ""https://portal.inmet.gov.br/uploads/dadoshistoricos/2024.zip"", ""method"": ""agregação anual observada por estação + IDW municipal em EPSG:31985; p=2; 3-6 estações; raio <=300 km; controle mínimo de completude"", ""verified"": true}"
2608909,2024,23.144705497651184,294.2576552210963,"{""temperatura_media_c"": {""n_estacoes"": 4, ""nearest_distance_km"": 85.91, ""max_distance_km"": 188.88, ""stations"": [""CARUARU"", ""PALMARES"", ""GARANHUNS"", ""ARCO VERDE""], ""method"": ""IDW p=2; até 6 estações; raio máximo 300 km""}, ""precipitacao_anual_mm"": {""n_estacoes"": 5, ""nearest_distance_km"": 38.99, ""max_distance_km"": 260.38, ""stations"": [""SURUBIM"", ""CARUARU"", ""PALMARES"", ""ARCO VERDE"", ""IBIMIRIM""], ""method"": ""IDW p=2; até 6 estações; raio máximo 300 km""}}","{""organization"": ""INMET"", ""dataset"": ""Dados Históricos Anuais - estações automáticas"", ""version"": ""2024"", ""retrieved_at"": ""2026-10-01"", ""reference_url"": ""https://portal.inmet.gov.br/uploads/dadoshistoricos/2024.zip"", ""method"": ""agregação anual observada por estação + IDW municipal em EPSG:31985; p=2; 3-6 estações; raio <=300 km; controle mínimo de completude"", ""verified"": true}"
2609006,2024,23.048819080798406,301.49719611109134,"{""temperatura_media_c"": {""n_estacoes"": 4, ""nearest_distance_km"": 112.53, ""max_distance_km"": 203.63, ""stations"": [""CARUARU"", ""PALMARES"", ""GARANHUNS"", ""ARCO VERDE""], ""method"": ""IDW p=2; até 6 estações; raio máximo 300 km""}, ""precipitacao_anual_mm"": {""n_estacoes"": 5, ""nearest_distance_km"": 51.9, ""max_distance_km"": 272.35, ""stations"": [""SURUBIM"", ""CARUARU"", ""PALMARES"", ""ARCO VERDE"", ""IBIMIRIM""], ""method"": ""IDW p=2; até 6 estações; raio máximo 300 km""}}","{""organization"": ""INMET"", ""dataset"": ""Dados Históricos Anuais - estações automáticas"", ""version"": ""2024"", ""retrieved_at"": ""2026-10-01"", ""reference_url"": ""https://portal.inmet.gov.br/uploads/dadoshistoricos/2024.zip"", ""method"": ""agregação anual observada por estação + IDW municipal em EPSG:31985; p=2; 3-6 estações; raio <=300 km; controle mínimo de completude"", ""verified"": true}"
2609105,2024,23.03481074976095,305.17944242965234,"{""temperatura_media_c"": {""n_estacoes"": 4, ""nearest_distance_km"": 93.49, ""max_distance_km"": 189.68, ""stations"": [""CARUARU"", ""PALMARES"", ""GARANHUNS"", ""ARCO VERDE""], ""method"": ""IDW p=2; até 6 estações; raio máximo 300 km""}, ""precipitacao_anual_mm"": {""n_estacoes"": 5, ""nearest_distance_km"": 36.42, ""max_distance_km"": 259.89, ""stations"": [""SURUBIM"", ""CARUARU"", ""PALMARES"", ""ARCO VERDE"", ""IBIMIRIM""], ""method"": ""IDW p=2; até 6 estações; raio máximo 300 km""}}","{""organization"": ""INMET"", ""dataset"": ""Dados Históricos Anuais - estações automáticas"", ""version"": ""2024"", ""retrieved_at"": ""2026-10-01"", ""reference_url"": ""https://portal.inmet.gov.br/uploads/dadoshistoricos/2024.zip"", ""method"": ""agregação anual observada por estação + IDW municipal em EPSG:31985; p=2; 3-6 estações; raio <=300 km; controle mínimo de completude"", ""verified"": true}"
2609154,2024,24.345089939071148,495.88877484515206,"{""temperatura_media_c"": {""n_estacoes"": 6, ""nearest_distance_km"": 74.96, ""max_distance_km"": 194.02, ""stations"": [""ARCO VERDE"", ""GARANHUNS"", ""FLORESTA"", ""SERRA TALHADA"", ""CARUARU"", ""SALGUEIRO""], ""method"": ""IDW p=2; até 6 estações; raio máximo 300 km""}, ""precipitacao_anual_mm"": {""n_estacoes"": 6, ""nearest_distance_km"": 45.95, ""max_distance_km"": 194.02, ""stations"": [""IBIMIRIM"", ""ARCO VERDE"", ""FLORESTA"", ""SERRA TALHADA"", ""CARUARU"", ""SALGUEIRO""], ""method"": ""IDW p=2; até 6 estações; raio máximo 300 km""}}","{""organization"": ""INMET"", ""dataset"": ""Dados Históricos Anuais - estações automáticas"", ""version"": ""2024"", ""retrieved_at"": ""2026-10-01"", ""reference_url"": ""https://portal.inmet.gov.br/uploads/dadoshistoricos/2024.zip"", ""method"": ""agregação anual observada por estação + IDW municipal em EPSG:31985; p=2; 3-6 estações; raio <=300 km; controle mínimo de completude"", ""verified"": true}"
2609204,2024,24.377660550545645,204.067278191456,"{""temperatura_media_c"": {""n_estacoes"": 5, ""nearest_distance_km"": 28.26, ""max_distance_km"": 296.12, ""stations"": [""PALMARES"", ""CARUARU"", ""GARANHUNS"", ""ARCO VERDE"", ""SERRA TALHADA""], ""method"": ""IDW p=2; até 6 estações; raio máximo 300 km""}, ""precipitacao_anual_mm"": {""n_estacoes"": 6, ""nearest_distance_km"": 28.26, ""max_distance_km"": 296.12, ""stations"": [""PALMARES"", ""CARUARU"", ""SURUBIM"", ""ARCO VERDE"", ""IBIMIRIM"", ""SERRA TALHADA""], ""method"": ""IDW p=2; até 6 estações; raio máximo 300 km""}}","{""organization"": ""INMET"", ""dataset"": ""Dados Históricos Anuais - estações automáticas"", ""version"": ""2024"", ""retrieved_at"": ""2026-10-01"", ""reference_url"": ""https://portal.inmet.gov.br/uploads/dadoshistoricos/2024.zip"", ""method"": ""agregação anual observada por estação + IDW municipal em EPSG:31985; p=2; 3-6 estações; raio <=300 km; controle mínimo de completude"", ""verified"": true}"
2609303,2024,26.968426173192277,532.1606591069698,"{""temperatura_media_c"": {""n_estacoes"": 6, ""nearest_distance_km"": 41.37, ""max_distance_km"": 188.25, ""stations"": [""SALGUEIRO"", ""FLORESTA"", ""SERRA TALHADA"", ""CABROBO"", ""OURICURI"", ""ARCO VERDE""], ""method"": ""IDW p=2; até 6 estações; raio máximo 300 km""}, ""precipitacao_anual_mm"": {""n_estacoes"": 6, ""nearest_distance_km"": 41.37, ""max_distance_km"": 154.52, ""stations"": [""SALGUEIRO"", ""FLORESTA"", ""SERRA TALHADA"", ""CABROBO"", ""IBIMIRIM"", ""OURICURI""], ""method"": ""IDW p=2; até 6 estações; raio máximo 300 km""}}","{""organization"": ""INMET"", ""dataset"": ""Dados Históricos Anuais - estações automáticas"", ""version"": ""2024"", ""retrieved_at"": ""2026-10-01"", ""reference_url"": ""https://portal.inmet.gov.br/uploads/dadoshistoricos/2024.zip"", ""method"": ""agregação anual observada por estação + IDW municipal em EPSG:31985; p=2; 3-6 estações; raio <=300 km; controle mínimo de completude"", ""verified"": true}"
2609402,2024,23.73663649951936,249.10508600389517,"{""temperatura_media_c"": {""n_estacoes"": 4, ""nearest_distance_km"": 74.16, ""max_distance_km"": 212.92, ""stations"": [""PALMARES"", ""CARUARU"", ""GARANHUNS"", ""ARCO VERDE""], ""method"": ""IDW p=2; até 6 estações; raio máximo 300 km""}, ""precipitacao_anual_mm"": {""n_estacoes"": 5, ""nearest_distance_km"": 74.16, ""max_distance_km"": 285.81, ""stations"": [""PALMARES"", ""SURUBIM"", ""CARUARU"", ""ARCO VERDE"", ""IBIMIRIM""], ""method"": ""IDW p=2; até 6 estações; raio máximo 300 km""}}","{""organization"": ""INMET"", ""dataset"": ""Dados Históricos Anuais - estações automáticas"", ""version"": ""2024"", ""retrieved_at"": ""2026-10-01"", ""reference_url"": ""https://portal.inmet.gov.br/uploads/dadoshistoricos/2024.zip"", ""method"": ""agregação anual observada por estação + IDW municipal em EPSG:31985; p=2; 3-6 estações; raio <=300 km; controle mínimo de completude"", ""verified"": true}"
2609501,2024,23.26450220307309,284.4135581734325,"{""temperatura_media_c"": {""n_estacoes"": 4, ""nearest_distance_km"": 109.27, ""max_distance_km"": 215.37, ""stations"": [""PALMARES"", ""CARUARU"", ""GARANHUNS"", ""ARCO VERDE""], ""method"": ""IDW p=2; até 6 estações; raio máximo 300 km""}, ""precipitacao_anual_mm"": {""n_estacoes"": 5, ""nearest_distance_km"": 63.7, ""max_distance_km"": 286.62, ""stations"": [""SURUBIM"", ""PALMARES"", ""CARUARU"", ""ARCO VERDE"", ""IBIMIRIM""], ""method"": ""IDW p=2; até 6 estações; raio máximo 300 km""}}","{""organization"": ""INMET"", ""dataset"": ""Dados Históricos Anuais - estações automáticas"", ""version"": ""2024"", ""retrieved_at"": ""2026-10-01"", ""reference_url"": ""https://portal.inmet.gov.br/uploads/dadoshistoricos/2024.zip"", ""method"": ""agregação anual observada por estação + IDW municipal em EPSG:31985; p=2; 3-6 estações; raio <=300 km; controle mínimo de completude"", ""verified"": true}"
2609600,2024,23.56619167626813,257.1372552988703,"{""temperatura_media_c"": {""n_estacoes"": 4, ""nearest_distance_km"": 107.39, ""max_distance_km"": 246.33, ""stations"": [""PALMARES"", ""CARUARU"", ""GARANHUNS"", ""ARCO VERDE""], ""method"": ""IDW p=2; até 6 estações; raio máximo 300 km""}, ""precipitacao_anual_mm"": {""n_estacoes"": 4, ""nearest_distance_km"": 104.5, ""max_distance_km"": 246.33, ""stations"": [""SURUBIM"", ""PALMARES"", ""CARUARU"", ""ARCO VERDE""], ""method"": ""IDW p=2; até 6 estações; raio máximo 300 km""}}","{""organization"": ""INMET"", ""dataset"": ""Dados Históricos Anuais - estações automáticas"", ""version"": ""2024"", ""retrieved_at"": ""2026-10-01"", ""reference_url"": ""https://portal.inmet.gov.br/uploads/dadoshistoricos/2024.zip"", ""method"": ""agregação anual observada por estação + IDW municipal em EPSG:31985; p=2; 3-6 estações; raio <=300 km; controle mínimo de completude"", ""verified"": true}"
2609709,2024,23.0442995913708,317.4005161872895,"{""temperatura_media_c"": {""n_estacoes"": 5, ""nearest_distance_km"": 87.04, ""max_distance_km"": 299.26, ""stations"": [""CARUARU"", ""PALMARES"", ""GARANHUNS"", ""ARCO VERDE"", ""SERRA TALHADA""], ""method"": ""IDW p=2; até 6 estações; raio máximo 300 km""}, ""precipitacao_anual_mm"": {""n_estacoes"": 6, ""nearest_distance_km"": 26.82, ""max_distance_km"": 299.26, ""stations"": [""SURUBIM"", ""CARUARU"", ""PALMARES"", ""ARCO VERDE"", ""IBIMIRIM"", ""SERRA TALHADA""], ""method"": ""IDW p=2; até 6 estações; raio máximo 300 km""}}","{""organization"": ""INMET"", ""dataset"": ""Dados Históricos Anuais - estações automáticas"", ""version"": ""2024"", ""retrieved_at"": ""2026-10-01"", ""reference_url"": ""https://portal.inmet.gov.br/uploads/dadoshistoricos/2024.zip"", ""method"": ""agregação anual observada por estação + IDW municipal em EPSG:31985; p=2; 3-6 estações; raio <=300 km; controle mínimo de completude"", ""verified"": true}"
2609808,2024,27.444083058981306,490.9014367595378,"{""temperatura_media_c"": {""n_estacoes"": 6, ""nearest_distance_km"": 30.75, ""max_distance_km"": 280.34, ""stations"": [""CABROBO"", ""SALGUEIRO"", ""OURICURI"", ""FLORESTA"", ""SERRA TALHADA"", ""ARCO VERDE""], ""method"": ""IDW p=2; até 6 estações; raio máximo 300 km""}, ""precipitacao_anual_mm"": {""n_estacoes"": 6, ""nearest_distance_km"": 30.75, ""max_distance_km"": 154.63, ""stations"": [""CABROBO"", ""SALGUEIRO"", ""OURICURI"", ""FLORESTA"", ""PETROLINA"", ""SERRA TALHADA""], ""method"": ""IDW p=2; até 6 estações; raio máximo 300 km""}}","{""organization"": ""INMET"", ""dataset"": ""Dados Históricos Anuais - estações automáticas"", ""version"": ""2024"", ""retrieved_at"": ""2026-10-01"", ""reference_url"": ""https://portal.inmet.gov.br/uploads/dadoshistoricos/2024.zip"", ""method"": ""agregação anual observada por estação + IDW municipal em EPSG:31985; p=2; 3-6 estações; raio <=300 km; controle mínimo de completude"", ""verified"": true}"
2609907,2024,27.082315605785713,646.5904964291966,"{""temperatura_media_c"": {""n_estacoes"": 5, ""nearest_distance_km"": 11.26, ""max_distance_km"": 207.27, ""stations"": [""OURICURI"", ""CABROBO"", ""SALGUEIRO"", ""FLORESTA"", ""SERRA TALHADA""], ""method"": ""IDW p=2; até 6 estações; raio máximo 300 km""}, ""precipitacao_anual_mm"": {""n_estacoes"": 6, ""nearest_distance_km"": 11.26, ""max_distance_km"": 207.27, ""stations"": [""OURICURI"", ""CABROBO"", ""SALGUEIRO"", ""PETROLINA"", ""FLORESTA"", ""SERRA TALHADA""], ""method"": ""IDW p=2; até 6 estações; raio máximo 300 km""}}","{""organization"": ""INMET"", ""dataset"": ""Dados Históricos Anuais - estações automáticas"", ""version"": ""2024"", ""retrieved_at"": ""2026-10-01"", ""reference_url"": ""https://portal.inmet.gov.br/uploads/dadoshistoricos/2024.zip"", ""method"": ""agregação anual observada por estação + IDW municipal em EPSG:31985; p=2; 3-6 estações; raio <=300 km; controle mínimo de completude"", ""verified"": true}"
2610004,2024,25.26493934430306,193.03935167132462,"{""temperatura_media_c"": {""n_estacoes"": 4, ""nearest_distance_km"": 6.91, ""max_distance_km"": 159.08, ""stations"": [""PALMARES"", ""CARUARU"", ""GARANHUNS"", ""ARCO VERDE""], ""method"": ""IDW p=2; até 6 estações; raio máximo 300 km""}, ""precipitacao_anual_mm"": {""n_estacoes"": 5, ""nearest_distance_km"": 6.91, ""max_distance_km"": 230.12, ""stations"": [""PALMARES"", ""CARUARU"", ""SURUBIM"", ""ARCO VERDE"", ""IBIMIRIM""], ""method"": ""IDW p=2; até 6 estações; raio máximo 300 km""}}","{""organization"": ""INMET"", ""dataset"": ""Dados Históricos Anuais - estações automáticas"", ""version"": ""2024"", ""retrieved_at"": ""2026-10-01"", ""reference_url"": ""https://portal.inmet.gov.br/uploads/dadoshistoricos/2024.zip"", ""method"": ""agregação anual observada por estação + IDW municipal em EPSG:31985; p=2; 3-6 estações; raio <=300 km; controle mínimo de completude"", ""verified"": true}"
2610103,2024,22.328328201593894,299.3385329569655,"{""temperatura_media_c"": {""n_estacoes"": 6, ""nearest_distance_km"": 26.21, ""max_distance_km"": 258.47, ""stations"": [""GARANHUNS"", ""CARUARU"", ""PALMARES"", ""ARCO VERDE"", ""SERRA TALHADA"", ""FLORESTA""], ""method"": ""IDW p=2; até 6 estações; raio máximo 300 km""}, ""precipitacao_anual_mm"": {""n_estacoes"": 6, ""nearest_distance_km"": 76.64, ""max_distance_km"": 251.61, ""stations"": [""CARUARU"", ""PALMARES"", ""ARCO VERDE"", ""SURUBIM"", ""IBIMIRIM"", ""SERRA TALHADA""], ""method"": ""IDW p=2; até 6 estações; raio máximo 300 km""}}","{""organization"": ""INMET"", ""dataset"": ""Dados Históricos Anuais - estações automáticas"", ""version"": ""2024"", ""retrieved_at"": ""2026-10-01"", ""reference_url"": ""https://portal.inmet.gov.br/uploads/dadoshistoricos/2024.zip"", ""method"": ""agregação anual observada por estação + IDW municipal em EPSG:31985; p=2; 3-6 estações; raio <=300 km; controle mínimo de completude"", ""verified"": true}"
2610202,2024,22.543260552507768,183.16918730426295,"{""temperatura_media_c"": {""n_estacoes"": 6, ""nearest_distance_km"": 33.27, ""max_distance_km"": 279.81, ""stations"": [""CARUARU"", ""PALMARES"", ""GARANHUNS"", ""ARCO VERDE"", ""SERRA TALHADA"", ""FLORESTA""], ""method"": ""IDW p=2; até 6 estações; raio máximo 300 km""}, ""precipitacao_anual_mm"": {""n_estacoes"": 6, ""nearest_distance_km"": 33.27, ""max_distance_km"": 260.18, ""stations"": [""CARUARU"", ""PALMARES"", ""SURUBIM"", ""ARCO VERDE"", ""IBIMIRIM"", ""SERRA TALHADA""], ""method"": ""IDW p=2; até 6 estações; raio máximo 300 km""}}","{""organization"": ""INMET"", ""dataset"": ""Dados Históricos Anuais - estações automáticas"", ""version"": ""2024"", ""retrieved_at"": ""2026-10-01"", ""reference_url"": ""https://portal.inmet.gov.br/uploads/dadoshistoricos/2024.zip"", ""method"": ""agregação anual observada por estação + IDW municipal em EPSG:31985; p=2; 3-6 estações; raio <=300 km; controle mínimo de completude"", ""verified"": true}"
2610301,2024,22.330808930831036,462.1836808572465,"{""temperatura_media_c"": {""n_estacoes"": 6, ""nearest_distance_km"": 23.62, ""max_distance_km"": 209.7, ""stations"": [""GARANHUNS"", ""ARCO VERDE"", ""CARUARU"", ""PALMARES"", ""SERRA TALHADA"", ""FLORESTA""], ""method"": ""IDW p=2; até 6 estações; raio máximo 300 km""}, ""precipitacao_anual_mm"": {""n_estacoes"": 6, ""nearest_distance_km"": 63.86, ""max_distance_km"": 203.97, ""stations"": [""ARCO VERDE"", ""CARUARU"", ""IBIMIRIM"", ""PALMARES"", ""SURUBIM"", ""SERRA TALHADA""], ""method"": ""IDW p=2; até 6 estações; raio máximo 300 km""}}","{""organization"": ""INMET"", ""dataset"": ""Dados Históricos Anuais - estações automáticas"", ""version"": ""2024"", ""retrieved_at"": ""2026-10-01"", ""reference_url"": ""https://portal.inmet.gov.br/uploads/dadoshistoricos/2024.zip"", ""method"": ""agregação anual observada por estação + IDW municipal em EPSG:31985; p=2; 3-6 estações; raio <=300 km; controle mínimo de completude"", ""verified"": true}"
2610400,2024,27.23161283343648,541.0409405587243,"{""temperatura_media_c"": {""n_estacoes"": 5, ""nearest_distance_km"": 47.92, ""max_distance_km"": 165.03, ""stations"": [""OURICURI"", ""CABROBO"", ""SALGUEIRO"", ""FLORESTA"", ""SERRA TALHADA""], ""method"": ""IDW p=2; até 6 estações; raio máximo 300 km""}, ""precipitacao_anual_mm"": {""n_estacoes"": 6, ""nearest_distance_km"": 47.92, ""max_distance_km"": 165.03, ""stations"": [""OURICURI"", ""CABROBO"", ""SALGUEIRO"", ""FLORESTA"", ""PETROLINA"", ""SERRA TALHADA""], ""method"": ""IDW p=2; até 6 estações; raio máximo 300 km""}}","{""organization"": ""INMET"", ""dataset"": ""Dados Históricos Anuais - estações automáticas"", ""version"": ""2024"", ""retrieved_at"": ""2026-10-01"", ""reference_url"": ""https://portal.inmet.gov.br/uploads/dadoshistoricos/2024.zip"", ""method"": ""agregação anual observada por estação + IDW municipal em EPSG:31985; p=2; 3-6 estações; raio <=300 km; controle mínimo de completude"", ""verified"": true}"
2610509,2024,23.11179116950119,282.94484101262515,"{""temperatura_media_c"": {""n_estacoes"": 4, ""nearest_distance_km"": 65.95, ""max_distance_km"": 172.9, ""stations"": [""CARUARU"", ""PALMARES"", ""GARANHUNS"", ""ARCO VERDE""], ""method"": ""IDW p=2; até 6 estações; raio máximo 300 km""}, ""precipitacao_anual_mm"": {""n_estacoes"": 5, ""nearest_distance_km"": 33.98, ""max_distance_km"": 245.2, ""stations"": [""SURUBIM"", ""CARUARU"", ""PALMARES"", ""ARCO VERDE"", ""IBIMIRIM""], ""method"": ""IDW p=2; até 6 estações; raio máximo 300 km""}}","{""organization"": ""INMET"", ""dataset"": ""Dados Históricos Anuais - estações automáticas"", ""version"": ""2024"", ""retrieved_at"": ""2026-10-01"", ""reference_url"": ""https://portal.inmet.gov.br/uploads/dadoshistoricos/2024.zip"", ""method"": ""agregação anual observada por estação + IDW municipal em EPSG:31985; p=2; 3-6 estações; raio <=300 km; controle mínimo de completude"", ""verified"": true}"
2610608,2024,23.43791484356909,270.4668194786164,"{""temperatura_media_c"": {""n_estacoes"": 4, ""nearest_distance_km"": 95.72, ""max_distance_km"": 217.65, ""stations"": [""PALMARES"", ""CARUARU"", ""GARANHUNS"", ""ARCO VERDE""], ""method"": ""IDW p=2; até 6 estações; raio máximo 300 km""}, ""precipitacao_anual_mm"": {""n_estacoes"": 5, ""nearest_distance_km"": 71.65, ""max_distance_km"": 289.93, ""stations"": [""SURUBIM"", ""PALMARES"", ""CARUARU"", ""ARCO VERDE"", ""IBIMIRIM""], ""method"": ""IDW p=2; até 6 estações; raio máximo 300 km""}}","{""organization"": ""INMET"", ""dataset"": ""Dados Históricos Anuais - estações automáticas"", ""version"": ""2024"", ""retrieved_at"": ""2026-10-01"", ""reference_url"": ""https://portal.inmet.gov.br/uploads/dadoshistoricos/2024.zip"", ""method"": ""agregação anual observada por estação + IDW municipal em EPSG:31985; p=2; 3-6 estações; raio <=300 km; controle mínimo de completude"", ""verified"": true}"
2610707,2024,23.51701849434604,260.59632878523263,"{""temperatura_media_c"": {""n_estacoes"": 4, ""nearest_distance_km"": 111.21, ""max_distance_km"": 246.04, ""stations"": [""PALMARES"", ""CARUARU"", ""GARANHUNS"", ""ARCO VERDE""], ""method"": ""IDW p=2; até 6 estações; raio máximo 300 km""}, ""precipitacao_anual_mm"": {""n_estacoes"": 4, ""nearest_distance_km"": 101.71, ""max_distance_km"": 246.04, ""stations"": [""SURUBIM"", ""PALMARES"", ""CARUARU"", ""ARCO VERDE""], ""method"": ""IDW p=2; até 6 estações; raio máximo 300 km""}}","{""organization"": ""INMET"", ""dataset"": ""Dados Históricos Anuais - estações automáticas"", ""version"": ""2024"", ""retrieved_at"": ""2026-10-01"", ""reference_url"": ""https://portal.inmet.gov.br/uploads/dadoshistoricos/2024.zip"", ""method"": ""agregação anual observada por estação + IDW municipal em EPSG:31985; p=2; 3-6 estações; raio <=300 km; controle mínimo de completude"", ""verified"": true}"
2610806,2024,23.24971382579091,594.9312420392571,"{""temperatura_media_c"": {""n_estacoes"": 6, ""nearest_distance_km"": 33.89, ""max_distance_km"": 186.25, ""stations"": [""ARCO VERDE"", ""GARANHUNS"", ""CARUARU"", ""PALMARES"", ""SERRA TALHADA"", ""FLORESTA""], ""method"": ""IDW p=2; até 6 estações; raio máximo 300 km""}, ""precipitacao_anual_mm"": {""n_estacoes"": 6, ""nearest_distance_km"": 33.89, ""max_distance_km"": 174.76, ""stations"": [""ARCO VERDE"", ""IBIMIRIM"", ""CARUARU"", ""PALMARES"", ""SURUBIM"", ""SERRA TALHADA""], ""method"": ""IDW p=2; até 6 estações; raio máximo 300 km""}}","{""organization"": ""INMET"", ""dataset"": ""Dados Históricos Anuais - estações automáticas"", ""version"": ""2024"", ""retrieved_at"": ""2026-10-01"", ""reference_url"": ""https://portal.inmet.gov.br/uploads/dadoshistoricos/2024.zip"", ""method"": ""agregação anual observada por estação + IDW municipal em EPSG:31985; p=2; 3-6 estações; raio <=300 km; controle mínimo de completude"", ""verified"": true}"
2610905,2024,23.269446134673277,557.2737835869366,"{""temperatura_media_c"": {""n_estacoes"": 6, ""nearest_distance_km"": 35.19, ""max_distance_km"": 205.0, ""stations"": [""ARCO VERDE"", ""GARANHUNS"", ""CARUARU"", ""PALMARES"", ""SERRA TALHADA"", ""FLORESTA""], ""method"": ""IDW p=2; até 6 estações; raio máximo 300 km""}, ""precipitacao_anual_mm"": {""n_estacoes"": 6, ""nearest_distance_km"": 35.19, ""max_distance_km"": 178.56, ""stations"": [""ARCO VERDE"", ""CARUARU"", ""IBIMIRIM"", ""SURUBIM"", ""PALMARES"", ""SERRA TALHADA""], ""method"": ""IDW p=2; até 6 estações; raio máximo 300 km""}}","{""organization"": ""INMET"", ""dataset"": ""Dados Históricos Anuais - estações automáticas"", ""version"": ""2024"", ""retrieved_at"": ""2026-10-01"", ""reference_url"": ""https://portal.inmet.gov.br/uploads/dadoshistoricos/2024.zip"", ""method"": ""agregação anual observada por estação + IDW municipal em EPSG:31985; p=2; 3-6 estações; raio <=300 km; controle mínimo de completude"", ""verified"": true}"
2611002,2024,26.888080832965,559.1119554702215,"{""temperatura_media_c"": {""n_estacoes"": 6, ""nearest_distance_km"": 45.22, ""max_distance_km"": 200.09, ""stations"": [""FLORESTA"", ""SERRA TALHADA"", ""CABROBO"", ""SALGUEIRO"", ""ARCO VERDE"", ""GARANHUNS""], ""method"": ""IDW p=2; até 6 estações; raio máximo 300 km""}, ""precipitacao_anual_mm"": {""n_estacoes"": 6, ""nearest_distance_km"": 45.22, ""max_distance_km"": 147.57, ""stations"": [""FLORESTA"", ""IBIMIRIM"", ""SERRA TALHADA"", ""CABROBO"", ""SALGUEIRO"", ""ARCO VERDE""], ""method"": ""IDW p=2; até 6 estações; raio máximo 300 km""}}","{""organization"": ""INMET"", ""dataset"": ""Dados Históricos Anuais - estações automáticas"", ""version"": ""2024"", ""retrieved_at"": ""2026-10-01"", ""reference_url"": ""https://portal.inmet.gov.br/uploads/dadoshistoricos/2024.zip"", ""method"": ""agregação anual observada por estação + IDW municipal em EPSG:31985; p=2; 3-6 estações; raio <=300 km; controle mínimo de completude"", ""verified"": true}"
2611101,2024,27.212882561328385,170.01792007410558,"{""temperatura_media_c"": {""n_estacoes"": 5, ""nearest_distance_km"": 136.69, ""max_distance_km"": 278.71, ""stations"": [""OURICURI"", ""CABROBO"", ""SALGUEIRO"", ""FLORESTA"", ""SERRA TALHADA""], ""method"": ""IDW p=2; até 6 estações; raio máximo 300 km""}, ""precipitacao_anual_mm"": {""n_estacoes"": 6, ""nearest_distance_km"": 41.47, ""max_distance_km"": 278.71, ""stations"": [""PETROLINA"", ""OURICURI"", ""CABROBO"", ""SALGUEIRO"", ""FLORESTA"", ""SERRA TALHADA""], ""method"": ""IDW p=2; até 6 estações; raio máximo 300 km""}}","{""organization"": ""INMET"", ""dataset"": ""Dados Históricos Anuais - estações automáticas"", ""version"": ""2024"", ""retrieved_at"": ""2026-10-01"", ""reference_url"": ""https://portal.inmet.gov.br/uploads/dadoshistoricos/2024.zip"", ""method"": ""agregação anual observada por estação + IDW municipal em EPSG:31985; p=2; 3-6 estações; raio <=300 km; controle mínimo de completude"", ""verified"": true}"
2611200,2024,23.24219990253167,505.66835196254647,"{""temperatura_media_c"": {""n_estacoes"": 6, ""nearest_distance_km"": 44.44, ""max_distance_km"": 210.93, ""stations"": [""ARCO VERDE"", ""CARUARU"", ""GARANHUNS"", ""PALMARES"", ""SERRA TALHADA"", ""FLORESTA""], ""method"": ""IDW p=2; até 6 estações; raio máximo 300 km""}, ""precipitacao_anual_mm"": {""n_estacoes"": 6, ""nearest_distance_km"": 44.44, ""max_distance_km"": 177.53, ""stations"": [""ARCO VERDE"", ""CARUARU"", ""SURUBIM"", ""IBIMIRIM"", ""PALMARES"", ""SERRA TALHADA""], ""method"": ""IDW p=2; até 6 estações; raio máximo 300 km""}}","{""organization"": ""INMET"", ""dataset"": ""Dados Históricos Anuais - estações automáticas"", ""version"": ""2024"", ""retrieved_at"": ""2026-10-01"", ""reference_url"": ""https://portal.inmet.gov.br/uploads/dadoshistoricos/2024.zip"", ""method"": ""agregação anual observada por estação + IDW municipal em EPSG:31985; p=2; 3-6 estações; raio <=300 km; controle mínimo de completude"", ""verified"": true}"
2611309,2024,23.697469019609965,242.29851948693303,"{""temperatura_media_c"": {""n_estacoes"": 4, ""nearest_distance_km"": 57.24, ""max_distance_km"": 186.1, ""stations"": [""PALMARES"", ""CARUARU"", ""GARANHUNS"", ""ARCO VERDE""], ""method"": ""IDW p=2; até 6 estações; raio máximo 300 km""}, ""precipitacao_anual_mm"": {""n_estacoes"": 5, ""nearest_distance_km"": 57.24, ""max_distance_km"": 258.98, ""stations"": [""PALMARES"", ""SURUBIM"", ""CARUARU"", ""ARCO VERDE"", ""IBIMIRIM""], ""method"": ""IDW p=2; até 6 estações; raio máximo 300 km""}}","{""organization"": ""INMET"", ""dataset"": ""Dados Históricos Anuais - estações automáticas"", ""version"": ""2024"", ""retrieved_at"": ""2026-10-01"", ""reference_url"": ""https://portal.inmet.gov.br/uploads/dadoshistoricos/2024.zip"", ""method"": ""agregação anual observada por estação + IDW municipal em EPSG:31985; p=2; 3-6 estações; raio <=300 km; controle mínimo de completude"", ""verified"": true}"
2611408,2024,24.13331955254731,220.36947772654256,"{""temperatura_media_c"": {""n_estacoes"": 4, ""nearest_distance_km"": 42.35, ""max_distance_km"": 183.94, ""stations"": [""PALMARES"", ""CARUARU"", ""GARANHUNS"", ""ARCO VERDE""], ""method"": ""IDW p=2; até 6 estações; raio máximo 300 km""}, ""precipitacao_anual_mm"": {""n_estacoes"": 5, ""nearest_distance_km"": 42.35, ""max_distance_km"": 256.77, ""stations"": [""PALMARES"", ""SURUBIM"", ""CARUARU"", ""ARCO VERDE"", ""IBIMIRIM""], ""method"": ""IDW p=2; até 6 estações; raio máximo 300 km""}}","{""organization"": ""INMET"", ""dataset"": ""Dados Históricos Anuais - estações automáticas"", ""version"": ""2024"", ""retrieved_at"": ""2026-10-01"", ""reference_url"": ""https://portal.inmet.gov.br/uploads/dadoshistoricos/2024.zip"", ""method"": ""agregação anual observada por estação + IDW municipal em EPSG:31985; p=2; 3-6 estações; raio <=300 km; controle mínimo de completude"", ""verified"": true}"
2611507,2024,22.985130387999494,220.72018315913024,"{""temperatura_media_c"": {""n_estacoes"": 6, ""nearest_distance_km"": 51.84, ""max_distance_km"": 283.13, ""stations"": [""GARANHUNS"", ""CARUARU"", ""PALMARES"", ""ARCO VERDE"", ""SERRA TALHADA"", ""FLORESTA""], ""method"": ""IDW p=2; até 6 estações; raio máximo 300 km""}, ""precipitacao_anual_mm"": {""n_estacoes"": 6, ""nearest_distance_km"": 52.12, ""max_distance_km"": 268.59, ""stations"": [""CARUARU"", ""PALMARES"", ""SURUBIM"", ""ARCO VERDE"", ""IBIMIRIM"", ""SERRA TALHADA""], ""method"": ""IDW p=2; até 6 estações; raio máximo 300 km""}}","{""organization"": ""INMET"", ""dataset"": ""Dados Históricos Anuais - estações automáticas"", ""version"": ""2024"", ""retrieved_at"": ""2026-10-01"", ""reference_url"": ""https://portal.inmet.gov.br/uploads/dadoshistoricos/2024.zip"", ""method"": ""agregação anual observada por estação + IDW municipal em EPSG:31985; p=2; 3-6 estações; raio <=300 km; controle mínimo de completude"", ""verified"": true}"
2611533,2024,25.773850216915637,631.5675496264229,"{""temperatura_media_c"": {""n_estacoes"": 6, ""nearest_distance_km"": 55.9, ""max_distance_km"": 199.74, ""stations"": [""SERRA TALHADA"", ""ARCO VERDE"", ""FLORESTA"", ""SALGUEIRO"", ""CABROBO"", ""GARANHUNS""], ""method"": ""IDW p=2; até 6 estações; raio máximo 300 km""}, ""precipitacao_anual_mm"": {""n_estacoes"": 6, ""nearest_distance_km"": 55.9, ""max_distance_km"": 184.3, ""stations"": [""SERRA TALHADA"", ""IBIMIRIM"", ""ARCO VERDE"", ""FLORESTA"", ""SALGUEIRO"", ""CABROBO""], ""method"": ""IDW p=2; até 6 estações; raio máximo 300 km""}}","{""organization"": ""INMET"", ""dataset"": ""Dados Históricos Anuais - estações automáticas"", ""version"": ""2024"", ""retrieved_at"": ""2026-10-01"", ""reference_url"": ""https://portal.inmet.gov.br/uploads/dadoshistoricos/2024.zip"", ""method"": ""agregação anual observada por estação + IDW municipal em EPSG:31985; p=2; 3-6 estações; raio <=300 km; controle mínimo de completude"", ""verified"": true}"
2611606,2024,23.608828165052874,254.20494986020515,"{""temperatura_media_c"": {""n_estacoes"": 4, ""nearest_distance_km"": 98.55, ""max_distance_km"": 238.12, ""stations"": [""PALMARES"", ""CARUARU"", ""GARANHUNS"", ""ARCO VERDE""], ""method"": ""IDW p=2; até 6 estações; raio máximo 300 km""}, ""precipitacao_anual_mm"": {""n_estacoes"": 4, ""nearest_distance_km"": 98.27, ""max_distance_km"": 238.12, ""stations"": [""SURUBIM"", ""PALMARES"", ""CARUARU"", ""ARCO VERDE""], ""method"": ""IDW p=2; até 6 estações; raio máximo 300 km""}}","{""organization"": ""INMET"", ""dataset"": ""Dados Históricos Anuais - estações automáticas"", ""version"": ""2024"", ""retrieved_at"": ""2026-10-01"", ""reference_url"": ""https://portal.inmet.gov.br/uploads/dadoshistoricos/2024.zip"", ""method"": ""agregação anual observada por estação + IDW municipal em EPSG:31985; p=2; 3-6 estações; raio <=300 km; controle mínimo de completude"", ""verified"": true}"
2611705,2024,22.257420271043735,253.30167865725275,"{""temperatura_media_c"": {""n_estacoes"": 5, ""nearest_distance_km"": 35.23, ""max_distance_km"": 266.87, ""stations"": [""CARUARU"", ""PALMARES"", ""GARANHUNS"", ""ARCO VERDE"", ""SERRA TALHADA""], ""method"": ""IDW p=2; até 6 estações; raio máximo 300 km""}, ""precipitacao_anual_mm"": {""n_estacoes"": 6, ""nearest_distance_km"": 28.29, ""max_distance_km"": 266.87, ""stations"": [""SURUBIM"", ""CARUARU"", ""PALMARES"", ""ARCO VERDE"", ""IBIMIRIM"", ""SERRA TALHADA""], ""method"": ""IDW p=2; até 6 estações; raio máximo 300 km""}}","{""organization"": ""INMET"", ""dataset"": ""Dados Históricos Anuais - estações automáticas"", ""version"": ""2024"", ""retrieved_at"": ""2026-10-01"", ""reference_url"": ""https://portal.inmet.gov.br/uploads/dadoshistoricos/2024.zip"", ""method"": ""agregação anual observada por estação + IDW municipal em EPSG:31985; p=2; 3-6 estações; raio <=300 km; controle mínimo de completude"", ""verified"": true}"
2611804,2024,24.71105937473225,204.86657242551738,"{""temperatura_media_c"": {""n_estacoes"": 4, ""nearest_distance_km"": 28.53, ""max_distance_km"": 186.37, ""stations"": [""PALMARES"", ""CARUARU"", ""GARANHUNS"", ""ARCO VERDE""], ""method"": ""IDW p=2; até 6 estações; raio máximo 300 km""}, ""precipitacao_anual_mm"": {""n_estacoes"": 5, ""nearest_distance_km"": 28.53, ""max_distance_km"": 258.61, ""stations"": [""PALMARES"", ""CARUARU"", ""SURUBIM"", ""ARCO VERDE"", ""IBIMIRIM""], ""method"": ""IDW p=2; até 6 estações; raio máximo 300 km""}}","{""organization"": ""INMET"", ""dataset"": ""Dados Históricos Anuais - estações automáticas"", ""version"": ""2024"", ""retrieved_at"": ""2026-10-01"", ""reference_url"": ""https://portal.inmet.gov.br/uploads/dadoshistoricos/2024.zip"", ""method"": ""agregação anual observada por estação + IDW municipal em EPSG:31985; p=2; 3-6 estações; raio <=300 km; controle mínimo de completude"", ""verified"": true}"
2611903,2024,24.60392501639749,210.36237834576397,"{""temperatura_media_c"": {""n_estacoes"": 4, ""nearest_distance_km"": 38.54, ""max_distance_km"": 204.26, ""stations"": [""PALMARES"", ""CARUARU"", ""GARANHUNS"", ""ARCO VERDE""], ""method"": ""IDW p=2; até 6 estações; raio máximo 300 km""}, ""precipitacao_anual_mm"": {""n_estacoes"": 5, ""nearest_distance_km"": 38.54, ""max_distance_km"": 275.5, ""stations"": [""PALMARES"", ""CARUARU"", ""SURUBIM"", ""ARCO VERDE"", ""IBIMIRIM""], ""method"": ""IDW p=2; até 6 estações; raio máximo 300 km""}}","{""organization"": ""INMET"", ""dataset"": ""Dados Históricos Anuais - estações automáticas"", ""version"": ""2024"", ""retrieved_at"": ""2026-10-01"", ""reference_url"": ""https://portal.inmet.gov.br/uploads/dadoshistoricos/2024.zip"", ""method"": ""agregação anual observada por estação + IDW municipal em EPSG:31985; p=2; 3-6 estações; raio <=300 km; controle mínimo de completude"", ""verified"": true}"
2612000,2024,23.165452054263657,205.22701798429756,"{""temperatura_media_c"": {""n_estacoes"": 5, ""nearest_distance_km"": 38.53, ""max_distance_km"": 290.88, ""stations"": [""CARUARU"", ""PALMARES"", ""GARANHUNS"", ""ARCO VERDE"", ""SERRA TALHADA""], ""method"": ""IDW p=2; até 6 estações; raio máximo 300 km""}, ""precipitacao_anual_mm"": {""n_estacoes"": 6, ""nearest_distance_km"": 38.53, ""max_distance_km"": 290.88, ""stations"": [""CARUARU"", ""PALMARES"", ""SURUBIM"", ""ARCO VERDE"", ""IBIMIRIM"", ""SERRA TALHADA""], ""method"": ""IDW p=2; até 6 estações; raio máximo 300 km""}}","{""organization"": ""INMET"", ""dataset"": ""Dados Históricos Anuais - estações automáticas"", ""version"": ""2024"", ""retrieved_at"": ""2026-10-01"", ""reference_url"": ""https://portal.inmet.gov.br/uploads/dadoshistoricos/2024.zip"", ""method"": ""agregação anual observada por estação + IDW municipal em EPSG:31985; p=2; 3-6 estações; raio <=300 km; controle mínimo de completude"", ""verified"": true}"
2612109,2024,23.034581726851435,308.7745464093415,"{""temperatura_media_c"": {""n_estacoes"": 5, ""nearest_distance_km"": 69.05, ""max_distance_km"": 298.47, ""stations"": [""CARUARU"", ""PALMARES"", ""GARANHUNS"", ""ARCO VERDE"", ""SERRA TALHADA""], ""method"": ""IDW p=2; até 6 estações; raio máximo 300 km""}, ""precipitacao_anual_mm"": {""n_estacoes"": 6, ""nearest_distance_km"": 24.39, ""max_distance_km"": 298.47, ""stations"": [""SURUBIM"", ""CARUARU"", ""PALMARES"", ""ARCO VERDE"", ""IBIMIRIM"", ""SERRA TALHADA""], ""method"": ""IDW p=2; até 6 estações; raio máximo 300 km""}}","{""organization"": ""INMET"", ""dataset"": ""Dados Históricos Anuais - estações automáticas"", ""version"": ""2024"", ""retrieved_at"": ""2026-10-01"", ""reference_url"": ""https://portal.inmet.gov.br/uploads/dadoshistoricos/2024.zip"", ""method"": ""agregação anual observada por estação + IDW municipal em EPSG:31985; p=2; 3-6 estações; raio <=300 km; controle mínimo de completude"", ""verified"": true}"
2612208,2024,27.267434757788976,385.3063520190912,"{""temperatura_media_c"": {""n_estacoes"": 6, ""nearest_distance_km"": 7.93, ""max_distance_km"": 227.43, ""stations"": [""SALGUEIRO"", ""CABROBO"", ""FLORESTA"", ""SERRA TALHADA"", ""OURICURI"", ""ARCO VERDE""], ""method"": ""IDW p=2; até 6 estações; raio máximo 300 km""}, ""precipitacao_anual_mm"": {""n_estacoes"": 6, ""nearest_distance_km"": 7.93, ""max_distance_km"": 158.17, ""stations"": [""SALGUEIRO"", ""CABROBO"", ""FLORESTA"", ""SERRA TALHADA"", ""OURICURI"", ""IBIMIRIM""], ""method"": ""IDW p=2; até 6 estações; raio máximo 300 km""}}","{""organization"": ""INMET"", ""dataset"": ""Dados Históricos Anuais - estações automáticas"", ""version"": ""2024"", ""retrieved_at"": ""2026-10-01"", ""reference_url"": ""https://portal.inmet.gov.br/uploads/dadoshistoricos/2024.zip"", ""method"": ""agregação anual observada por estação + IDW municipal em EPSG:31985; p=2; 3-6 estações; raio <=300 km; controle mínimo de completude"", ""verified"": true}"
2612307,2024,22.41067885402851,457.498583928827,"{""temperatura_media_c"": {""n_estacoes"": 6, ""nearest_distance_km"": 28.49, ""max_distance_km"": 208.21, ""stations"": [""GARANHUNS"", ""ARCO VERDE"", ""CARUARU"", ""PALMARES"", ""SERRA TALHADA"", ""FLORESTA""], ""method"": ""IDW p=2; até 6 estações; raio máximo 300 km""}, ""precipitacao_anual_mm"": {""n_estacoes"": 6, ""nearest_distance_km"": 71.0, ""max_distance_km"": 206.76, ""stations"": [""ARCO VERDE"", ""CARUARU"", ""IBIMIRIM"", ""PALMARES"", ""SURUBIM"", ""SERRA TALHADA""], ""method"": ""IDW p=2; até 6 estações; raio máximo 300 km""}}","{""organization"": ""INMET"", ""dataset"": ""Dados Históricos Anuais - estações automáticas"", ""version"": ""2024"", ""retrieved_at"": ""2026-10-01"", ""reference_url"": ""https://portal.inmet.gov.br/uploads/dadoshistoricos/2024.zip"", ""method"": ""agregação anual observada por estação + IDW municipal em EPSG:31985; p=2; 3-6 estações; raio <=300 km; controle mínimo de completude"", ""verified"": true}"
2612406,2024,22.80044098732139,390.08721248018287,"{""temperatura_media_c"": {""n_estacoes"": 6, ""nearest_distance_km"": 56.34, ""max_distance_km"": 226.14, ""stations"": [""ARCO VERDE"", ""CARUARU"", ""GARANHUNS"", ""PALMARES"", ""SERRA TALHADA"", ""FLORESTA""], ""method"": ""IDW p=2; até 6 estações; raio máximo 300 km""}, ""precipitacao_anual_mm"": {""n_estacoes"": 6, ""nearest_distance_km"": 56.34, ""max_distance_km"": 198.16, ""stations"": [""ARCO VERDE"", ""CARUARU"", ""SURUBIM"", ""PALMARES"", ""IBIMIRIM"", ""SERRA TALHADA""], ""method"": ""IDW p=2; até 6 estações; raio máximo 300 km""}}","{""organization"": ""INMET"", ""dataset"": ""Dados Históricos Anuais - estações automáticas"", ""version"": ""2024"", ""retrieved_at"": ""2026-10-01"", ""reference_url"": ""https://portal.inmet.gov.br/uploads/dadoshistoricos/2024.zip"", ""method"": ""agregação anual observada por estação + IDW municipal em EPSG:31985; p=2; 3-6 estações; raio <=300 km; controle mínimo de completude"", ""verified"": true}"
2612455,2024,27.147906996033605,551.4201219836023,"{""temperatura_media_c"": {""n_estacoes"": 5, ""nearest_distance_km"": 50.31, ""max_distance_km"": 225.61, ""stations"": [""OURICURI"", ""CABROBO"", ""SALGUEIRO"", ""FLORESTA"", ""SERRA TALHADA""], ""method"": ""IDW p=2; até 6 estações; raio máximo 300 km""}, ""precipitacao_anual_mm"": {""n_estacoes"": 6, ""nearest_distance_km"": 50.31, ""max_distance_km"": 225.61, ""stations"": [""OURICURI"", ""CABROBO"", ""PETROLINA"", ""SALGUEIRO"", ""FLORESTA"", ""SERRA TALHADA""], ""method"": ""IDW p=2; até 6 estações; raio máximo 300 km""}}","{""organization"": ""INMET"", ""dataset"": ""Dados Históricos Anuais - estações automáticas"", ""version"": ""2024"", ""retrieved_at"": ""2026-10-01"", ""reference_url"": ""https://portal.inmet.gov.br/uploads/dadoshistoricos/2024.zip"", ""method"": ""agregação anual observada por estação + IDW municipal em EPSG:31985; p=2; 3-6 estações; raio <=300 km; controle mínimo de completude"", ""verified"": true}"
2612471,2024,25.90256955376262,732.9005844060241,"{""temperatura_media_c"": {""n_estacoes"": 6, ""nearest_distance_km"": 17.59, ""max_distance_km"": 213.69, ""stations"": [""SERRA TALHADA"", ""FLORESTA"", ""SALGUEIRO"", ""ARCO VERDE"", ""CABROBO"", ""OURICURI""], ""method"": ""IDW p=2; até 6 estações; raio máximo 300 km""}, ""precipitacao_anual_mm"": {""n_estacoes"": 6, ""nearest_distance_km"": 17.59, ""max_distance_km"": 145.6, ""stations"": [""SERRA TALHADA"", ""IBIMIRIM"", ""FLORESTA"", ""SALGUEIRO"", ""ARCO VERDE"", ""CABROBO""], ""method"": ""IDW p=2; até 6 estações; raio máximo 300 km""}}","{""organization"": ""INMET"", ""dataset"": ""Dados Históricos Anuais - estações automáticas"", ""version"": ""2024"", ""retrieved_at"": ""2026-10-01"", ""reference_url"": ""https://portal.inmet.gov.br/uploads/dadoshistoricos/2024.zip"", ""method"": ""agregação anual observada por estação + IDW municipal em EPSG:31985; p=2; 3-6 estações; raio <=300 km; controle mínimo de completude"", ""verified"": true}"
2612505,2024,22.74942672380384,304.51868868591,"{""temperatura_media_c"": {""n_estacoes"": 6, ""nearest_distance_km"": 62.03, ""max_distance_km"": 261.63, ""stations"": [""CARUARU"", ""ARCO VERDE"", ""GARANHUNS"", ""PALMARES"", ""SERRA TALHADA"", ""FLORESTA""], ""method"": ""IDW p=2; até 6 estações; raio máximo 300 km""}, ""precipitacao_anual_mm"": {""n_estacoes"": 6, ""nearest_distance_km"": 58.13, ""max_distance_km"": 217.84, ""stations"": [""SURUBIM"", ""CARUARU"", ""ARCO VERDE"", ""PALMARES"", ""IBIMIRIM"", ""SERRA TALHADA""], ""method"": ""IDW p=2; até 6 estações; raio máximo 300 km""}}","{""organization"": ""INMET"", ""dataset"": ""Dados Históricos Anuais - estações automáticas"", ""version"": ""2024"", ""retrieved_at"": ""2026-10-01"", ""reference_url"": ""https://portal.inmet.gov.br/uploads/dadoshistoricos/2024.zip"", ""method"": ""agregação anual observada por estação + IDW municipal em EPSG:31985; p=2; 3-6 estações; raio <=300 km; controle mínimo de completude"", ""verified"": true}"
2612554,2024,27.140072069339286,529.059097376018,"{""temperatura_media_c"": {""n_estacoes"": 5, ""nearest_distance_km"": 64.25, ""max_distance_km"": 254.17, ""stations"": [""OURICURI"", ""CABROBO"", ""SALGUEIRO"", ""FLORESTA"", ""SERRA TALHADA""], ""method"": ""IDW p=2; até 6 estações; raio máximo 300 km""}, ""precipitacao_anual_mm"": {""n_estacoes"": 6, ""nearest_distance_km"": 64.25, ""max_distance_km"": 254.17, ""stations"": [""OURICURI"", ""PETROLINA"", ""CABROBO"", ""SALGUEIRO"", ""FLORESTA"", ""SERRA TALHADA""], ""method"": ""IDW p=2; até 6 estações; raio máximo 300 km""}}","{""organization"": ""INMET"", ""dataset"": ""Dados Históricos Anuais - estações automáticas"", ""version"": ""2024"", ""retrieved_at"": ""2026-10-01"", ""reference_url"": ""https://portal.inmet.gov.br/uploads/dadoshistoricos/2024.zip"", ""method"": ""agregação anual observada por estação + IDW municipal em EPSG:31985; p=2; 3-6 estações; raio <=300 km; controle mínimo de completude"", ""verified"": true}"
2612604,2024,27.315719177091555,471.6607499306503,"{""temperatura_media_c"": {""n_estacoes"": 5, ""nearest_distance_km"": 67.82, ""max_distance_km"": 194.42, ""stations"": [""CABROBO"", ""OURICURI"", ""SALGUEIRO"", ""FLORESTA"", ""SERRA TALHADA""], ""method"": ""IDW p=2; até 6 estações; raio máximo 300 km""}, ""precipitacao_anual_mm"": {""n_estacoes"": 6, ""nearest_distance_km"": 67.82, ""max_distance_km"": 194.42, ""stations"": [""CABROBO"", ""OURICURI"", ""PETROLINA"", ""SALGUEIRO"", ""FLORESTA"", ""SERRA TALHADA""], ""method"": ""IDW p=2; até 6 estações; raio máximo 300 km""}}","{""organization"": ""INMET"", ""dataset"": ""Dados Históricos Anuais - estações automáticas"", ""version"": ""2024"", ""retrieved_at"": ""2026-10-01"", ""reference_url"": ""https://portal.inmet.gov.br/uploads/dadoshistoricos/2024.zip"", ""method"": ""agregação anual observada por estação + IDW municipal em EPSG:31985; p=2; 3-6 estações; raio <=300 km; controle mínimo de completude"", ""verified"": true}"
2612703,2024,22.66680900717156,328.75298988503306,"{""temperatura_media_c"": {""n_estacoes"": 5, ""nearest_distance_km"": 61.95, ""max_distance_km"": 266.96, ""stations"": [""CARUARU"", ""PALMARES"", ""GARANHUNS"", ""ARCO VERDE"", ""SERRA TALHADA""], ""method"": ""IDW p=2; até 6 estações; raio máximo 300 km""}, ""precipitacao_anual_mm"": {""n_estacoes"": 6, ""nearest_distance_km"": 9.18, ""max_distance_km"": 266.96, ""stations"": [""SURUBIM"", ""CARUARU"", ""PALMARES"", ""ARCO VERDE"", ""IBIMIRIM"", ""SERRA TALHADA""], ""method"": ""IDW p=2; até 6 estações; raio máximo 300 km""}}","{""organization"": ""INMET"", ""dataset"": ""Dados Históricos Anuais - estações automáticas"", ""version"": ""2024"", ""retrieved_at"": ""2026-10-01"", ""reference_url"": ""https://portal.inmet.gov.br/uploads/dadoshistoricos/2024.zip"", ""method"": ""agregação anual observada por estação + IDW municipal em EPSG:31985; p=2; 3-6 estações; raio <=300 km; controle mínimo de completude"", ""verified"": true}"
2612802,2024,24.7065288160737,552.1147414940089,"{""temperatura_media_c"": {""n_estacoes"": 6, ""nearest_distance_km"": 111.37, ""max_distance_km"": 196.53, ""stations"": [""SERRA TALHADA"", ""ARCO VERDE"", ""FLORESTA"", ""CARUARU"", ""GARANHUNS"", ""SALGUEIRO""], ""method"": ""IDW p=2; até 6 estações; raio máximo 300 km""}, ""precipitacao_anual_mm"": {""n_estacoes"": 6, ""nearest_distance_km"": 111.37, ""max_distance_km"": 186.87, ""stations"": [""SERRA TALHADA"", ""ARCO VERDE"", ""IBIMIRIM"", ""FLORESTA"", ""SURUBIM"", ""CARUARU""], ""method"": ""IDW p=2; até 6 estações; raio máximo 300 km""}}","{""organization"": ""INMET"", ""dataset"": ""Dados Históricos Anuais - estações automáticas"", ""version"": ""2024"", ""retrieved_at"": ""2026-10-01"", ""reference_url"": ""https://portal.inmet.gov.br/uploads/dadoshistoricos/2024.zip"", ""method"": ""agregação anual observada por estação + IDW municipal em EPSG:31985; p=2; 3-6 estações; raio <=300 km; controle mínimo de completude"", ""verified"": true}"
2612901,2024,23.542144352689338,207.59382947957297,"{""temperatura_media_c"": {""n_estacoes"": 6, ""nearest_distance_km"": 40.49, ""max_distance_km"": 296.27, ""stations"": [""PALMARES"", ""CARUARU"", ""GARANHUNS"", ""ARCO VERDE"", ""SERRA TALHADA"", ""FLORESTA""], ""method"": ""IDW p=2; até 6 estações; raio máximo 300 km""}, ""precipitacao_anual_mm"": {""n_estacoes"": 6, ""nearest_distance_km"": 40.49, ""max_distance_km"": 280.14, ""stations"": [""PALMARES"", ""CARUARU"", ""SURUBIM"", ""ARCO VERDE"", ""IBIMIRIM"", ""SERRA TALHADA""], ""method"": ""IDW p=2; até 6 estações; raio máximo 300 km""}}","{""organization"": ""INMET"", ""dataset"": ""Dados Históricos Anuais - estações automáticas"", ""version"": ""2024"", ""retrieved_at"": ""2026-10-01"", ""reference_url"": ""https://portal.inmet.gov.br/uploads/dadoshistoricos/2024.zip"", ""method"": ""agregação anual observada por estação + IDW municipal em EPSG:31985; p=2; 3-6 estações; raio <=300 km; controle mínimo de completude"", ""verified"": true}"
2613008,2024,22.491781296421753,318.2755330616195,"{""temperatura_media_c"": {""n_estacoes"": 6, ""nearest_distance_km"": 41.79, ""max_distance_km"": 235.61, ""stations"": [""GARANHUNS"", ""CARUARU"", ""ARCO VERDE"", ""PALMARES"", ""SERRA TALHADA"", ""FLORESTA""], ""method"": ""IDW p=2; até 6 estações; raio máximo 300 km""}, ""precipitacao_anual_mm"": {""n_estacoes"": 6, ""nearest_distance_km"": 50.25, ""max_distance_km"": 213.68, ""stations"": [""CARUARU"", ""ARCO VERDE"", ""PALMARES"", ""SURUBIM"", ""IBIMIRIM"", ""SERRA TALHADA""], ""method"": ""IDW p=2; até 6 estações; raio máximo 300 km""}}","{""organization"": ""INMET"", ""dataset"": ""Dados Históricos Anuais - estações automáticas"", ""version"": ""2024"", ""retrieved_at"": ""2026-10-01"", ""reference_url"": ""https://portal.inmet.gov.br/uploads/dadoshistoricos/2024.zip"", ""method"": ""agregação anual observada por estação + IDW municipal em EPSG:31985; p=2; 3-6 estações; raio <=300 km; controle mínimo de completude"", ""verified"": true}"
2613107,2024,21.62369003193669,126.113510542796,"{""temperatura_media_c"": {""n_estacoes"": 6, ""nearest_distance_km"": 13.8, ""max_distance_km"": 270.6, ""stations"": [""CARUARU"", ""PALMARES"", ""GARANHUNS"", ""ARCO VERDE"", ""SERRA TALHADA"", ""FLORESTA""], ""method"": ""IDW p=2; até 6 estações; raio máximo 300 km""}, ""precipitacao_anual_mm"": {""n_estacoes"": 6, ""nearest_distance_km"": 13.8, ""max_distance_km"": 240.77, ""stations"": [""CARUARU"", ""SURUBIM"", ""PALMARES"", ""ARCO VERDE"", ""IBIMIRIM"", ""SERRA TALHADA""], ""method"": ""IDW p=2; até 6 estações; raio máximo 300 km""}}","{""organization"": ""INMET"", ""dataset"": ""Dados Históricos Anuais - estações automáticas"", ""version"": ""2024"", ""retrieved_at"": ""2026-10-01"", ""reference_url"": ""https://portal.inmet.gov.br/uploads/dadoshistoricos/2024.zip"", ""method"": ""agregação anual observada por estação + IDW municipal em EPSG:31985; p=2; 3-6 estações; raio <=300 km; controle mínimo de completude"", ""verified"": true}"
2613206,2024,22.09309315135837,317.4415490326737,"{""temperatura_media_c"": {""n_estacoes"": 6, ""nearest_distance_km"": 13.2, ""max_distance_km"": 245.44, ""stations"": [""GARANHUNS"", ""CARUARU"", ""ARCO VERDE"", ""PALMARES"", ""SERRA TALHADA"", ""FLORESTA""], ""method"": ""IDW p=2; até 6 estações; raio máximo 300 km""}, ""precipitacao_anual_mm"": {""n_estacoes"": 6, ""nearest_distance_km"": 68.77, ""max_distance_km"": 235.25, ""stations"": [""CARUARU"", ""ARCO VERDE"", ""PALMARES"", ""SURUBIM"", ""IBIMIRIM"", ""SERRA TALHADA""], ""method"": ""IDW p=2; até 6 estações; raio máximo 300 km""}}","{""organization"": ""INMET"", ""dataset"": ""Dados Históricos Anuais - estações automáticas"", ""version"": ""2024"", ""retrieved_at"": ""2026-10-01"", ""reference_url"": ""https://portal.inmet.gov.br/uploads/dadoshistoricos/2024.zip"", ""method"": ""agregação anual observada por estação + IDW municipal em EPSG:31985; p=2; 3-6 estações; raio <=300 km; controle mínimo de completude"", ""verified"": true}"
2613305,2024,22.46023855411533,155.8023098562266,"{""temperatura_media_c"": {""n_estacoes"": 5, ""nearest_distance_km"": 22.75, ""max_distance_km"": 276.43, ""stations"": [""CARUARU"", ""PALMARES"", ""GARANHUNS"", ""ARCO VERDE"", ""SERRA TALHADA""], ""method"": ""IDW p=2; até 6 estações; raio máximo 300 km""}, ""precipitacao_anual_mm"": {""n_estacoes"": 6, ""nearest_distance_km"": 22.75, ""max_distance_km"": 276.43, ""stations"": [""CARUARU"", ""PALMARES"", ""SURUBIM"", ""ARCO VERDE"", ""IBIMIRIM"", ""SERRA TALHADA""], ""method"": ""IDW p=2; até 6 estações; raio máximo 300 km""}}","{""organization"": ""INMET"", ""dataset"": ""Dados Históricos Anuais - estações automáticas"", ""version"": ""2024"", ""retrieved_at"": ""2026-10-01"", ""reference_url"": ""https://portal.inmet.gov.br/uploads/dadoshistoricos/2024.zip"", ""method"": ""agregação anual observada por estação + IDW municipal em EPSG:31985; p=2; 3-6 estações; raio <=300 km; controle mínimo de completude"", ""verified"": true}"
2613404,2024,24.45099302025352,215.46378717648255,"{""temperatura_media_c"": {""n_estacoes"": 4, ""nearest_distance_km"": 47.54, ""max_distance_km"": 211.56, ""stations"": [""PALMARES"", ""CARUARU"", ""GARANHUNS"", ""ARCO VERDE""], ""method"": ""IDW p=2; até 6 estações; raio máximo 300 km""}, ""precipitacao_anual_mm"": {""n_estacoes"": 5, ""nearest_distance_km"": 47.54, ""max_distance_km"": 281.23, ""stations"": [""PALMARES"", ""CARUARU"", ""SURUBIM"", ""ARCO VERDE"", ""IBIMIRIM""], ""method"": ""IDW p=2; até 6 estações; raio máximo 300 km""}}","{""organization"": ""INMET"", ""dataset"": ""Dados Históricos Anuais - estações automáticas"", ""version"": ""2024"", ""retrieved_at"": ""2026-10-01"", ""reference_url"": ""https://portal.inmet.gov.br/uploads/dadoshistoricos/2024.zip"", ""method"": ""agregação anual observada por estação + IDW municipal em EPSG:31985; p=2; 3-6 estações; raio <=300 km; controle mínimo de completude"", ""verified"": true}"
2613503,2024,26.784129956845707,542.3172787095663,"{""temperatura_media_c"": {""n_estacoes"": 6, ""nearest_distance_km"": 44.32, ""max_distance_km"": 197.2, ""stations"": [""SALGUEIRO"", ""SERRA TALHADA"", ""FLORESTA"", ""CABROBO"", ""OURICURI"", ""ARCO VERDE""], ""method"": ""IDW p=2; até 6 estações; raio máximo 300 km""}, ""precipitacao_anual_mm"": {""n_estacoes"": 6, ""nearest_distance_km"": 44.32, ""max_distance_km"": 150.55, ""stations"": [""SALGUEIRO"", ""SERRA TALHADA"", ""FLORESTA"", ""CABROBO"", ""IBIMIRIM"", ""OURICURI""], ""method"": ""IDW p=2; até 6 estações; raio máximo 300 km""}}","{""organization"": ""INMET"", ""dataset"": ""Dados Históricos Anuais - estações automáticas"", ""version"": ""2024"", ""retrieved_at"": ""2026-10-01"", ""reference_url"": ""https://portal.inmet.gov.br/uploads/dadoshistoricos/2024.zip"", ""method"": ""agregação anual observada por estação + IDW municipal em EPSG:31985; p=2; 3-6 estações; raio <=300 km; controle mínimo de completude"", ""verified"": true}"
2613602,2024,24.36911800781573,535.7022431268588,"{""temperatura_media_c"": {""n_estacoes"": 6, ""nearest_distance_km"": 103.43, ""max_distance_km"": 210.3, ""stations"": [""ARCO VERDE"", ""SERRA TALHADA"", ""CARUARU"", ""GARANHUNS"", ""FLORESTA"", ""SALGUEIRO""], ""method"": ""IDW p=2; até 6 estações; raio máximo 300 km""}, ""precipitacao_anual_mm"": {""n_estacoes"": 6, ""nearest_distance_km"": 103.43, ""max_distance_km"": 187.61, ""stations"": [""ARCO VERDE"", ""IBIMIRIM"", ""SERRA TALHADA"", ""CARUARU"", ""SURUBIM"", ""FLORESTA""], ""method"": ""IDW p=2; até 6 estações; raio máximo 300 km""}}","{""organization"": ""INMET"", ""dataset"": ""Dados Históricos Anuais - estações automáticas"", ""version"": ""2024"", ""retrieved_at"": ""2026-10-01"", ""reference_url"": ""https://portal.inmet.gov.br/uploads/dadoshistoricos/2024.zip"", ""method"": ""agregação anual observada por estação + IDW municipal em EPSG:31985; p=2; 3-6 estações; raio <=300 km; controle mínimo de completude"", ""verified"": true}"
2613701,2024,23.58099634735677,260.1135280970676,"{""temperatura_media_c"": {""n_estacoes"": 4, ""nearest_distance_km"": 87.66, ""max_distance_km"": 219.99, ""stations"": [""PALMARES"", ""CARUARU"", ""GARANHUNS"", ""ARCO VERDE""], ""method"": ""IDW p=2; até 6 estações; raio máximo 300 km""}, ""precipitacao_anual_mm"": {""n_estacoes"": 5, ""nearest_distance_km"": 79.53, ""max_distance_km"": 292.69, ""stations"": [""SURUBIM"", ""PALMARES"", ""CARUARU"", ""ARCO VERDE"", ""IBIMIRIM""], ""method"": ""IDW p=2; até 6 estações; raio máximo 300 km""}}","{""organization"": ""INMET"", ""dataset"": ""Dados Históricos Anuais - estações automáticas"", ""version"": ""2024"", ""retrieved_at"": ""2026-10-01"", ""reference_url"": ""https://portal.inmet.gov.br/uploads/dadoshistoricos/2024.zip"", ""method"": ""agregação anual observada por estação + IDW municipal em EPSG:31985; p=2; 3-6 estações; raio <=300 km; controle mínimo de completude"", ""verified"": true}"
2613800,2024,23.029285131100895,304.1811030068408,"{""temperatura_media_c"": {""n_estacoes"": 4, ""nearest_distance_km"": 102.9, ""max_distance_km"": 195.59, ""stations"": [""CARUARU"", ""PALMARES"", ""GARANHUNS"", ""ARCO VERDE""], ""method"": ""IDW p=2; até 6 estações; raio máximo 300 km""}, ""precipitacao_anual_mm"": {""n_estacoes"": 5, ""nearest_distance_km"": 42.99, ""max_distance_km"": 264.91, ""stations"": [""SURUBIM"", ""CARUARU"", ""PALMARES"", ""ARCO VERDE"", ""IBIMIRIM""], ""method"": ""IDW p=2; até 6 estações; raio máximo 300 km""}}","{""organization"": ""INMET"", ""dataset"": ""Dados Históricos Anuais - estações automáticas"", ""version"": ""2024"", ""retrieved_at"": ""2026-10-01"", ""reference_url"": ""https://portal.inmet.gov.br/uploads/dadoshistoricos/2024.zip"", ""method"": ""agregação anual observada por estação + IDW municipal em EPSG:31985; p=2; 3-6 estações; raio <=300 km; controle mínimo de completude"", ""verified"": true}"
2613909,2024,25.9059385899072,741.6236300732133,"{""temperatura_media_c"": {""n_estacoes"": 6, ""nearest_distance_km"": 12.29, ""max_distance_km"": 192.85, ""stations"": [""SERRA TALHADA"", ""FLORESTA"", ""SALGUEIRO"", ""CABROBO"", ""ARCO VERDE"", ""OURICURI""], ""method"": ""IDW p=2; até 6 estações; raio máximo 300 km""}, ""precipitacao_anual_mm"": {""n_estacoes"": 6, ""nearest_distance_km"": 12.29, ""max_distance_km"": 151.78, ""stations"": [""SERRA TALHADA"", ""FLORESTA"", ""SALGUEIRO"", ""IBIMIRIM"", ""CABROBO"", ""ARCO VERDE""], ""method"": ""IDW p=2; até 6 estações; raio máximo 300 km""}}","{""organization"": ""INMET"", ""dataset"": ""Dados Históricos Anuais - estações automáticas"", ""version"": ""2024"", ""retrieved_at"": ""2026-10-01"", ""reference_url"": ""https://portal.inmet.gov.br/uploads/dadoshistoricos/2024.zip"", ""method"": ""agregação anual observada por estação + IDW municipal em EPSG:31985; p=2; 3-6 estações; raio <=300 km; controle mínimo de completude"", ""verified"": true}"
2614006,2024,27.184589646321047,468.48368434889545,"{""temperatura_media_c"": {""n_estacoes"": 6, ""nearest_distance_km"": 39.2, ""max_distance_km"": 265.34, ""stations"": [""SALGUEIRO"", ""CABROBO"", ""OURICURI"", ""SERRA TALHADA"", ""FLORESTA"", ""ARCO VERDE""], ""method"": ""IDW p=2; até 6 estações; raio máximo 300 km""}, ""precipitacao_anual_mm"": {""n_estacoes"": 6, ""nearest_distance_km"": 39.2, ""max_distance_km"": 198.79, ""stations"": [""SALGUEIRO"", ""CABROBO"", ""OURICURI"", ""SERRA TALHADA"", ""FLORESTA"", ""IBIMIRIM""], ""method"": ""IDW p=2; até 6 estações; raio máximo 300 km""}}","{""organization"": ""INMET"", ""dataset"": ""Dados Históricos Anuais - estações automáticas"", ""version"": ""2024"", ""retrieved_at"": ""2026-10-01"", ""reference_url"": ""https://portal.inmet.gov.br/uploads/dadoshistoricos/2024.zip"", ""method"": ""agregação anual observada por estação + IDW municipal em EPSG:31985; p=2; 3-6 estações; raio <=300 km; controle mínimo de completude"", ""verified"": true}"
2614105,2024,23.924581923124997,580.1351439786944,"{""temperatura_media_c"": {""n_estacoes"": 6, ""nearest_distance_km"": 39.72, ""max_distance_km"": 195.31, ""stations"": [""ARCO VERDE"", ""SERRA TALHADA"", ""GARANHUNS"", ""FLORESTA"", ""CARUARU"", ""SALGUEIRO""], ""method"": ""IDW p=2; até 6 estações; raio máximo 300 km""}, ""precipitacao_anual_mm"": {""n_estacoes"": 6, ""nearest_distance_km"": 39.72, ""max_distance_km"": 174.49, ""stations"": [""ARCO VERDE"", ""IBIMIRIM"", ""SERRA TALHADA"", ""FLORESTA"", ""CARUARU"", ""SURUBIM""], ""method"": ""IDW p=2; até 6 estações; raio máximo 300 km""}}","{""organization"": ""INMET"", ""dataset"": ""Dados Históricos Anuais - estações automáticas"", ""version"": ""2024"", ""retrieved_at"": ""2026-10-01"", ""reference_url"": ""https://portal.inmet.gov.br/uploads/dadoshistoricos/2024.zip"", ""method"": ""agregação anual observada por estação + IDW municipal em EPSG:31985; p=2; 3-6 estações; raio <=300 km; controle mínimo de completude"", ""verified"": true}"
2614204,2024,24.444329261709353,215.9629480586863,"{""temperatura_media_c"": {""n_estacoes"": 4, ""nearest_distance_km"": 44.85, ""max_distance_km"": 208.17, ""stations"": [""PALMARES"", ""CARUARU"", ""GARANHUNS"", ""ARCO VERDE""], ""method"": ""IDW p=2; até 6 estações; raio máximo 300 km""}, ""precipitacao_anual_mm"": {""n_estacoes"": 5, ""nearest_distance_km"": 44.85, ""max_distance_km"": 280.08, ""stations"": [""PALMARES"", ""CARUARU"", ""SURUBIM"", ""ARCO VERDE"", ""IBIMIRIM""], ""method"": ""IDW p=2; até 6 estações; raio máximo 300 km""}}","{""organization"": ""INMET"", ""dataset"": ""Dados Históricos Anuais - estações automáticas"", ""version"": ""2024"", ""retrieved_at"": ""2026-10-01"", ""reference_url"": ""https://portal.inmet.gov.br/uploads/dadoshistoricos/2024.zip"", ""method"": ""agregação anual observada por estação + IDW municipal em EPSG:31985; p=2; 3-6 estações; raio <=300 km; controle mínimo de completude"", ""verified"": true}"
2614303,2024,27.09211886301226,529.1658074068224,"{""temperatura_media_c"": {""n_estacoes"": 6, ""nearest_distance_km"": 68.05, ""max_distance_km"": 287.63, ""stations"": [""SALGUEIRO"", ""OURICURI"", ""CABROBO"", ""SERRA TALHADA"", ""FLORESTA"", ""ARCO VERDE""], ""method"": ""IDW p=2; até 6 estações; raio máximo 300 km""}, ""precipitacao_anual_mm"": {""n_estacoes"": 6, ""nearest_distance_km"": 68.05, ""max_distance_km"": 223.6, ""stations"": [""SALGUEIRO"", ""OURICURI"", ""CABROBO"", ""SERRA TALHADA"", ""FLORESTA"", ""IBIMIRIM""], ""method"": ""IDW p=2; até 6 estações; raio máximo 300 km""}}","{""organization"": ""INMET"", ""dataset"": ""Dados Históricos Anuais - estações automáticas"", ""version"": ""2024"", ""retrieved_at"": ""2026-10-01"", ""reference_url"": ""https://portal.inmet.gov.br/uploads/dadoshistoricos/2024.zip"", ""method"": ""agregação anual observada por estação + IDW municipal em EPSG:31985; p=2; 3-6 estações; raio <=300 km; controle mínimo de completude"", ""verified"": true}"
2614402,2024,25.101322787010684,582.7611918612562,"{""temperatura_media_c"": {""n_estacoes"": 6, ""nearest_distance_km"": 82.18, ""max_distance_km"": 199.03, ""stations"": [""SERRA TALHADA"", ""ARCO VERDE"", ""FLORESTA"", ""SALGUEIRO"", ""GARANHUNS"", ""CARUARU""], ""method"": ""IDW p=2; até 6 estações; raio máximo 300 km""}, ""precipitacao_anual_mm"": {""n_estacoes"": 6, ""nearest_distance_km"": 82.18, ""max_distance_km"": 199.03, ""stations"": [""SERRA TALHADA"", ""IBIMIRIM"", ""ARCO VERDE"", ""FLORESTA"", ""SALGUEIRO"", ""CARUARU""], ""method"": ""IDW p=2; até 6 estações; raio máximo 300 km""}}","{""organization"": ""INMET"", ""dataset"": ""Dados Históricos Anuais - estações automáticas"", ""version"": ""2024"", ""retrieved_at"": ""2026-10-01"", ""reference_url"": ""https://portal.inmet.gov.br/uploads/dadoshistoricos/2024.zip"", ""method"": ""agregação anual observada por estação + IDW municipal em EPSG:31985; p=2; 3-6 estações; raio <=300 km; controle mínimo de completude"", ""verified"": true}"
2614501,2024,22.762183833871312,329.34583046286093,"{""temperatura_media_c"": {""n_estacoes"": 5, ""nearest_distance_km"": 60.48, ""max_distance_km"": 280.8, ""stations"": [""CARUARU"", ""PALMARES"", ""GARANHUNS"", ""ARCO VERDE"", ""SERRA TALHADA""], ""method"": ""IDW p=2; até 6 estações; raio máximo 300 km""}, ""precipitacao_anual_mm"": {""n_estacoes"": 6, ""nearest_distance_km"": 7.73, ""max_distance_km"": 280.8, ""stations"": [""SURUBIM"", ""CARUARU"", ""PALMARES"", ""ARCO VERDE"", ""IBIMIRIM"", ""SERRA TALHADA""], ""method"": ""IDW p=2; até 6 estações; raio máximo 300 km""}}","{""organization"": ""INMET"", ""dataset"": ""Dados Históricos Anuais - estações automáticas"", ""version"": ""2024"", ""retrieved_at"": ""2026-10-01"", ""reference_url"": ""https://portal.inmet.gov.br/uploads/dadoshistoricos/2024.zip"", ""method"": ""agregação anual observada por estação + IDW municipal em EPSG:31985; p=2; 3-6 estações; raio <=300 km; controle mínimo de completude"", ""verified"": true}"
2614600,2024,24.81693556322474,567.6191783263553,"{""temperatura_media_c"": {""n_estacoes"": 6, ""nearest_distance_km"": 96.08, ""max_distance_km"": 185.77, ""stations"": [""SERRA TALHADA"", ""ARCO VERDE"", ""FLORESTA"", ""SALGUEIRO"", ""GARANHUNS"", ""CARUARU""], ""method"": ""IDW p=2; até 6 estações; raio máximo 300 km""}, ""precipitacao_anual_mm"": {""n_estacoes"": 6, ""nearest_distance_km"": 96.08, ""max_distance_km"": 185.77, ""stations"": [""SERRA TALHADA"", ""IBIMIRIM"", ""ARCO VERDE"", ""FLORESTA"", ""SALGUEIRO"", ""CARUARU""], ""method"": ""IDW p=2; até 6 estações; raio máximo 300 km""}}","{""organization"": ""INMET"", ""dataset"": ""Dados Históricos Anuais - estações automáticas"", ""version"": ""2024"", ""retrieved_at"": ""2026-10-01"", ""reference_url"": ""https://portal.inmet.gov.br/uploads/dadoshistoricos/2024.zip"", ""method"": ""agregação anual observada por estação + IDW municipal em EPSG:31985; p=2; 3-6 estações; raio <=300 km; controle mínimo de completude"", ""verified"": true}"
2614709,2024,22.008887799016975,182.63414857409234,"{""temperatura_media_c"": {""n_estacoes"": 6, ""nearest_distance_km"": 26.73, ""max_distance_km"": 256.98, ""stations"": [""CARUARU"", ""GARANHUNS"", ""PALMARES"", ""ARCO VERDE"", ""SERRA TALHADA"", ""FLORESTA""], ""method"": ""IDW p=2; até 6 estações; raio máximo 300 km""}, ""precipitacao_anual_mm"": {""n_estacoes"": 6, ""nearest_distance_km"": 26.73, ""max_distance_km"": 227.9, ""stations"": [""CARUARU"", ""SURUBIM"", ""PALMARES"", ""ARCO VERDE"", ""IBIMIRIM"", ""SERRA TALHADA""], ""method"": ""IDW p=2; até 6 estações; raio máximo 300 km""}}","{""organization"": ""INMET"", ""dataset"": ""Dados Históricos Anuais - estações automáticas"", ""version"": ""2024"", ""retrieved_at"": ""2026-10-01"", ""reference_url"": ""https://portal.inmet.gov.br/uploads/dadoshistoricos/2024.zip"", ""method"": ""agregação anual observada por estação + IDW municipal em EPSG:31985; p=2; 3-6 estações; raio <=300 km; controle mínimo de completude"", ""verified"": true}"
2614808,2024,26.328393161853825,533.6132428625897,"{""temperatura_media_c"": {""n_estacoes"": 6, ""nearest_distance_km"": 68.72, ""max_distance_km"": 174.6, ""stations"": [""FLORESTA"", ""SERRA TALHADA"", ""ARCO VERDE"", ""CABROBO"", ""SALGUEIRO"", ""GARANHUNS""], ""method"": ""IDW p=2; até 6 estações; raio máximo 300 km""}, ""precipitacao_anual_mm"": {""n_estacoes"": 6, ""nearest_distance_km"": 63.92, ""max_distance_km"": 150.59, ""stations"": [""IBIMIRIM"", ""FLORESTA"", ""SERRA TALHADA"", ""ARCO VERDE"", ""CABROBO"", ""SALGUEIRO""], ""method"": ""IDW p=2; até 6 estações; raio máximo 300 km""}}","{""organization"": ""INMET"", ""dataset"": ""Dados Históricos Anuais - estações automáticas"", ""version"": ""2024"", ""retrieved_at"": ""2026-10-01"", ""reference_url"": ""https://portal.inmet.gov.br/uploads/dadoshistoricos/2024.zip"", ""method"": ""agregação anual observada por estação + IDW municipal em EPSG:31985; p=2; 3-6 estações; raio <=300 km; controle mínimo de completude"", ""verified"": true}"
2614857,2024,24.62329048199368,209.6651662501644,"{""temperatura_media_c"": {""n_estacoes"": 4, ""nearest_distance_km"": 38.23, ""max_distance_km"": 204.12, ""stations"": [""PALMARES"", ""CARUARU"", ""GARANHUNS"", ""ARCO VERDE""], ""method"": ""IDW p=2; até 6 estações; raio máximo 300 km""}, ""precipitacao_anual_mm"": {""n_estacoes"": 5, ""nearest_distance_km"": 38.23, ""max_distance_km"": 274.8, ""stations"": [""PALMARES"", ""CARUARU"", ""SURUBIM"", ""ARCO VERDE"", ""IBIMIRIM""], ""method"": ""IDW p=2; até 6 estações; raio máximo 300 km""}}","{""organization"": ""INMET"", ""dataset"": ""Dados Históricos Anuais - estações automáticas"", ""version"": ""2024"", ""retrieved_at"": ""2026-10-01"", ""reference_url"": ""https://portal.inmet.gov.br/uploads/dadoshistoricos/2024.zip"", ""method"": ""agregação anual observada por estação + IDW municipal em EPSG:31985; p=2; 3-6 estações; raio <=300 km; controle mínimo de completude"", ""verified"": true}"
2615003,2024,22.615841493235145,292.82164388296405,"{""temperatura_media_c"": {""n_estacoes"": 6, ""nearest_distance_km"": 56.04, ""max_distance_km"": 282.84, ""stations"": [""CARUARU"", ""PALMARES"", ""ARCO VERDE"", ""GARANHUNS"", ""SERRA TALHADA"", ""FLORESTA""], ""method"": ""IDW p=2; até 6 estações; raio máximo 300 km""}, ""precipitacao_anual_mm"": {""n_estacoes"": 6, ""nearest_distance_km"": 36.5, ""max_distance_km"": 239.42, ""stations"": [""SURUBIM"", ""CARUARU"", ""PALMARES"", ""ARCO VERDE"", ""IBIMIRIM"", ""SERRA TALHADA""], ""method"": ""IDW p=2; até 6 estações; raio máximo 300 km""}}","{""organization"": ""INMET"", ""dataset"": ""Dados Históricos Anuais - estações automáticas"", ""version"": ""2024"", ""retrieved_at"": ""2026-10-01"", ""reference_url"": ""https://portal.inmet.gov.br/uploads/dadoshistoricos/2024.zip"", ""method"": ""agregação anual observada por estação + IDW municipal em EPSG:31985; p=2; 3-6 estações; raio <=300 km; controle mínimo de completude"", ""verified"": true}"
2615102,2024,22.266697978513935,404.41477487609086,"{""temperatura_media_c"": {""n_estacoes"": 6, ""nearest_distance_km"": 23.88, ""max_distance_km"": 221.96, ""stations"": [""GARANHUNS"", ""ARCO VERDE"", ""CARUARU"", ""PALMARES"", ""FLORESTA"", ""SERRA TALHADA""], ""method"": ""IDW p=2; até 6 estações; raio máximo 300 km""}, ""precipitacao_anual_mm"": {""n_estacoes"": 6, ""nearest_distance_km"": 85.34, ""max_distance_km"": 221.93, ""stations"": [""ARCO VERDE"", ""CARUARU"", ""PALMARES"", ""IBIMIRIM"", ""SURUBIM"", ""FLORESTA""], ""method"": ""IDW p=2; até 6 estações; raio máximo 300 km""}}","{""organization"": ""INMET"", ""dataset"": ""Dados Históricos Anuais - estações automáticas"", ""version"": ""2024"", ""retrieved_at"": ""2026-10-01"", ""reference_url"": ""https://portal.inmet.gov.br/uploads/dadoshistoricos/2024.zip"", ""method"": ""agregação anual observada por estação + IDW municipal em EPSG:31985; p=2; 3-6 estações; raio <=300 km; controle mínimo de completude"", ""verified"": true}"
2615201,2024,27.31343429452843,460.5459704900521,"{""temperatura_media_c"": {""n_estacoes"": 6, ""nearest_distance_km"": 35.19, ""max_distance_km"": 260.77, ""stations"": [""SALGUEIRO"", ""CABROBO"", ""OURICURI"", ""FLORESTA"", ""SERRA TALHADA"", ""ARCO VERDE""], ""method"": ""IDW p=2; até 6 estações; raio máximo 300 km""}, ""precipitacao_anual_mm"": {""n_estacoes"": 6, ""nearest_distance_km"": 35.19, ""max_distance_km"": 185.31, ""stations"": [""SALGUEIRO"", ""CABROBO"", ""OURICURI"", ""FLORESTA"", ""SERRA TALHADA"", ""PETROLINA""], ""method"": ""IDW p=2; até 6 estações; raio máximo 300 km""}}","{""organization"": ""INMET"", ""dataset"": ""Dados Históricos Anuais - estações automáticas"", ""version"": ""2024"", ""retrieved_at"": ""2026-10-01"", ""reference_url"": ""https://portal.inmet.gov.br/uploads/dadoshistoricos/2024.zip"", ""method"": ""agregação anual observada por estação + IDW municipal em EPSG:31985; p=2; 3-6 estações; raio <=300 km; controle mínimo de completude"", ""verified"": true}"
2615300,2024,23.116971954670998,296.0518731331046,"{""temperatura_media_c"": {""n_estacoes"": 4, ""nearest_distance_km"": 119.14, ""max_distance_km"": 213.78, ""stations"": [""CARUARU"", ""PALMARES"", ""GARANHUNS"", ""ARCO VERDE""], ""method"": ""IDW p=2; até 6 estações; raio máximo 300 km""}, ""precipitacao_anual_mm"": {""n_estacoes"": 5, ""nearest_distance_km"": 60.94, ""max_distance_km"": 283.08, ""stations"": [""SURUBIM"", ""CARUARU"", ""PALMARES"", ""ARCO VERDE"", ""IBIMIRIM""], ""method"": ""IDW p=2; até 6 estações; raio máximo 300 km""}}","{""organization"": ""INMET"", ""dataset"": ""Dados Históricos Anuais - estações automáticas"", ""version"": ""2024"", ""retrieved_at"": ""2026-10-01"", ""reference_url"": ""https://portal.inmet.gov.br/uploads/dadoshistoricos/2024.zip"", ""method"": ""agregação anual observada por estação + IDW municipal em EPSG:31985; p=2; 3-6 estações; raio <=300 km; controle mínimo de completude"", ""verified"": true}"
2615409,2024,22.320945619432543,262.36262568301606,"{""temperatura_media_c"": {""n_estacoes"": 6, ""nearest_distance_km"": 40.66, ""max_distance_km"": 287.04, ""stations"": [""CARUARU"", ""PALMARES"", ""GARANHUNS"", ""ARCO VERDE"", ""SERRA TALHADA"", ""FLORESTA""], ""method"": ""IDW p=2; até 6 estações; raio máximo 300 km""}, ""precipitacao_anual_mm"": {""n_estacoes"": 6, ""nearest_distance_km"": 33.17, ""max_distance_km"": 247.49, ""stations"": [""SURUBIM"", ""CARUARU"", ""PALMARES"", ""ARCO VERDE"", ""IBIMIRIM"", ""SERRA TALHADA""], ""method"": ""IDW p=2; até 6 estações; raio máximo 300 km""}}","{""organization"": ""INMET"", ""dataset"": ""Dados Históricos Anuais - estações automáticas"", ""version"": ""2024"", ""retrieved_at"": ""2026-10-01"", ""reference_url"": ""https://portal.inmet.gov.br/uploads/dadoshistoricos/2024.zip"", ""method"": ""agregação anual observada por estação + IDW municipal em EPSG:31985; p=2; 3-6 estações; raio <=300 km; controle mínimo de completude"", ""verified"": true}"
2615508,2024,23.31900519731932,280.05913236049247,"{""temperatura_media_c"": {""n_estacoes"": 4, ""nearest_distance_km"": 109.91, ""max_distance_km"": 221.94, ""stations"": [""PALMARES"", ""CARUARU"", ""GARANHUNS"", ""ARCO VERDE""], ""method"": ""IDW p=2; até 6 estações; raio máximo 300 km""}, ""precipitacao_anual_mm"": {""n_estacoes"": 5, ""nearest_distance_km"": 71.18, ""max_distance_km"": 293.48, ""stations"": [""SURUBIM"", ""PALMARES"", ""CARUARU"", ""ARCO VERDE"", ""IBIMIRIM""], ""method"": ""IDW p=2; até 6 estações; raio máximo 300 km""}}","{""organization"": ""INMET"", ""dataset"": ""Dados Históricos Anuais - estações automáticas"", ""version"": ""2024"", ""retrieved_at"": ""2026-10-01"", ""reference_url"": ""https://portal.inmet.gov.br/uploads/dadoshistoricos/2024.zip"", ""method"": ""agregação anual observada por estação + IDW municipal em EPSG:31985; p=2; 3-6 estações; raio <=300 km; controle mínimo de completude"", ""verified"": true}"
2615607,2024,27.092834346315595,626.9191569229847,"{""temperatura_media_c"": {""n_estacoes"": 5, ""nearest_distance_km"": 27.68, ""max_distance_km"": 223.24, ""stations"": [""OURICURI"", ""SALGUEIRO"", ""CABROBO"", ""FLORESTA"", ""SERRA TALHADA""], ""method"": ""IDW p=2; até 6 estações; raio máximo 300 km""}, ""precipitacao_anual_mm"": {""n_estacoes"": 6, ""nearest_distance_km"": 27.68, ""max_distance_km"": 223.24, ""stations"": [""OURICURI"", ""SALGUEIRO"", ""CABROBO"", ""PETROLINA"", ""FLORESTA"", ""SERRA TALHADA""], ""method"": ""IDW p=2; até 6 estações; raio máximo 300 km""}}","{""organization"": ""INMET"", ""dataset"": ""Dados Históricos Anuais - estações automáticas"", ""version"": ""2024"", ""retrieved_at"": ""2026-10-01"", ""reference_url"": ""https://portal.inmet.gov.br/uploads/dadoshistoricos/2024.zip"", ""method"": ""agregação anual observada por estação + IDW municipal em EPSG:31985; p=2; 3-6 estações; raio <=300 km; controle mínimo de completude"", ""verified"": true}"
2615706,2024,25.894021095037427,698.6756257652933,"{""temperatura_media_c"": {""n_estacoes"": 6, ""nearest_distance_km"": 27.8, ""max_distance_km"": 209.77, ""stations"": [""SERRA TALHADA"", ""FLORESTA"", ""SALGUEIRO"", ""ARCO VERDE"", ""CABROBO"", ""GARANHUNS""], ""method"": ""IDW p=2; até 6 estações; raio máximo 300 km""}, ""precipitacao_anual_mm"": {""n_estacoes"": 6, ""nearest_distance_km"": 27.8, ""max_distance_km"": 156.15, ""stations"": [""SERRA TALHADA"", ""IBIMIRIM"", ""FLORESTA"", ""SALGUEIRO"", ""ARCO VERDE"", ""CABROBO""], ""method"": ""IDW p=2; até 6 estações; raio máximo 300 km""}}","{""organization"": ""INMET"", ""dataset"": ""Dados Históricos Anuais - estações automáticas"", ""version"": ""2024"", ""retrieved_at"": ""2026-10-01"", ""reference_url"": ""https://portal.inmet.gov.br/uploads/dadoshistoricos/2024.zip"", ""method"": ""agregação anual observada por estação + IDW municipal em EPSG:31985; p=2; 3-6 estações; raio <=300 km; controle mínimo de completude"", ""verified"": true}"
2615805,2024,23.690605513322506,581.1675412005578,"{""temperatura_media_c"": {""n_estacoes"": 6, ""nearest_distance_km"": 37.2, ""max_distance_km"": 188.71, ""stations"": [""ARCO VERDE"", ""GARANHUNS"", ""SERRA TALHADA"", ""CARUARU"", ""FLORESTA"", ""PALMARES""], ""method"": ""IDW p=2; até 6 estações; raio máximo 300 km""}, ""precipitacao_anual_mm"": {""n_estacoes"": 6, ""nearest_distance_km"": 37.2, ""max_distance_km"": 188.09, ""stations"": [""ARCO VERDE"", ""IBIMIRIM"", ""SERRA TALHADA"", ""CARUARU"", ""FLORESTA"", ""SURUBIM""], ""method"": ""IDW p=2; até 6 estações; raio máximo 300 km""}}","{""organization"": ""INMET"", ""dataset"": ""Dados Históricos Anuais - estações automáticas"", ""version"": ""2024"", ""retrieved_at"": ""2026-10-01"", ""reference_url"": ""https://portal.inmet.gov.br/uploads/dadoshistoricos/2024.zip"", ""method"": ""agregação anual observada por estação + IDW municipal em EPSG:31985; p=2; 3-6 estações; raio <=300 km; controle mínimo de completude"", ""verified"": true}"
2615904,2024,24.252708828444657,542.9001817677707,"{""temperatura_media_c"": {""n_estacoes"": 6, ""nearest_distance_km"": 85.95, ""max_distance_km"": 207.0, ""stations"": [""ARCO VERDE"", ""SERRA TALHADA"", ""CARUARU"", ""GARANHUNS"", ""FLORESTA"", ""SALGUEIRO""], ""method"": ""IDW p=2; até 6 estações; raio máximo 300 km""}, ""precipitacao_anual_mm"": {""n_estacoes"": 6, ""nearest_distance_km"": 85.95, ""max_distance_km"": 177.7, ""stations"": [""ARCO VERDE"", ""IBIMIRIM"", ""SERRA TALHADA"", ""CARUARU"", ""SURUBIM"", ""FLORESTA""], ""method"": ""IDW p=2; até 6 estações; raio máximo 300 km""}}","{""organization"": ""INMET"", ""dataset"": ""Dados Históricos Anuais - estações automáticas"", ""version"": ""2024"", ""retrieved_at"": ""2026-10-01"", ""reference_url"": ""https://portal.inmet.gov.br/uploads/dadoshistoricos/2024.zip"", ""method"": ""agregação anual observada por estação + IDW municipal em EPSG:31985; p=2; 3-6 estações; raio <=300 km; controle mínimo de completude"", ""verified"": true}"
2616001,2024,23.16631701965408,580.5185915047081,"{""temperatura_media_c"": {""n_estacoes"": 6, ""nearest_distance_km"": 34.14, ""max_distance_km"": 196.39, ""stations"": [""ARCO VERDE"", ""GARANHUNS"", ""CARUARU"", ""PALMARES"", ""SERRA TALHADA"", ""FLORESTA""], ""method"": ""IDW p=2; até 6 estações; raio máximo 300 km""}, ""precipitacao_anual_mm"": {""n_estacoes"": 6, ""nearest_distance_km"": 34.14, ""max_distance_km"": 180.14, ""stations"": [""ARCO VERDE"", ""CARUARU"", ""IBIMIRIM"", ""PALMARES"", ""SURUBIM"", ""SERRA TALHADA""], ""method"": ""IDW p=2; até 6 estações; raio máximo 300 km""}}","{""organization"": ""INMET"", ""dataset"": ""Dados Históricos Anuais - estações automáticas"", ""version"": ""2024"", ""retrieved_at"": ""2026-10-01"", ""reference_url"": ""https://portal.inmet.gov.br/uploads/dadoshistoricos/2024.zip"", ""method"": ""agregação anual observada por estação + IDW municipal em EPSG:31985; p=2; 3-6 estações; raio <=300 km; controle mínimo de completude"", ""verified"": true}"
2616100,2024,27.227136496942226,403.676956806737,"{""temperatura_media_c"": {""n_estacoes"": 6, ""nearest_distance_km"": 14.97, ""max_distance_km"": 219.74, ""stations"": [""SALGUEIRO"", ""CABROBO"", ""SERRA TALHADA"", ""FLORESTA"", ""OURICURI"", ""ARCO VERDE""], ""method"": ""IDW p=2; até 6 estações; raio máximo 300 km""}, ""precipitacao_anual_mm"": {""n_estacoes"": 6, ""nearest_distance_km"": 14.97, ""max_distance_km"": 153.22, ""stations"": [""SALGUEIRO"", ""CABROBO"", ""SERRA TALHADA"", ""FLORESTA"", ""OURICURI"", ""IBIMIRIM""], ""method"": ""IDW p=2; até 6 estações; raio máximo 300 km""}}","{""organization"": ""INMET"", ""dataset"": ""Dados Históricos Anuais - estações automáticas"", ""version"": ""2024"", ""retrieved_at"": ""2026-10-01"", ""reference_url"": ""https://portal.inmet.gov.br/uploads/dadoshistoricos/2024.zip"", ""method"": ""agregação anual observada por estação + IDW municipal em EPSG:31985; p=2; 3-6 estações; raio <=300 km; controle mínimo de completude"", ""verified"": true}"
2616183,2024,22.78148115398076,330.87030552621445,"{""temperatura_media_c"": {""n_estacoes"": 5, ""nearest_distance_km"": 69.16, ""max_distance_km"": 274.73, ""stations"": [""CARUARU"", ""PALMARES"", ""GARANHUNS"", ""ARCO VERDE"", ""SERRA TALHADA""], ""method"": ""IDW p=2; até 6 estações; raio máximo 300 km""}, ""precipitacao_anual_mm"": {""n_estacoes"": 6, ""nearest_distance_km"": 7.05, ""max_distance_km"": 274.73, ""stations"": [""SURUBIM"", ""CARUARU"", ""PALMARES"", ""ARCO VERDE"", ""IBIMIRIM"", ""SERRA TALHADA""], ""method"": ""IDW p=2; até 6 estações; raio máximo 300 km""}}","{""organization"": ""INMET"", ""dataset"": ""Dados Históricos Anuais - estações automáticas"", ""version"": ""2024"", ""retrieved_at"": ""2026-10-01"", ""reference_url"": ""https://portal.inmet.gov.br/uploads/dadoshistoricos/2024.zip"", ""method"": ""agregação anual observada por estação + IDW municipal em EPSG:31985; p=2; 3-6 estações; raio <=300 km; controle mínimo de completude"", ""verified"": true}"
2616209,2024,22.586432257337343,308.9170892036755,"{""temperatura_media_c"": {""n_estacoes"": 6, ""nearest_distance_km"": 52.85, ""max_distance_km"": 297.92, ""stations"": [""CARUARU"", ""PALMARES"", ""GARANHUNS"", ""ARCO VERDE"", ""SERRA TALHADA"", ""FLORESTA""], ""method"": ""IDW p=2; até 6 estações; raio máximo 300 km""}, ""precipitacao_anual_mm"": {""n_estacoes"": 6, ""nearest_distance_km"": 20.76, ""max_distance_km"": 255.68, ""stations"": [""SURUBIM"", ""CARUARU"", ""PALMARES"", ""ARCO VERDE"", ""IBIMIRIM"", ""SERRA TALHADA""], ""method"": ""IDW p=2; até 6 estações; raio máximo 300 km""}}","{""organization"": ""INMET"", ""dataset"": ""Dados Históricos Anuais - estações automáticas"", ""version"": ""2024"", ""retrieved_at"": ""2026-10-01"", ""reference_url"": ""https://portal.inmet.gov.br/uploads/dadoshistoricos/2024.zip"", ""method"": ""agregação anual observada por estação + IDW municipal em EPSG:31985; p=2; 3-6 estações; raio <=300 km; controle mínimo de completude"", ""verified"": true}"
2616308,2024,23.142795851697226,294.6630117298177,"{""temperatura_media_c"": {""n_estacoes"": 4, ""nearest_distance_km"": 107.62, ""max_distance_km"": 206.1, ""stations"": [""CARUARU"", ""PALMARES"", ""GARANHUNS"", ""ARCO VERDE""], ""method"": ""IDW p=2; até 6 estações; raio máximo 300 km""}, ""precipitacao_anual_mm"": {""n_estacoes"": 5, ""nearest_distance_km"": 52.9, ""max_distance_km"": 276.43, ""stations"": [""SURUBIM"", ""CARUARU"", ""PALMARES"", ""ARCO VERDE"", ""IBIMIRIM""], ""method"": ""IDW p=2; até 6 estações; raio máximo 300 km""}}","{""organization"": ""INMET"", ""dataset"": ""Dados Históricos Anuais - estações automáticas"", ""version"": ""2024"", ""retrieved_at"": ""2026-10-01"", ""reference_url"": ""https://portal.inmet.gov.br/uploads/dadoshistoricos/2024.zip"", ""method"": ""agregação anual observada por estação + IDW municipal em EPSG:31985; p=2; 3-6 estações; raio <=300 km; controle mínimo de completude"", ""verified"": true}"
2616407,2024,23.70876805593897,247.33671352281917,"{""temperatura_media_c"": {""n_estacoes"": 4, ""nearest_distance_km"": 64.98, ""max_distance_km"": 197.5, ""stations"": [""PALMARES"", ""CARUARU"", ""GARANHUNS"", ""ARCO VERDE""], ""method"": ""IDW p=2; até 6 estações; raio máximo 300 km""}, ""precipitacao_anual_mm"": {""n_estacoes"": 5, ""nearest_distance_km"": 64.98, ""max_distance_km"": 270.37, ""stations"": [""PALMARES"", ""SURUBIM"", ""CARUARU"", ""ARCO VERDE"", ""IBIMIRIM""], ""method"": ""IDW p=2; até 6 estações; raio máximo 300 km""}}","{""organization"": ""INMET"", ""dataset"": ""Dados Históricos Anuais - estações automáticas"", ""version"": ""2024"", ""retrieved_at"": ""2026-10-01"", ""reference_url"": ""https://portal.inmet.gov.br/uploads/dadoshistoricos/2024.zip"", ""method"": ""agregação anual observada por estação + IDW municipal em EPSG:31985; p=2; 3-6 estações; raio <=300 km; controle mínimo de completude"", ""verified"": true}"
2616506,2024,24.83960005993891,197.95292495443636,"{""temperatura_media_c"": {""n_estacoes"": 4, ""nearest_distance_km"": 20.98, ""max_distance_km"": 160.85, ""stations"": [""PALMARES"", ""CARUARU"", ""GARANHUNS"", ""ARCO VERDE""], ""method"": ""IDW p=2; até 6 estações; raio máximo 300 km""}, ""precipitacao_anual_mm"": {""n_estacoes"": 5, ""nearest_distance_km"": 20.98, ""max_distance_km"": 229.78, ""stations"": [""PALMARES"", ""CARUARU"", ""SURUBIM"", ""ARCO VERDE"", ""IBIMIRIM""], ""method"": ""IDW p=2; até 6 estações; raio máximo 300 km""}}","{""organization"": ""INMET"", ""dataset"": ""Dados Históricos Anuais - estações automáticas"", ""version"": ""2024"", ""retrieved_at"": ""2026-10-01"", ""reference_url"": ""https://portal.inmet.gov.br/uploads/dadoshistoricos/2024.zip"", ""method"": ""agregação anual observada por estação + IDW municipal em EPSG:31985; p=2; 3-6 estações; raio <=300 km; controle mínimo de completude"", ""verified"": true}"
