municipio_ibge,ano,temperatura_media_c,precipitacao_anual_mm,climate_diagnostics,climate_provenance
2600054,2015,-182.08086046149285,-2547081.536182256,"{""temperatura_media_c"": {""n_estacoes"": 6, ""nearest_distance_km"": 20.92, ""max_distance_km"": 235.36, ""stations"": [""RECIFE"", ""SURUBIM"", ""PALMARES"", ""CARUARU"", ""GARANHUNS"", ""ARCO VERDE""], ""method"": ""IDW p=2; até 6 estações; raio máximo 300 km""}, ""precipitacao_anual_mm"": {""n_estacoes"": 6, ""nearest_distance_km"": 20.92, ""max_distance_km"": 235.36, ""stations"": [""RECIFE"", ""SURUBIM"", ""PALMARES"", ""CARUARU"", ""GARANHUNS"", ""ARCO VERDE""], ""method"": ""IDW p=2; até 6 estações; raio máximo 300 km""}}","{""organization"": ""INMET"", ""dataset"": ""Dados Históricos Anuais - estações automáticas"", ""version"": ""2015"", ""retrieved_at"": ""2026-10-01"", ""reference_url"": ""https://portal.inmet.gov.br/uploads/dadoshistoricos/2015.zip"", ""method"": ""agregação anual observada por estação + IDW municipal em EPSG:31985; p=2; 3-6 estações; raio <=300 km; controle mínimo de completude"", ""verified"": true}"
2600104,2015,-80.59856308484827,-7702341.744520306,"{""temperatura_media_c"": {""n_estacoes"": 6, ""nearest_distance_km"": 78.43, ""max_distance_km"": 188.77, ""stations"": [""SERRA TALHADA"", ""IBIMIRIM"", ""ARCO VERDE"", ""FLORESTA"", ""GARANHUNS"", ""CARUARU""], ""method"": ""IDW p=2; até 6 estações; raio máximo 300 km""}, ""precipitacao_anual_mm"": {""n_estacoes"": 6, ""nearest_distance_km"": 78.43, ""max_distance_km"": 188.77, ""stations"": [""SERRA TALHADA"", ""IBIMIRIM"", ""ARCO VERDE"", ""FLORESTA"", ""GARANHUNS"", ""CARUARU""], ""method"": ""IDW p=2; até 6 estações; raio máximo 300 km""}}","{""organization"": ""INMET"", ""dataset"": ""Dados Históricos Anuais - estações automáticas"", ""version"": ""2015"", ""retrieved_at"": ""2026-10-01"", ""reference_url"": ""https://portal.inmet.gov.br/uploads/dadoshistoricos/2015.zip"", ""method"": ""agregação anual observada por estação + IDW municipal em EPSG:31985; p=2; 3-6 estações; raio <=300 km; controle mínimo de completude"", ""verified"": true}"
2600203,2015,-1034.697231732303,-10988637.323446032,"{""temperatura_media_c"": {""n_estacoes"": 4, ""nearest_distance_km"": 103.13, ""max_distance_km"": 268.33, ""stations"": [""PETROLINA"", ""OURICURI"", ""CABROBO"", ""FLORESTA""], ""method"": ""IDW p=2; até 6 estações; raio máximo 300 km""}, ""precipitacao_anual_mm"": {""n_estacoes"": 4, ""nearest_distance_km"": 103.13, ""max_distance_km"": 268.33, ""stations"": [""PETROLINA"", ""OURICURI"", ""CABROBO"", ""FLORESTA""], ""method"": ""IDW p=2; até 6 estações; raio máximo 300 km""}}","{""organization"": ""INMET"", ""dataset"": ""Dados Históricos Anuais - estações automáticas"", ""version"": ""2015"", ""retrieved_at"": ""2026-10-01"", ""reference_url"": ""https://portal.inmet.gov.br/uploads/dadoshistoricos/2015.zip"", ""method"": ""agregação anual observada por estação + IDW municipal em EPSG:31985; p=2; 3-6 estações; raio <=300 km; controle mínimo de completude"", ""verified"": true}"
2600302,2015,-274.7594436664271,-6291320.855163662,"{""temperatura_media_c"": {""n_estacoes"": 6, ""nearest_distance_km"": 24.82, ""max_distance_km"": 125.59, ""stations"": [""CARUARU"", ""PALMARES"", ""SURUBIM"", ""GARANHUNS"", ""RECIFE"", ""ARCO VERDE""], ""method"": ""IDW p=2; até 6 estações; raio máximo 300 km""}, ""precipitacao_anual_mm"": {""n_estacoes"": 6, ""nearest_distance_km"": 24.82, ""max_distance_km"": 125.59, ""stations"": [""CARUARU"", ""PALMARES"", ""SURUBIM"", ""GARANHUNS"", ""RECIFE"", ""ARCO VERDE""], ""method"": ""IDW p=2; até 6 estações; raio máximo 300 km""}}","{""organization"": ""INMET"", ""dataset"": ""Dados Históricos Anuais - estações automáticas"", ""version"": ""2015"", ""retrieved_at"": ""2026-10-01"", ""reference_url"": ""https://portal.inmet.gov.br/uploads/dadoshistoricos/2015.zip"", ""method"": ""agregação anual observada por estação + IDW municipal em EPSG:31985; p=2; 3-6 estações; raio <=300 km; controle mínimo de completude"", ""verified"": true}"
2600401,2015,-840.1265580596064,-27621651.63442808,"{""temperatura_media_c"": {""n_estacoes"": 6, ""nearest_distance_km"": 11.75, ""max_distance_km"": 179.87, ""stations"": [""PALMARES"", ""CARUARU"", ""RECIFE"", ""SURUBIM"", ""GARANHUNS"", ""ARCO VERDE""], ""method"": ""IDW p=2; até 6 estações; raio máximo 300 km""}, ""precipitacao_anual_mm"": {""n_estacoes"": 6, ""nearest_distance_km"": 11.75, ""max_distance_km"": 179.87, ""stations"": [""PALMARES"", ""CARUARU"", ""RECIFE"", ""SURUBIM"", ""GARANHUNS"", ""ARCO VERDE""], ""method"": ""IDW p=2; até 6 estações; raio máximo 300 km""}}","{""organization"": ""INMET"", ""dataset"": ""Dados Históricos Anuais - estações automáticas"", ""version"": ""2015"", ""retrieved_at"": ""2026-10-01"", ""reference_url"": ""https://portal.inmet.gov.br/uploads/dadoshistoricos/2015.zip"", ""method"": ""agregação anual observada por estação + IDW municipal em EPSG:31985; p=2; 3-6 estações; raio <=300 km; controle mínimo de completude"", ""verified"": true}"
2600500,2015,-439.2385910146366,-5222470.901163123,"{""temperatura_media_c"": {""n_estacoes"": 6, ""nearest_distance_km"": 63.15, ""max_distance_km"": 179.09, ""stations"": [""GARANHUNS"", ""ARCO VERDE"", ""IBIMIRIM"", ""CARUARU"", ""PALMARES"", ""FLORESTA""], ""method"": ""IDW p=2; até 6 estações; raio máximo 300 km""}, ""precipitacao_anual_mm"": {""n_estacoes"": 6, ""nearest_distance_km"": 63.15, ""max_distance_km"": 179.09, ""stations"": [""GARANHUNS"", ""ARCO VERDE"", ""IBIMIRIM"", ""CARUARU"", ""PALMARES"", ""FLORESTA""], ""method"": ""IDW p=2; até 6 estações; raio máximo 300 km""}}","{""organization"": ""INMET"", ""dataset"": ""Dados Históricos Anuais - estações automáticas"", ""version"": ""2015"", ""retrieved_at"": ""2026-10-01"", ""reference_url"": ""https://portal.inmet.gov.br/uploads/dadoshistoricos/2015.zip"", ""method"": ""agregação anual observada por estação + IDW municipal em EPSG:31985; p=2; 3-6 estações; raio <=300 km; controle mínimo de completude"", ""verified"": true}"
2600609,2015,-315.41257164534335,-3847846.3171054483,"{""temperatura_media_c"": {""n_estacoes"": 6, ""nearest_distance_km"": 37.17, ""max_distance_km"": 132.24, ""stations"": [""ARCO VERDE"", ""GARANHUNS"", ""CARUARU"", ""IBIMIRIM"", ""SURUBIM"", ""PALMARES""], ""method"": ""IDW p=2; até 6 estações; raio máximo 300 km""}, ""precipitacao_anual_mm"": {""n_estacoes"": 6, ""nearest_distance_km"": 37.17, ""max_distance_km"": 132.24, ""stations"": [""ARCO VERDE"", ""GARANHUNS"", ""CARUARU"", ""IBIMIRIM"", ""SURUBIM"", ""PALMARES""], ""method"": ""IDW p=2; até 6 estações; raio máximo 300 km""}}","{""organization"": ""INMET"", ""dataset"": ""Dados Históricos Anuais - estações automáticas"", ""version"": ""2015"", ""retrieved_at"": ""2026-10-01"", ""reference_url"": ""https://portal.inmet.gov.br/uploads/dadoshistoricos/2015.zip"", ""method"": ""agregação anual observada por estação + IDW municipal em EPSG:31985; p=2; 3-6 estações; raio <=300 km; controle mínimo de completude"", ""verified"": true}"
2600708,2015,-429.50133642920144,-5958261.412066266,"{""temperatura_media_c"": {""n_estacoes"": 6, ""nearest_distance_km"": 56.7, ""max_distance_km"": 227.27, ""stations"": [""RECIFE"", ""SURUBIM"", ""CARUARU"", ""PALMARES"", ""GARANHUNS"", ""ARCO VERDE""], ""method"": ""IDW p=2; até 6 estações; raio máximo 300 km""}, ""precipitacao_anual_mm"": {""n_estacoes"": 6, ""nearest_distance_km"": 56.7, ""max_distance_km"": 227.27, ""stations"": [""RECIFE"", ""SURUBIM"", ""CARUARU"", ""PALMARES"", ""GARANHUNS"", ""ARCO VERDE""], ""method"": ""IDW p=2; até 6 estações; raio máximo 300 km""}}","{""organization"": ""INMET"", ""dataset"": ""Dados Históricos Anuais - estações automáticas"", ""version"": ""2015"", ""retrieved_at"": ""2026-10-01"", ""reference_url"": ""https://portal.inmet.gov.br/uploads/dadoshistoricos/2015.zip"", ""method"": ""agregação anual observada por estação + IDW municipal em EPSG:31985; p=2; 3-6 estações; raio <=300 km; controle mínimo de completude"", ""verified"": true}"
2600807,2015,-322.9195032622729,-6053616.218619055,"{""temperatura_media_c"": {""n_estacoes"": 6, ""nearest_distance_km"": 30.8, ""max_distance_km"": 134.38, ""stations"": [""CARUARU"", ""PALMARES"", ""GARANHUNS"", ""SURUBIM"", ""ARCO VERDE"", ""RECIFE""], ""method"": ""IDW p=2; até 6 estações; raio máximo 300 km""}, ""precipitacao_anual_mm"": {""n_estacoes"": 6, ""nearest_distance_km"": 30.8, ""max_distance_km"": 134.38, ""stations"": [""CARUARU"", ""PALMARES"", ""GARANHUNS"", ""SURUBIM"", ""ARCO VERDE"", ""RECIFE""], ""method"": ""IDW p=2; até 6 estações; raio máximo 300 km""}}","{""organization"": ""INMET"", ""dataset"": ""Dados Históricos Anuais - estações automáticas"", ""version"": ""2015"", ""retrieved_at"": ""2026-10-01"", ""reference_url"": ""https://portal.inmet.gov.br/uploads/dadoshistoricos/2015.zip"", ""method"": ""agregação anual observada por estação + IDW municipal em EPSG:31985; p=2; 3-6 estações; raio <=300 km; controle mínimo de completude"", ""verified"": true}"
2600906,2015,-602.6185562053053,-16079253.175826916,"{""temperatura_media_c"": {""n_estacoes"": 6, ""nearest_distance_km"": 35.17, ""max_distance_km"": 178.47, ""stations"": [""PALMARES"", ""CARUARU"", ""RECIFE"", ""SURUBIM"", ""GARANHUNS"", ""ARCO VERDE""], ""method"": ""IDW p=2; até 6 estações; raio máximo 300 km""}, ""precipitacao_anual_mm"": {""n_estacoes"": 6, ""nearest_distance_km"": 35.17, ""max_distance_km"": 178.47, ""stations"": [""PALMARES"", ""CARUARU"", ""RECIFE"", ""SURUBIM"", ""GARANHUNS"", ""ARCO VERDE""], ""method"": ""IDW p=2; até 6 estações; raio máximo 300 km""}}","{""organization"": ""INMET"", ""dataset"": ""Dados Históricos Anuais - estações automáticas"", ""version"": ""2015"", ""retrieved_at"": ""2026-10-01"", ""reference_url"": ""https://portal.inmet.gov.br/uploads/dadoshistoricos/2015.zip"", ""method"": ""agregação anual observada por estação + IDW municipal em EPSG:31985; p=2; 3-6 estações; raio <=300 km; controle mínimo de completude"", ""verified"": true}"
2601003,2015,-834.973873221596,-8934518.938513432,"{""temperatura_media_c"": {""n_estacoes"": 6, ""nearest_distance_km"": 24.07, ""max_distance_km"": 163.77, ""stations"": [""GARANHUNS"", ""CARUARU"", ""PALMARES"", ""ARCO VERDE"", ""SURUBIM"", ""IBIMIRIM""], ""method"": ""IDW p=2; até 6 estações; raio máximo 300 km""}, ""precipitacao_anual_mm"": {""n_estacoes"": 6, ""nearest_distance_km"": 24.07, ""max_distance_km"": 163.77, ""stations"": [""GARANHUNS"", ""CARUARU"", ""PALMARES"", ""ARCO VERDE"", ""SURUBIM"", ""IBIMIRIM""], ""method"": ""IDW p=2; até 6 estações; raio máximo 300 km""}}","{""organization"": ""INMET"", ""dataset"": ""Dados Históricos Anuais - estações automáticas"", ""version"": ""2015"", ""retrieved_at"": ""2026-10-01"", ""reference_url"": ""https://portal.inmet.gov.br/uploads/dadoshistoricos/2015.zip"", ""method"": ""agregação anual observada por estação + IDW municipal em EPSG:31985; p=2; 3-6 estações; raio <=300 km; controle mínimo de completude"", ""verified"": true}"
2601052,2015,-262.3865102565126,-3829945.4387365337,"{""temperatura_media_c"": {""n_estacoes"": 6, ""nearest_distance_km"": 32.11, ""max_distance_km"": 231.98, ""stations"": [""RECIFE"", ""SURUBIM"", ""PALMARES"", ""CARUARU"", ""GARANHUNS"", ""ARCO VERDE""], ""method"": ""IDW p=2; até 6 estações; raio máximo 300 km""}, ""precipitacao_anual_mm"": {""n_estacoes"": 6, ""nearest_distance_km"": 32.11, ""max_distance_km"": 231.98, ""stations"": [""RECIFE"", ""SURUBIM"", ""PALMARES"", ""CARUARU"", ""GARANHUNS"", ""ARCO VERDE""], ""method"": ""IDW p=2; até 6 estações; raio máximo 300 km""}}","{""organization"": ""INMET"", ""dataset"": ""Dados Históricos Anuais - estações automáticas"", ""version"": ""2015"", ""retrieved_at"": ""2026-10-01"", ""reference_url"": ""https://portal.inmet.gov.br/uploads/dadoshistoricos/2015.zip"", ""method"": ""agregação anual observada por estação + IDW municipal em EPSG:31985; p=2; 3-6 estações; raio <=300 km; controle mínimo de completude"", ""verified"": true}"
2601102,2015,-2676.7922509440873,-28818239.31260397,"{""temperatura_media_c"": {""n_estacoes"": 5, ""nearest_distance_km"": 52.64, ""max_distance_km"": 246.01, ""stations"": [""OURICURI"", ""CABROBO"", ""PETROLINA"", ""FLORESTA"", ""SERRA TALHADA""], ""method"": ""IDW p=2; até 6 estações; raio máximo 300 km""}, ""precipitacao_anual_mm"": {""n_estacoes"": 5, ""nearest_distance_km"": 52.64, ""max_distance_km"": 246.01, ""stations"": [""OURICURI"", ""CABROBO"", ""PETROLINA"", ""FLORESTA"", ""SERRA TALHADA""], ""method"": ""IDW p=2; até 6 estações; raio máximo 300 km""}}","{""organization"": ""INMET"", ""dataset"": ""Dados Históricos Anuais - estações automáticas"", ""version"": ""2015"", ""retrieved_at"": ""2026-10-01"", ""reference_url"": ""https://portal.inmet.gov.br/uploads/dadoshistoricos/2015.zip"", ""method"": ""agregação anual observada por estação + IDW municipal em EPSG:31985; p=2; 3-6 estações; raio <=300 km; controle mínimo de completude"", ""verified"": true}"
2601201,2015,-6.677286433550785,-350438.07180116506,"{""temperatura_media_c"": {""n_estacoes"": 6, ""nearest_distance_km"": 8.81, ""max_distance_km"": 149.79, ""stations"": [""ARCO VERDE"", ""IBIMIRIM"", ""GARANHUNS"", ""CARUARU"", ""SURUBIM"", ""SERRA TALHADA""], ""method"": ""IDW p=2; até 6 estações; raio máximo 300 km""}, ""precipitacao_anual_mm"": {""n_estacoes"": 6, ""nearest_distance_km"": 8.81, ""max_distance_km"": 149.79, ""stations"": [""ARCO VERDE"", ""IBIMIRIM"", ""GARANHUNS"", ""CARUARU"", ""SURUBIM"", ""SERRA TALHADA""], ""method"": ""IDW p=2; até 6 estações; raio máximo 300 km""}}","{""organization"": ""INMET"", ""dataset"": ""Dados Históricos Anuais - estações automáticas"", ""version"": ""2015"", ""retrieved_at"": ""2026-10-01"", ""reference_url"": ""https://portal.inmet.gov.br/uploads/dadoshistoricos/2015.zip"", ""method"": ""agregação anual observada por estação + IDW municipal em EPSG:31985; p=2; 3-6 estações; raio <=300 km; controle mínimo de completude"", ""verified"": true}"
2601300,2015,-611.7971150825978,-17290426.712217588,"{""temperatura_media_c"": {""n_estacoes"": 6, ""nearest_distance_km"": 28.55, ""max_distance_km"": 160.04, ""stations"": [""PALMARES"", ""CARUARU"", ""SURUBIM"", ""RECIFE"", ""GARANHUNS"", ""ARCO VERDE""], ""method"": ""IDW p=2; até 6 estações; raio máximo 300 km""}, ""precipitacao_anual_mm"": {""n_estacoes"": 6, ""nearest_distance_km"": 28.55, ""max_distance_km"": 160.04, ""stations"": [""PALMARES"", ""CARUARU"", ""SURUBIM"", ""RECIFE"", ""GARANHUNS"", ""ARCO VERDE""], ""method"": ""IDW p=2; até 6 estações; raio máximo 300 km""}}","{""organization"": ""INMET"", ""dataset"": ""Dados Históricos Anuais - estações automáticas"", ""version"": ""2015"", ""retrieved_at"": ""2026-10-01"", ""reference_url"": ""https://portal.inmet.gov.br/uploads/dadoshistoricos/2015.zip"", ""method"": ""agregação anual observada por estação + IDW municipal em EPSG:31985; p=2; 3-6 estações; raio <=300 km; controle mínimo de completude"", ""verified"": true}"
2601409,2015,-692.7134567150815,-20335024.69612875,"{""temperatura_media_c"": {""n_estacoes"": 6, ""nearest_distance_km"": 38.08, ""max_distance_km"": 205.98, ""stations"": [""PALMARES"", ""RECIFE"", ""CARUARU"", ""SURUBIM"", ""GARANHUNS"", ""ARCO VERDE""], ""method"": ""IDW p=2; até 6 estações; raio máximo 300 km""}, ""precipitacao_anual_mm"": {""n_estacoes"": 6, ""nearest_distance_km"": 38.08, ""max_distance_km"": 205.98, ""stations"": [""PALMARES"", ""RECIFE"", ""CARUARU"", ""SURUBIM"", ""GARANHUNS"", ""ARCO VERDE""], ""method"": ""IDW p=2; até 6 estações; raio máximo 300 km""}}","{""organization"": ""INMET"", ""dataset"": ""Dados Históricos Anuais - estações automáticas"", ""version"": ""2015"", ""retrieved_at"": ""2026-10-01"", ""reference_url"": ""https://portal.inmet.gov.br/uploads/dadoshistoricos/2015.zip"", ""method"": ""agregação anual observada por estação + IDW municipal em EPSG:31985; p=2; 3-6 estações; raio <=300 km; controle mínimo de completude"", ""verified"": true}"
2601508,2015,-633.0499856516891,-18207248.751444403,"{""temperatura_media_c"": {""n_estacoes"": 6, ""nearest_distance_km"": 28.04, ""max_distance_km"": 141.38, ""stations"": [""PALMARES"", ""CARUARU"", ""GARANHUNS"", ""SURUBIM"", ""RECIFE"", ""ARCO VERDE""], ""method"": ""IDW p=2; até 6 estações; raio máximo 300 km""}, ""precipitacao_anual_mm"": {""n_estacoes"": 6, ""nearest_distance_km"": 28.04, ""max_distance_km"": 141.38, ""stations"": [""PALMARES"", ""CARUARU"", ""GARANHUNS"", ""SURUBIM"", ""RECIFE"", ""ARCO VERDE""], ""method"": ""IDW p=2; até 6 estações; raio máximo 300 km""}}","{""organization"": ""INMET"", ""dataset"": ""Dados Históricos Anuais - estações automáticas"", ""version"": ""2015"", ""retrieved_at"": ""2026-10-01"", ""reference_url"": ""https://portal.inmet.gov.br/uploads/dadoshistoricos/2015.zip"", ""method"": ""agregação anual observada por estação + IDW municipal em EPSG:31985; p=2; 3-6 estações; raio <=300 km; controle mínimo de completude"", ""verified"": true}"
2601607,2015,-172.97056644706075,-3340866.714141295,"{""temperatura_media_c"": {""n_estacoes"": 6, ""nearest_distance_km"": 37.81, ""max_distance_km"": 189.34, ""stations"": [""CABROBO"", ""FLORESTA"", ""SERRA TALHADA"", ""IBIMIRIM"", ""OURICURI"", ""PETROLINA""], ""method"": ""IDW p=2; até 6 estações; raio máximo 300 km""}, ""precipitacao_anual_mm"": {""n_estacoes"": 6, ""nearest_distance_km"": 37.81, ""max_distance_km"": 189.34, ""stations"": [""CABROBO"", ""FLORESTA"", ""SERRA TALHADA"", ""IBIMIRIM"", ""OURICURI"", ""PETROLINA""], ""method"": ""IDW p=2; até 6 estações; raio máximo 300 km""}}","{""organization"": ""INMET"", ""dataset"": ""Dados Históricos Anuais - estações automáticas"", ""version"": ""2015"", ""retrieved_at"": ""2026-10-01"", ""reference_url"": ""https://portal.inmet.gov.br/uploads/dadoshistoricos/2015.zip"", ""method"": ""agregação anual observada por estação + IDW municipal em EPSG:31985; p=2; 3-6 estações; raio <=300 km; controle mínimo de completude"", ""verified"": true}"
2601706,2015,-361.25755128978574,-5186407.921784502,"{""temperatura_media_c"": {""n_estacoes"": 6, ""nearest_distance_km"": 46.33, ""max_distance_km"": 146.81, ""stations"": [""CARUARU"", ""GARANHUNS"", ""ARCO VERDE"", ""SURUBIM"", ""PALMARES"", ""IBIMIRIM""], ""method"": ""IDW p=2; até 6 estações; raio máximo 300 km""}, ""precipitacao_anual_mm"": {""n_estacoes"": 6, ""nearest_distance_km"": 46.33, ""max_distance_km"": 146.81, ""stations"": [""CARUARU"", ""GARANHUNS"", ""ARCO VERDE"", ""SURUBIM"", ""PALMARES"", ""IBIMIRIM""], ""method"": ""IDW p=2; até 6 estações; raio máximo 300 km""}}","{""organization"": ""INMET"", ""dataset"": ""Dados Históricos Anuais - estações automáticas"", ""version"": ""2015"", ""retrieved_at"": ""2026-10-01"", ""reference_url"": ""https://portal.inmet.gov.br/uploads/dadoshistoricos/2015.zip"", ""method"": ""agregação anual observada por estação + IDW municipal em EPSG:31985; p=2; 3-6 estações; raio <=300 km; controle mínimo de completude"", ""verified"": true}"
2601805,2015,-73.1596733634606,-7493422.92651219,"{""temperatura_media_c"": {""n_estacoes"": 6, ""nearest_distance_km"": 40.81, ""max_distance_km"": 179.43, ""stations"": [""IBIMIRIM"", ""SERRA TALHADA"", ""FLORESTA"", ""ARCO VERDE"", ""CABROBO"", ""GARANHUNS""], ""method"": ""IDW p=2; até 6 estações; raio máximo 300 km""}, ""precipitacao_anual_mm"": {""n_estacoes"": 6, ""nearest_distance_km"": 40.81, ""max_distance_km"": 179.43, ""stations"": [""IBIMIRIM"", ""SERRA TALHADA"", ""FLORESTA"", ""ARCO VERDE"", ""CABROBO"", ""GARANHUNS""], ""method"": ""IDW p=2; até 6 estações; raio máximo 300 km""}}","{""organization"": ""INMET"", ""dataset"": ""Dados Históricos Anuais - estações automáticas"", ""version"": ""2015"", ""retrieved_at"": ""2026-10-01"", ""reference_url"": ""https://portal.inmet.gov.br/uploads/dadoshistoricos/2015.zip"", ""method"": ""agregação anual observada por estação + IDW municipal em EPSG:31985; p=2; 3-6 estações; raio <=300 km; controle mínimo de completude"", ""verified"": true}"
2601904,2015,-281.01137302501184,-4947704.116623497,"{""temperatura_media_c"": {""n_estacoes"": 6, ""nearest_distance_km"": 22.55, ""max_distance_km"": 145.21, ""stations"": [""CARUARU"", ""SURUBIM"", ""PALMARES"", ""RECIFE"", ""GARANHUNS"", ""ARCO VERDE""], ""method"": ""IDW p=2; até 6 estações; raio máximo 300 km""}, ""precipitacao_anual_mm"": {""n_estacoes"": 6, ""nearest_distance_km"": 22.55, ""max_distance_km"": 145.21, ""stations"": [""CARUARU"", ""SURUBIM"", ""PALMARES"", ""RECIFE"", ""GARANHUNS"", ""ARCO VERDE""], ""method"": ""IDW p=2; até 6 estações; raio máximo 300 km""}}","{""organization"": ""INMET"", ""dataset"": ""Dados Históricos Anuais - estações automáticas"", ""version"": ""2015"", ""retrieved_at"": ""2026-10-01"", ""reference_url"": ""https://portal.inmet.gov.br/uploads/dadoshistoricos/2015.zip"", ""method"": ""agregação anual observada por estação + IDW municipal em EPSG:31985; p=2; 3-6 estações; raio <=300 km; controle mínimo de completude"", ""verified"": true}"
2602001,2015,-2960.9923206783255,-31462076.800303575,"{""temperatura_media_c"": {""n_estacoes"": 6, ""nearest_distance_km"": 29.59, ""max_distance_km"": 267.01, ""stations"": [""OURICURI"", ""CABROBO"", ""FLORESTA"", ""SERRA TALHADA"", ""PETROLINA"", ""IBIMIRIM""], ""method"": ""IDW p=2; até 6 estações; raio máximo 300 km""}, ""precipitacao_anual_mm"": {""n_estacoes"": 6, ""nearest_distance_km"": 29.59, ""max_distance_km"": 267.01, ""stations"": [""OURICURI"", ""CABROBO"", ""FLORESTA"", ""SERRA TALHADA"", ""PETROLINA"", ""IBIMIRIM""], ""method"": ""IDW p=2; até 6 estações; raio máximo 300 km""}}","{""organization"": ""INMET"", ""dataset"": ""Dados Históricos Anuais - estações automáticas"", ""version"": ""2015"", ""retrieved_at"": ""2026-10-01"", ""reference_url"": ""https://portal.inmet.gov.br/uploads/dadoshistoricos/2015.zip"", ""method"": ""agregação anual observada por estação + IDW municipal em EPSG:31985; p=2; 3-6 estações; raio <=300 km; controle mínimo de completude"", ""verified"": true}"
2602100,2015,-749.675873787529,-7952454.663329006,"{""temperatura_media_c"": {""n_estacoes"": 6, ""nearest_distance_km"": 38.83, ""max_distance_km"": 180.14, ""stations"": [""GARANHUNS"", ""ARCO VERDE"", ""CARUARU"", ""PALMARES"", ""IBIMIRIM"", ""SURUBIM""], ""method"": ""IDW p=2; até 6 estações; raio máximo 300 km""}, ""precipitacao_anual_mm"": {""n_estacoes"": 6, ""nearest_distance_km"": 38.83, ""max_distance_km"": 180.14, ""stations"": [""GARANHUNS"", ""ARCO VERDE"", ""CARUARU"", ""PALMARES"", ""IBIMIRIM"", ""SURUBIM""], ""method"": ""IDW p=2; até 6 estações; raio máximo 300 km""}}","{""organization"": ""INMET"", ""dataset"": ""Dados Históricos Anuais - estações automáticas"", ""version"": ""2015"", ""retrieved_at"": ""2026-10-01"", ""reference_url"": ""https://portal.inmet.gov.br/uploads/dadoshistoricos/2015.zip"", ""method"": ""agregação anual observada por estação + IDW municipal em EPSG:31985; p=2; 3-6 estações; raio <=300 km; controle mínimo de completude"", ""verified"": true}"
2602209,2015,-782.1145877036411,-8007230.035112038,"{""temperatura_media_c"": {""n_estacoes"": 6, ""nearest_distance_km"": 23.57, ""max_distance_km"": 179.12, ""stations"": [""SURUBIM"", ""CARUARU"", ""RECIFE"", ""PALMARES"", ""GARANHUNS"", ""ARCO VERDE""], ""method"": ""IDW p=2; até 6 estações; raio máximo 300 km""}, ""precipitacao_anual_mm"": {""n_estacoes"": 6, ""nearest_distance_km"": 23.57, ""max_distance_km"": 179.12, ""stations"": [""SURUBIM"", ""CARUARU"", ""RECIFE"", ""PALMARES"", ""GARANHUNS"", ""ARCO VERDE""], ""method"": ""IDW p=2; até 6 estações; raio máximo 300 km""}}","{""organization"": ""INMET"", ""dataset"": ""Dados Históricos Anuais - estações automáticas"", ""version"": ""2015"", ""retrieved_at"": ""2026-10-01"", ""reference_url"": ""https://portal.inmet.gov.br/uploads/dadoshistoricos/2015.zip"", ""method"": ""agregação anual observada por estação + IDW municipal em EPSG:31985; p=2; 3-6 estações; raio <=300 km; controle mínimo de completude"", ""verified"": true}"
2602308,2015,-647.9632773668318,-19256083.689633682,"{""temperatura_media_c"": {""n_estacoes"": 6, ""nearest_distance_km"": 24.37, ""max_distance_km"": 151.95, ""stations"": [""PALMARES"", ""CARUARU"", ""SURUBIM"", ""RECIFE"", ""GARANHUNS"", ""ARCO VERDE""], ""method"": ""IDW p=2; até 6 estações; raio máximo 300 km""}, ""precipitacao_anual_mm"": {""n_estacoes"": 6, ""nearest_distance_km"": 24.37, ""max_distance_km"": 151.95, ""stations"": [""PALMARES"", ""CARUARU"", ""SURUBIM"", ""RECIFE"", ""GARANHUNS"", ""ARCO VERDE""], ""method"": ""IDW p=2; até 6 estações; raio máximo 300 km""}}","{""organization"": ""INMET"", ""dataset"": ""Dados Históricos Anuais - estações automáticas"", ""version"": ""2015"", ""retrieved_at"": ""2026-10-01"", ""reference_url"": ""https://portal.inmet.gov.br/uploads/dadoshistoricos/2015.zip"", ""method"": ""agregação anual observada por estação + IDW municipal em EPSG:31985; p=2; 3-6 estações; raio <=300 km; controle mínimo de completude"", ""verified"": true}"
2602407,2015,-922.1128634806909,-8559966.810313655,"{""temperatura_media_c"": {""n_estacoes"": 6, ""nearest_distance_km"": 13.82, ""max_distance_km"": 154.59, ""stations"": [""GARANHUNS"", ""ARCO VERDE"", ""CARUARU"", ""PALMARES"", ""IBIMIRIM"", ""SURUBIM""], ""method"": ""IDW p=2; até 6 estações; raio máximo 300 km""}, ""precipitacao_anual_mm"": {""n_estacoes"": 6, ""nearest_distance_km"": 13.82, ""max_distance_km"": 154.59, ""stations"": [""GARANHUNS"", ""ARCO VERDE"", ""CARUARU"", ""PALMARES"", ""IBIMIRIM"", ""SURUBIM""], ""method"": ""IDW p=2; até 6 estações; raio máximo 300 km""}}","{""organization"": ""INMET"", ""dataset"": ""Dados Históricos Anuais - estações automáticas"", ""version"": ""2015"", ""retrieved_at"": ""2026-10-01"", ""reference_url"": ""https://portal.inmet.gov.br/uploads/dadoshistoricos/2015.zip"", ""method"": ""agregação anual observada por estação + IDW municipal em EPSG:31985; p=2; 3-6 estações; raio <=300 km; controle mínimo de completude"", ""verified"": true}"
2602506,2015,-219.3335932694274,-6992506.189930972,"{""temperatura_media_c"": {""n_estacoes"": 6, ""nearest_distance_km"": 122.6, ""max_distance_km"": 196.47, ""stations"": [""ARCO VERDE"", ""SERRA TALHADA"", ""IBIMIRIM"", ""SURUBIM"", ""CARUARU"", ""GARANHUNS""], ""method"": ""IDW p=2; até 6 estações; raio máximo 300 km""}, ""precipitacao_anual_mm"": {""n_estacoes"": 6, ""nearest_distance_km"": 122.6, ""max_distance_km"": 196.47, ""stations"": [""ARCO VERDE"", ""SERRA TALHADA"", ""IBIMIRIM"", ""SURUBIM"", ""CARUARU"", ""GARANHUNS""], ""method"": ""IDW p=2; até 6 estações; raio máximo 300 km""}}","{""organization"": ""INMET"", ""dataset"": ""Dados Históricos Anuais - estações automáticas"", ""version"": ""2015"", ""retrieved_at"": ""2026-10-01"", ""reference_url"": ""https://portal.inmet.gov.br/uploads/dadoshistoricos/2015.zip"", ""method"": ""agregação anual observada por estação + IDW municipal em EPSG:31985; p=2; 3-6 estações; raio <=300 km; controle mínimo de completude"", ""verified"": true}"
2602605,2015,-326.1005067641781,-4558121.316299237,"{""temperatura_media_c"": {""n_estacoes"": 6, ""nearest_distance_km"": 37.14, ""max_distance_km"": 145.82, ""stations"": [""CARUARU"", ""SURUBIM"", ""GARANHUNS"", ""ARCO VERDE"", ""PALMARES"", ""RECIFE""], ""method"": ""IDW p=2; até 6 estações; raio máximo 300 km""}, ""precipitacao_anual_mm"": {""n_estacoes"": 6, ""nearest_distance_km"": 37.14, ""max_distance_km"": 145.82, ""stations"": [""CARUARU"", ""SURUBIM"", ""GARANHUNS"", ""ARCO VERDE"", ""PALMARES"", ""RECIFE""], ""method"": ""IDW p=2; até 6 estações; raio máximo 300 km""}}","{""organization"": ""INMET"", ""dataset"": ""Dados Históricos Anuais - estações automáticas"", ""version"": ""2015"", ""retrieved_at"": ""2026-10-01"", ""reference_url"": ""https://portal.inmet.gov.br/uploads/dadoshistoricos/2015.zip"", ""method"": ""agregação anual observada por estação + IDW municipal em EPSG:31985; p=2; 3-6 estações; raio <=300 km; controle mínimo de completude"", ""verified"": true}"
2602704,2015,-520.5548566864646,-6730098.439820627,"{""temperatura_media_c"": {""n_estacoes"": 6, ""nearest_distance_km"": 50.74, ""max_distance_km"": 205.81, ""stations"": [""SURUBIM"", ""RECIFE"", ""CARUARU"", ""PALMARES"", ""GARANHUNS"", ""ARCO VERDE""], ""method"": ""IDW p=2; até 6 estações; raio máximo 300 km""}, ""precipitacao_anual_mm"": {""n_estacoes"": 6, ""nearest_distance_km"": 50.74, ""max_distance_km"": 205.81, ""stations"": [""SURUBIM"", ""RECIFE"", ""CARUARU"", ""PALMARES"", ""GARANHUNS"", ""ARCO VERDE""], ""method"": ""IDW p=2; até 6 estações; raio máximo 300 km""}}","{""organization"": ""INMET"", ""dataset"": ""Dados Históricos Anuais - estações automáticas"", ""version"": ""2015"", ""retrieved_at"": ""2026-10-01"", ""reference_url"": ""https://portal.inmet.gov.br/uploads/dadoshistoricos/2015.zip"", ""method"": ""agregação anual observada por estação + IDW municipal em EPSG:31985; p=2; 3-6 estações; raio <=300 km; controle mínimo de completude"", ""verified"": true}"
2602803,2015,-92.26439659111345,-1495486.1197810378,"{""temperatura_media_c"": {""n_estacoes"": 6, ""nearest_distance_km"": 26.05, ""max_distance_km"": 161.66, ""stations"": [""ARCO VERDE"", ""IBIMIRIM"", ""GARANHUNS"", ""CARUARU"", ""SERRA TALHADA"", ""FLORESTA""], ""method"": ""IDW p=2; até 6 estações; raio máximo 300 km""}, ""precipitacao_anual_mm"": {""n_estacoes"": 6, ""nearest_distance_km"": 26.05, ""max_distance_km"": 161.66, ""stations"": [""ARCO VERDE"", ""IBIMIRIM"", ""GARANHUNS"", ""CARUARU"", ""SERRA TALHADA"", ""FLORESTA""], ""method"": ""IDW p=2; até 6 estações; raio máximo 300 km""}}","{""organization"": ""INMET"", ""dataset"": ""Dados Históricos Anuais - estações automáticas"", ""version"": ""2015"", ""retrieved_at"": ""2026-10-01"", ""reference_url"": ""https://portal.inmet.gov.br/uploads/dadoshistoricos/2015.zip"", ""method"": ""agregação anual observada por estação + IDW municipal em EPSG:31985; p=2; 3-6 estações; raio <=300 km; controle mínimo de completude"", ""verified"": true}"
2602902,2015,-257.7438515682276,-4918587.278040585,"{""temperatura_media_c"": {""n_estacoes"": 6, ""nearest_distance_km"": 27.1, ""max_distance_km"": 220.86, ""stations"": [""RECIFE"", ""PALMARES"", ""SURUBIM"", ""CARUARU"", ""GARANHUNS"", ""ARCO VERDE""], ""method"": ""IDW p=2; até 6 estações; raio máximo 300 km""}, ""precipitacao_anual_mm"": {""n_estacoes"": 6, ""nearest_distance_km"": 27.1, ""max_distance_km"": 220.86, ""stations"": [""RECIFE"", ""PALMARES"", ""SURUBIM"", ""CARUARU"", ""GARANHUNS"", ""ARCO VERDE""], ""method"": ""IDW p=2; até 6 estações; raio máximo 300 km""}}","{""organization"": ""INMET"", ""dataset"": ""Dados Históricos Anuais - estações automáticas"", ""version"": ""2015"", ""retrieved_at"": ""2026-10-01"", ""reference_url"": ""https://portal.inmet.gov.br/uploads/dadoshistoricos/2015.zip"", ""method"": ""agregação anual observada por estação + IDW municipal em EPSG:31985; p=2; 3-6 estações; raio <=300 km; controle mínimo de completude"", ""verified"": true}"
2603009,2015,-169.46089718623205,-2043535.0665050258,"{""temperatura_media_c"": {""n_estacoes"": 6, ""nearest_distance_km"": 13.08, ""max_distance_km"": 179.46, ""stations"": [""CABROBO"", ""FLORESTA"", ""OURICURI"", ""SERRA TALHADA"", ""PETROLINA"", ""IBIMIRIM""], ""method"": ""IDW p=2; até 6 estações; raio máximo 300 km""}, ""precipitacao_anual_mm"": {""n_estacoes"": 6, ""nearest_distance_km"": 13.08, ""max_distance_km"": 179.46, ""stations"": [""CABROBO"", ""FLORESTA"", ""OURICURI"", ""SERRA TALHADA"", ""PETROLINA"", ""IBIMIRIM""], ""method"": ""IDW p=2; até 6 estações; raio máximo 300 km""}}","{""organization"": ""INMET"", ""dataset"": ""Dados Históricos Anuais - estações automáticas"", ""version"": ""2015"", ""retrieved_at"": ""2026-10-01"", ""reference_url"": ""https://portal.inmet.gov.br/uploads/dadoshistoricos/2015.zip"", ""method"": ""agregação anual observada por estação + IDW municipal em EPSG:31985; p=2; 3-6 estações; raio <=300 km; controle mínimo de completude"", ""verified"": true}"
2603108,2015,-444.90236584028156,-6456542.646303538,"{""temperatura_media_c"": {""n_estacoes"": 6, ""nearest_distance_km"": 43.48, ""max_distance_km"": 154.16, ""stations"": [""CARUARU"", ""GARANHUNS"", ""PALMARES"", ""ARCO VERDE"", ""SURUBIM"", ""RECIFE""], ""method"": ""IDW p=2; até 6 estações; raio máximo 300 km""}, ""precipitacao_anual_mm"": {""n_estacoes"": 6, ""nearest_distance_km"": 43.48, ""max_distance_km"": 154.16, ""stations"": [""CARUARU"", ""GARANHUNS"", ""PALMARES"", ""ARCO VERDE"", ""SURUBIM"", ""RECIFE""], ""method"": ""IDW p=2; até 6 estações; raio máximo 300 km""}}","{""organization"": ""INMET"", ""dataset"": ""Dados Históricos Anuais - estações automáticas"", ""version"": ""2015"", ""retrieved_at"": ""2026-10-01"", ""reference_url"": ""https://portal.inmet.gov.br/uploads/dadoshistoricos/2015.zip"", ""method"": ""agregação anual observada por estação + IDW municipal em EPSG:31985; p=2; 3-6 estações; raio <=300 km; controle mínimo de completude"", ""verified"": true}"
2603207,2015,-816.0943811084894,-7874048.790578249,"{""temperatura_media_c"": {""n_estacoes"": 6, ""nearest_distance_km"": 21.41, ""max_distance_km"": 143.27, ""stations"": [""GARANHUNS"", ""ARCO VERDE"", ""CARUARU"", ""IBIMIRIM"", ""PALMARES"", ""SURUBIM""], ""method"": ""IDW p=2; até 6 estações; raio máximo 300 km""}, ""precipitacao_anual_mm"": {""n_estacoes"": 6, ""nearest_distance_km"": 21.41, ""max_distance_km"": 143.27, ""stations"": [""GARANHUNS"", ""ARCO VERDE"", ""CARUARU"", ""IBIMIRIM"", ""PALMARES"", ""SURUBIM""], ""method"": ""IDW p=2; até 6 estações; raio máximo 300 km""}}","{""organization"": ""INMET"", ""dataset"": ""Dados Históricos Anuais - estações automáticas"", ""version"": ""2015"", ""retrieved_at"": ""2026-10-01"", ""reference_url"": ""https://portal.inmet.gov.br/uploads/dadoshistoricos/2015.zip"", ""method"": ""agregação anual observada por estação + IDW municipal em EPSG:31985; p=2; 3-6 estações; raio <=300 km; controle mínimo de completude"", ""verified"": true}"
2603306,2015,-786.8431567402172,-8541132.780554002,"{""temperatura_media_c"": {""n_estacoes"": 6, ""nearest_distance_km"": 25.75, ""max_distance_km"": 155.58, ""stations"": [""GARANHUNS"", ""CARUARU"", ""PALMARES"", ""ARCO VERDE"", ""SURUBIM"", ""IBIMIRIM""], ""method"": ""IDW p=2; até 6 estações; raio máximo 300 km""}, ""precipitacao_anual_mm"": {""n_estacoes"": 6, ""nearest_distance_km"": 25.75, ""max_distance_km"": 155.58, ""stations"": [""GARANHUNS"", ""CARUARU"", ""PALMARES"", ""ARCO VERDE"", ""SURUBIM"", ""IBIMIRIM""], ""method"": ""IDW p=2; até 6 estações; raio máximo 300 km""}}","{""organization"": ""INMET"", ""dataset"": ""Dados Históricos Anuais - estações automáticas"", ""version"": ""2015"", ""retrieved_at"": ""2026-10-01"", ""reference_url"": ""https://portal.inmet.gov.br/uploads/dadoshistoricos/2015.zip"", ""method"": ""agregação anual observada por estação + IDW municipal em EPSG:31985; p=2; 3-6 estações; raio <=300 km; controle mínimo de completude"", ""verified"": true}"
2603405,2015,-6.230042276680776,-16835740.98244621,"{""temperatura_media_c"": {""n_estacoes"": 6, ""nearest_distance_km"": 24.55, ""max_distance_km"": 201.47, ""stations"": [""SERRA TALHADA"", ""IBIMIRIM"", ""FLORESTA"", ""ARCO VERDE"", ""CABROBO"", ""GARANHUNS""], ""method"": ""IDW p=2; até 6 estações; raio máximo 300 km""}, ""precipitacao_anual_mm"": {""n_estacoes"": 6, ""nearest_distance_km"": 24.55, ""max_distance_km"": 201.47, ""stations"": [""SERRA TALHADA"", ""IBIMIRIM"", ""FLORESTA"", ""ARCO VERDE"", ""CABROBO"", ""GARANHUNS""], ""method"": ""IDW p=2; até 6 estações; raio máximo 300 km""}}","{""organization"": ""INMET"", ""dataset"": ""Dados Históricos Anuais - estações automáticas"", ""version"": ""2015"", ""retrieved_at"": ""2026-10-01"", ""reference_url"": ""https://portal.inmet.gov.br/uploads/dadoshistoricos/2015.zip"", ""method"": ""agregação anual observada por estação + IDW municipal em EPSG:31985; p=2; 3-6 estações; raio <=300 km; controle mínimo de completude"", ""verified"": true}"
2603454,2015,-124.25383614420986,-1493163.4913797749,"{""temperatura_media_c"": {""n_estacoes"": 6, ""nearest_distance_km"": 8.96, ""max_distance_km"": 235.13, ""stations"": [""RECIFE"", ""SURUBIM"", ""PALMARES"", ""CARUARU"", ""GARANHUNS"", ""ARCO VERDE""], ""method"": ""IDW p=2; até 6 estações; raio máximo 300 km""}, ""precipitacao_anual_mm"": {""n_estacoes"": 6, ""nearest_distance_km"": 8.96, ""max_distance_km"": 235.13, ""stations"": [""RECIFE"", ""SURUBIM"", ""PALMARES"", ""CARUARU"", ""GARANHUNS"", ""ARCO VERDE""], ""method"": ""IDW p=2; até 6 estações; raio máximo 300 km""}}","{""organization"": ""INMET"", ""dataset"": ""Dados Históricos Anuais - estações automáticas"", ""version"": ""2015"", ""retrieved_at"": ""2026-10-01"", ""reference_url"": ""https://portal.inmet.gov.br/uploads/dadoshistoricos/2015.zip"", ""method"": ""agregação anual observada por estação + IDW municipal em EPSG:31985; p=2; 3-6 estações; raio <=300 km; controle mínimo de completude"", ""verified"": true}"
2603504,2015,-343.75748684827244,-8072797.158647754,"{""temperatura_media_c"": {""n_estacoes"": 6, ""nearest_distance_km"": 26.73, ""max_distance_km"": 144.81, ""stations"": [""CARUARU"", ""PALMARES"", ""SURUBIM"", ""RECIFE"", ""GARANHUNS"", ""ARCO VERDE""], ""method"": ""IDW p=2; até 6 estações; raio máximo 300 km""}, ""precipitacao_anual_mm"": {""n_estacoes"": 6, ""nearest_distance_km"": 26.73, ""max_distance_km"": 144.81, ""stations"": [""CARUARU"", ""PALMARES"", ""SURUBIM"", ""RECIFE"", ""GARANHUNS"", ""ARCO VERDE""], ""method"": ""IDW p=2; até 6 estações; raio máximo 300 km""}}","{""organization"": ""INMET"", ""dataset"": ""Dados Históricos Anuais - estações automáticas"", ""version"": ""2015"", ""retrieved_at"": ""2026-10-01"", ""reference_url"": ""https://portal.inmet.gov.br/uploads/dadoshistoricos/2015.zip"", ""method"": ""agregação anual observada por estação + IDW municipal em EPSG:31985; p=2; 3-6 estações; raio <=300 km; controle mínimo de completude"", ""verified"": true}"
2603603,2015,-516.8590073332008,-6816868.578009259,"{""temperatura_media_c"": {""n_estacoes"": 6, ""nearest_distance_km"": 70.7, ""max_distance_km"": 225.03, ""stations"": [""SURUBIM"", ""RECIFE"", ""CARUARU"", ""PALMARES"", ""GARANHUNS"", ""ARCO VERDE""], ""method"": ""IDW p=2; até 6 estações; raio máximo 300 km""}, ""precipitacao_anual_mm"": {""n_estacoes"": 6, ""nearest_distance_km"": 70.7, ""max_distance_km"": 225.03, ""stations"": [""SURUBIM"", ""RECIFE"", ""CARUARU"", ""PALMARES"", ""GARANHUNS"", ""ARCO VERDE""], ""method"": ""IDW p=2; até 6 estações; raio máximo 300 km""}}","{""organization"": ""INMET"", ""dataset"": ""Dados Históricos Anuais - estações automáticas"", ""version"": ""2015"", ""retrieved_at"": ""2026-10-01"", ""reference_url"": ""https://portal.inmet.gov.br/uploads/dadoshistoricos/2015.zip"", ""method"": ""agregação anual observada por estação + IDW municipal em EPSG:31985; p=2; 3-6 estações; raio <=300 km; controle mínimo de completude"", ""verified"": true}"
2603702,2015,-747.0634186046092,-9793730.781063607,"{""temperatura_media_c"": {""n_estacoes"": 6, ""nearest_distance_km"": 35.03, ""max_distance_km"": 162.83, ""stations"": [""GARANHUNS"", ""PALMARES"", ""CARUARU"", ""ARCO VERDE"", ""SURUBIM"", ""RECIFE""], ""method"": ""IDW p=2; até 6 estações; raio máximo 300 km""}, ""precipitacao_anual_mm"": {""n_estacoes"": 6, ""nearest_distance_km"": 35.03, ""max_distance_km"": 162.83, ""stations"": [""GARANHUNS"", ""PALMARES"", ""CARUARU"", ""ARCO VERDE"", ""SURUBIM"", ""RECIFE""], ""method"": ""IDW p=2; até 6 estações; raio máximo 300 km""}}","{""organization"": ""INMET"", ""dataset"": ""Dados Históricos Anuais - estações automáticas"", ""version"": ""2015"", ""retrieved_at"": ""2026-10-01"", ""reference_url"": ""https://portal.inmet.gov.br/uploads/dadoshistoricos/2015.zip"", ""method"": ""agregação anual observada por estação + IDW municipal em EPSG:31985; p=2; 3-6 estações; raio <=300 km; controle mínimo de completude"", ""verified"": true}"
2603801,2015,-734.6095172247026,-7461263.774819431,"{""temperatura_media_c"": {""n_estacoes"": 6, ""nearest_distance_km"": 26.93, ""max_distance_km"": 129.24, ""stations"": [""GARANHUNS"", ""ARCO VERDE"", ""CARUARU"", ""PALMARES"", ""IBIMIRIM"", ""SURUBIM""], ""method"": ""IDW p=2; até 6 estações; raio máximo 300 km""}, ""precipitacao_anual_mm"": {""n_estacoes"": 6, ""nearest_distance_km"": 26.93, ""max_distance_km"": 129.24, ""stations"": [""GARANHUNS"", ""ARCO VERDE"", ""CARUARU"", ""PALMARES"", ""IBIMIRIM"", ""SURUBIM""], ""method"": ""IDW p=2; até 6 estações; raio máximo 300 km""}}","{""organization"": ""INMET"", ""dataset"": ""Dados Históricos Anuais - estações automáticas"", ""version"": ""2015"", ""retrieved_at"": ""2026-10-01"", ""reference_url"": ""https://portal.inmet.gov.br/uploads/dadoshistoricos/2015.zip"", ""method"": ""agregação anual observada por estação + IDW municipal em EPSG:31985; p=2; 3-6 estações; raio <=300 km; controle mínimo de completude"", ""verified"": true}"
2603900,2015,-74.30521349516953,-9089513.261186833,"{""temperatura_media_c"": {""n_estacoes"": 6, ""nearest_distance_km"": 65.18, ""max_distance_km"": 192.35, ""stations"": [""SERRA TALHADA"", ""IBIMIRIM"", ""ARCO VERDE"", ""FLORESTA"", ""GARANHUNS"", ""CABROBO""], ""method"": ""IDW p=2; até 6 estações; raio máximo 300 km""}, ""precipitacao_anual_mm"": {""n_estacoes"": 6, ""nearest_distance_km"": 65.18, ""max_distance_km"": 192.35, ""stations"": [""SERRA TALHADA"", ""IBIMIRIM"", ""ARCO VERDE"", ""FLORESTA"", ""GARANHUNS"", ""CABROBO""], ""method"": ""IDW p=2; até 6 estações; raio máximo 300 km""}}","{""organization"": ""INMET"", ""dataset"": ""Dados Históricos Anuais - estações automáticas"", ""version"": ""2015"", ""retrieved_at"": ""2026-10-01"", ""reference_url"": ""https://portal.inmet.gov.br/uploads/dadoshistoricos/2015.zip"", ""method"": ""agregação anual observada por estação + IDW municipal em EPSG:31985; p=2; 3-6 estações; raio <=300 km; controle mínimo de completude"", ""verified"": true}"
2603926,2015,-74.89560766534903,-3110670.4433420873,"{""temperatura_media_c"": {""n_estacoes"": 6, ""nearest_distance_km"": 25.53, ""max_distance_km"": 181.01, ""stations"": [""FLORESTA"", ""CABROBO"", ""SERRA TALHADA"", ""IBIMIRIM"", ""OURICURI"", ""ARCO VERDE""], ""method"": ""IDW p=2; até 6 estações; raio máximo 300 km""}, ""precipitacao_anual_mm"": {""n_estacoes"": 6, ""nearest_distance_km"": 25.53, ""max_distance_km"": 181.01, ""stations"": [""FLORESTA"", ""CABROBO"", ""SERRA TALHADA"", ""IBIMIRIM"", ""OURICURI"", ""ARCO VERDE""], ""method"": ""IDW p=2; até 6 estações; raio máximo 300 km""}}","{""organization"": ""INMET"", ""dataset"": ""Dados Históricos Anuais - estações automáticas"", ""version"": ""2015"", ""retrieved_at"": ""2026-10-01"", ""reference_url"": ""https://portal.inmet.gov.br/uploads/dadoshistoricos/2015.zip"", ""method"": ""agregação anual observada por estação + IDW municipal em EPSG:31985; p=2; 3-6 estações; raio <=300 km; controle mínimo de completude"", ""verified"": true}"
2604007,2015,-452.6306833730132,-6218600.49310381,"{""temperatura_media_c"": {""n_estacoes"": 6, ""nearest_distance_km"": 46.51, ""max_distance_km"": 206.98, ""stations"": [""RECIFE"", ""SURUBIM"", ""CARUARU"", ""PALMARES"", ""GARANHUNS"", ""ARCO VERDE""], ""method"": ""IDW p=2; até 6 estações; raio máximo 300 km""}, ""precipitacao_anual_mm"": {""n_estacoes"": 6, ""nearest_distance_km"": 46.51, ""max_distance_km"": 206.98, ""stations"": [""RECIFE"", ""SURUBIM"", ""CARUARU"", ""PALMARES"", ""GARANHUNS"", ""ARCO VERDE""], ""method"": ""IDW p=2; até 6 estações; raio máximo 300 km""}}","{""organization"": ""INMET"", ""dataset"": ""Dados Históricos Anuais - estações automáticas"", ""version"": ""2015"", ""retrieved_at"": ""2026-10-01"", ""reference_url"": ""https://portal.inmet.gov.br/uploads/dadoshistoricos/2015.zip"", ""method"": ""agregação anual observada por estação + IDW municipal em EPSG:31985; p=2; 3-6 estações; raio <=300 km; controle mínimo de completude"", ""verified"": true}"
2604106,2015,-13.704590398588033,-515614.998082891,"{""temperatura_media_c"": {""n_estacoes"": 6, ""nearest_distance_km"": 7.03, ""max_distance_km"": 120.56, ""stations"": [""CARUARU"", ""SURUBIM"", ""PALMARES"", ""GARANHUNS"", ""RECIFE"", ""ARCO VERDE""], ""method"": ""IDW p=2; até 6 estações; raio máximo 300 km""}, ""precipitacao_anual_mm"": {""n_estacoes"": 6, ""nearest_distance_km"": 7.03, ""max_distance_km"": 120.56, ""stations"": [""CARUARU"", ""SURUBIM"", ""PALMARES"", ""GARANHUNS"", ""RECIFE"", ""ARCO VERDE""], ""method"": ""IDW p=2; até 6 estações; raio máximo 300 km""}}","{""organization"": ""INMET"", ""dataset"": ""Dados Históricos Anuais - estações automáticas"", ""version"": ""2015"", ""retrieved_at"": ""2026-10-01"", ""reference_url"": ""https://portal.inmet.gov.br/uploads/dadoshistoricos/2015.zip"", ""method"": ""agregação anual observada por estação + IDW municipal em EPSG:31985; p=2; 3-6 estações; raio <=300 km; controle mínimo de completude"", ""verified"": true}"
2604155,2015,-897.6775860395452,-8348674.63461593,"{""temperatura_media_c"": {""n_estacoes"": 6, ""nearest_distance_km"": 12.15, ""max_distance_km"": 167.17, ""stations"": [""SURUBIM"", ""CARUARU"", ""RECIFE"", ""PALMARES"", ""GARANHUNS"", ""ARCO VERDE""], ""method"": ""IDW p=2; até 6 estações; raio máximo 300 km""}, ""precipitacao_anual_mm"": {""n_estacoes"": 6, ""nearest_distance_km"": 12.15, ""max_distance_km"": 167.17, ""stations"": [""SURUBIM"", ""CARUARU"", ""RECIFE"", ""PALMARES"", ""GARANHUNS"", ""ARCO VERDE""], ""method"": ""IDW p=2; até 6 estações; raio máximo 300 km""}}","{""organization"": ""INMET"", ""dataset"": ""Dados Históricos Anuais - estações automáticas"", ""version"": ""2015"", ""retrieved_at"": ""2026-10-01"", ""reference_url"": ""https://portal.inmet.gov.br/uploads/dadoshistoricos/2015.zip"", ""method"": ""agregação anual observada por estação + IDW municipal em EPSG:31985; p=2; 3-6 estações; raio <=300 km; controle mínimo de completude"", ""verified"": true}"
2604205,2015,-776.4192927846746,-24518018.120402012,"{""temperatura_media_c"": {""n_estacoes"": 6, ""nearest_distance_km"": 17.92, ""max_distance_km"": 151.87, ""stations"": [""PALMARES"", ""CARUARU"", ""GARANHUNS"", ""SURUBIM"", ""RECIFE"", ""ARCO VERDE""], ""method"": ""IDW p=2; até 6 estações; raio máximo 300 km""}, ""precipitacao_anual_mm"": {""n_estacoes"": 6, ""nearest_distance_km"": 17.92, ""max_distance_km"": 151.87, ""stations"": [""PALMARES"", ""CARUARU"", ""GARANHUNS"", ""SURUBIM"", ""RECIFE"", ""ARCO VERDE""], ""method"": ""IDW p=2; até 6 estações; raio máximo 300 km""}}","{""organization"": ""INMET"", ""dataset"": ""Dados Históricos Anuais - estações automáticas"", ""version"": ""2015"", ""retrieved_at"": ""2026-10-01"", ""reference_url"": ""https://portal.inmet.gov.br/uploads/dadoshistoricos/2015.zip"", ""method"": ""agregação anual observada por estação + IDW municipal em EPSG:31985; p=2; 3-6 estações; raio <=300 km; controle mínimo de completude"", ""verified"": true}"
2604304,2015,-779.3516941236882,-12721753.46274775,"{""temperatura_media_c"": {""n_estacoes"": 6, ""nearest_distance_km"": 85.31, ""max_distance_km"": 231.98, ""stations"": [""CABROBO"", ""OURICURI"", ""SERRA TALHADA"", ""FLORESTA"", ""IBIMIRIM"", ""PETROLINA""], ""method"": ""IDW p=2; até 6 estações; raio máximo 300 km""}, ""precipitacao_anual_mm"": {""n_estacoes"": 6, ""nearest_distance_km"": 85.31, ""max_distance_km"": 231.98, ""stations"": [""CABROBO"", ""OURICURI"", ""SERRA TALHADA"", ""FLORESTA"", ""IBIMIRIM"", ""PETROLINA""], ""method"": ""IDW p=2; até 6 estações; raio máximo 300 km""}}","{""organization"": ""INMET"", ""dataset"": ""Dados Históricos Anuais - estações automáticas"", ""version"": ""2015"", ""retrieved_at"": ""2026-10-01"", ""reference_url"": ""https://portal.inmet.gov.br/uploads/dadoshistoricos/2015.zip"", ""method"": ""agregação anual observada por estação + IDW municipal em EPSG:31985; p=2; 3-6 estações; raio <=300 km; controle mínimo de completude"", ""verified"": true}"
2604403,2015,-294.97653996852705,-4636027.68243976,"{""temperatura_media_c"": {""n_estacoes"": 6, ""nearest_distance_km"": 29.71, ""max_distance_km"": 210.47, ""stations"": [""RECIFE"", ""SURUBIM"", ""PALMARES"", ""CARUARU"", ""GARANHUNS"", ""ARCO VERDE""], ""method"": ""IDW p=2; até 6 estações; raio máximo 300 km""}, ""precipitacao_anual_mm"": {""n_estacoes"": 6, ""nearest_distance_km"": 29.71, ""max_distance_km"": 210.47, ""stations"": [""RECIFE"", ""SURUBIM"", ""PALMARES"", ""CARUARU"", ""GARANHUNS"", ""ARCO VERDE""], ""method"": ""IDW p=2; até 6 estações; raio máximo 300 km""}}","{""organization"": ""INMET"", ""dataset"": ""Dados Históricos Anuais - estações automáticas"", ""version"": ""2015"", ""retrieved_at"": ""2026-10-01"", ""reference_url"": ""https://portal.inmet.gov.br/uploads/dadoshistoricos/2015.zip"", ""method"": ""agregação anual observada por estação + IDW municipal em EPSG:31985; p=2; 3-6 estações; raio <=300 km; controle mínimo de completude"", ""verified"": true}"
2604502,2015,-523.0531017901412,-11011695.644877993,"{""temperatura_media_c"": {""n_estacoes"": 6, ""nearest_distance_km"": 49.44, ""max_distance_km"": 178.71, ""stations"": [""PALMARES"", ""SURUBIM"", ""CARUARU"", ""RECIFE"", ""GARANHUNS"", ""ARCO VERDE""], ""method"": ""IDW p=2; até 6 estações; raio máximo 300 km""}, ""precipitacao_anual_mm"": {""n_estacoes"": 6, ""nearest_distance_km"": 49.44, ""max_distance_km"": 178.71, ""stations"": [""PALMARES"", ""SURUBIM"", ""CARUARU"", ""RECIFE"", ""GARANHUNS"", ""ARCO VERDE""], ""method"": ""IDW p=2; até 6 estações; raio máximo 300 km""}}","{""organization"": ""INMET"", ""dataset"": ""Dados Históricos Anuais - estações automáticas"", ""version"": ""2015"", ""retrieved_at"": ""2026-10-01"", ""reference_url"": ""https://portal.inmet.gov.br/uploads/dadoshistoricos/2015.zip"", ""method"": ""agregação anual observada por estação + IDW municipal em EPSG:31985; p=2; 3-6 estações; raio <=300 km; controle mínimo de completude"", ""verified"": true}"
2604601,2015,-379.63194192856184,-5458333.028859067,"{""temperatura_media_c"": {""n_estacoes"": 6, ""nearest_distance_km"": 53.45, ""max_distance_km"": 237.12, ""stations"": [""RECIFE"", ""SURUBIM"", ""CARUARU"", ""PALMARES"", ""GARANHUNS"", ""ARCO VERDE""], ""method"": ""IDW p=2; até 6 estações; raio máximo 300 km""}, ""precipitacao_anual_mm"": {""n_estacoes"": 6, ""nearest_distance_km"": 53.45, ""max_distance_km"": 237.12, ""stations"": [""RECIFE"", ""SURUBIM"", ""CARUARU"", ""PALMARES"", ""GARANHUNS"", ""ARCO VERDE""], ""method"": ""IDW p=2; até 6 estações; raio máximo 300 km""}}","{""organization"": ""INMET"", ""dataset"": ""Dados Históricos Anuais - estações automáticas"", ""version"": ""2015"", ""retrieved_at"": ""2026-10-01"", ""reference_url"": ""https://portal.inmet.gov.br/uploads/dadoshistoricos/2015.zip"", ""method"": ""agregação anual observada por estação + IDW municipal em EPSG:31985; p=2; 3-6 estações; raio <=300 km; controle mínimo de completude"", ""verified"": true}"
2604700,2015,-834.5532186844778,-8914576.123746693,"{""temperatura_media_c"": {""n_estacoes"": 6, ""nearest_distance_km"": 28.72, ""max_distance_km"": 165.53, ""stations"": [""GARANHUNS"", ""PALMARES"", ""CARUARU"", ""ARCO VERDE"", ""SURUBIM"", ""IBIMIRIM""], ""method"": ""IDW p=2; até 6 estações; raio máximo 300 km""}, ""precipitacao_anual_mm"": {""n_estacoes"": 6, ""nearest_distance_km"": 28.72, ""max_distance_km"": 165.53, ""stations"": [""GARANHUNS"", ""PALMARES"", ""CARUARU"", ""ARCO VERDE"", ""SURUBIM"", ""IBIMIRIM""], ""method"": ""IDW p=2; até 6 estações; raio máximo 300 km""}}","{""organization"": ""INMET"", ""dataset"": ""Dados Históricos Anuais - estações automáticas"", ""version"": ""2015"", ""retrieved_at"": ""2026-10-01"", ""reference_url"": ""https://portal.inmet.gov.br/uploads/dadoshistoricos/2015.zip"", ""method"": ""agregação anual observada por estação + IDW municipal em EPSG:31985; p=2; 3-6 estações; raio <=300 km; controle mínimo de completude"", ""verified"": true}"
2604809,2015,-677.7693993874941,-19916800.409013864,"{""temperatura_media_c"": {""n_estacoes"": 6, ""nearest_distance_km"": 26.15, ""max_distance_km"": 171.21, ""stations"": [""PALMARES"", ""CARUARU"", ""SURUBIM"", ""RECIFE"", ""GARANHUNS"", ""ARCO VERDE""], ""method"": ""IDW p=2; até 6 estações; raio máximo 300 km""}, ""precipitacao_anual_mm"": {""n_estacoes"": 6, ""nearest_distance_km"": 26.15, ""max_distance_km"": 171.21, ""stations"": [""PALMARES"", ""CARUARU"", ""SURUBIM"", ""RECIFE"", ""GARANHUNS"", ""ARCO VERDE""], ""method"": ""IDW p=2; até 6 estações; raio máximo 300 km""}}","{""organization"": ""INMET"", ""dataset"": ""Dados Históricos Anuais - estações automáticas"", ""version"": ""2015"", ""retrieved_at"": ""2026-10-01"", ""reference_url"": ""https://portal.inmet.gov.br/uploads/dadoshistoricos/2015.zip"", ""method"": ""agregação anual observada por estação + IDW municipal em EPSG:31985; p=2; 3-6 estações; raio <=300 km; controle mínimo de completude"", ""verified"": true}"
2604908,2015,-643.5248914418579,-7274659.350239033,"{""temperatura_media_c"": {""n_estacoes"": 6, ""nearest_distance_km"": 23.96, ""max_distance_km"": 156.02, ""stations"": [""SURUBIM"", ""CARUARU"", ""PALMARES"", ""RECIFE"", ""GARANHUNS"", ""ARCO VERDE""], ""method"": ""IDW p=2; até 6 estações; raio máximo 300 km""}, ""precipitacao_anual_mm"": {""n_estacoes"": 6, ""nearest_distance_km"": 23.96, ""max_distance_km"": 156.02, ""stations"": [""SURUBIM"", ""CARUARU"", ""PALMARES"", ""RECIFE"", ""GARANHUNS"", ""ARCO VERDE""], ""method"": ""IDW p=2; até 6 estações; raio máximo 300 km""}}","{""organization"": ""INMET"", ""dataset"": ""Dados Históricos Anuais - estações automáticas"", ""version"": ""2015"", ""retrieved_at"": ""2026-10-01"", ""reference_url"": ""https://portal.inmet.gov.br/uploads/dadoshistoricos/2015.zip"", ""method"": ""agregação anual observada por estação + IDW municipal em EPSG:31985; p=2; 3-6 estações; raio <=300 km; controle mínimo de completude"", ""verified"": true}"
2605004,2015,-484.24138000699395,-11818353.96097671,"{""temperatura_media_c"": {""n_estacoes"": 6, ""nearest_distance_km"": 38.87, ""max_distance_km"": 128.35, ""stations"": [""CARUARU"", ""PALMARES"", ""GARANHUNS"", ""SURUBIM"", ""RECIFE"", ""ARCO VERDE""], ""method"": ""IDW p=2; até 6 estações; raio máximo 300 km""}, ""precipitacao_anual_mm"": {""n_estacoes"": 6, ""nearest_distance_km"": 38.87, ""max_distance_km"": 128.35, ""stations"": [""CARUARU"", ""PALMARES"", ""GARANHUNS"", ""SURUBIM"", ""RECIFE"", ""ARCO VERDE""], ""method"": ""IDW p=2; até 6 estações; raio máximo 300 km""}}","{""organization"": ""INMET"", ""dataset"": ""Dados Históricos Anuais - estações automáticas"", ""version"": ""2015"", ""retrieved_at"": ""2026-10-01"", ""reference_url"": ""https://portal.inmet.gov.br/uploads/dadoshistoricos/2015.zip"", ""method"": ""agregação anual observada por estação + IDW municipal em EPSG:31985; p=2; 3-6 estações; raio <=300 km; controle mínimo de completude"", ""verified"": true}"
2605103,2015,-102.63801556136606,-4407470.207172941,"{""temperatura_media_c"": {""n_estacoes"": 6, ""nearest_distance_km"": 37.37, ""max_distance_km"": 184.22, ""stations"": [""IBIMIRIM"", ""ARCO VERDE"", ""SERRA TALHADA"", ""FLORESTA"", ""GARANHUNS"", ""CABROBO""], ""method"": ""IDW p=2; até 6 estações; raio máximo 300 km""}, ""precipitacao_anual_mm"": {""n_estacoes"": 6, ""nearest_distance_km"": 37.37, ""max_distance_km"": 184.22, ""stations"": [""IBIMIRIM"", ""ARCO VERDE"", ""SERRA TALHADA"", ""FLORESTA"", ""GARANHUNS"", ""CABROBO""], ""method"": ""IDW p=2; até 6 estações; raio máximo 300 km""}}","{""organization"": ""INMET"", ""dataset"": ""Dados Históricos Anuais - estações automáticas"", ""version"": ""2015"", ""retrieved_at"": ""2026-10-01"", ""reference_url"": ""https://portal.inmet.gov.br/uploads/dadoshistoricos/2015.zip"", ""method"": ""agregação anual observada por estação + IDW municipal em EPSG:31985; p=2; 3-6 estações; raio <=300 km; controle mínimo de completude"", ""verified"": true}"
2605152,2015,-1397.7479614154724,-15750210.602331258,"{""temperatura_media_c"": {""n_estacoes"": 5, ""nearest_distance_km"": 89.26, ""max_distance_km"": 264.72, ""stations"": [""OURICURI"", ""PETROLINA"", ""CABROBO"", ""FLORESTA"", ""SERRA TALHADA""], ""method"": ""IDW p=2; até 6 estações; raio máximo 300 km""}, ""precipitacao_anual_mm"": {""n_estacoes"": 5, ""nearest_distance_km"": 89.26, ""max_distance_km"": 264.72, ""stations"": [""OURICURI"", ""PETROLINA"", ""CABROBO"", ""FLORESTA"", ""SERRA TALHADA""], ""method"": ""IDW p=2; até 6 estações; raio máximo 300 km""}}","{""organization"": ""INMET"", ""dataset"": ""Dados Históricos Anuais - estações automáticas"", ""version"": ""2015"", ""retrieved_at"": ""2026-10-01"", ""reference_url"": ""https://portal.inmet.gov.br/uploads/dadoshistoricos/2015.zip"", ""method"": ""agregação anual observada por estação + IDW municipal em EPSG:31985; p=2; 3-6 estações; raio <=300 km; controle mínimo de completude"", ""verified"": true}"
2605202,2015,-495.87957925992083,-12312427.407853259,"{""temperatura_media_c"": {""n_estacoes"": 6, ""nearest_distance_km"": 46.85, ""max_distance_km"": 200.62, ""stations"": [""PALMARES"", ""RECIFE"", ""CARUARU"", ""SURUBIM"", ""GARANHUNS"", ""ARCO VERDE""], ""method"": ""IDW p=2; até 6 estações; raio máximo 300 km""}, ""precipitacao_anual_mm"": {""n_estacoes"": 6, ""nearest_distance_km"": 46.85, ""max_distance_km"": 200.62, ""stations"": [""PALMARES"", ""RECIFE"", ""CARUARU"", ""SURUBIM"", ""GARANHUNS"", ""ARCO VERDE""], ""method"": ""IDW p=2; até 6 estações; raio máximo 300 km""}}","{""organization"": ""INMET"", ""dataset"": ""Dados Históricos Anuais - estações automáticas"", ""version"": ""2015"", ""retrieved_at"": ""2026-10-01"", ""reference_url"": ""https://portal.inmet.gov.br/uploads/dadoshistoricos/2015.zip"", ""method"": ""agregação anual observada por estação + IDW municipal em EPSG:31985; p=2; 3-6 estações; raio <=300 km; controle mínimo de completude"", ""verified"": true}"
2605301,2015,-2193.898511250056,-24571824.943157297,"{""temperatura_media_c"": {""n_estacoes"": 6, ""nearest_distance_km"": 56.76, ""max_distance_km"": 251.13, ""stations"": [""OURICURI"", ""CABROBO"", ""SERRA TALHADA"", ""FLORESTA"", ""PETROLINA"", ""IBIMIRIM""], ""method"": ""IDW p=2; até 6 estações; raio máximo 300 km""}, ""precipitacao_anual_mm"": {""n_estacoes"": 6, ""nearest_distance_km"": 56.76, ""max_distance_km"": 251.13, ""stations"": [""OURICURI"", ""CABROBO"", ""SERRA TALHADA"", ""FLORESTA"", ""PETROLINA"", ""IBIMIRIM""], ""method"": ""IDW p=2; até 6 estações; raio máximo 300 km""}}","{""organization"": ""INMET"", ""dataset"": ""Dados Históricos Anuais - estações automáticas"", ""version"": ""2015"", ""retrieved_at"": ""2026-10-01"", ""reference_url"": ""https://portal.inmet.gov.br/uploads/dadoshistoricos/2015.zip"", ""method"": ""agregação anual observada por estação + IDW municipal em EPSG:31985; p=2; 3-6 estações; raio <=300 km; controle mínimo de completude"", ""verified"": true}"
2605400,2015,-498.27263386781465,-7096965.729528172,"{""temperatura_media_c"": {""n_estacoes"": 6, ""nearest_distance_km"": 47.33, ""max_distance_km"": 194.48, ""stations"": [""SURUBIM"", ""RECIFE"", ""CARUARU"", ""PALMARES"", ""GARANHUNS"", ""ARCO VERDE""], ""method"": ""IDW p=2; até 6 estações; raio máximo 300 km""}, ""precipitacao_anual_mm"": {""n_estacoes"": 6, ""nearest_distance_km"": 47.33, ""max_distance_km"": 194.48, ""stations"": [""SURUBIM"", ""RECIFE"", ""CARUARU"", ""PALMARES"", ""GARANHUNS"", ""ARCO VERDE""], ""method"": ""IDW p=2; até 6 estações; raio máximo 300 km""}}","{""organization"": ""INMET"", ""dataset"": ""Dados Históricos Anuais - estações automáticas"", ""version"": ""2015"", ""retrieved_at"": ""2026-10-01"", ""reference_url"": ""https://portal.inmet.gov.br/uploads/dadoshistoricos/2015.zip"", ""method"": ""agregação anual observada por estação + IDW municipal em EPSG:31985; p=2; 3-6 estações; raio <=300 km; controle mínimo de completude"", ""verified"": true}"
2605459,2015,,,"{""temperatura_media_c"": {""n_estacoes"": 0, ""max_distance_km"": null, ""method"": ""unavailable""}, ""precipitacao_anual_mm"": {""n_estacoes"": 0, ""max_distance_km"": null, ""method"": ""unavailable""}}","{""organization"": ""INMET"", ""dataset"": ""Dados Históricos Anuais - estações automáticas"", ""version"": ""2015"", ""retrieved_at"": ""2026-10-01"", ""reference_url"": ""https://portal.inmet.gov.br/uploads/dadoshistoricos/2015.zip"", ""method"": ""agregação anual observada por estação + IDW municipal em EPSG:31985; p=2; 3-6 estações; raio <=300 km; controle mínimo de completude"", ""verified"": true}"
2605509,2015,-486.10906746825697,-6555223.690296496,"{""temperatura_media_c"": {""n_estacoes"": 6, ""nearest_distance_km"": 71.53, ""max_distance_km"": 228.02, ""stations"": [""RECIFE"", ""SURUBIM"", ""CARUARU"", ""PALMARES"", ""GARANHUNS"", ""ARCO VERDE""], ""method"": ""IDW p=2; até 6 estações; raio máximo 300 km""}, ""precipitacao_anual_mm"": {""n_estacoes"": 6, ""nearest_distance_km"": 71.53, ""max_distance_km"": 228.02, ""stations"": [""RECIFE"", ""SURUBIM"", ""CARUARU"", ""PALMARES"", ""GARANHUNS"", ""ARCO VERDE""], ""method"": ""IDW p=2; até 6 estações; raio máximo 300 km""}}","{""organization"": ""INMET"", ""dataset"": ""Dados Históricos Anuais - estações automáticas"", ""version"": ""2015"", ""retrieved_at"": ""2026-10-01"", ""reference_url"": ""https://portal.inmet.gov.br/uploads/dadoshistoricos/2015.zip"", ""method"": ""agregação anual observada por estação + IDW municipal em EPSG:31985; p=2; 3-6 estações; raio <=300 km; controle mínimo de completude"", ""verified"": true}"
2605608,2015,-47.707329159025996,-11746566.503305795,"{""temperatura_media_c"": {""n_estacoes"": 6, ""nearest_distance_km"": 44.28, ""max_distance_km"": 188.07, ""stations"": [""SERRA TALHADA"", ""IBIMIRIM"", ""ARCO VERDE"", ""FLORESTA"", ""CABROBO"", ""GARANHUNS""], ""method"": ""IDW p=2; até 6 estações; raio máximo 300 km""}, ""precipitacao_anual_mm"": {""n_estacoes"": 6, ""nearest_distance_km"": 44.28, ""max_distance_km"": 188.07, ""stations"": [""SERRA TALHADA"", ""IBIMIRIM"", ""ARCO VERDE"", ""FLORESTA"", ""CABROBO"", ""GARANHUNS""], ""method"": ""IDW p=2; até 6 estações; raio máximo 300 km""}}","{""organization"": ""INMET"", ""dataset"": ""Dados Históricos Anuais - estações automáticas"", ""version"": ""2015"", ""retrieved_at"": ""2026-10-01"", ""reference_url"": ""https://portal.inmet.gov.br/uploads/dadoshistoricos/2015.zip"", ""method"": ""agregação anual observada por estação + IDW municipal em EPSG:31985; p=2; 3-6 estações; raio <=300 km; controle mínimo de completude"", ""verified"": true}"
2605707,2015,-34.088074489583406,-3336645.575632362,"{""temperatura_media_c"": {""n_estacoes"": 6, ""nearest_distance_km"": 30.87, ""max_distance_km"": 203.34, ""stations"": [""FLORESTA"", ""IBIMIRIM"", ""SERRA TALHADA"", ""CABROBO"", ""ARCO VERDE"", ""GARANHUNS""], ""method"": ""IDW p=2; até 6 estações; raio máximo 300 km""}, ""precipitacao_anual_mm"": {""n_estacoes"": 6, ""nearest_distance_km"": 30.87, ""max_distance_km"": 203.34, ""stations"": [""FLORESTA"", ""IBIMIRIM"", ""SERRA TALHADA"", ""CABROBO"", ""ARCO VERDE"", ""GARANHUNS""], ""method"": ""IDW p=2; até 6 estações; raio máximo 300 km""}}","{""organization"": ""INMET"", ""dataset"": ""Dados Históricos Anuais - estações automáticas"", ""version"": ""2015"", ""retrieved_at"": ""2026-10-01"", ""reference_url"": ""https://portal.inmet.gov.br/uploads/dadoshistoricos/2015.zip"", ""method"": ""agregação anual observada por estação + IDW municipal em EPSG:31985; p=2; 3-6 estações; raio <=300 km; controle mínimo de completude"", ""verified"": true}"
2605806,2015,-794.0175929904427,-7634846.815940914,"{""temperatura_media_c"": {""n_estacoes"": 6, ""nearest_distance_km"": 14.64, ""max_distance_km"": 142.6, ""stations"": [""SURUBIM"", ""CARUARU"", ""PALMARES"", ""RECIFE"", ""GARANHUNS"", ""ARCO VERDE""], ""method"": ""IDW p=2; até 6 estações; raio máximo 300 km""}, ""precipitacao_anual_mm"": {""n_estacoes"": 6, ""nearest_distance_km"": 14.64, ""max_distance_km"": 142.6, ""stations"": [""SURUBIM"", ""CARUARU"", ""PALMARES"", ""RECIFE"", ""GARANHUNS"", ""ARCO VERDE""], ""method"": ""IDW p=2; até 6 estações; raio máximo 300 km""}}","{""organization"": ""INMET"", ""dataset"": ""Dados Históricos Anuais - estações automáticas"", ""version"": ""2015"", ""retrieved_at"": ""2026-10-01"", ""reference_url"": ""https://portal.inmet.gov.br/uploads/dadoshistoricos/2015.zip"", ""method"": ""agregação anual observada por estação + IDW municipal em EPSG:31985; p=2; 3-6 estações; raio <=300 km; controle mínimo de completude"", ""verified"": true}"
2605905,2015,-776.2407413183274,-24580112.22162105,"{""temperatura_media_c"": {""n_estacoes"": 6, ""nearest_distance_km"": 20.21, ""max_distance_km"": 187.63, ""stations"": [""PALMARES"", ""CARUARU"", ""RECIFE"", ""SURUBIM"", ""GARANHUNS"", ""ARCO VERDE""], ""method"": ""IDW p=2; até 6 estações; raio máximo 300 km""}, ""precipitacao_anual_mm"": {""n_estacoes"": 6, ""nearest_distance_km"": 20.21, ""max_distance_km"": 187.63, ""stations"": [""PALMARES"", ""CARUARU"", ""RECIFE"", ""SURUBIM"", ""GARANHUNS"", ""ARCO VERDE""], ""method"": ""IDW p=2; até 6 estações; raio máximo 300 km""}}","{""organization"": ""INMET"", ""dataset"": ""Dados Históricos Anuais - estações automáticas"", ""version"": ""2015"", ""retrieved_at"": ""2026-10-01"", ""reference_url"": ""https://portal.inmet.gov.br/uploads/dadoshistoricos/2015.zip"", ""method"": ""agregação anual observada por estação + IDW municipal em EPSG:31985; p=2; 3-6 estações; raio <=300 km; controle mínimo de completude"", ""verified"": true}"
2606002,2015,-965.6983898690683,-8654349.119528072,"{""temperatura_media_c"": {""n_estacoes"": 6, ""nearest_distance_km"": 2.55, ""max_distance_km"": 143.75, ""stations"": [""GARANHUNS"", ""ARCO VERDE"", ""CARUARU"", ""PALMARES"", ""IBIMIRIM"", ""SURUBIM""], ""method"": ""IDW p=2; até 6 estações; raio máximo 300 km""}, ""precipitacao_anual_mm"": {""n_estacoes"": 6, ""nearest_distance_km"": 2.55, ""max_distance_km"": 143.75, ""stations"": [""GARANHUNS"", ""ARCO VERDE"", ""CARUARU"", ""PALMARES"", ""IBIMIRIM"", ""SURUBIM""], ""method"": ""IDW p=2; até 6 estações; raio máximo 300 km""}}","{""organization"": ""INMET"", ""dataset"": ""Dados Históricos Anuais - estações automáticas"", ""version"": ""2015"", ""retrieved_at"": ""2026-10-01"", ""reference_url"": ""https://portal.inmet.gov.br/uploads/dadoshistoricos/2015.zip"", ""method"": ""agregação anual observada por estação + IDW municipal em EPSG:31985; p=2; 3-6 estações; raio <=300 km; controle mínimo de completude"", ""verified"": true}"
2606101,2015,-432.4698687785565,-6772619.439629833,"{""temperatura_media_c"": {""n_estacoes"": 6, ""nearest_distance_km"": 42.11, ""max_distance_km"": 197.63, ""stations"": [""RECIFE"", ""SURUBIM"", ""CARUARU"", ""PALMARES"", ""GARANHUNS"", ""ARCO VERDE""], ""method"": ""IDW p=2; até 6 estações; raio máximo 300 km""}, ""precipitacao_anual_mm"": {""n_estacoes"": 6, ""nearest_distance_km"": 42.11, ""max_distance_km"": 197.63, ""stations"": [""RECIFE"", ""SURUBIM"", ""CARUARU"", ""PALMARES"", ""GARANHUNS"", ""ARCO VERDE""], ""method"": ""IDW p=2; até 6 estações; raio máximo 300 km""}}","{""organization"": ""INMET"", ""dataset"": ""Dados Históricos Anuais - estações automáticas"", ""version"": ""2015"", ""retrieved_at"": ""2026-10-01"", ""reference_url"": ""https://portal.inmet.gov.br/uploads/dadoshistoricos/2015.zip"", ""method"": ""agregação anual observada por estação + IDW municipal em EPSG:31985; p=2; 3-6 estações; raio <=300 km; controle mínimo de completude"", ""verified"": true}"
2606200,2015,-326.32749090542916,-4889762.03443381,"{""temperatura_media_c"": {""n_estacoes"": 6, ""nearest_distance_km"": 51.17, ""max_distance_km"": 253.09, ""stations"": [""RECIFE"", ""SURUBIM"", ""CARUARU"", ""PALMARES"", ""GARANHUNS"", ""ARCO VERDE""], ""method"": ""IDW p=2; até 6 estações; raio máximo 300 km""}, ""precipitacao_anual_mm"": {""n_estacoes"": 6, ""nearest_distance_km"": 51.17, ""max_distance_km"": 253.09, ""stations"": [""RECIFE"", ""SURUBIM"", ""CARUARU"", ""PALMARES"", ""GARANHUNS"", ""ARCO VERDE""], ""method"": ""IDW p=2; até 6 estações; raio máximo 300 km""}}","{""organization"": ""INMET"", ""dataset"": ""Dados Históricos Anuais - estações automáticas"", ""version"": ""2015"", ""retrieved_at"": ""2026-10-01"", ""reference_url"": ""https://portal.inmet.gov.br/uploads/dadoshistoricos/2015.zip"", ""method"": ""agregação anual observada por estação + IDW municipal em EPSG:31985; p=2; 3-6 estações; raio <=300 km; controle mínimo de completude"", ""verified"": true}"
2606309,2015,-2218.863217919118,-24489917.08675313,"{""temperatura_media_c"": {""n_estacoes"": 6, ""nearest_distance_km"": 46.42, ""max_distance_km"": 233.68, ""stations"": [""OURICURI"", ""CABROBO"", ""FLORESTA"", ""SERRA TALHADA"", ""PETROLINA"", ""IBIMIRIM""], ""method"": ""IDW p=2; até 6 estações; raio máximo 300 km""}, ""precipitacao_anual_mm"": {""n_estacoes"": 6, ""nearest_distance_km"": 46.42, ""max_distance_km"": 233.68, ""stations"": [""OURICURI"", ""CABROBO"", ""FLORESTA"", ""SERRA TALHADA"", ""PETROLINA"", ""IBIMIRIM""], ""method"": ""IDW p=2; até 6 estações; raio máximo 300 km""}}","{""organization"": ""INMET"", ""dataset"": ""Dados Históricos Anuais - estações automáticas"", ""version"": ""2015"", ""retrieved_at"": ""2026-10-01"", ""reference_url"": ""https://portal.inmet.gov.br/uploads/dadoshistoricos/2015.zip"", ""method"": ""agregação anual observada por estação + IDW municipal em EPSG:31985; p=2; 3-6 estações; raio <=300 km; controle mínimo de completude"", ""verified"": true}"
2606408,2015,-517.1698480011845,-9776880.973964954,"{""temperatura_media_c"": {""n_estacoes"": 6, ""nearest_distance_km"": 46.75, ""max_distance_km"": 169.37, ""stations"": [""CARUARU"", ""SURUBIM"", ""PALMARES"", ""RECIFE"", ""GARANHUNS"", ""ARCO VERDE""], ""method"": ""IDW p=2; até 6 estações; raio máximo 300 km""}, ""precipitacao_anual_mm"": {""n_estacoes"": 6, ""nearest_distance_km"": 46.75, ""max_distance_km"": 169.37, ""stations"": [""CARUARU"", ""SURUBIM"", ""PALMARES"", ""RECIFE"", ""GARANHUNS"", ""ARCO VERDE""], ""method"": ""IDW p=2; até 6 estações; raio máximo 300 km""}}","{""organization"": ""INMET"", ""dataset"": ""Dados Históricos Anuais - estações automáticas"", ""version"": ""2015"", ""retrieved_at"": ""2026-10-01"", ""reference_url"": ""https://portal.inmet.gov.br/uploads/dadoshistoricos/2015.zip"", ""method"": ""agregação anual observada por estação + IDW municipal em EPSG:31985; p=2; 3-6 estações; raio <=300 km; controle mínimo de completude"", ""verified"": true}"
2606507,2015,-602.8926950054184,-6715303.986752048,"{""temperatura_media_c"": {""n_estacoes"": 6, ""nearest_distance_km"": 51.85, ""max_distance_km"": 189.14, ""stations"": [""GARANHUNS"", ""ARCO VERDE"", ""IBIMIRIM"", ""CARUARU"", ""PALMARES"", ""SURUBIM""], ""method"": ""IDW p=2; até 6 estações; raio máximo 300 km""}, ""precipitacao_anual_mm"": {""n_estacoes"": 6, ""nearest_distance_km"": 51.85, ""max_distance_km"": 189.14, ""stations"": [""GARANHUNS"", ""ARCO VERDE"", ""IBIMIRIM"", ""CARUARU"", ""PALMARES"", ""SURUBIM""], ""method"": ""IDW p=2; até 6 estações; raio máximo 300 km""}}","{""organization"": ""INMET"", ""dataset"": ""Dados Históricos Anuais - estações automáticas"", ""version"": ""2015"", ""retrieved_at"": ""2026-10-01"", ""reference_url"": ""https://portal.inmet.gov.br/uploads/dadoshistoricos/2015.zip"", ""method"": ""agregação anual observada por estação + IDW municipal em EPSG:31985; p=2; 3-6 estações; raio <=300 km; controle mínimo de completude"", ""verified"": true}"
2606606,2015,-124.99282712943358,-1723998.0236900216,"{""temperatura_media_c"": {""n_estacoes"": 6, ""nearest_distance_km"": 14.67, ""max_distance_km"": 183.26, ""stations"": [""IBIMIRIM"", ""ARCO VERDE"", ""SERRA TALHADA"", ""FLORESTA"", ""GARANHUNS"", ""CARUARU""], ""method"": ""IDW p=2; até 6 estações; raio máximo 300 km""}, ""precipitacao_anual_mm"": {""n_estacoes"": 6, ""nearest_distance_km"": 14.67, ""max_distance_km"": 183.26, ""stations"": [""IBIMIRIM"", ""ARCO VERDE"", ""SERRA TALHADA"", ""FLORESTA"", ""GARANHUNS"", ""CARUARU""], ""method"": ""IDW p=2; até 6 estações; raio máximo 300 km""}}","{""organization"": ""INMET"", ""dataset"": ""Dados Históricos Anuais - estações automáticas"", ""version"": ""2015"", ""retrieved_at"": ""2026-10-01"", ""reference_url"": ""https://portal.inmet.gov.br/uploads/dadoshistoricos/2015.zip"", ""method"": ""agregação anual observada por estação + IDW municipal em EPSG:31985; p=2; 3-6 estações; raio <=300 km; controle mínimo de completude"", ""verified"": true}"
2606705,2015,-538.0635588072712,-8109256.386861309,"{""temperatura_media_c"": {""n_estacoes"": 6, ""nearest_distance_km"": 45.84, ""max_distance_km"": 150.0, ""stations"": [""GARANHUNS"", ""CARUARU"", ""PALMARES"", ""SURUBIM"", ""ARCO VERDE"", ""RECIFE""], ""method"": ""IDW p=2; até 6 estações; raio máximo 300 km""}, ""precipitacao_anual_mm"": {""n_estacoes"": 6, ""nearest_distance_km"": 45.84, ""max_distance_km"": 150.0, ""stations"": [""GARANHUNS"", ""CARUARU"", ""PALMARES"", ""SURUBIM"", ""ARCO VERDE"", ""RECIFE""], ""method"": ""IDW p=2; até 6 estações; raio máximo 300 km""}}","{""organization"": ""INMET"", ""dataset"": ""Dados Históricos Anuais - estações automáticas"", ""version"": ""2015"", ""retrieved_at"": ""2026-10-01"", ""reference_url"": ""https://portal.inmet.gov.br/uploads/dadoshistoricos/2015.zip"", ""method"": ""agregação anual observada por estação + IDW municipal em EPSG:31985; p=2; 3-6 estações; raio <=300 km; controle mínimo de completude"", ""verified"": true}"
2606804,2015,-206.6131064316775,-2982976.058345313,"{""temperatura_media_c"": {""n_estacoes"": 6, ""nearest_distance_km"": 26.73, ""max_distance_km"": 243.44, ""stations"": [""RECIFE"", ""SURUBIM"", ""PALMARES"", ""CARUARU"", ""GARANHUNS"", ""ARCO VERDE""], ""method"": ""IDW p=2; até 6 estações; raio máximo 300 km""}, ""precipitacao_anual_mm"": {""n_estacoes"": 6, ""nearest_distance_km"": 26.73, ""max_distance_km"": 243.44, ""stations"": [""RECIFE"", ""SURUBIM"", ""PALMARES"", ""CARUARU"", ""GARANHUNS"", ""ARCO VERDE""], ""method"": ""IDW p=2; até 6 estações; raio máximo 300 km""}}","{""organization"": ""INMET"", ""dataset"": ""Dados Históricos Anuais - estações automáticas"", ""version"": ""2015"", ""retrieved_at"": ""2026-10-01"", ""reference_url"": ""https://portal.inmet.gov.br/uploads/dadoshistoricos/2015.zip"", ""method"": ""agregação anual observada por estação + IDW municipal em EPSG:31985; p=2; 3-6 estações; raio <=300 km; controle mínimo de completude"", ""verified"": true}"
2606903,2015,-96.88706758083644,-4911361.872201651,"{""temperatura_media_c"": {""n_estacoes"": 6, ""nearest_distance_km"": 72.52, ""max_distance_km"": 162.37, ""stations"": [""ARCO VERDE"", ""IBIMIRIM"", ""SERRA TALHADA"", ""GARANHUNS"", ""FLORESTA"", ""CARUARU""], ""method"": ""IDW p=2; até 6 estações; raio máximo 300 km""}, ""precipitacao_anual_mm"": {""n_estacoes"": 6, ""nearest_distance_km"": 72.52, ""max_distance_km"": 162.37, ""stations"": [""ARCO VERDE"", ""IBIMIRIM"", ""SERRA TALHADA"", ""GARANHUNS"", ""FLORESTA"", ""CARUARU""], ""method"": ""IDW p=2; até 6 estações; raio máximo 300 km""}}","{""organization"": ""INMET"", ""dataset"": ""Dados Históricos Anuais - estações automáticas"", ""version"": ""2015"", ""retrieved_at"": ""2026-10-01"", ""reference_url"": ""https://portal.inmet.gov.br/uploads/dadoshistoricos/2015.zip"", ""method"": ""agregação anual observada por estação + IDW municipal em EPSG:31985; p=2; 3-6 estações; raio <=300 km; controle mínimo de completude"", ""verified"": true}"
2607000,2015,-120.21681647125989,-2884396.3011952224,"{""temperatura_media_c"": {""n_estacoes"": 6, ""nearest_distance_km"": 36.35, ""max_distance_km"": 165.7, ""stations"": [""IBIMIRIM"", ""FLORESTA"", ""ARCO VERDE"", ""SERRA TALHADA"", ""GARANHUNS"", ""CABROBO""], ""method"": ""IDW p=2; até 6 estações; raio máximo 300 km""}, ""precipitacao_anual_mm"": {""n_estacoes"": 6, ""nearest_distance_km"": 36.35, ""max_distance_km"": 165.7, ""stations"": [""IBIMIRIM"", ""FLORESTA"", ""ARCO VERDE"", ""SERRA TALHADA"", ""GARANHUNS"", ""CABROBO""], ""method"": ""IDW p=2; até 6 estações; raio máximo 300 km""}}","{""organization"": ""INMET"", ""dataset"": ""Dados Históricos Anuais - estações automáticas"", ""version"": ""2015"", ""retrieved_at"": ""2026-10-01"", ""reference_url"": ""https://portal.inmet.gov.br/uploads/dadoshistoricos/2015.zip"", ""method"": ""agregação anual observada por estação + IDW municipal em EPSG:31985; p=2; 3-6 estações; raio <=300 km; controle mínimo de completude"", ""verified"": true}"
2607109,2015,-98.05164647133643,-5708297.069353426,"{""temperatura_media_c"": {""n_estacoes"": 6, ""nearest_distance_km"": 86.17, ""max_distance_km"": 168.22, ""stations"": [""ARCO VERDE"", ""IBIMIRIM"", ""SERRA TALHADA"", ""FLORESTA"", ""GARANHUNS"", ""CARUARU""], ""method"": ""IDW p=2; até 6 estações; raio máximo 300 km""}, ""precipitacao_anual_mm"": {""n_estacoes"": 6, ""nearest_distance_km"": 86.17, ""max_distance_km"": 168.22, ""stations"": [""ARCO VERDE"", ""IBIMIRIM"", ""SERRA TALHADA"", ""FLORESTA"", ""GARANHUNS"", ""CARUARU""], ""method"": ""IDW p=2; até 6 estações; raio máximo 300 km""}}","{""organization"": ""INMET"", ""dataset"": ""Dados Históricos Anuais - estações automáticas"", ""version"": ""2015"", ""retrieved_at"": ""2026-10-01"", ""reference_url"": ""https://portal.inmet.gov.br/uploads/dadoshistoricos/2015.zip"", ""method"": ""agregação anual observada por estação + IDW municipal em EPSG:31985; p=2; 3-6 estações; raio <=300 km; controle mínimo de completude"", ""verified"": true}"
2607208,2015,-412.4532644157828,-9744445.064545002,"{""temperatura_media_c"": {""n_estacoes"": 6, ""nearest_distance_km"": 44.18, ""max_distance_km"": 219.88, ""stations"": [""RECIFE"", ""PALMARES"", ""CARUARU"", ""SURUBIM"", ""GARANHUNS"", ""ARCO VERDE""], ""method"": ""IDW p=2; até 6 estações; raio máximo 300 km""}, ""precipitacao_anual_mm"": {""n_estacoes"": 6, ""nearest_distance_km"": 44.18, ""max_distance_km"": 219.88, ""stations"": [""RECIFE"", ""PALMARES"", ""CARUARU"", ""SURUBIM"", ""GARANHUNS"", ""ARCO VERDE""], ""method"": ""IDW p=2; até 6 estações; raio máximo 300 km""}}","{""organization"": ""INMET"", ""dataset"": ""Dados Históricos Anuais - estações automáticas"", ""version"": ""2015"", ""retrieved_at"": ""2026-10-01"", ""reference_url"": ""https://portal.inmet.gov.br/uploads/dadoshistoricos/2015.zip"", ""method"": ""agregação anual observada por estação + IDW municipal em EPSG:31985; p=2; 3-6 estações; raio <=300 km; controle mínimo de completude"", ""verified"": true}"
2607307,2015,-2736.3857055842996,-29388564.584578823,"{""temperatura_media_c"": {""n_estacoes"": 6, ""nearest_distance_km"": 45.0, ""max_distance_km"": 299.57, ""stations"": [""OURICURI"", ""CABROBO"", ""PETROLINA"", ""FLORESTA"", ""SERRA TALHADA"", ""IBIMIRIM""], ""method"": ""IDW p=2; até 6 estações; raio máximo 300 km""}, ""precipitacao_anual_mm"": {""n_estacoes"": 6, ""nearest_distance_km"": 45.0, ""max_distance_km"": 299.57, ""stations"": [""OURICURI"", ""CABROBO"", ""PETROLINA"", ""FLORESTA"", ""SERRA TALHADA"", ""IBIMIRIM""], ""method"": ""IDW p=2; até 6 estações; raio máximo 300 km""}}","{""organization"": ""INMET"", ""dataset"": ""Dados Históricos Anuais - estações automáticas"", ""version"": ""2015"", ""retrieved_at"": ""2026-10-01"", ""reference_url"": ""https://portal.inmet.gov.br/uploads/dadoshistoricos/2015.zip"", ""method"": ""agregação anual observada por estação + IDW municipal em EPSG:31985; p=2; 3-6 estações; raio <=300 km; controle mínimo de completude"", ""verified"": true}"
2607406,2015,-60.692073270895804,-1803529.1977062474,"{""temperatura_media_c"": {""n_estacoes"": 6, ""nearest_distance_km"": 23.55, ""max_distance_km"": 185.4, ""stations"": [""FLORESTA"", ""CABROBO"", ""SERRA TALHADA"", ""IBIMIRIM"", ""OURICURI"", ""ARCO VERDE""], ""method"": ""IDW p=2; até 6 estações; raio máximo 300 km""}, ""precipitacao_anual_mm"": {""n_estacoes"": 6, ""nearest_distance_km"": 23.55, ""max_distance_km"": 185.4, ""stations"": [""FLORESTA"", ""CABROBO"", ""SERRA TALHADA"", ""IBIMIRIM"", ""OURICURI"", ""ARCO VERDE""], ""method"": ""IDW p=2; até 6 estações; raio máximo 300 km""}}","{""organization"": ""INMET"", ""dataset"": ""Dados Históricos Anuais - estações automáticas"", ""version"": ""2015"", ""retrieved_at"": ""2026-10-01"", ""reference_url"": ""https://portal.inmet.gov.br/uploads/dadoshistoricos/2015.zip"", ""method"": ""agregação anual observada por estação + IDW municipal em EPSG:31985; p=2; 3-6 estações; raio <=300 km; controle mínimo de completude"", ""verified"": true}"
2607505,2015,-215.2796789470947,-3364322.903743913,"{""temperatura_media_c"": {""n_estacoes"": 6, ""nearest_distance_km"": 67.12, ""max_distance_km"": 166.52, ""stations"": [""ARCO VERDE"", ""IBIMIRIM"", ""GARANHUNS"", ""FLORESTA"", ""SERRA TALHADA"", ""CARUARU""], ""method"": ""IDW p=2; até 6 estações; raio máximo 300 km""}, ""precipitacao_anual_mm"": {""n_estacoes"": 6, ""nearest_distance_km"": 67.12, ""max_distance_km"": 166.52, ""stations"": [""ARCO VERDE"", ""IBIMIRIM"", ""GARANHUNS"", ""FLORESTA"", ""SERRA TALHADA"", ""CARUARU""], ""method"": ""IDW p=2; até 6 estações; raio máximo 300 km""}}","{""organization"": ""INMET"", ""dataset"": ""Dados Históricos Anuais - estações automáticas"", ""version"": ""2015"", ""retrieved_at"": ""2026-10-01"", ""reference_url"": ""https://portal.inmet.gov.br/uploads/dadoshistoricos/2015.zip"", ""method"": ""agregação anual observada por estação + IDW municipal em EPSG:31985; p=2; 3-6 estações; raio <=300 km; controle mínimo de completude"", ""verified"": true}"
2607604,2015,-235.4034979108355,-3534959.5619314765,"{""temperatura_media_c"": {""n_estacoes"": 6, ""nearest_distance_km"": 35.11, ""max_distance_km"": 256.45, ""stations"": [""RECIFE"", ""SURUBIM"", ""PALMARES"", ""CARUARU"", ""GARANHUNS"", ""ARCO VERDE""], ""method"": ""IDW p=2; até 6 estações; raio máximo 300 km""}, ""precipitacao_anual_mm"": {""n_estacoes"": 6, ""nearest_distance_km"": 35.11, ""max_distance_km"": 256.45, ""stations"": [""RECIFE"", ""SURUBIM"", ""PALMARES"", ""CARUARU"", ""GARANHUNS"", ""ARCO VERDE""], ""method"": ""IDW p=2; até 6 estações; raio máximo 300 km""}}","{""organization"": ""INMET"", ""dataset"": ""Dados Históricos Anuais - estações automáticas"", ""version"": ""2015"", ""retrieved_at"": ""2026-10-01"", ""reference_url"": ""https://portal.inmet.gov.br/uploads/dadoshistoricos/2015.zip"", ""method"": ""agregação anual observada por estação + IDW municipal em EPSG:31985; p=2; 3-6 estações; raio <=300 km; controle mínimo de completude"", ""verified"": true}"
2607653,2015,-440.70635318257524,-6211798.609772155,"{""temperatura_media_c"": {""n_estacoes"": 6, ""nearest_distance_km"": 70.1, ""max_distance_km"": 240.31, ""stations"": [""RECIFE"", ""SURUBIM"", ""CARUARU"", ""PALMARES"", ""GARANHUNS"", ""ARCO VERDE""], ""method"": ""IDW p=2; até 6 estações; raio máximo 300 km""}, ""precipitacao_anual_mm"": {""n_estacoes"": 6, ""nearest_distance_km"": 70.1, ""max_distance_km"": 240.31, ""stations"": [""RECIFE"", ""SURUBIM"", ""CARUARU"", ""PALMARES"", ""GARANHUNS"", ""ARCO VERDE""], ""method"": ""IDW p=2; até 6 estações; raio máximo 300 km""}}","{""organization"": ""INMET"", ""dataset"": ""Dados Históricos Anuais - estações automáticas"", ""version"": ""2015"", ""retrieved_at"": ""2026-10-01"", ""reference_url"": ""https://portal.inmet.gov.br/uploads/dadoshistoricos/2015.zip"", ""method"": ""agregação anual observada por estação + IDW municipal em EPSG:31985; p=2; 3-6 estações; raio <=300 km; controle mínimo de completude"", ""verified"": true}"
2607703,2015,-246.88940328937824,-6045511.356092478,"{""temperatura_media_c"": {""n_estacoes"": 6, ""nearest_distance_km"": 113.18, ""max_distance_km"": 181.92, ""stations"": [""ARCO VERDE"", ""IBIMIRIM"", ""SERRA TALHADA"", ""SURUBIM"", ""CARUARU"", ""GARANHUNS""], ""method"": ""IDW p=2; até 6 estações; raio máximo 300 km""}, ""precipitacao_anual_mm"": {""n_estacoes"": 6, ""nearest_distance_km"": 113.18, ""max_distance_km"": 181.92, ""stations"": [""ARCO VERDE"", ""IBIMIRIM"", ""SERRA TALHADA"", ""SURUBIM"", ""CARUARU"", ""GARANHUNS""], ""method"": ""IDW p=2; até 6 estações; raio máximo 300 km""}}","{""organization"": ""INMET"", ""dataset"": ""Dados Históricos Anuais - estações automáticas"", ""version"": ""2015"", ""retrieved_at"": ""2026-10-01"", ""reference_url"": ""https://portal.inmet.gov.br/uploads/dadoshistoricos/2015.zip"", ""method"": ""agregação anual observada por estação + IDW municipal em EPSG:31985; p=2; 3-6 estações; raio <=300 km; controle mínimo de completude"", ""verified"": true}"
2607752,2015,-243.90993520836687,-3637026.8250555685,"{""temperatura_media_c"": {""n_estacoes"": 6, ""nearest_distance_km"": 35.22, ""max_distance_km"": 251.39, ""stations"": [""RECIFE"", ""SURUBIM"", ""PALMARES"", ""CARUARU"", ""GARANHUNS"", ""ARCO VERDE""], ""method"": ""IDW p=2; até 6 estações; raio máximo 300 km""}, ""precipitacao_anual_mm"": {""n_estacoes"": 6, ""nearest_distance_km"": 35.22, ""max_distance_km"": 251.39, ""stations"": [""RECIFE"", ""SURUBIM"", ""PALMARES"", ""CARUARU"", ""GARANHUNS"", ""ARCO VERDE""], ""method"": ""IDW p=2; até 6 estações; raio máximo 300 km""}}","{""organization"": ""INMET"", ""dataset"": ""Dados Históricos Anuais - estações automáticas"", ""version"": ""2015"", ""retrieved_at"": ""2026-10-01"", ""reference_url"": ""https://portal.inmet.gov.br/uploads/dadoshistoricos/2015.zip"", ""method"": ""agregação anual observada por estação + IDW municipal em EPSG:31985; p=2; 3-6 estações; raio <=300 km; controle mínimo de completude"", ""verified"": true}"
2607802,2015,-306.7200328510452,-4512250.811022572,"{""temperatura_media_c"": {""n_estacoes"": 6, ""nearest_distance_km"": 42.02, ""max_distance_km"": 240.31, ""stations"": [""RECIFE"", ""SURUBIM"", ""CARUARU"", ""PALMARES"", ""GARANHUNS"", ""ARCO VERDE""], ""method"": ""IDW p=2; até 6 estações; raio máximo 300 km""}, ""precipitacao_anual_mm"": {""n_estacoes"": 6, ""nearest_distance_km"": 42.02, ""max_distance_km"": 240.31, ""stations"": [""RECIFE"", ""SURUBIM"", ""CARUARU"", ""PALMARES"", ""GARANHUNS"", ""ARCO VERDE""], ""method"": ""IDW p=2; até 6 estações; raio máximo 300 km""}}","{""organization"": ""INMET"", ""dataset"": ""Dados Históricos Anuais - estações automáticas"", ""version"": ""2015"", ""retrieved_at"": ""2026-10-01"", ""reference_url"": ""https://portal.inmet.gov.br/uploads/dadoshistoricos/2015.zip"", ""method"": ""agregação anual observada por estação + IDW municipal em EPSG:31985; p=2; 3-6 estações; raio <=300 km; controle mínimo de completude"", ""verified"": true}"
2607901,2015,-135.51816092395873,-1788371.58144649,"{""temperatura_media_c"": {""n_estacoes"": 6, ""nearest_distance_km"": 11.37, ""max_distance_km"": 231.25, ""stations"": [""RECIFE"", ""PALMARES"", ""SURUBIM"", ""CARUARU"", ""GARANHUNS"", ""ARCO VERDE""], ""method"": ""IDW p=2; até 6 estações; raio máximo 300 km""}, ""precipitacao_anual_mm"": {""n_estacoes"": 6, ""nearest_distance_km"": 11.37, ""max_distance_km"": 231.25, ""stations"": [""RECIFE"", ""PALMARES"", ""SURUBIM"", ""CARUARU"", ""GARANHUNS"", ""ARCO VERDE""], ""method"": ""IDW p=2; até 6 estações; raio máximo 300 km""}}","{""organization"": ""INMET"", ""dataset"": ""Dados Históricos Anuais - estações automáticas"", ""version"": ""2015"", ""retrieved_at"": ""2026-10-01"", ""reference_url"": ""https://portal.inmet.gov.br/uploads/dadoshistoricos/2015.zip"", ""method"": ""agregação anual observada por estação + IDW municipal em EPSG:31985; p=2; 3-6 estações; raio <=300 km; controle mínimo de completude"", ""verified"": true}"
2607950,2015,-707.2387267052521,-20551174.410765912,"{""temperatura_media_c"": {""n_estacoes"": 6, ""nearest_distance_km"": 27.74, ""max_distance_km"": 145.18, ""stations"": [""PALMARES"", ""CARUARU"", ""GARANHUNS"", ""SURUBIM"", ""RECIFE"", ""ARCO VERDE""], ""method"": ""IDW p=2; até 6 estações; raio máximo 300 km""}, ""precipitacao_anual_mm"": {""n_estacoes"": 6, ""nearest_distance_km"": 27.74, ""max_distance_km"": 145.18, ""stations"": [""PALMARES"", ""CARUARU"", ""GARANHUNS"", ""SURUBIM"", ""RECIFE"", ""ARCO VERDE""], ""method"": ""IDW p=2; até 6 estações; raio máximo 300 km""}}","{""organization"": ""INMET"", ""dataset"": ""Dados Históricos Anuais - estações automáticas"", ""version"": ""2015"", ""retrieved_at"": ""2026-10-01"", ""reference_url"": ""https://portal.inmet.gov.br/uploads/dadoshistoricos/2015.zip"", ""method"": ""agregação anual observada por estação + IDW municipal em EPSG:31985; p=2; 3-6 estações; raio <=300 km; controle mínimo de completude"", ""verified"": true}"
2608008,2015,-368.1053220949684,-5111194.5634981925,"{""temperatura_media_c"": {""n_estacoes"": 6, ""nearest_distance_km"": 63.7, ""max_distance_km"": 139.41, ""stations"": [""CARUARU"", ""ARCO VERDE"", ""SURUBIM"", ""GARANHUNS"", ""PALMARES"", ""IBIMIRIM""], ""method"": ""IDW p=2; até 6 estações; raio máximo 300 km""}, ""precipitacao_anual_mm"": {""n_estacoes"": 6, ""nearest_distance_km"": 63.7, ""max_distance_km"": 139.41, ""stations"": [""CARUARU"", ""ARCO VERDE"", ""SURUBIM"", ""GARANHUNS"", ""PALMARES"", ""IBIMIRIM""], ""method"": ""IDW p=2; até 6 estações; raio máximo 300 km""}}","{""organization"": ""INMET"", ""dataset"": ""Dados Históricos Anuais - estações automáticas"", ""version"": ""2015"", ""retrieved_at"": ""2026-10-01"", ""reference_url"": ""https://portal.inmet.gov.br/uploads/dadoshistoricos/2015.zip"", ""method"": ""agregação anual observada por estação + IDW municipal em EPSG:31985; p=2; 3-6 estações; raio <=300 km; controle mínimo de completude"", ""verified"": true}"
2608057,2015,-101.4870081186546,-3640906.32054387,"{""temperatura_media_c"": {""n_estacoes"": 6, ""nearest_distance_km"": 79.5, ""max_distance_km"": 192.38, ""stations"": [""FLORESTA"", ""IBIMIRIM"", ""SERRA TALHADA"", ""CABROBO"", ""ARCO VERDE"", ""GARANHUNS""], ""method"": ""IDW p=2; até 6 estações; raio máximo 300 km""}, ""precipitacao_anual_mm"": {""n_estacoes"": 6, ""nearest_distance_km"": 79.5, ""max_distance_km"": 192.38, ""stations"": [""FLORESTA"", ""IBIMIRIM"", ""SERRA TALHADA"", ""CABROBO"", ""ARCO VERDE"", ""GARANHUNS""], ""method"": ""IDW p=2; até 6 estações; raio máximo 300 km""}}","{""organization"": ""INMET"", ""dataset"": ""Dados Históricos Anuais - estações automáticas"", ""version"": ""2015"", ""retrieved_at"": ""2026-10-01"", ""reference_url"": ""https://portal.inmet.gov.br/uploads/dadoshistoricos/2015.zip"", ""method"": ""agregação anual observada por estação + IDW municipal em EPSG:31985; p=2; 3-6 estações; raio <=300 km; controle mínimo de completude"", ""verified"": true}"
2608107,2015,-774.2586554600122,-8017752.145586804,"{""temperatura_media_c"": {""n_estacoes"": 6, ""nearest_distance_km"": 22.64, ""max_distance_km"": 175.67, ""stations"": [""SURUBIM"", ""CARUARU"", ""RECIFE"", ""PALMARES"", ""GARANHUNS"", ""ARCO VERDE""], ""method"": ""IDW p=2; até 6 estações; raio máximo 300 km""}, ""precipitacao_anual_mm"": {""n_estacoes"": 6, ""nearest_distance_km"": 22.64, ""max_distance_km"": 175.67, ""stations"": [""SURUBIM"", ""CARUARU"", ""RECIFE"", ""PALMARES"", ""GARANHUNS"", ""ARCO VERDE""], ""method"": ""IDW p=2; até 6 estações; raio máximo 300 km""}}","{""organization"": ""INMET"", ""dataset"": ""Dados Históricos Anuais - estações automáticas"", ""version"": ""2015"", ""retrieved_at"": ""2026-10-01"", ""reference_url"": ""https://portal.inmet.gov.br/uploads/dadoshistoricos/2015.zip"", ""method"": ""agregação anual observada por estação + IDW municipal em EPSG:31985; p=2; 3-6 estações; raio <=300 km; controle mínimo de completude"", ""verified"": true}"
2608206,2015,-825.7177722650019,-26995060.213085547,"{""temperatura_media_c"": {""n_estacoes"": 6, ""nearest_distance_km"": 11.85, ""max_distance_km"": 170.42, ""stations"": [""PALMARES"", ""CARUARU"", ""SURUBIM"", ""RECIFE"", ""GARANHUNS"", ""ARCO VERDE""], ""method"": ""IDW p=2; até 6 estações; raio máximo 300 km""}, ""precipitacao_anual_mm"": {""n_estacoes"": 6, ""nearest_distance_km"": 11.85, ""max_distance_km"": 170.42, ""stations"": [""PALMARES"", ""CARUARU"", ""SURUBIM"", ""RECIFE"", ""GARANHUNS"", ""ARCO VERDE""], ""method"": ""IDW p=2; até 6 estações; raio máximo 300 km""}}","{""organization"": ""INMET"", ""dataset"": ""Dados Históricos Anuais - estações automáticas"", ""version"": ""2015"", ""retrieved_at"": ""2026-10-01"", ""reference_url"": ""https://portal.inmet.gov.br/uploads/dadoshistoricos/2015.zip"", ""method"": ""agregação anual observada por estação + IDW municipal em EPSG:31985; p=2; 3-6 estações; raio <=300 km; controle mínimo de completude"", ""verified"": true}"
2608255,2015,-857.8967903556409,-8333092.555196318,"{""temperatura_media_c"": {""n_estacoes"": 6, ""nearest_distance_km"": 18.45, ""max_distance_km"": 140.51, ""stations"": [""GARANHUNS"", ""CARUARU"", ""ARCO VERDE"", ""PALMARES"", ""SURUBIM"", ""IBIMIRIM""], ""method"": ""IDW p=2; até 6 estações; raio máximo 300 km""}, ""precipitacao_anual_mm"": {""n_estacoes"": 6, ""nearest_distance_km"": 18.45, ""max_distance_km"": 140.51, ""stations"": [""GARANHUNS"", ""CARUARU"", ""ARCO VERDE"", ""PALMARES"", ""SURUBIM"", ""IBIMIRIM""], ""method"": ""IDW p=2; até 6 estações; raio máximo 300 km""}}","{""organization"": ""INMET"", ""dataset"": ""Dados Históricos Anuais - estações automáticas"", ""version"": ""2015"", ""retrieved_at"": ""2026-10-01"", ""reference_url"": ""https://portal.inmet.gov.br/uploads/dadoshistoricos/2015.zip"", ""method"": ""agregação anual observada por estação + IDW municipal em EPSG:31985; p=2; 3-6 estações; raio <=300 km; controle mínimo de completude"", ""verified"": true}"
2608305,2015,-797.275581492335,-8276047.837083371,"{""temperatura_media_c"": {""n_estacoes"": 6, ""nearest_distance_km"": 23.94, ""max_distance_km"": 147.1, ""stations"": [""GARANHUNS"", ""CARUARU"", ""ARCO VERDE"", ""PALMARES"", ""SURUBIM"", ""IBIMIRIM""], ""method"": ""IDW p=2; até 6 estações; raio máximo 300 km""}, ""precipitacao_anual_mm"": {""n_estacoes"": 6, ""nearest_distance_km"": 23.94, ""max_distance_km"": 147.1, ""stations"": [""GARANHUNS"", ""CARUARU"", ""ARCO VERDE"", ""PALMARES"", ""SURUBIM"", ""IBIMIRIM""], ""method"": ""IDW p=2; até 6 estações; raio máximo 300 km""}}","{""organization"": ""INMET"", ""dataset"": ""Dados Históricos Anuais - estações automáticas"", ""version"": ""2015"", ""retrieved_at"": ""2026-10-01"", ""reference_url"": ""https://portal.inmet.gov.br/uploads/dadoshistoricos/2015.zip"", ""method"": ""agregação anual observada por estação + IDW municipal em EPSG:31985; p=2; 3-6 estações; raio <=300 km; controle mínimo de completude"", ""verified"": true}"
2608404,2015,-644.9506232286855,-9880238.0548714,"{""temperatura_media_c"": {""n_estacoes"": 6, ""nearest_distance_km"": 42.24, ""max_distance_km"": 151.46, ""stations"": [""GARANHUNS"", ""CARUARU"", ""PALMARES"", ""SURUBIM"", ""ARCO VERDE"", ""RECIFE""], ""method"": ""IDW p=2; até 6 estações; raio máximo 300 km""}, ""precipitacao_anual_mm"": {""n_estacoes"": 6, ""nearest_distance_km"": 42.24, ""max_distance_km"": 151.46, ""stations"": [""GARANHUNS"", ""CARUARU"", ""PALMARES"", ""SURUBIM"", ""ARCO VERDE"", ""RECIFE""], ""method"": ""IDW p=2; até 6 estações; raio máximo 300 km""}}","{""organization"": ""INMET"", ""dataset"": ""Dados Históricos Anuais - estações automáticas"", ""version"": ""2015"", ""retrieved_at"": ""2026-10-01"", ""reference_url"": ""https://portal.inmet.gov.br/uploads/dadoshistoricos/2015.zip"", ""method"": ""agregação anual observada por estação + IDW municipal em EPSG:31985; p=2; 3-6 estações; raio <=300 km; controle mínimo de completude"", ""verified"": true}"
2608453,2015,-476.6158536190201,-6515780.809589622,"{""temperatura_media_c"": {""n_estacoes"": 6, ""nearest_distance_km"": 47.47, ""max_distance_km"": 202.59, ""stations"": [""RECIFE"", ""SURUBIM"", ""CARUARU"", ""PALMARES"", ""GARANHUNS"", ""ARCO VERDE""], ""method"": ""IDW p=2; até 6 estações; raio máximo 300 km""}, ""precipitacao_anual_mm"": {""n_estacoes"": 6, ""nearest_distance_km"": 47.47, ""max_distance_km"": 202.59, ""stations"": [""RECIFE"", ""SURUBIM"", ""CARUARU"", ""PALMARES"", ""GARANHUNS"", ""ARCO VERDE""], ""method"": ""IDW p=2; até 6 estações; raio máximo 300 km""}}","{""organization"": ""INMET"", ""dataset"": ""Dados Históricos Anuais - estações automáticas"", ""version"": ""2015"", ""retrieved_at"": ""2026-10-01"", ""reference_url"": ""https://portal.inmet.gov.br/uploads/dadoshistoricos/2015.zip"", ""method"": ""agregação anual observada por estação + IDW municipal em EPSG:31985; p=2; 3-6 estações; raio <=300 km; controle mínimo de completude"", ""verified"": true}"
2608503,2015,-407.83404980920176,-5944079.6581612835,"{""temperatura_media_c"": {""n_estacoes"": 6, ""nearest_distance_km"": 40.54, ""max_distance_km"": 205.17, ""stations"": [""RECIFE"", ""SURUBIM"", ""CARUARU"", ""PALMARES"", ""GARANHUNS"", ""ARCO VERDE""], ""method"": ""IDW p=2; até 6 estações; raio máximo 300 km""}, ""precipitacao_anual_mm"": {""n_estacoes"": 6, ""nearest_distance_km"": 40.54, ""max_distance_km"": 205.17, ""stations"": [""RECIFE"", ""SURUBIM"", ""CARUARU"", ""PALMARES"", ""GARANHUNS"", ""ARCO VERDE""], ""method"": ""IDW p=2; até 6 estações; raio máximo 300 km""}}","{""organization"": ""INMET"", ""dataset"": ""Dados Históricos Anuais - estações automáticas"", ""version"": ""2015"", ""retrieved_at"": ""2026-10-01"", ""reference_url"": ""https://portal.inmet.gov.br/uploads/dadoshistoricos/2015.zip"", ""method"": ""agregação anual observada por estação + IDW municipal em EPSG:31985; p=2; 3-6 estações; raio <=300 km; controle mínimo de completude"", ""verified"": true}"
2608602,2015,-837.305780041895,-8601717.08845601,"{""temperatura_media_c"": {""n_estacoes"": 6, ""nearest_distance_km"": 28.46, ""max_distance_km"": 164.22, ""stations"": [""GARANHUNS"", ""ARCO VERDE"", ""PALMARES"", ""CARUARU"", ""IBIMIRIM"", ""SURUBIM""], ""method"": ""IDW p=2; até 6 estações; raio máximo 300 km""}, ""precipitacao_anual_mm"": {""n_estacoes"": 6, ""nearest_distance_km"": 28.46, ""max_distance_km"": 164.22, ""stations"": [""GARANHUNS"", ""ARCO VERDE"", ""PALMARES"", ""CARUARU"", ""IBIMIRIM"", ""SURUBIM""], ""method"": ""IDW p=2; até 6 estações; raio máximo 300 km""}}","{""organization"": ""INMET"", ""dataset"": ""Dados Históricos Anuais - estações automáticas"", ""version"": ""2015"", ""retrieved_at"": ""2026-10-01"", ""reference_url"": ""https://portal.inmet.gov.br/uploads/dadoshistoricos/2015.zip"", ""method"": ""agregação anual observada por estação + IDW municipal em EPSG:31985; p=2; 3-6 estações; raio <=300 km; controle mínimo de completude"", ""verified"": true}"
2608701,2015,-607.202477252407,-15803043.022454817,"{""temperatura_media_c"": {""n_estacoes"": 6, ""nearest_distance_km"": 36.12, ""max_distance_km"": 134.21, ""stations"": [""PALMARES"", ""CARUARU"", ""GARANHUNS"", ""SURUBIM"", ""RECIFE"", ""ARCO VERDE""], ""method"": ""IDW p=2; até 6 estações; raio máximo 300 km""}, ""precipitacao_anual_mm"": {""n_estacoes"": 6, ""nearest_distance_km"": 36.12, ""max_distance_km"": 134.21, ""stations"": [""PALMARES"", ""CARUARU"", ""GARANHUNS"", ""SURUBIM"", ""RECIFE"", ""ARCO VERDE""], ""method"": ""IDW p=2; até 6 estações; raio máximo 300 km""}}","{""organization"": ""INMET"", ""dataset"": ""Dados Históricos Anuais - estações automáticas"", ""version"": ""2015"", ""retrieved_at"": ""2026-10-01"", ""reference_url"": ""https://portal.inmet.gov.br/uploads/dadoshistoricos/2015.zip"", ""method"": ""agregação anual observada por estação + IDW municipal em EPSG:31985; p=2; 3-6 estações; raio <=300 km; controle mínimo de completude"", ""verified"": true}"
2608750,2015,-794.603036181967,-9389210.421668798,"{""temperatura_media_c"": {""n_estacoes"": 6, ""nearest_distance_km"": 74.21, ""max_distance_km"": 279.43, ""stations"": [""PETROLINA"", ""OURICURI"", ""CABROBO"", ""FLORESTA"", ""SERRA TALHADA"", ""IBIMIRIM""], ""method"": ""IDW p=2; até 6 estações; raio máximo 300 km""}, ""precipitacao_anual_mm"": {""n_estacoes"": 6, ""nearest_distance_km"": 74.21, ""max_distance_km"": 279.43, ""stations"": [""PETROLINA"", ""OURICURI"", ""CABROBO"", ""FLORESTA"", ""SERRA TALHADA"", ""IBIMIRIM""], ""method"": ""IDW p=2; até 6 estações; raio máximo 300 km""}}","{""organization"": ""INMET"", ""dataset"": ""Dados Históricos Anuais - estações automáticas"", ""version"": ""2015"", ""retrieved_at"": ""2026-10-01"", ""reference_url"": ""https://portal.inmet.gov.br/uploads/dadoshistoricos/2015.zip"", ""method"": ""agregação anual observada por estação + IDW municipal em EPSG:31985; p=2; 3-6 estações; raio <=300 km; controle mínimo de completude"", ""verified"": true}"
2608800,2015,-677.5395193471178,-8342684.201995394,"{""temperatura_media_c"": {""n_estacoes"": 6, ""nearest_distance_km"": 34.21, ""max_distance_km"": 158.29, ""stations"": [""GARANHUNS"", ""CARUARU"", ""PALMARES"", ""ARCO VERDE"", ""SURUBIM"", ""IBIMIRIM""], ""method"": ""IDW p=2; até 6 estações; raio máximo 300 km""}, ""precipitacao_anual_mm"": {""n_estacoes"": 6, ""nearest_distance_km"": 34.21, ""max_distance_km"": 158.29, ""stations"": [""GARANHUNS"", ""CARUARU"", ""PALMARES"", ""ARCO VERDE"", ""SURUBIM"", ""IBIMIRIM""], ""method"": ""IDW p=2; até 6 estações; raio máximo 300 km""}}","{""organization"": ""INMET"", ""dataset"": ""Dados Históricos Anuais - estações automáticas"", ""version"": ""2015"", ""retrieved_at"": ""2026-10-01"", ""reference_url"": ""https://portal.inmet.gov.br/uploads/dadoshistoricos/2015.zip"", ""method"": ""agregação anual observada por estação + IDW municipal em EPSG:31985; p=2; 3-6 estações; raio <=300 km; controle mínimo de completude"", ""verified"": true}"
2608909,2015,-607.7010750980298,-7443507.330051145,"{""temperatura_media_c"": {""n_estacoes"": 6, ""nearest_distance_km"": 38.45, ""max_distance_km"": 191.15, ""stations"": [""SURUBIM"", ""RECIFE"", ""CARUARU"", ""PALMARES"", ""GARANHUNS"", ""ARCO VERDE""], ""method"": ""IDW p=2; até 6 estações; raio máximo 300 km""}, ""precipitacao_anual_mm"": {""n_estacoes"": 6, ""nearest_distance_km"": 38.45, ""max_distance_km"": 191.15, ""stations"": [""SURUBIM"", ""RECIFE"", ""CARUARU"", ""PALMARES"", ""GARANHUNS"", ""ARCO VERDE""], ""method"": ""IDW p=2; até 6 estações; raio máximo 300 km""}}","{""organization"": ""INMET"", ""dataset"": ""Dados Históricos Anuais - estações automáticas"", ""version"": ""2015"", ""retrieved_at"": ""2026-10-01"", ""reference_url"": ""https://portal.inmet.gov.br/uploads/dadoshistoricos/2015.zip"", ""method"": ""agregação anual observada por estação + IDW municipal em EPSG:31985; p=2; 3-6 estações; raio <=300 km; controle mínimo de completude"", ""verified"": true}"
2609006,2015,-607.4775878747612,-7299808.47325795,"{""temperatura_media_c"": {""n_estacoes"": 6, ""nearest_distance_km"": 51.28, ""max_distance_km"": 205.42, ""stations"": [""SURUBIM"", ""RECIFE"", ""CARUARU"", ""PALMARES"", ""GARANHUNS"", ""ARCO VERDE""], ""method"": ""IDW p=2; até 6 estações; raio máximo 300 km""}, ""precipitacao_anual_mm"": {""n_estacoes"": 6, ""nearest_distance_km"": 51.28, ""max_distance_km"": 205.42, ""stations"": [""SURUBIM"", ""RECIFE"", ""CARUARU"", ""PALMARES"", ""GARANHUNS"", ""ARCO VERDE""], ""method"": ""IDW p=2; até 6 estações; raio máximo 300 km""}}","{""organization"": ""INMET"", ""dataset"": ""Dados Históricos Anuais - estações automáticas"", ""version"": ""2015"", ""retrieved_at"": ""2026-10-01"", ""reference_url"": ""https://portal.inmet.gov.br/uploads/dadoshistoricos/2015.zip"", ""method"": ""agregação anual observada por estação + IDW municipal em EPSG:31985; p=2; 3-6 estações; raio <=300 km; controle mínimo de completude"", ""verified"": true}"
2609105,2015,-678.7847406363358,-7618929.504926075,"{""temperatura_media_c"": {""n_estacoes"": 6, ""nearest_distance_km"": 35.79, ""max_distance_km"": 191.7, ""stations"": [""SURUBIM"", ""RECIFE"", ""CARUARU"", ""PALMARES"", ""GARANHUNS"", ""ARCO VERDE""], ""method"": ""IDW p=2; até 6 estações; raio máximo 300 km""}, ""precipitacao_anual_mm"": {""n_estacoes"": 6, ""nearest_distance_km"": 35.79, ""max_distance_km"": 191.7, ""stations"": [""SURUBIM"", ""RECIFE"", ""CARUARU"", ""PALMARES"", ""GARANHUNS"", ""ARCO VERDE""], ""method"": ""IDW p=2; até 6 estações; raio máximo 300 km""}}","{""organization"": ""INMET"", ""dataset"": ""Dados Históricos Anuais - estações automáticas"", ""version"": ""2015"", ""retrieved_at"": ""2026-10-01"", ""reference_url"": ""https://portal.inmet.gov.br/uploads/dadoshistoricos/2015.zip"", ""method"": ""agregação anual observada por estação + IDW municipal em EPSG:31985; p=2; 3-6 estações; raio <=300 km; controle mínimo de completude"", ""verified"": true}"
2609154,2015,-144.14240780509286,-2872450.469335573,"{""temperatura_media_c"": {""n_estacoes"": 6, ""nearest_distance_km"": 45.93, ""max_distance_km"": 187.65, ""stations"": [""IBIMIRIM"", ""ARCO VERDE"", ""GARANHUNS"", ""FLORESTA"", ""SERRA TALHADA"", ""CARUARU""], ""method"": ""IDW p=2; até 6 estações; raio máximo 300 km""}, ""precipitacao_anual_mm"": {""n_estacoes"": 6, ""nearest_distance_km"": 45.93, ""max_distance_km"": 187.65, ""stations"": [""IBIMIRIM"", ""ARCO VERDE"", ""GARANHUNS"", ""FLORESTA"", ""SERRA TALHADA"", ""CARUARU""], ""method"": ""IDW p=2; até 6 estações; raio máximo 300 km""}}","{""organization"": ""INMET"", ""dataset"": ""Dados Históricos Anuais - estações automáticas"", ""version"": ""2015"", ""retrieved_at"": ""2026-10-01"", ""reference_url"": ""https://portal.inmet.gov.br/uploads/dadoshistoricos/2015.zip"", ""method"": ""agregação anual observada por estação + IDW municipal em EPSG:31985; p=2; 3-6 estações; raio <=300 km; controle mínimo de completude"", ""verified"": true}"
2609204,2015,-734.8987941887992,-21550989.16203005,"{""temperatura_media_c"": {""n_estacoes"": 6, ""nearest_distance_km"": 28.28, ""max_distance_km"": 152.82, ""stations"": [""PALMARES"", ""CARUARU"", ""GARANHUNS"", ""SURUBIM"", ""RECIFE"", ""ARCO VERDE""], ""method"": ""IDW p=2; até 6 estações; raio máximo 300 km""}, ""precipitacao_anual_mm"": {""n_estacoes"": 6, ""nearest_distance_km"": 28.28, ""max_distance_km"": 152.82, ""stations"": [""PALMARES"", ""CARUARU"", ""GARANHUNS"", ""SURUBIM"", ""RECIFE"", ""ARCO VERDE""], ""method"": ""IDW p=2; até 6 estações; raio máximo 300 km""}}","{""organization"": ""INMET"", ""dataset"": ""Dados Históricos Anuais - estações automáticas"", ""version"": ""2015"", ""retrieved_at"": ""2026-10-01"", ""reference_url"": ""https://portal.inmet.gov.br/uploads/dadoshistoricos/2015.zip"", ""method"": ""agregação anual observada por estação + IDW municipal em EPSG:31985; p=2; 3-6 estações; raio <=300 km; controle mínimo de completude"", ""verified"": true}"
2609303,2015,-157.01399099399296,-8893363.781144325,"{""temperatura_media_c"": {""n_estacoes"": 6, ""nearest_distance_km"": 51.29, ""max_distance_km"": 184.93, ""stations"": [""FLORESTA"", ""SERRA TALHADA"", ""CABROBO"", ""IBIMIRIM"", ""OURICURI"", ""ARCO VERDE""], ""method"": ""IDW p=2; até 6 estações; raio máximo 300 km""}, ""precipitacao_anual_mm"": {""n_estacoes"": 6, ""nearest_distance_km"": 51.29, ""max_distance_km"": 184.93, ""stations"": [""FLORESTA"", ""SERRA TALHADA"", ""CABROBO"", ""IBIMIRIM"", ""OURICURI"", ""ARCO VERDE""], ""method"": ""IDW p=2; até 6 estações; raio máximo 300 km""}}","{""organization"": ""INMET"", ""dataset"": ""Dados Históricos Anuais - estações automáticas"", ""version"": ""2015"", ""retrieved_at"": ""2026-10-01"", ""reference_url"": ""https://portal.inmet.gov.br/uploads/dadoshistoricos/2015.zip"", ""method"": ""agregação anual observada por estação + IDW municipal em EPSG:31985; p=2; 3-6 estações; raio <=300 km; controle mínimo de completude"", ""verified"": true}"
2609402,2015,-225.18281237266453,-3783905.5251601706,"{""temperatura_media_c"": {""n_estacoes"": 6, ""nearest_distance_km"": 22.69, ""max_distance_km"": 215.69, ""stations"": [""RECIFE"", ""PALMARES"", ""SURUBIM"", ""CARUARU"", ""GARANHUNS"", ""ARCO VERDE""], ""method"": ""IDW p=2; até 6 estações; raio máximo 300 km""}, ""precipitacao_anual_mm"": {""n_estacoes"": 6, ""nearest_distance_km"": 22.69, ""max_distance_km"": 215.69, ""stations"": [""RECIFE"", ""PALMARES"", ""SURUBIM"", ""CARUARU"", ""GARANHUNS"", ""ARCO VERDE""], ""method"": ""IDW p=2; até 6 estações; raio máximo 300 km""}}","{""organization"": ""INMET"", ""dataset"": ""Dados Históricos Anuais - estações automáticas"", ""version"": ""2015"", ""retrieved_at"": ""2026-10-01"", ""reference_url"": ""https://portal.inmet.gov.br/uploads/dadoshistoricos/2015.zip"", ""method"": ""agregação anual observada por estação + IDW municipal em EPSG:31985; p=2; 3-6 estações; raio <=300 km; controle mínimo de completude"", ""verified"": true}"
2609501,2015,-410.34117322038776,-5712791.770340445,"{""temperatura_media_c"": {""n_estacoes"": 6, ""nearest_distance_km"": 46.69, ""max_distance_km"": 217.59, ""stations"": [""RECIFE"", ""SURUBIM"", ""CARUARU"", ""PALMARES"", ""GARANHUNS"", ""ARCO VERDE""], ""method"": ""IDW p=2; até 6 estações; raio máximo 300 km""}, ""precipitacao_anual_mm"": {""n_estacoes"": 6, ""nearest_distance_km"": 46.69, ""max_distance_km"": 217.59, ""stations"": [""RECIFE"", ""SURUBIM"", ""CARUARU"", ""PALMARES"", ""GARANHUNS"", ""ARCO VERDE""], ""method"": ""IDW p=2; até 6 estações; raio máximo 300 km""}}","{""organization"": ""INMET"", ""dataset"": ""Dados Históricos Anuais - estações automáticas"", ""version"": ""2015"", ""retrieved_at"": ""2026-10-01"", ""reference_url"": ""https://portal.inmet.gov.br/uploads/dadoshistoricos/2015.zip"", ""method"": ""agregação anual observada por estação + IDW municipal em EPSG:31985; p=2; 3-6 estações; raio <=300 km; controle mínimo de completude"", ""verified"": true}"
2609600,2015,-132.55591917016466,-1674077.861126404,"{""temperatura_media_c"": {""n_estacoes"": 6, ""nearest_distance_km"": 12.6, ""max_distance_km"": 248.98, ""stations"": [""RECIFE"", ""SURUBIM"", ""PALMARES"", ""CARUARU"", ""GARANHUNS"", ""ARCO VERDE""], ""method"": ""IDW p=2; até 6 estações; raio máximo 300 km""}, ""precipitacao_anual_mm"": {""n_estacoes"": 6, ""nearest_distance_km"": 12.6, ""max_distance_km"": 248.98, ""stations"": [""RECIFE"", ""SURUBIM"", ""PALMARES"", ""CARUARU"", ""GARANHUNS"", ""ARCO VERDE""], ""method"": ""IDW p=2; até 6 estações; raio máximo 300 km""}}","{""organization"": ""INMET"", ""dataset"": ""Dados Históricos Anuais - estações automáticas"", ""version"": ""2015"", ""retrieved_at"": ""2026-10-01"", ""reference_url"": ""https://portal.inmet.gov.br/uploads/dadoshistoricos/2015.zip"", ""method"": ""agregação anual observada por estação + IDW municipal em EPSG:31985; p=2; 3-6 estações; raio <=300 km; controle mínimo de completude"", ""verified"": true}"
2609709,2015,-774.2258970546047,-7955809.117296716,"{""temperatura_media_c"": {""n_estacoes"": 6, ""nearest_distance_km"": 26.19, ""max_distance_km"": 181.81, ""stations"": [""SURUBIM"", ""CARUARU"", ""RECIFE"", ""PALMARES"", ""GARANHUNS"", ""ARCO VERDE""], ""method"": ""IDW p=2; até 6 estações; raio máximo 300 km""}, ""precipitacao_anual_mm"": {""n_estacoes"": 6, ""nearest_distance_km"": 26.19, ""max_distance_km"": 181.81, ""stations"": [""SURUBIM"", ""CARUARU"", ""RECIFE"", ""PALMARES"", ""GARANHUNS"", ""ARCO VERDE""], ""method"": ""IDW p=2; até 6 estações; raio máximo 300 km""}}","{""organization"": ""INMET"", ""dataset"": ""Dados Históricos Anuais - estações automáticas"", ""version"": ""2015"", ""retrieved_at"": ""2026-10-01"", ""reference_url"": ""https://portal.inmet.gov.br/uploads/dadoshistoricos/2015.zip"", ""method"": ""agregação anual observada por estação + IDW municipal em EPSG:31985; p=2; 3-6 estações; raio <=300 km; controle mínimo de completude"", ""verified"": true}"
2609808,2015,-424.35851777643757,-5153846.551772568,"{""temperatura_media_c"": {""n_estacoes"": 6, ""nearest_distance_km"": 30.89, ""max_distance_km"": 207.93, ""stations"": [""CABROBO"", ""OURICURI"", ""FLORESTA"", ""PETROLINA"", ""SERRA TALHADA"", ""IBIMIRIM""], ""method"": ""IDW p=2; até 6 estações; raio máximo 300 km""}, ""precipitacao_anual_mm"": {""n_estacoes"": 6, ""nearest_distance_km"": 30.89, ""max_distance_km"": 207.93, ""stations"": [""CABROBO"", ""OURICURI"", ""FLORESTA"", ""PETROLINA"", ""SERRA TALHADA"", ""IBIMIRIM""], ""method"": ""IDW p=2; até 6 estações; raio máximo 300 km""}}","{""organization"": ""INMET"", ""dataset"": ""Dados Históricos Anuais - estações automáticas"", ""version"": ""2015"", ""retrieved_at"": ""2026-10-01"", ""reference_url"": ""https://portal.inmet.gov.br/uploads/dadoshistoricos/2015.zip"", ""method"": ""agregação anual observada por estação + IDW municipal em EPSG:31985; p=2; 3-6 estações; raio <=300 km; controle mínimo de completude"", ""verified"": true}"
2609907,2015,-3307.7345171619863,-34676850.42010312,"{""temperatura_media_c"": {""n_estacoes"": 6, ""nearest_distance_km"": 11.47, ""max_distance_km"": 278.28, ""stations"": [""OURICURI"", ""CABROBO"", ""PETROLINA"", ""FLORESTA"", ""SERRA TALHADA"", ""IBIMIRIM""], ""method"": ""IDW p=2; até 6 estações; raio máximo 300 km""}, ""precipitacao_anual_mm"": {""n_estacoes"": 6, ""nearest_distance_km"": 11.47, ""max_distance_km"": 278.28, ""stations"": [""OURICURI"", ""CABROBO"", ""PETROLINA"", ""FLORESTA"", ""SERRA TALHADA"", ""IBIMIRIM""], ""method"": ""IDW p=2; até 6 estações; raio máximo 300 km""}}","{""organization"": ""INMET"", ""dataset"": ""Dados Históricos Anuais - estações automáticas"", ""version"": ""2015"", ""retrieved_at"": ""2026-10-01"", ""reference_url"": ""https://portal.inmet.gov.br/uploads/dadoshistoricos/2015.zip"", ""method"": ""agregação anual observada por estação + IDW municipal em EPSG:31985; p=2; 3-6 estações; raio <=300 km; controle mínimo de completude"", ""verified"": true}"
2610004,2015,-856.630031422097,-28469992.85884131,"{""temperatura_media_c"": {""n_estacoes"": 6, ""nearest_distance_km"": 6.9, ""max_distance_km"": 162.4, ""stations"": [""PALMARES"", ""CARUARU"", ""SURUBIM"", ""RECIFE"", ""GARANHUNS"", ""ARCO VERDE""], ""method"": ""IDW p=2; até 6 estações; raio máximo 300 km""}, ""precipitacao_anual_mm"": {""n_estacoes"": 6, ""nearest_distance_km"": 6.9, ""max_distance_km"": 162.4, ""stations"": [""PALMARES"", ""CARUARU"", ""SURUBIM"", ""RECIFE"", ""GARANHUNS"", ""ARCO VERDE""], ""method"": ""IDW p=2; até 6 estações; raio máximo 300 km""}}","{""organization"": ""INMET"", ""dataset"": ""Dados Históricos Anuais - estações automáticas"", ""version"": ""2015"", ""retrieved_at"": ""2026-10-01"", ""reference_url"": ""https://portal.inmet.gov.br/uploads/dadoshistoricos/2015.zip"", ""method"": ""agregação anual observada por estação + IDW municipal em EPSG:31985; p=2; 3-6 estações; raio <=300 km; controle mínimo de completude"", ""verified"": true}"
2610103,2015,-836.5873174122424,-9054018.924508557,"{""temperatura_media_c"": {""n_estacoes"": 6, ""nearest_distance_km"": 26.53, ""max_distance_km"": 167.55, ""stations"": [""GARANHUNS"", ""PALMARES"", ""CARUARU"", ""ARCO VERDE"", ""SURUBIM"", ""IBIMIRIM""], ""method"": ""IDW p=2; até 6 estações; raio máximo 300 km""}, ""precipitacao_anual_mm"": {""n_estacoes"": 6, ""nearest_distance_km"": 26.53, ""max_distance_km"": 167.55, ""stations"": [""GARANHUNS"", ""PALMARES"", ""CARUARU"", ""ARCO VERDE"", ""SURUBIM"", ""IBIMIRIM""], ""method"": ""IDW p=2; até 6 estações; raio máximo 300 km""}}","{""organization"": ""INMET"", ""dataset"": ""Dados Históricos Anuais - estações automáticas"", ""version"": ""2015"", ""retrieved_at"": ""2026-10-01"", ""reference_url"": ""https://portal.inmet.gov.br/uploads/dadoshistoricos/2015.zip"", ""method"": ""agregação anual observada por estação + IDW municipal em EPSG:31985; p=2; 3-6 estações; raio <=300 km; controle mínimo de completude"", ""verified"": true}"
2610202,2015,-534.9974910102321,-10552531.614881167,"{""temperatura_media_c"": {""n_estacoes"": 6, ""nearest_distance_km"": 48.0, ""max_distance_km"": 137.54, ""stations"": [""CARUARU"", ""PALMARES"", ""GARANHUNS"", ""SURUBIM"", ""ARCO VERDE"", ""RECIFE""], ""method"": ""IDW p=2; até 6 estações; raio máximo 300 km""}, ""precipitacao_anual_mm"": {""n_estacoes"": 6, ""nearest_distance_km"": 48.0, ""max_distance_km"": 137.54, ""stations"": [""CARUARU"", ""PALMARES"", ""GARANHUNS"", ""SURUBIM"", ""ARCO VERDE"", ""RECIFE""], ""method"": ""IDW p=2; até 6 estações; raio máximo 300 km""}}","{""organization"": ""INMET"", ""dataset"": ""Dados Históricos Anuais - estações automáticas"", ""version"": ""2015"", ""retrieved_at"": ""2026-10-01"", ""reference_url"": ""https://portal.inmet.gov.br/uploads/dadoshistoricos/2015.zip"", ""method"": ""agregação anual observada por estação + IDW municipal em EPSG:31985; p=2; 3-6 estações; raio <=300 km; controle mínimo de completude"", ""verified"": true}"
2610301,2015,-807.8820048887611,-7834640.2456202,"{""temperatura_media_c"": {""n_estacoes"": 6, ""nearest_distance_km"": 23.44, ""max_distance_km"": 154.24, ""stations"": [""GARANHUNS"", ""ARCO VERDE"", ""CARUARU"", ""IBIMIRIM"", ""PALMARES"", ""SURUBIM""], ""method"": ""IDW p=2; até 6 estações; raio máximo 300 km""}, ""precipitacao_anual_mm"": {""n_estacoes"": 6, ""nearest_distance_km"": 23.44, ""max_distance_km"": 154.24, ""stations"": [""GARANHUNS"", ""ARCO VERDE"", ""CARUARU"", ""IBIMIRIM"", ""PALMARES"", ""SURUBIM""], ""method"": ""IDW p=2; até 6 estações; raio máximo 300 km""}}","{""organization"": ""INMET"", ""dataset"": ""Dados Históricos Anuais - estações automáticas"", ""version"": ""2015"", ""retrieved_at"": ""2026-10-01"", ""reference_url"": ""https://portal.inmet.gov.br/uploads/dadoshistoricos/2015.zip"", ""method"": ""agregação anual observada por estação + IDW municipal em EPSG:31985; p=2; 3-6 estações; raio <=300 km; controle mínimo de completude"", ""verified"": true}"
2610400,2015,-1814.0711463812734,-19977633.010515437,"{""temperatura_media_c"": {""n_estacoes"": 6, ""nearest_distance_km"": 47.85, ""max_distance_km"": 231.1, ""stations"": [""OURICURI"", ""CABROBO"", ""FLORESTA"", ""PETROLINA"", ""SERRA TALHADA"", ""IBIMIRIM""], ""method"": ""IDW p=2; até 6 estações; raio máximo 300 km""}, ""precipitacao_anual_mm"": {""n_estacoes"": 6, ""nearest_distance_km"": 47.85, ""max_distance_km"": 231.1, ""stations"": [""OURICURI"", ""CABROBO"", ""FLORESTA"", ""PETROLINA"", ""SERRA TALHADA"", ""IBIMIRIM""], ""method"": ""IDW p=2; até 6 estações; raio máximo 300 km""}}","{""organization"": ""INMET"", ""dataset"": ""Dados Históricos Anuais - estações automáticas"", ""version"": ""2015"", ""retrieved_at"": ""2026-10-01"", ""reference_url"": ""https://portal.inmet.gov.br/uploads/dadoshistoricos/2015.zip"", ""method"": ""agregação anual observada por estação + IDW municipal em EPSG:31985; p=2; 3-6 estações; raio <=300 km; controle mínimo de completude"", ""verified"": true}"
2610509,2015,-620.0057898173204,-8001672.55532609,"{""temperatura_media_c"": {""n_estacoes"": 6, ""nearest_distance_km"": 33.7, ""max_distance_km"": 175.37, ""stations"": [""SURUBIM"", ""CARUARU"", ""RECIFE"", ""PALMARES"", ""GARANHUNS"", ""ARCO VERDE""], ""method"": ""IDW p=2; até 6 estações; raio máximo 300 km""}, ""precipitacao_anual_mm"": {""n_estacoes"": 6, ""nearest_distance_km"": 33.7, ""max_distance_km"": 175.37, ""stations"": [""SURUBIM"", ""CARUARU"", ""RECIFE"", ""PALMARES"", ""GARANHUNS"", ""ARCO VERDE""], ""method"": ""IDW p=2; até 6 estações; raio máximo 300 km""}}","{""organization"": ""INMET"", ""dataset"": ""Dados Históricos Anuais - estações automáticas"", ""version"": ""2015"", ""retrieved_at"": ""2026-10-01"", ""reference_url"": ""https://portal.inmet.gov.br/uploads/dadoshistoricos/2015.zip"", ""method"": ""agregação anual observada por estação + IDW municipal em EPSG:31985; p=2; 3-6 estações; raio <=300 km; controle mínimo de completude"", ""verified"": true}"
2610608,2015,-254.38549744597879,-3761105.796850043,"{""temperatura_media_c"": {""n_estacoes"": 6, ""nearest_distance_km"": 27.46, ""max_distance_km"": 220.13, ""stations"": [""RECIFE"", ""SURUBIM"", ""PALMARES"", ""CARUARU"", ""GARANHUNS"", ""ARCO VERDE""], ""method"": ""IDW p=2; até 6 estações; raio máximo 300 km""}, ""precipitacao_anual_mm"": {""n_estacoes"": 6, ""nearest_distance_km"": 27.46, ""max_distance_km"": 220.13, ""stations"": [""RECIFE"", ""SURUBIM"", ""PALMARES"", ""CARUARU"", ""GARANHUNS"", ""ARCO VERDE""], ""method"": ""IDW p=2; até 6 estações; raio máximo 300 km""}}","{""organization"": ""INMET"", ""dataset"": ""Dados Históricos Anuais - estações automáticas"", ""version"": ""2015"", ""retrieved_at"": ""2026-10-01"", ""reference_url"": ""https://portal.inmet.gov.br/uploads/dadoshistoricos/2015.zip"", ""method"": ""agregação anual observada por estação + IDW municipal em EPSG:31985; p=2; 3-6 estações; raio <=300 km; controle mínimo de completude"", ""verified"": true}"
2610707,2015,-149.08556746010183,-1985631.477031677,"{""temperatura_media_c"": {""n_estacoes"": 6, ""nearest_distance_km"": 16.74, ""max_distance_km"": 248.62, ""stations"": [""RECIFE"", ""SURUBIM"", ""PALMARES"", ""CARUARU"", ""GARANHUNS"", ""ARCO VERDE""], ""method"": ""IDW p=2; até 6 estações; raio máximo 300 km""}, ""precipitacao_anual_mm"": {""n_estacoes"": 6, ""nearest_distance_km"": 16.74, ""max_distance_km"": 248.62, ""stations"": [""RECIFE"", ""SURUBIM"", ""PALMARES"", ""CARUARU"", ""GARANHUNS"", ""ARCO VERDE""], ""method"": ""IDW p=2; até 6 estações; raio máximo 300 km""}}","{""organization"": ""INMET"", ""dataset"": ""Dados Históricos Anuais - estações automáticas"", ""version"": ""2015"", ""retrieved_at"": ""2026-10-01"", ""reference_url"": ""https://portal.inmet.gov.br/uploads/dadoshistoricos/2015.zip"", ""method"": ""agregação anual observada por estação + IDW municipal em EPSG:31985; p=2; 3-6 estações; raio <=300 km; controle mínimo de completude"", ""verified"": true}"
2610806,2015,-333.2559520834074,-3835270.725375882,"{""temperatura_media_c"": {""n_estacoes"": 6, ""nearest_distance_km"": 37.08, ""max_distance_km"": 154.61, ""stations"": [""ARCO VERDE"", ""GARANHUNS"", ""IBIMIRIM"", ""CARUARU"", ""PALMARES"", ""SURUBIM""], ""method"": ""IDW p=2; até 6 estações; raio máximo 300 km""}, ""precipitacao_anual_mm"": {""n_estacoes"": 6, ""nearest_distance_km"": 37.08, ""max_distance_km"": 154.61, ""stations"": [""ARCO VERDE"", ""GARANHUNS"", ""IBIMIRIM"", ""CARUARU"", ""PALMARES"", ""SURUBIM""], ""method"": ""IDW p=2; até 6 estações; raio máximo 300 km""}}","{""organization"": ""INMET"", ""dataset"": ""Dados Históricos Anuais - estações automáticas"", ""version"": ""2015"", ""retrieved_at"": ""2026-10-01"", ""reference_url"": ""https://portal.inmet.gov.br/uploads/dadoshistoricos/2015.zip"", ""method"": ""agregação anual observada por estação + IDW municipal em EPSG:31985; p=2; 3-6 estações; raio <=300 km; controle mínimo de completude"", ""verified"": true}"
2610905,2015,-277.6317170596531,-3585501.310556183,"{""temperatura_media_c"": {""n_estacoes"": 6, ""nearest_distance_km"": 38.05, ""max_distance_km"": 132.67, ""stations"": [""ARCO VERDE"", ""GARANHUNS"", ""CARUARU"", ""IBIMIRIM"", ""SURUBIM"", ""PALMARES""], ""method"": ""IDW p=2; até 6 estações; raio máximo 300 km""}, ""precipitacao_anual_mm"": {""n_estacoes"": 6, ""nearest_distance_km"": 38.05, ""max_distance_km"": 132.67, ""stations"": [""ARCO VERDE"", ""GARANHUNS"", ""CARUARU"", ""IBIMIRIM"", ""SURUBIM"", ""PALMARES""], ""method"": ""IDW p=2; até 6 estações; raio máximo 300 km""}}","{""organization"": ""INMET"", ""dataset"": ""Dados Históricos Anuais - estações automáticas"", ""version"": ""2015"", ""retrieved_at"": ""2026-10-01"", ""reference_url"": ""https://portal.inmet.gov.br/uploads/dadoshistoricos/2015.zip"", ""method"": ""agregação anual observada por estação + IDW municipal em EPSG:31985; p=2; 3-6 estações; raio <=300 km; controle mínimo de completude"", ""verified"": true}"
2611002,2015,-57.837746080462274,-2970857.300801428,"{""temperatura_media_c"": {""n_estacoes"": 6, ""nearest_distance_km"": 45.63, ""max_distance_km"": 199.94, ""stations"": [""FLORESTA"", ""IBIMIRIM"", ""SERRA TALHADA"", ""CABROBO"", ""ARCO VERDE"", ""GARANHUNS""], ""method"": ""IDW p=2; até 6 estações; raio máximo 300 km""}, ""precipitacao_anual_mm"": {""n_estacoes"": 6, ""nearest_distance_km"": 45.63, ""max_distance_km"": 199.94, ""stations"": [""FLORESTA"", ""IBIMIRIM"", ""SERRA TALHADA"", ""CABROBO"", ""ARCO VERDE"", ""GARANHUNS""], ""method"": ""IDW p=2; até 6 estações; raio máximo 300 km""}}","{""organization"": ""INMET"", ""dataset"": ""Dados Históricos Anuais - estações automáticas"", ""version"": ""2015"", ""retrieved_at"": ""2026-10-01"", ""reference_url"": ""https://portal.inmet.gov.br/uploads/dadoshistoricos/2015.zip"", ""method"": ""agregação anual observada por estação + IDW municipal em EPSG:31985; p=2; 3-6 estações; raio <=300 km; controle mínimo de completude"", ""verified"": true}"
2611101,2015,-245.23425766832318,-3211832.1679207445,"{""temperatura_media_c"": {""n_estacoes"": 5, ""nearest_distance_km"": 42.1, ""max_distance_km"": 278.76, ""stations"": [""PETROLINA"", ""OURICURI"", ""CABROBO"", ""FLORESTA"", ""SERRA TALHADA""], ""method"": ""IDW p=2; até 6 estações; raio máximo 300 km""}, ""precipitacao_anual_mm"": {""n_estacoes"": 5, ""nearest_distance_km"": 42.1, ""max_distance_km"": 278.76, ""stations"": [""PETROLINA"", ""OURICURI"", ""CABROBO"", ""FLORESTA"", ""SERRA TALHADA""], ""method"": ""IDW p=2; até 6 estações; raio máximo 300 km""}}","{""organization"": ""INMET"", ""dataset"": ""Dados Históricos Anuais - estações automáticas"", ""version"": ""2015"", ""retrieved_at"": ""2026-10-01"", ""reference_url"": ""https://portal.inmet.gov.br/uploads/dadoshistoricos/2015.zip"", ""method"": ""agregação anual observada por estação + IDW municipal em EPSG:31985; p=2; 3-6 estações; raio <=300 km; controle mínimo de completude"", ""verified"": true}"
2611200,2015,-283.54222921140075,-3869216.0600915365,"{""temperatura_media_c"": {""n_estacoes"": 6, ""nearest_distance_km"": 46.21, ""max_distance_km"": 135.23, ""stations"": [""ARCO VERDE"", ""GARANHUNS"", ""CARUARU"", ""SURUBIM"", ""IBIMIRIM"", ""PALMARES""], ""method"": ""IDW p=2; até 6 estações; raio máximo 300 km""}, ""precipitacao_anual_mm"": {""n_estacoes"": 6, ""nearest_distance_km"": 46.21, ""max_distance_km"": 135.23, ""stations"": [""ARCO VERDE"", ""GARANHUNS"", ""CARUARU"", ""SURUBIM"", ""IBIMIRIM"", ""PALMARES""], ""method"": ""IDW p=2; até 6 estações; raio máximo 300 km""}}","{""organization"": ""INMET"", ""dataset"": ""Dados Históricos Anuais - estações automáticas"", ""version"": ""2015"", ""retrieved_at"": ""2026-10-01"", ""reference_url"": ""https://portal.inmet.gov.br/uploads/dadoshistoricos/2015.zip"", ""method"": ""agregação anual observada por estação + IDW municipal em EPSG:31985; p=2; 3-6 estações; raio <=300 km; controle mínimo de completude"", ""verified"": true}"
2611309,2015,-477.1347058797531,-9379737.75000179,"{""temperatura_media_c"": {""n_estacoes"": 6, ""nearest_distance_km"": 49.08, ""max_distance_km"": 188.87, ""stations"": [""RECIFE"", ""PALMARES"", ""SURUBIM"", ""CARUARU"", ""GARANHUNS"", ""ARCO VERDE""], ""method"": ""IDW p=2; até 6 estações; raio máximo 300 km""}, ""precipitacao_anual_mm"": {""n_estacoes"": 6, ""nearest_distance_km"": 49.08, ""max_distance_km"": 188.87, ""stations"": [""RECIFE"", ""PALMARES"", ""SURUBIM"", ""CARUARU"", ""GARANHUNS"", ""ARCO VERDE""], ""method"": ""IDW p=2; até 6 estações; raio máximo 300 km""}}","{""organization"": ""INMET"", ""dataset"": ""Dados Históricos Anuais - estações automáticas"", ""version"": ""2015"", ""retrieved_at"": ""2026-10-01"", ""reference_url"": ""https://portal.inmet.gov.br/uploads/dadoshistoricos/2015.zip"", ""method"": ""agregação anual observada por estação + IDW municipal em EPSG:31985; p=2; 3-6 estações; raio <=300 km; controle mínimo de completude"", ""verified"": true}"
2611408,2015,-547.9139854968295,-13609714.931363124,"{""temperatura_media_c"": {""n_estacoes"": 6, ""nearest_distance_km"": 42.33, ""max_distance_km"": 186.89, ""stations"": [""PALMARES"", ""RECIFE"", ""CARUARU"", ""SURUBIM"", ""GARANHUNS"", ""ARCO VERDE""], ""method"": ""IDW p=2; até 6 estações; raio máximo 300 km""}, ""precipitacao_anual_mm"": {""n_estacoes"": 6, ""nearest_distance_km"": 42.33, ""max_distance_km"": 186.89, ""stations"": [""PALMARES"", ""RECIFE"", ""CARUARU"", ""SURUBIM"", ""GARANHUNS"", ""ARCO VERDE""], ""method"": ""IDW p=2; até 6 estações; raio máximo 300 km""}}","{""organization"": ""INMET"", ""dataset"": ""Dados Históricos Anuais - estações automáticas"", ""version"": ""2015"", ""retrieved_at"": ""2026-10-01"", ""reference_url"": ""https://portal.inmet.gov.br/uploads/dadoshistoricos/2015.zip"", ""method"": ""agregação anual observada por estação + IDW municipal em EPSG:31985; p=2; 3-6 estações; raio <=300 km; controle mínimo de completude"", ""verified"": true}"
2611507,2015,-648.3138956215817,-12365754.975924965,"{""temperatura_media_c"": {""n_estacoes"": 6, ""nearest_distance_km"": 51.92, ""max_distance_km"": 145.84, ""stations"": [""GARANHUNS"", ""PALMARES"", ""CARUARU"", ""SURUBIM"", ""ARCO VERDE"", ""RECIFE""], ""method"": ""IDW p=2; até 6 estações; raio máximo 300 km""}, ""precipitacao_anual_mm"": {""n_estacoes"": 6, ""nearest_distance_km"": 51.92, ""max_distance_km"": 145.84, ""stations"": [""GARANHUNS"", ""PALMARES"", ""CARUARU"", ""SURUBIM"", ""ARCO VERDE"", ""RECIFE""], ""method"": ""IDW p=2; até 6 estações; raio máximo 300 km""}}","{""organization"": ""INMET"", ""dataset"": ""Dados Históricos Anuais - estações automáticas"", ""version"": ""2015"", ""retrieved_at"": ""2026-10-01"", ""reference_url"": ""https://portal.inmet.gov.br/uploads/dadoshistoricos/2015.zip"", ""method"": ""agregação anual observada por estação + IDW municipal em EPSG:31985; p=2; 3-6 estações; raio <=300 km; controle mínimo de completude"", ""verified"": true}"
2611533,2015,-55.10775203186105,-11440717.8818474,"{""temperatura_media_c"": {""n_estacoes"": 6, ""nearest_distance_km"": 55.84, ""max_distance_km"": 199.34, ""stations"": [""SERRA TALHADA"", ""IBIMIRIM"", ""ARCO VERDE"", ""FLORESTA"", ""CABROBO"", ""GARANHUNS""], ""method"": ""IDW p=2; até 6 estações; raio máximo 300 km""}, ""precipitacao_anual_mm"": {""n_estacoes"": 6, ""nearest_distance_km"": 55.84, ""max_distance_km"": 199.34, ""stations"": [""SERRA TALHADA"", ""IBIMIRIM"", ""ARCO VERDE"", ""FLORESTA"", ""CABROBO"", ""GARANHUNS""], ""method"": ""IDW p=2; até 6 estações; raio máximo 300 km""}}","{""organization"": ""INMET"", ""dataset"": ""Dados Históricos Anuais - estações automáticas"", ""version"": ""2015"", ""retrieved_at"": ""2026-10-01"", ""reference_url"": ""https://portal.inmet.gov.br/uploads/dadoshistoricos/2015.zip"", ""method"": ""agregação anual observada por estação + IDW municipal em EPSG:31985; p=2; 3-6 estações; raio <=300 km; controle mínimo de completude"", ""verified"": true}"
2611606,2015,-111.45103781490504,-1237519.5754734674,"{""temperatura_media_c"": {""n_estacoes"": 6, ""nearest_distance_km"": 3.64, ""max_distance_km"": 240.81, ""stations"": [""RECIFE"", ""SURUBIM"", ""PALMARES"", ""CARUARU"", ""GARANHUNS"", ""ARCO VERDE""], ""method"": ""IDW p=2; até 6 estações; raio máximo 300 km""}, ""precipitacao_anual_mm"": {""n_estacoes"": 6, ""nearest_distance_km"": 3.64, ""max_distance_km"": 240.81, ""stations"": [""RECIFE"", ""SURUBIM"", ""PALMARES"", ""CARUARU"", ""GARANHUNS"", ""ARCO VERDE""], ""method"": ""IDW p=2; até 6 estações; raio máximo 300 km""}}","{""organization"": ""INMET"", ""dataset"": ""Dados Históricos Anuais - estações automáticas"", ""version"": ""2015"", ""retrieved_at"": ""2026-10-01"", ""reference_url"": ""https://portal.inmet.gov.br/uploads/dadoshistoricos/2015.zip"", ""method"": ""agregação anual observada por estação + IDW municipal em EPSG:31985; p=2; 3-6 estações; raio <=300 km; controle mínimo de completude"", ""verified"": true}"
2611705,2015,-336.46967753053696,-4145370.6575626573,"{""temperatura_media_c"": {""n_estacoes"": 6, ""nearest_distance_km"": 20.5, ""max_distance_km"": 137.55, ""stations"": [""CARUARU"", ""SURUBIM"", ""PALMARES"", ""RECIFE"", ""GARANHUNS"", ""ARCO VERDE""], ""method"": ""IDW p=2; até 6 estações; raio máximo 300 km""}, ""precipitacao_anual_mm"": {""n_estacoes"": 6, ""nearest_distance_km"": 20.5, ""max_distance_km"": 137.55, ""stations"": [""CARUARU"", ""SURUBIM"", ""PALMARES"", ""RECIFE"", ""GARANHUNS"", ""ARCO VERDE""], ""method"": ""IDW p=2; até 6 estações; raio máximo 300 km""}}","{""organization"": ""INMET"", ""dataset"": ""Dados Históricos Anuais - estações automáticas"", ""version"": ""2015"", ""retrieved_at"": ""2026-10-01"", ""reference_url"": ""https://portal.inmet.gov.br/uploads/dadoshistoricos/2015.zip"", ""method"": ""agregação anual observada por estação + IDW municipal em EPSG:31985; p=2; 3-6 estações; raio <=300 km; controle mínimo de completude"", ""verified"": true}"
2611804,2015,-687.4117700095807,-20439981.290005185,"{""temperatura_media_c"": {""n_estacoes"": 6, ""nearest_distance_km"": 28.52, ""max_distance_km"": 189.52, ""stations"": [""PALMARES"", ""RECIFE"", ""CARUARU"", ""SURUBIM"", ""GARANHUNS"", ""ARCO VERDE""], ""method"": ""IDW p=2; até 6 estações; raio máximo 300 km""}, ""precipitacao_anual_mm"": {""n_estacoes"": 6, ""nearest_distance_km"": 28.52, ""max_distance_km"": 189.52, ""stations"": [""PALMARES"", ""RECIFE"", ""CARUARU"", ""SURUBIM"", ""GARANHUNS"", ""ARCO VERDE""], ""method"": ""IDW p=2; até 6 estações; raio máximo 300 km""}}","{""organization"": ""INMET"", ""dataset"": ""Dados Históricos Anuais - estações automáticas"", ""version"": ""2015"", ""retrieved_at"": ""2026-10-01"", ""reference_url"": ""https://portal.inmet.gov.br/uploads/dadoshistoricos/2015.zip"", ""method"": ""agregação anual observada por estação + IDW municipal em EPSG:31985; p=2; 3-6 estações; raio <=300 km; controle mínimo de completude"", ""verified"": true}"
2611903,2015,-653.5137954796666,-18870035.34253606,"{""temperatura_media_c"": {""n_estacoes"": 6, ""nearest_distance_km"": 38.54, ""max_distance_km"": 207.55, ""stations"": [""PALMARES"", ""RECIFE"", ""CARUARU"", ""SURUBIM"", ""GARANHUNS"", ""ARCO VERDE""], ""method"": ""IDW p=2; até 6 estações; raio máximo 300 km""}, ""precipitacao_anual_mm"": {""n_estacoes"": 6, ""nearest_distance_km"": 38.54, ""max_distance_km"": 207.55, ""stations"": [""PALMARES"", ""RECIFE"", ""CARUARU"", ""SURUBIM"", ""GARANHUNS"", ""ARCO VERDE""], ""method"": ""IDW p=2; até 6 estações; raio máximo 300 km""}}","{""organization"": ""INMET"", ""dataset"": ""Dados Históricos Anuais - estações automáticas"", ""version"": ""2015"", ""retrieved_at"": ""2026-10-01"", ""reference_url"": ""https://portal.inmet.gov.br/uploads/dadoshistoricos/2015.zip"", ""method"": ""agregação anual observada por estação + IDW municipal em EPSG:31985; p=2; 3-6 estações; raio <=300 km; controle mínimo de completude"", ""verified"": true}"
2612000,2015,-441.42939598465455,-9941699.587888857,"{""temperatura_media_c"": {""n_estacoes"": 6, ""nearest_distance_km"": 34.04, ""max_distance_km"": 154.8, ""stations"": [""CARUARU"", ""PALMARES"", ""SURUBIM"", ""RECIFE"", ""GARANHUNS"", ""ARCO VERDE""], ""method"": ""IDW p=2; até 6 estações; raio máximo 300 km""}, ""precipitacao_anual_mm"": {""n_estacoes"": 6, ""nearest_distance_km"": 34.04, ""max_distance_km"": 154.8, ""stations"": [""CARUARU"", ""PALMARES"", ""SURUBIM"", ""RECIFE"", ""GARANHUNS"", ""ARCO VERDE""], ""method"": ""IDW p=2; até 6 estações; raio máximo 300 km""}}","{""organization"": ""INMET"", ""dataset"": ""Dados Históricos Anuais - estações automáticas"", ""version"": ""2015"", ""retrieved_at"": ""2026-10-01"", ""reference_url"": ""https://portal.inmet.gov.br/uploads/dadoshistoricos/2015.zip"", ""method"": ""agregação anual observada por estação + IDW municipal em EPSG:31985; p=2; 3-6 estações; raio <=300 km; controle mínimo de completude"", ""verified"": true}"
2612109,2015,-743.7570080695083,-7973628.528058652,"{""temperatura_media_c"": {""n_estacoes"": 6, ""nearest_distance_km"": 23.98, ""max_distance_km"": 173.46, ""stations"": [""SURUBIM"", ""CARUARU"", ""RECIFE"", ""PALMARES"", ""GARANHUNS"", ""ARCO VERDE""], ""method"": ""IDW p=2; até 6 estações; raio máximo 300 km""}, ""precipitacao_anual_mm"": {""n_estacoes"": 6, ""nearest_distance_km"": 23.98, ""max_distance_km"": 173.46, ""stations"": [""SURUBIM"", ""CARUARU"", ""RECIFE"", ""PALMARES"", ""GARANHUNS"", ""ARCO VERDE""], ""method"": ""IDW p=2; até 6 estações; raio máximo 300 km""}}","{""organization"": ""INMET"", ""dataset"": ""Dados Históricos Anuais - estações automáticas"", ""version"": ""2015"", ""retrieved_at"": ""2026-10-01"", ""reference_url"": ""https://portal.inmet.gov.br/uploads/dadoshistoricos/2015.zip"", ""method"": ""agregação anual observada por estação + IDW municipal em EPSG:31985; p=2; 3-6 estações; raio <=300 km; controle mínimo de completude"", ""verified"": true}"
2612208,2015,-358.7293008931202,-6929606.13178907,"{""temperatura_media_c"": {""n_estacoes"": 6, ""nearest_distance_km"": 48.42, ""max_distance_km"": 208.97, ""stations"": [""CABROBO"", ""FLORESTA"", ""SERRA TALHADA"", ""OURICURI"", ""IBIMIRIM"", ""PETROLINA""], ""method"": ""IDW p=2; até 6 estações; raio máximo 300 km""}, ""precipitacao_anual_mm"": {""n_estacoes"": 6, ""nearest_distance_km"": 48.42, ""max_distance_km"": 208.97, ""stations"": [""CABROBO"", ""FLORESTA"", ""SERRA TALHADA"", ""OURICURI"", ""IBIMIRIM"", ""PETROLINA""], ""method"": ""IDW p=2; até 6 estações; raio máximo 300 km""}}","{""organization"": ""INMET"", ""dataset"": ""Dados Históricos Anuais - estações automáticas"", ""version"": ""2015"", ""retrieved_at"": ""2026-10-01"", ""reference_url"": ""https://portal.inmet.gov.br/uploads/dadoshistoricos/2015.zip"", ""method"": ""agregação anual observada por estação + IDW municipal em EPSG:31985; p=2; 3-6 estações; raio <=300 km; controle mínimo de completude"", ""verified"": true}"
2612307,2015,-777.5072072306396,-7726547.751218739,"{""temperatura_media_c"": {""n_estacoes"": 6, ""nearest_distance_km"": 28.49, ""max_distance_km"": 164.79, ""stations"": [""GARANHUNS"", ""ARCO VERDE"", ""CARUARU"", ""IBIMIRIM"", ""PALMARES"", ""SURUBIM""], ""method"": ""IDW p=2; até 6 estações; raio máximo 300 km""}, ""precipitacao_anual_mm"": {""n_estacoes"": 6, ""nearest_distance_km"": 28.49, ""max_distance_km"": 164.79, ""stations"": [""GARANHUNS"", ""ARCO VERDE"", ""CARUARU"", ""IBIMIRIM"", ""PALMARES"", ""SURUBIM""], ""method"": ""IDW p=2; até 6 estações; raio máximo 300 km""}}","{""organization"": ""INMET"", ""dataset"": ""Dados Históricos Anuais - estações automáticas"", ""version"": ""2015"", ""retrieved_at"": ""2026-10-01"", ""reference_url"": ""https://portal.inmet.gov.br/uploads/dadoshistoricos/2015.zip"", ""method"": ""agregação anual observada por estação + IDW municipal em EPSG:31985; p=2; 3-6 estações; raio <=300 km; controle mínimo de completude"", ""verified"": true}"
2612406,2015,-409.17452557202773,-5393637.109651389,"{""temperatura_media_c"": {""n_estacoes"": 6, ""nearest_distance_km"": 59.17, ""max_distance_km"": 129.21, ""stations"": [""ARCO VERDE"", ""GARANHUNS"", ""CARUARU"", ""SURUBIM"", ""PALMARES"", ""IBIMIRIM""], ""method"": ""IDW p=2; até 6 estações; raio máximo 300 km""}, ""precipitacao_anual_mm"": {""n_estacoes"": 6, ""nearest_distance_km"": 59.17, ""max_distance_km"": 129.21, ""stations"": [""ARCO VERDE"", ""GARANHUNS"", ""CARUARU"", ""SURUBIM"", ""PALMARES"", ""IBIMIRIM""], ""method"": ""IDW p=2; até 6 estações; raio máximo 300 km""}}","{""organization"": ""INMET"", ""dataset"": ""Dados Históricos Anuais - estações automáticas"", ""version"": ""2015"", ""retrieved_at"": ""2026-10-01"", ""reference_url"": ""https://portal.inmet.gov.br/uploads/dadoshistoricos/2015.zip"", ""method"": ""agregação anual observada por estação + IDW municipal em EPSG:31985; p=2; 3-6 estações; raio <=300 km; controle mínimo de completude"", ""verified"": true}"
2612455,2015,-2245.9389298401443,-24262905.75842463,"{""temperatura_media_c"": {""n_estacoes"": 6, ""nearest_distance_km"": 50.5, ""max_distance_km"": 287.83, ""stations"": [""OURICURI"", ""CABROBO"", ""PETROLINA"", ""FLORESTA"", ""SERRA TALHADA"", ""IBIMIRIM""], ""method"": ""IDW p=2; até 6 estações; raio máximo 300 km""}, ""precipitacao_anual_mm"": {""n_estacoes"": 6, ""nearest_distance_km"": 50.5, ""max_distance_km"": 287.83, ""stations"": [""OURICURI"", ""CABROBO"", ""PETROLINA"", ""FLORESTA"", ""SERRA TALHADA"", ""IBIMIRIM""], ""method"": ""IDW p=2; até 6 estações; raio máximo 300 km""}}","{""organization"": ""INMET"", ""dataset"": ""Dados Históricos Anuais - estações automáticas"", ""version"": ""2015"", ""retrieved_at"": ""2026-10-01"", ""reference_url"": ""https://portal.inmet.gov.br/uploads/dadoshistoricos/2015.zip"", ""method"": ""agregação anual observada por estação + IDW municipal em EPSG:31985; p=2; 3-6 estações; raio <=300 km; controle mínimo de completude"", ""verified"": true}"
2612471,2015,-3.563141186393836,-19542824.42540574,"{""temperatura_media_c"": {""n_estacoes"": 6, ""nearest_distance_km"": 17.52, ""max_distance_km"": 213.5, ""stations"": [""SERRA TALHADA"", ""IBIMIRIM"", ""FLORESTA"", ""ARCO VERDE"", ""CABROBO"", ""OURICURI""], ""method"": ""IDW p=2; até 6 estações; raio máximo 300 km""}, ""precipitacao_anual_mm"": {""n_estacoes"": 6, ""nearest_distance_km"": 17.52, ""max_distance_km"": 213.5, ""stations"": [""SERRA TALHADA"", ""IBIMIRIM"", ""FLORESTA"", ""ARCO VERDE"", ""CABROBO"", ""OURICURI""], ""method"": ""IDW p=2; até 6 estações; raio máximo 300 km""}}","{""organization"": ""INMET"", ""dataset"": ""Dados Históricos Anuais - estações automáticas"", ""version"": ""2015"", ""retrieved_at"": ""2026-10-01"", ""reference_url"": ""https://portal.inmet.gov.br/uploads/dadoshistoricos/2015.zip"", ""method"": ""agregação anual observada por estação + IDW municipal em EPSG:31985; p=2; 3-6 estações; raio <=300 km; controle mínimo de completude"", ""verified"": true}"
2612505,2015,-441.31741063747177,-5684027.296749265,"{""temperatura_media_c"": {""n_estacoes"": 6, ""nearest_distance_km"": 53.62, ""max_distance_km"": 151.85, ""stations"": [""CARUARU"", ""SURUBIM"", ""ARCO VERDE"", ""GARANHUNS"", ""PALMARES"", ""RECIFE""], ""method"": ""IDW p=2; até 6 estações; raio máximo 300 km""}, ""precipitacao_anual_mm"": {""n_estacoes"": 6, ""nearest_distance_km"": 53.62, ""max_distance_km"": 151.85, ""stations"": [""CARUARU"", ""SURUBIM"", ""ARCO VERDE"", ""GARANHUNS"", ""PALMARES"", ""RECIFE""], ""method"": ""IDW p=2; até 6 estações; raio máximo 300 km""}}","{""organization"": ""INMET"", ""dataset"": ""Dados Históricos Anuais - estações automáticas"", ""version"": ""2015"", ""retrieved_at"": ""2026-10-01"", ""reference_url"": ""https://portal.inmet.gov.br/uploads/dadoshistoricos/2015.zip"", ""method"": ""agregação anual observada por estação + IDW municipal em EPSG:31985; p=2; 3-6 estações; raio <=300 km; controle mínimo de completude"", ""verified"": true}"
2612554,2015,-2131.822042823485,-23240876.224297594,"{""temperatura_media_c"": {""n_estacoes"": 5, ""nearest_distance_km"": 64.48, ""max_distance_km"": 254.21, ""stations"": [""OURICURI"", ""PETROLINA"", ""CABROBO"", ""FLORESTA"", ""SERRA TALHADA""], ""method"": ""IDW p=2; até 6 estações; raio máximo 300 km""}, ""precipitacao_anual_mm"": {""n_estacoes"": 5, ""nearest_distance_km"": 64.48, ""max_distance_km"": 254.21, ""stations"": [""OURICURI"", ""PETROLINA"", ""CABROBO"", ""FLORESTA"", ""SERRA TALHADA""], ""method"": ""IDW p=2; até 6 estações; raio máximo 300 km""}}","{""organization"": ""INMET"", ""dataset"": ""Dados Históricos Anuais - estações automáticas"", ""version"": ""2015"", ""retrieved_at"": ""2026-10-01"", ""reference_url"": ""https://portal.inmet.gov.br/uploads/dadoshistoricos/2015.zip"", ""method"": ""agregação anual observada por estação + IDW municipal em EPSG:31985; p=2; 3-6 estações; raio <=300 km; controle mínimo de completude"", ""verified"": true}"
2612604,2015,-919.4214383371288,-10784414.972151471,"{""temperatura_media_c"": {""n_estacoes"": 6, ""nearest_distance_km"": 67.99, ""max_distance_km"": 244.03, ""stations"": [""CABROBO"", ""OURICURI"", ""PETROLINA"", ""FLORESTA"", ""SERRA TALHADA"", ""IBIMIRIM""], ""method"": ""IDW p=2; até 6 estações; raio máximo 300 km""}, ""precipitacao_anual_mm"": {""n_estacoes"": 6, ""nearest_distance_km"": 67.99, ""max_distance_km"": 244.03, ""stations"": [""CABROBO"", ""OURICURI"", ""PETROLINA"", ""FLORESTA"", ""SERRA TALHADA"", ""IBIMIRIM""], ""method"": ""IDW p=2; até 6 estações; raio máximo 300 km""}}","{""organization"": ""INMET"", ""dataset"": ""Dados Históricos Anuais - estações automáticas"", ""version"": ""2015"", ""retrieved_at"": ""2026-10-01"", ""reference_url"": ""https://portal.inmet.gov.br/uploads/dadoshistoricos/2015.zip"", ""method"": ""agregação anual observada por estação + IDW municipal em EPSG:31985; p=2; 3-6 estações; raio <=300 km; controle mínimo de completude"", ""verified"": true}"
2612703,2015,-903.6113626122095,-8310653.515768984,"{""temperatura_media_c"": {""n_estacoes"": 6, ""nearest_distance_km"": 9.67, ""max_distance_km"": 147.84, ""stations"": [""SURUBIM"", ""CARUARU"", ""PALMARES"", ""RECIFE"", ""GARANHUNS"", ""ARCO VERDE""], ""method"": ""IDW p=2; até 6 estações; raio máximo 300 km""}, ""precipitacao_anual_mm"": {""n_estacoes"": 6, ""nearest_distance_km"": 9.67, ""max_distance_km"": 147.84, ""stations"": [""SURUBIM"", ""CARUARU"", ""PALMARES"", ""RECIFE"", ""GARANHUNS"", ""ARCO VERDE""], ""method"": ""IDW p=2; até 6 estações; raio máximo 300 km""}}","{""organization"": ""INMET"", ""dataset"": ""Dados Históricos Anuais - estações automáticas"", ""version"": ""2015"", ""retrieved_at"": ""2026-10-01"", ""reference_url"": ""https://portal.inmet.gov.br/uploads/dadoshistoricos/2015.zip"", ""method"": ""agregação anual observada por estação + IDW municipal em EPSG:31985; p=2; 3-6 estações; raio <=300 km; controle mínimo de completude"", ""verified"": true}"
2612802,2015,-104.40499109755099,-6721710.190573802,"{""temperatura_media_c"": {""n_estacoes"": 6, ""nearest_distance_km"": 111.31, ""max_distance_km"": 186.8, ""stations"": [""SERRA TALHADA"", ""ARCO VERDE"", ""IBIMIRIM"", ""FLORESTA"", ""CARUARU"", ""SURUBIM""], ""method"": ""IDW p=2; até 6 estações; raio máximo 300 km""}, ""precipitacao_anual_mm"": {""n_estacoes"": 6, ""nearest_distance_km"": 111.31, ""max_distance_km"": 186.8, ""stations"": [""SERRA TALHADA"", ""ARCO VERDE"", ""IBIMIRIM"", ""FLORESTA"", ""CARUARU"", ""SURUBIM""], ""method"": ""IDW p=2; até 6 estações; raio máximo 300 km""}}","{""organization"": ""INMET"", ""dataset"": ""Dados Históricos Anuais - estações automáticas"", ""version"": ""2015"", ""retrieved_at"": ""2026-10-01"", ""reference_url"": ""https://portal.inmet.gov.br/uploads/dadoshistoricos/2015.zip"", ""method"": ""agregação anual observada por estação + IDW municipal em EPSG:31985; p=2; 3-6 estações; raio <=300 km; controle mínimo de completude"", ""verified"": true}"
2612901,2015,-654.1406660828142,-16112912.372532982,"{""temperatura_media_c"": {""n_estacoes"": 6, ""nearest_distance_km"": 40.51, ""max_distance_km"": 136.79, ""stations"": [""PALMARES"", ""CARUARU"", ""GARANHUNS"", ""SURUBIM"", ""RECIFE"", ""ARCO VERDE""], ""method"": ""IDW p=2; até 6 estações; raio máximo 300 km""}, ""precipitacao_anual_mm"": {""n_estacoes"": 6, ""nearest_distance_km"": 40.51, ""max_distance_km"": 136.79, ""stations"": [""PALMARES"", ""CARUARU"", ""GARANHUNS"", ""SURUBIM"", ""RECIFE"", ""ARCO VERDE""], ""method"": ""IDW p=2; até 6 estações; raio máximo 300 km""}}","{""organization"": ""INMET"", ""dataset"": ""Dados Históricos Anuais - estações automáticas"", ""version"": ""2015"", ""retrieved_at"": ""2026-10-01"", ""reference_url"": ""https://portal.inmet.gov.br/uploads/dadoshistoricos/2015.zip"", ""method"": ""agregação anual observada por estação + IDW municipal em EPSG:31985; p=2; 3-6 estações; raio <=300 km; controle mínimo de completude"", ""verified"": true}"
2613008,2015,-570.876251136642,-6908705.593387432,"{""temperatura_media_c"": {""n_estacoes"": 6, ""nearest_distance_km"": 41.38, ""max_distance_km"": 139.13, ""stations"": [""GARANHUNS"", ""CARUARU"", ""ARCO VERDE"", ""PALMARES"", ""SURUBIM"", ""IBIMIRIM""], ""method"": ""IDW p=2; até 6 estações; raio máximo 300 km""}, ""precipitacao_anual_mm"": {""n_estacoes"": 6, ""nearest_distance_km"": 41.38, ""max_distance_km"": 139.13, ""stations"": [""GARANHUNS"", ""CARUARU"", ""ARCO VERDE"", ""PALMARES"", ""SURUBIM"", ""IBIMIRIM""], ""method"": ""IDW p=2; até 6 estações; raio máximo 300 km""}}","{""organization"": ""INMET"", ""dataset"": ""Dados Históricos Anuais - estações automáticas"", ""version"": ""2015"", ""retrieved_at"": ""2026-10-01"", ""reference_url"": ""https://portal.inmet.gov.br/uploads/dadoshistoricos/2015.zip"", ""method"": ""agregação anual observada por estação + IDW municipal em EPSG:31985; p=2; 3-6 estações; raio <=300 km; controle mínimo de completude"", ""verified"": true}"
2613107,2015,-161.62943017041349,-2885507.4665920804,"{""temperatura_media_c"": {""n_estacoes"": 6, ""nearest_distance_km"": 20.62, ""max_distance_km"": 134.4, ""stations"": [""CARUARU"", ""SURUBIM"", ""PALMARES"", ""GARANHUNS"", ""ARCO VERDE"", ""RECIFE""], ""method"": ""IDW p=2; até 6 estações; raio máximo 300 km""}, ""precipitacao_anual_mm"": {""n_estacoes"": 6, ""nearest_distance_km"": 20.62, ""max_distance_km"": 134.4, ""stations"": [""CARUARU"", ""SURUBIM"", ""PALMARES"", ""GARANHUNS"", ""ARCO VERDE"", ""RECIFE""], ""method"": ""IDW p=2; até 6 estações; raio máximo 300 km""}}","{""organization"": ""INMET"", ""dataset"": ""Dados Históricos Anuais - estações automáticas"", ""version"": ""2015"", ""retrieved_at"": ""2026-10-01"", ""reference_url"": ""https://portal.inmet.gov.br/uploads/dadoshistoricos/2015.zip"", ""method"": ""agregação anual observada por estação + IDW municipal em EPSG:31985; p=2; 3-6 estações; raio <=300 km; controle mínimo de completude"", ""verified"": true}"
2613206,2015,-918.5529977412364,-8638236.867122306,"{""temperatura_media_c"": {""n_estacoes"": 6, ""nearest_distance_km"": 13.24, ""max_distance_km"": 152.71, ""stations"": [""GARANHUNS"", ""CARUARU"", ""PALMARES"", ""ARCO VERDE"", ""SURUBIM"", ""IBIMIRIM""], ""method"": ""IDW p=2; até 6 estações; raio máximo 300 km""}, ""precipitacao_anual_mm"": {""n_estacoes"": 6, ""nearest_distance_km"": 13.24, ""max_distance_km"": 152.71, ""stations"": [""GARANHUNS"", ""CARUARU"", ""PALMARES"", ""ARCO VERDE"", ""SURUBIM"", ""IBIMIRIM""], ""method"": ""IDW p=2; até 6 estações; raio máximo 300 km""}}","{""organization"": ""INMET"", ""dataset"": ""Dados Históricos Anuais - estações automáticas"", ""version"": ""2015"", ""retrieved_at"": ""2026-10-01"", ""reference_url"": ""https://portal.inmet.gov.br/uploads/dadoshistoricos/2015.zip"", ""method"": ""agregação anual observada por estação + IDW municipal em EPSG:31985; p=2; 3-6 estações; raio <=300 km; controle mínimo de completude"", ""verified"": true}"
2613305,2015,-383.89996926934765,-9754137.024188101,"{""temperatura_media_c"": {""n_estacoes"": 6, ""nearest_distance_km"": 28.92, ""max_distance_km"": 136.88, ""stations"": [""CARUARU"", ""PALMARES"", ""SURUBIM"", ""GARANHUNS"", ""RECIFE"", ""ARCO VERDE""], ""method"": ""IDW p=2; até 6 estações; raio máximo 300 km""}, ""precipitacao_anual_mm"": {""n_estacoes"": 6, ""nearest_distance_km"": 28.92, ""max_distance_km"": 136.88, ""stations"": [""CARUARU"", ""PALMARES"", ""SURUBIM"", ""GARANHUNS"", ""RECIFE"", ""ARCO VERDE""], ""method"": ""IDW p=2; até 6 estações; raio máximo 300 km""}}","{""organization"": ""INMET"", ""dataset"": ""Dados Históricos Anuais - estações automáticas"", ""version"": ""2015"", ""retrieved_at"": ""2026-10-01"", ""reference_url"": ""https://portal.inmet.gov.br/uploads/dadoshistoricos/2015.zip"", ""method"": ""agregação anual observada por estação + IDW municipal em EPSG:31985; p=2; 3-6 estações; raio <=300 km; controle mínimo de completude"", ""verified"": true}"
2613404,2015,-650.2954482006302,-18266019.999138787,"{""temperatura_media_c"": {""n_estacoes"": 6, ""nearest_distance_km"": 47.56, ""max_distance_km"": 214.97, ""stations"": [""PALMARES"", ""RECIFE"", ""CARUARU"", ""SURUBIM"", ""GARANHUNS"", ""ARCO VERDE""], ""method"": ""IDW p=2; até 6 estações; raio máximo 300 km""}, ""precipitacao_anual_mm"": {""n_estacoes"": 6, ""nearest_distance_km"": 47.56, ""max_distance_km"": 214.97, ""stations"": [""PALMARES"", ""RECIFE"", ""CARUARU"", ""SURUBIM"", ""GARANHUNS"", ""ARCO VERDE""], ""method"": ""IDW p=2; até 6 estações; raio máximo 300 km""}}","{""organization"": ""INMET"", ""dataset"": ""Dados Históricos Anuais - estações automáticas"", ""version"": ""2015"", ""retrieved_at"": ""2026-10-01"", ""reference_url"": ""https://portal.inmet.gov.br/uploads/dadoshistoricos/2015.zip"", ""method"": ""agregação anual observada por estação + IDW municipal em EPSG:31985; p=2; 3-6 estações; raio <=300 km; controle mínimo de completude"", ""verified"": true}"
2613503,2015,-208.66427150324415,-13119677.98868092,"{""temperatura_media_c"": {""n_estacoes"": 6, ""nearest_distance_km"": 50.88, ""max_distance_km"": 193.71, ""stations"": [""SERRA TALHADA"", ""FLORESTA"", ""CABROBO"", ""IBIMIRIM"", ""OURICURI"", ""ARCO VERDE""], ""method"": ""IDW p=2; até 6 estações; raio máximo 300 km""}, ""precipitacao_anual_mm"": {""n_estacoes"": 6, ""nearest_distance_km"": 50.88, ""max_distance_km"": 193.71, ""stations"": [""SERRA TALHADA"", ""FLORESTA"", ""CABROBO"", ""IBIMIRIM"", ""OURICURI"", ""ARCO VERDE""], ""method"": ""IDW p=2; até 6 estações; raio máximo 300 km""}}","{""organization"": ""INMET"", ""dataset"": ""Dados Históricos Anuais - estações automáticas"", ""version"": ""2015"", ""retrieved_at"": ""2026-10-01"", ""reference_url"": ""https://portal.inmet.gov.br/uploads/dadoshistoricos/2015.zip"", ""method"": ""agregação anual observada por estação + IDW municipal em EPSG:31985; p=2; 3-6 estações; raio <=300 km; controle mínimo de completude"", ""verified"": true}"
2613602,2015,-208.7969278805606,-6219150.178745663,"{""temperatura_media_c"": {""n_estacoes"": 6, ""nearest_distance_km"": 100.95, ""max_distance_km"": 175.48, ""stations"": [""ARCO VERDE"", ""IBIMIRIM"", ""SERRA TALHADA"", ""CARUARU"", ""SURUBIM"", ""GARANHUNS""], ""method"": ""IDW p=2; até 6 estações; raio máximo 300 km""}, ""precipitacao_anual_mm"": {""n_estacoes"": 6, ""nearest_distance_km"": 100.95, ""max_distance_km"": 175.48, ""stations"": [""ARCO VERDE"", ""IBIMIRIM"", ""SERRA TALHADA"", ""CARUARU"", ""SURUBIM"", ""GARANHUNS""], ""method"": ""IDW p=2; até 6 estações; raio máximo 300 km""}}","{""organization"": ""INMET"", ""dataset"": ""Dados Históricos Anuais - estações automáticas"", ""version"": ""2015"", ""retrieved_at"": ""2026-10-01"", ""reference_url"": ""https://portal.inmet.gov.br/uploads/dadoshistoricos/2015.zip"", ""method"": ""agregação anual observada por estação + IDW municipal em EPSG:31985; p=2; 3-6 estações; raio <=300 km; controle mínimo de completude"", ""verified"": true}"
2613701,2015,-168.2385079599778,-2375453.263285977,"{""temperatura_media_c"": {""n_estacoes"": 6, ""nearest_distance_km"": 16.44, ""max_distance_km"": 222.63, ""stations"": [""RECIFE"", ""SURUBIM"", ""PALMARES"", ""CARUARU"", ""GARANHUNS"", ""ARCO VERDE""], ""method"": ""IDW p=2; até 6 estações; raio máximo 300 km""}, ""precipitacao_anual_mm"": {""n_estacoes"": 6, ""nearest_distance_km"": 16.44, ""max_distance_km"": 222.63, ""stations"": [""RECIFE"", ""SURUBIM"", ""PALMARES"", ""CARUARU"", ""GARANHUNS"", ""ARCO VERDE""], ""method"": ""IDW p=2; até 6 estações; raio máximo 300 km""}}","{""organization"": ""INMET"", ""dataset"": ""Dados Históricos Anuais - estações automáticas"", ""version"": ""2015"", ""retrieved_at"": ""2026-10-01"", ""reference_url"": ""https://portal.inmet.gov.br/uploads/dadoshistoricos/2015.zip"", ""method"": ""agregação anual observada por estação + IDW municipal em EPSG:31985; p=2; 3-6 estações; raio <=300 km; controle mínimo de completude"", ""verified"": true}"
2613800,2015,-651.2501245378794,-7489466.295956622,"{""temperatura_media_c"": {""n_estacoes"": 6, ""nearest_distance_km"": 42.36, ""max_distance_km"": 197.46, ""stations"": [""SURUBIM"", ""RECIFE"", ""CARUARU"", ""PALMARES"", ""GARANHUNS"", ""ARCO VERDE""], ""method"": ""IDW p=2; até 6 estações; raio máximo 300 km""}, ""precipitacao_anual_mm"": {""n_estacoes"": 6, ""nearest_distance_km"": 42.36, ""max_distance_km"": 197.46, ""stations"": [""SURUBIM"", ""RECIFE"", ""CARUARU"", ""PALMARES"", ""GARANHUNS"", ""ARCO VERDE""], ""method"": ""IDW p=2; até 6 estações; raio máximo 300 km""}}","{""organization"": ""INMET"", ""dataset"": ""Dados Históricos Anuais - estações automáticas"", ""version"": ""2015"", ""retrieved_at"": ""2026-10-01"", ""reference_url"": ""https://portal.inmet.gov.br/uploads/dadoshistoricos/2015.zip"", ""method"": ""agregação anual observada por estação + IDW municipal em EPSG:31985; p=2; 3-6 estações; raio <=300 km; controle mínimo de completude"", ""verified"": true}"
2613909,2015,7.177744184328694,-20059441.445402097,"{""temperatura_media_c"": {""n_estacoes"": 6, ""nearest_distance_km"": 12.36, ""max_distance_km"": 192.67, ""stations"": [""SERRA TALHADA"", ""FLORESTA"", ""IBIMIRIM"", ""CABROBO"", ""ARCO VERDE"", ""OURICURI""], ""method"": ""IDW p=2; até 6 estações; raio máximo 300 km""}, ""precipitacao_anual_mm"": {""n_estacoes"": 6, ""nearest_distance_km"": 12.36, ""max_distance_km"": 192.67, ""stations"": [""SERRA TALHADA"", ""FLORESTA"", ""IBIMIRIM"", ""CABROBO"", ""ARCO VERDE"", ""OURICURI""], ""method"": ""IDW p=2; até 6 estações; raio máximo 300 km""}}","{""organization"": ""INMET"", ""dataset"": ""Dados Históricos Anuais - estações automáticas"", ""version"": ""2015"", ""retrieved_at"": ""2026-10-01"", ""reference_url"": ""https://portal.inmet.gov.br/uploads/dadoshistoricos/2015.zip"", ""method"": ""agregação anual observada por estação + IDW municipal em EPSG:31985; p=2; 3-6 estações; raio <=300 km; controle mínimo de completude"", ""verified"": true}"
2614006,2015,-1047.9765971279412,-13825792.75334023,"{""temperatura_media_c"": {""n_estacoes"": 6, ""nearest_distance_km"": 73.02, ""max_distance_km"": 210.73, ""stations"": [""CABROBO"", ""OURICURI"", ""SERRA TALHADA"", ""FLORESTA"", ""IBIMIRIM"", ""PETROLINA""], ""method"": ""IDW p=2; até 6 estações; raio máximo 300 km""}, ""precipitacao_anual_mm"": {""n_estacoes"": 6, ""nearest_distance_km"": 73.02, ""max_distance_km"": 210.73, ""stations"": [""CABROBO"", ""OURICURI"", ""SERRA TALHADA"", ""FLORESTA"", ""IBIMIRIM"", ""PETROLINA""], ""method"": ""IDW p=2; até 6 estações; raio máximo 300 km""}}","{""organization"": ""INMET"", ""dataset"": ""Dados Históricos Anuais - estações automáticas"", ""version"": ""2015"", ""retrieved_at"": ""2026-10-01"", ""reference_url"": ""https://portal.inmet.gov.br/uploads/dadoshistoricos/2015.zip"", ""method"": ""agregação anual observada por estação + IDW municipal em EPSG:31985; p=2; 3-6 estações; raio <=300 km; controle mínimo de completude"", ""verified"": true}"
2614105,2015,-74.45475260973632,-2182551.917042596,"{""temperatura_media_c"": {""n_estacoes"": 6, ""nearest_distance_km"": 36.17, ""max_distance_km"": 149.16, ""stations"": [""ARCO VERDE"", ""IBIMIRIM"", ""SERRA TALHADA"", ""GARANHUNS"", ""FLORESTA"", ""CARUARU""], ""method"": ""IDW p=2; até 6 estações; raio máximo 300 km""}, ""precipitacao_anual_mm"": {""n_estacoes"": 6, ""nearest_distance_km"": 36.17, ""max_distance_km"": 149.16, ""stations"": [""ARCO VERDE"", ""IBIMIRIM"", ""SERRA TALHADA"", ""GARANHUNS"", ""FLORESTA"", ""CARUARU""], ""method"": ""IDW p=2; até 6 estações; raio máximo 300 km""}}","{""organization"": ""INMET"", ""dataset"": ""Dados Históricos Anuais - estações automáticas"", ""version"": ""2015"", ""retrieved_at"": ""2026-10-01"", ""reference_url"": ""https://portal.inmet.gov.br/uploads/dadoshistoricos/2015.zip"", ""method"": ""agregação anual observada por estação + IDW municipal em EPSG:31985; p=2; 3-6 estações; raio <=300 km; controle mínimo de completude"", ""verified"": true}"
2614204,2015,-573.3342756167601,-15621484.37675103,"{""temperatura_media_c"": {""n_estacoes"": 6, ""nearest_distance_km"": 44.84, ""max_distance_km"": 211.37, ""stations"": [""PALMARES"", ""RECIFE"", ""CARUARU"", ""SURUBIM"", ""GARANHUNS"", ""ARCO VERDE""], ""method"": ""IDW p=2; até 6 estações; raio máximo 300 km""}, ""precipitacao_anual_mm"": {""n_estacoes"": 6, ""nearest_distance_km"": 44.84, ""max_distance_km"": 211.37, ""stations"": [""PALMARES"", ""RECIFE"", ""CARUARU"", ""SURUBIM"", ""GARANHUNS"", ""ARCO VERDE""], ""method"": ""IDW p=2; até 6 estações; raio máximo 300 km""}}","{""organization"": ""INMET"", ""dataset"": ""Dados Históricos Anuais - estações automáticas"", ""version"": ""2015"", ""retrieved_at"": ""2026-10-01"", ""reference_url"": ""https://portal.inmet.gov.br/uploads/dadoshistoricos/2015.zip"", ""method"": ""agregação anual observada por estação + IDW municipal em EPSG:31985; p=2; 3-6 estações; raio <=300 km; controle mínimo de completude"", ""verified"": true}"
2614303,2015,-1595.3057691477193,-19259785.94227319,"{""temperatura_media_c"": {""n_estacoes"": 6, ""nearest_distance_km"": 70.77, ""max_distance_km"": 224.39, ""stations"": [""OURICURI"", ""CABROBO"", ""SERRA TALHADA"", ""FLORESTA"", ""IBIMIRIM"", ""PETROLINA""], ""method"": ""IDW p=2; até 6 estações; raio máximo 300 km""}, ""precipitacao_anual_mm"": {""n_estacoes"": 6, ""nearest_distance_km"": 70.77, ""max_distance_km"": 224.39, ""stations"": [""OURICURI"", ""CABROBO"", ""SERRA TALHADA"", ""FLORESTA"", ""IBIMIRIM"", ""PETROLINA""], ""method"": ""IDW p=2; até 6 estações; raio máximo 300 km""}}","{""organization"": ""INMET"", ""dataset"": ""Dados Históricos Anuais - estações automáticas"", ""version"": ""2015"", ""retrieved_at"": ""2026-10-01"", ""reference_url"": ""https://portal.inmet.gov.br/uploads/dadoshistoricos/2015.zip"", ""method"": ""agregação anual observada por estação + IDW municipal em EPSG:31985; p=2; 3-6 estações; raio <=300 km; controle mínimo de completude"", ""verified"": true}"
2614402,2015,-77.94328168943922,-8488209.373544317,"{""temperatura_media_c"": {""n_estacoes"": 6, ""nearest_distance_km"": 82.13, ""max_distance_km"": 197.63, ""stations"": [""SERRA TALHADA"", ""IBIMIRIM"", ""ARCO VERDE"", ""FLORESTA"", ""GARANHUNS"", ""CARUARU""], ""method"": ""IDW p=2; até 6 estações; raio máximo 300 km""}, ""precipitacao_anual_mm"": {""n_estacoes"": 6, ""nearest_distance_km"": 82.13, ""max_distance_km"": 197.63, ""stations"": [""SERRA TALHADA"", ""IBIMIRIM"", ""ARCO VERDE"", ""FLORESTA"", ""GARANHUNS"", ""CARUARU""], ""method"": ""IDW p=2; até 6 estações; raio máximo 300 km""}}","{""organization"": ""INMET"", ""dataset"": ""Dados Históricos Anuais - estações automáticas"", ""version"": ""2015"", ""retrieved_at"": ""2026-10-01"", ""reference_url"": ""https://portal.inmet.gov.br/uploads/dadoshistoricos/2015.zip"", ""method"": ""agregação anual observada por estação + IDW municipal em EPSG:31985; p=2; 3-6 estações; raio <=300 km; controle mínimo de completude"", ""verified"": true}"
2614501,2015,-919.3867207473389,-8411857.574878346,"{""temperatura_media_c"": {""n_estacoes"": 6, ""nearest_distance_km"": 7.62, ""max_distance_km"": 157.75, ""stations"": [""SURUBIM"", ""CARUARU"", ""PALMARES"", ""RECIFE"", ""GARANHUNS"", ""ARCO VERDE""], ""method"": ""IDW p=2; até 6 estações; raio máximo 300 km""}, ""precipitacao_anual_mm"": {""n_estacoes"": 6, ""nearest_distance_km"": 7.62, ""max_distance_km"": 157.75, ""stations"": [""SURUBIM"", ""CARUARU"", ""PALMARES"", ""RECIFE"", ""GARANHUNS"", ""ARCO VERDE""], ""method"": ""IDW p=2; até 6 estações; raio máximo 300 km""}}","{""organization"": ""INMET"", ""dataset"": ""Dados Históricos Anuais - estações automáticas"", ""version"": ""2015"", ""retrieved_at"": ""2026-10-01"", ""reference_url"": ""https://portal.inmet.gov.br/uploads/dadoshistoricos/2015.zip"", ""method"": ""agregação anual observada por estação + IDW municipal em EPSG:31985; p=2; 3-6 estações; raio <=300 km; controle mínimo de completude"", ""verified"": true}"
2614600,2015,-91.6229773489083,-7042009.774599233,"{""temperatura_media_c"": {""n_estacoes"": 6, ""nearest_distance_km"": 96.02, ""max_distance_km"": 185.32, ""stations"": [""SERRA TALHADA"", ""ARCO VERDE"", ""IBIMIRIM"", ""FLORESTA"", ""CARUARU"", ""GARANHUNS""], ""method"": ""IDW p=2; até 6 estações; raio máximo 300 km""}, ""precipitacao_anual_mm"": {""n_estacoes"": 6, ""nearest_distance_km"": 96.02, ""max_distance_km"": 185.32, ""stations"": [""SERRA TALHADA"", ""ARCO VERDE"", ""IBIMIRIM"", ""FLORESTA"", ""CARUARU"", ""GARANHUNS""], ""method"": ""IDW p=2; até 6 estações; raio máximo 300 km""}}","{""organization"": ""INMET"", ""dataset"": ""Dados Históricos Anuais - estações automáticas"", ""version"": ""2015"", ""retrieved_at"": ""2026-10-01"", ""reference_url"": ""https://portal.inmet.gov.br/uploads/dadoshistoricos/2015.zip"", ""method"": ""agregação anual observada por estação + IDW municipal em EPSG:31985; p=2; 3-6 estações; raio <=300 km; controle mínimo de completude"", ""verified"": true}"
2614709,2015,-305.63838880737194,-4753270.724995666,"{""temperatura_media_c"": {""n_estacoes"": 6, ""nearest_distance_km"": 33.71, ""max_distance_km"": 148.01, ""stations"": [""CARUARU"", ""GARANHUNS"", ""SURUBIM"", ""PALMARES"", ""ARCO VERDE"", ""RECIFE""], ""method"": ""IDW p=2; até 6 estações; raio máximo 300 km""}, ""precipitacao_anual_mm"": {""n_estacoes"": 6, ""nearest_distance_km"": 33.71, ""max_distance_km"": 148.01, ""stations"": [""CARUARU"", ""GARANHUNS"", ""SURUBIM"", ""PALMARES"", ""ARCO VERDE"", ""RECIFE""], ""method"": ""IDW p=2; até 6 estações; raio máximo 300 km""}}","{""organization"": ""INMET"", ""dataset"": ""Dados Históricos Anuais - estações automáticas"", ""version"": ""2015"", ""retrieved_at"": ""2026-10-01"", ""reference_url"": ""https://portal.inmet.gov.br/uploads/dadoshistoricos/2015.zip"", ""method"": ""agregação anual observada por estação + IDW municipal em EPSG:31985; p=2; 3-6 estações; raio <=300 km; controle mínimo de completude"", ""verified"": true}"
2614808,2015,-98.13219290676611,-3540382.2190846754,"{""temperatura_media_c"": {""n_estacoes"": 6, ""nearest_distance_km"": 63.94, ""max_distance_km"": 174.46, ""stations"": [""IBIMIRIM"", ""FLORESTA"", ""SERRA TALHADA"", ""ARCO VERDE"", ""CABROBO"", ""GARANHUNS""], ""method"": ""IDW p=2; até 6 estações; raio máximo 300 km""}, ""precipitacao_anual_mm"": {""n_estacoes"": 6, ""nearest_distance_km"": 63.94, ""max_distance_km"": 174.46, ""stations"": [""IBIMIRIM"", ""FLORESTA"", ""SERRA TALHADA"", ""ARCO VERDE"", ""CABROBO"", ""GARANHUNS""], ""method"": ""IDW p=2; até 6 estações; raio máximo 300 km""}}","{""organization"": ""INMET"", ""dataset"": ""Dados Históricos Anuais - estações automáticas"", ""version"": ""2015"", ""retrieved_at"": ""2026-10-01"", ""reference_url"": ""https://portal.inmet.gov.br/uploads/dadoshistoricos/2015.zip"", ""method"": ""agregação anual observada por estação + IDW municipal em EPSG:31985; p=2; 3-6 estações; raio <=300 km; controle mínimo de completude"", ""verified"": true}"
2614857,2015,-674.6888644675041,-19679896.33039155,"{""temperatura_media_c"": {""n_estacoes"": 6, ""nearest_distance_km"": 38.24, ""max_distance_km"": 207.46, ""stations"": [""PALMARES"", ""RECIFE"", ""CARUARU"", ""SURUBIM"", ""GARANHUNS"", ""ARCO VERDE""], ""method"": ""IDW p=2; até 6 estações; raio máximo 300 km""}, ""precipitacao_anual_mm"": {""n_estacoes"": 6, ""nearest_distance_km"": 38.24, ""max_distance_km"": 207.46, ""stations"": [""PALMARES"", ""RECIFE"", ""CARUARU"", ""SURUBIM"", ""GARANHUNS"", ""ARCO VERDE""], ""method"": ""IDW p=2; até 6 estações; raio máximo 300 km""}}","{""organization"": ""INMET"", ""dataset"": ""Dados Históricos Anuais - estações automáticas"", ""version"": ""2015"", ""retrieved_at"": ""2026-10-01"", ""reference_url"": ""https://portal.inmet.gov.br/uploads/dadoshistoricos/2015.zip"", ""method"": ""agregação anual observada por estação + IDW municipal em EPSG:31985; p=2; 3-6 estações; raio <=300 km; controle mínimo de completude"", ""verified"": true}"
2615003,2015,-540.0967401355884,-6137553.092974287,"{""temperatura_media_c"": {""n_estacoes"": 6, ""nearest_distance_km"": 37.08, ""max_distance_km"": 130.88, ""stations"": [""SURUBIM"", ""CARUARU"", ""PALMARES"", ""ARCO VERDE"", ""GARANHUNS"", ""RECIFE""], ""method"": ""IDW p=2; até 6 estações; raio máximo 300 km""}, ""precipitacao_anual_mm"": {""n_estacoes"": 6, ""nearest_distance_km"": 37.08, ""max_distance_km"": 130.88, ""stations"": [""SURUBIM"", ""CARUARU"", ""PALMARES"", ""ARCO VERDE"", ""GARANHUNS"", ""RECIFE""], ""method"": ""IDW p=2; até 6 estações; raio máximo 300 km""}}","{""organization"": ""INMET"", ""dataset"": ""Dados Históricos Anuais - estações automáticas"", ""version"": ""2015"", ""retrieved_at"": ""2026-10-01"", ""reference_url"": ""https://portal.inmet.gov.br/uploads/dadoshistoricos/2015.zip"", ""method"": ""agregação anual observada por estação + IDW municipal em EPSG:31985; p=2; 3-6 estações; raio <=300 km; controle mínimo de completude"", ""verified"": true}"
2615102,2015,-847.3444812979305,-8265216.415206292,"{""temperatura_media_c"": {""n_estacoes"": 6, ""nearest_distance_km"": 24.12, ""max_distance_km"": 165.34, ""stations"": [""GARANHUNS"", ""ARCO VERDE"", ""CARUARU"", ""PALMARES"", ""IBIMIRIM"", ""SURUBIM""], ""method"": ""IDW p=2; até 6 estações; raio máximo 300 km""}, ""precipitacao_anual_mm"": {""n_estacoes"": 6, ""nearest_distance_km"": 24.12, ""max_distance_km"": 165.34, ""stations"": [""GARANHUNS"", ""ARCO VERDE"", ""CARUARU"", ""PALMARES"", ""IBIMIRIM"", ""SURUBIM""], ""method"": ""IDW p=2; até 6 estações; raio máximo 300 km""}}","{""organization"": ""INMET"", ""dataset"": ""Dados Históricos Anuais - estações automáticas"", ""version"": ""2015"", ""retrieved_at"": ""2026-10-01"", ""reference_url"": ""https://portal.inmet.gov.br/uploads/dadoshistoricos/2015.zip"", ""method"": ""agregação anual observada por estação + IDW municipal em EPSG:31985; p=2; 3-6 estações; raio <=300 km; controle mínimo de completude"", ""verified"": true}"
2615201,2015,-562.5312877498503,-7346831.72340005,"{""temperatura_media_c"": {""n_estacoes"": 6, ""nearest_distance_km"": 39.51, ""max_distance_km"": 190.57, ""stations"": [""CABROBO"", ""OURICURI"", ""FLORESTA"", ""SERRA TALHADA"", ""PETROLINA"", ""IBIMIRIM""], ""method"": ""IDW p=2; até 6 estações; raio máximo 300 km""}, ""precipitacao_anual_mm"": {""n_estacoes"": 6, ""nearest_distance_km"": 39.51, ""max_distance_km"": 190.57, ""stations"": [""CABROBO"", ""OURICURI"", ""FLORESTA"", ""SERRA TALHADA"", ""PETROLINA"", ""IBIMIRIM""], ""method"": ""IDW p=2; até 6 estações; raio máximo 300 km""}}","{""organization"": ""INMET"", ""dataset"": ""Dados Históricos Anuais - estações automáticas"", ""version"": ""2015"", ""retrieved_at"": ""2026-10-01"", ""reference_url"": ""https://portal.inmet.gov.br/uploads/dadoshistoricos/2015.zip"", ""method"": ""agregação anual observada por estação + IDW municipal em EPSG:31985; p=2; 3-6 estações; raio <=300 km; controle mínimo de completude"", ""verified"": true}"
2615300,2015,-537.9659503880525,-6888898.744427231,"{""temperatura_media_c"": {""n_estacoes"": 6, ""nearest_distance_km"": 60.31, ""max_distance_km"": 215.66, ""stations"": [""SURUBIM"", ""RECIFE"", ""CARUARU"", ""PALMARES"", ""GARANHUNS"", ""ARCO VERDE""], ""method"": ""IDW p=2; até 6 estações; raio máximo 300 km""}, ""precipitacao_anual_mm"": {""n_estacoes"": 6, ""nearest_distance_km"": 60.31, ""max_distance_km"": 215.66, ""stations"": [""SURUBIM"", ""RECIFE"", ""CARUARU"", ""PALMARES"", ""GARANHUNS"", ""ARCO VERDE""], ""method"": ""IDW p=2; até 6 estações; raio máximo 300 km""}}","{""organization"": ""INMET"", ""dataset"": ""Dados Históricos Anuais - estações automáticas"", ""version"": ""2015"", ""retrieved_at"": ""2026-10-01"", ""reference_url"": ""https://portal.inmet.gov.br/uploads/dadoshistoricos/2015.zip"", ""method"": ""agregação anual observada por estação + IDW municipal em EPSG:31985; p=2; 3-6 estações; raio <=300 km; controle mínimo de completude"", ""verified"": true}"
2615409,2015,-390.15926967600944,-4630049.646274964,"{""temperatura_media_c"": {""n_estacoes"": 6, ""nearest_distance_km"": 27.36, ""max_distance_km"": 122.49, ""stations"": [""CARUARU"", ""SURUBIM"", ""PALMARES"", ""GARANHUNS"", ""RECIFE"", ""ARCO VERDE""], ""method"": ""IDW p=2; até 6 estações; raio máximo 300 km""}, ""precipitacao_anual_mm"": {""n_estacoes"": 6, ""nearest_distance_km"": 27.36, ""max_distance_km"": 122.49, ""stations"": [""CARUARU"", ""SURUBIM"", ""PALMARES"", ""GARANHUNS"", ""RECIFE"", ""ARCO VERDE""], ""method"": ""IDW p=2; até 6 estações; raio máximo 300 km""}}","{""organization"": ""INMET"", ""dataset"": ""Dados Históricos Anuais - estações automáticas"", ""version"": ""2015"", ""retrieved_at"": ""2026-10-01"", ""reference_url"": ""https://portal.inmet.gov.br/uploads/dadoshistoricos/2015.zip"", ""method"": ""agregação anual observada por estação + IDW municipal em EPSG:31985; p=2; 3-6 estações; raio <=300 km; controle mínimo de completude"", ""verified"": true}"
2615508,2015,-339.02445723083036,-4879637.897770524,"{""temperatura_media_c"": {""n_estacoes"": 6, ""nearest_distance_km"": 39.89, ""max_distance_km"": 224.23, ""stations"": [""RECIFE"", ""SURUBIM"", ""CARUARU"", ""PALMARES"", ""GARANHUNS"", ""ARCO VERDE""], ""method"": ""IDW p=2; até 6 estações; raio máximo 300 km""}, ""precipitacao_anual_mm"": {""n_estacoes"": 6, ""nearest_distance_km"": 39.89, ""max_distance_km"": 224.23, ""stations"": [""RECIFE"", ""SURUBIM"", ""CARUARU"", ""PALMARES"", ""GARANHUNS"", ""ARCO VERDE""], ""method"": ""IDW p=2; até 6 estações; raio máximo 300 km""}}","{""organization"": ""INMET"", ""dataset"": ""Dados Históricos Anuais - estações automáticas"", ""version"": ""2015"", ""retrieved_at"": ""2026-10-01"", ""reference_url"": ""https://portal.inmet.gov.br/uploads/dadoshistoricos/2015.zip"", ""method"": ""agregação anual observada por estação + IDW municipal em EPSG:31985; p=2; 3-6 estações; raio <=300 km; controle mínimo de completude"", ""verified"": true}"
2615607,2015,-3073.831223793545,-32476491.76676168,"{""temperatura_media_c"": {""n_estacoes"": 6, ""nearest_distance_km"": 27.75, ""max_distance_km"": 299.1, ""stations"": [""OURICURI"", ""CABROBO"", ""PETROLINA"", ""FLORESTA"", ""SERRA TALHADA"", ""IBIMIRIM""], ""method"": ""IDW p=2; até 6 estações; raio máximo 300 km""}, ""precipitacao_anual_mm"": {""n_estacoes"": 6, ""nearest_distance_km"": 27.75, ""max_distance_km"": 299.1, ""stations"": [""OURICURI"", ""CABROBO"", ""PETROLINA"", ""FLORESTA"", ""SERRA TALHADA"", ""IBIMIRIM""], ""method"": ""IDW p=2; até 6 estações; raio máximo 300 km""}}","{""organization"": ""INMET"", ""dataset"": ""Dados Históricos Anuais - estações automáticas"", ""version"": ""2015"", ""retrieved_at"": ""2026-10-01"", ""reference_url"": ""https://portal.inmet.gov.br/uploads/dadoshistoricos/2015.zip"", ""method"": ""agregação anual observada por estação + IDW municipal em EPSG:31985; p=2; 3-6 estações; raio <=300 km; controle mínimo de completude"", ""verified"": true}"
2615706,2015,-7.239858428934322,-16922203.259242907,"{""temperatura_media_c"": {""n_estacoes"": 6, ""nearest_distance_km"": 27.75, ""max_distance_km"": 209.4, ""stations"": [""SERRA TALHADA"", ""IBIMIRIM"", ""FLORESTA"", ""ARCO VERDE"", ""CABROBO"", ""GARANHUNS""], ""method"": ""IDW p=2; até 6 estações; raio máximo 300 km""}, ""precipitacao_anual_mm"": {""n_estacoes"": 6, ""nearest_distance_km"": 27.75, ""max_distance_km"": 209.4, ""stations"": [""SERRA TALHADA"", ""IBIMIRIM"", ""FLORESTA"", ""ARCO VERDE"", ""CABROBO"", ""GARANHUNS""], ""method"": ""IDW p=2; até 6 estações; raio máximo 300 km""}}","{""organization"": ""INMET"", ""dataset"": ""Dados Históricos Anuais - estações automáticas"", ""version"": ""2015"", ""retrieved_at"": ""2026-10-01"", ""reference_url"": ""https://portal.inmet.gov.br/uploads/dadoshistoricos/2015.zip"", ""method"": ""agregação anual observada por estação + IDW municipal em EPSG:31985; p=2; 3-6 estações; raio <=300 km; controle mínimo de completude"", ""verified"": true}"
2615805,2015,-114.18312363453808,-2031500.1197040374,"{""temperatura_media_c"": {""n_estacoes"": 6, ""nearest_distance_km"": 36.71, ""max_distance_km"": 151.14, ""stations"": [""ARCO VERDE"", ""IBIMIRIM"", ""GARANHUNS"", ""SERRA TALHADA"", ""FLORESTA"", ""CARUARU""], ""method"": ""IDW p=2; até 6 estações; raio máximo 300 km""}, ""precipitacao_anual_mm"": {""n_estacoes"": 6, ""nearest_distance_km"": 36.71, ""max_distance_km"": 151.14, ""stations"": [""ARCO VERDE"", ""IBIMIRIM"", ""GARANHUNS"", ""SERRA TALHADA"", ""FLORESTA"", ""CARUARU""], ""method"": ""IDW p=2; até 6 estações; raio máximo 300 km""}}","{""organization"": ""INMET"", ""dataset"": ""Dados Históricos Anuais - estações automáticas"", ""version"": ""2015"", ""retrieved_at"": ""2026-10-01"", ""reference_url"": ""https://portal.inmet.gov.br/uploads/dadoshistoricos/2015.zip"", ""method"": ""agregação anual observada por estação + IDW municipal em EPSG:31985; p=2; 3-6 estações; raio <=300 km; controle mínimo de completude"", ""verified"": true}"
2615904,2015,-190.80615422080743,-5490561.041716677,"{""temperatura_media_c"": {""n_estacoes"": 6, ""nearest_distance_km"": 83.39, ""max_distance_km"": 162.95, ""stations"": [""ARCO VERDE"", ""IBIMIRIM"", ""SERRA TALHADA"", ""CARUARU"", ""GARANHUNS"", ""SURUBIM""], ""method"": ""IDW p=2; até 6 estações; raio máximo 300 km""}, ""precipitacao_anual_mm"": {""n_estacoes"": 6, ""nearest_distance_km"": 83.39, ""max_distance_km"": 162.95, ""stations"": [""ARCO VERDE"", ""IBIMIRIM"", ""SERRA TALHADA"", ""CARUARU"", ""GARANHUNS"", ""SURUBIM""], ""method"": ""IDW p=2; até 6 estações; raio máximo 300 km""}}","{""organization"": ""INMET"", ""dataset"": ""Dados Históricos Anuais - estações automáticas"", ""version"": ""2015"", ""retrieved_at"": ""2026-10-01"", ""reference_url"": ""https://portal.inmet.gov.br/uploads/dadoshistoricos/2015.zip"", ""method"": ""agregação anual observada por estação + IDW municipal em EPSG:31985; p=2; 3-6 estações; raio <=300 km; controle mínimo de completude"", ""verified"": true}"
2616001,2015,-367.08564939498575,-4212290.62824501,"{""temperatura_media_c"": {""n_estacoes"": 6, ""nearest_distance_km"": 37.71, ""max_distance_km"": 140.78, ""stations"": [""ARCO VERDE"", ""GARANHUNS"", ""CARUARU"", ""IBIMIRIM"", ""PALMARES"", ""SURUBIM""], ""method"": ""IDW p=2; até 6 estações; raio máximo 300 km""}, ""precipitacao_anual_mm"": {""n_estacoes"": 6, ""nearest_distance_km"": 37.71, ""max_distance_km"": 140.78, ""stations"": [""ARCO VERDE"", ""GARANHUNS"", ""CARUARU"", ""IBIMIRIM"", ""PALMARES"", ""SURUBIM""], ""method"": ""IDW p=2; até 6 estações; raio máximo 300 km""}}","{""organization"": ""INMET"", ""dataset"": ""Dados Históricos Anuais - estações automáticas"", ""version"": ""2015"", ""retrieved_at"": ""2026-10-01"", ""reference_url"": ""https://portal.inmet.gov.br/uploads/dadoshistoricos/2015.zip"", ""method"": ""agregação anual observada por estação + IDW municipal em EPSG:31985; p=2; 3-6 estações; raio <=300 km; controle mínimo de completude"", ""verified"": true}"
2616100,2015,-376.97052428804784,-9581029.460493417,"{""temperatura_media_c"": {""n_estacoes"": 6, ""nearest_distance_km"": 68.78, ""max_distance_km"": 216.33, ""stations"": [""CABROBO"", ""SERRA TALHADA"", ""FLORESTA"", ""OURICURI"", ""IBIMIRIM"", ""ARCO VERDE""], ""method"": ""IDW p=2; até 6 estações; raio máximo 300 km""}, ""precipitacao_anual_mm"": {""n_estacoes"": 6, ""nearest_distance_km"": 68.78, ""max_distance_km"": 216.33, ""stations"": [""CABROBO"", ""SERRA TALHADA"", ""FLORESTA"", ""OURICURI"", ""IBIMIRIM"", ""ARCO VERDE""], ""method"": ""IDW p=2; até 6 estações; raio máximo 300 km""}}","{""organization"": ""INMET"", ""dataset"": ""Dados Históricos Anuais - estações automáticas"", ""version"": ""2015"", ""retrieved_at"": ""2026-10-01"", ""reference_url"": ""https://portal.inmet.gov.br/uploads/dadoshistoricos/2015.zip"", ""method"": ""agregação anual observada por estação + IDW municipal em EPSG:31985; p=2; 3-6 estações; raio <=300 km; controle mínimo de completude"", ""verified"": true}"
2616183,2015,-932.0718311241393,-8465512.680744622,"{""temperatura_media_c"": {""n_estacoes"": 6, ""nearest_distance_km"": 6.9, ""max_distance_km"": 156.83, ""stations"": [""SURUBIM"", ""CARUARU"", ""RECIFE"", ""PALMARES"", ""GARANHUNS"", ""ARCO VERDE""], ""method"": ""IDW p=2; até 6 estações; raio máximo 300 km""}, ""precipitacao_anual_mm"": {""n_estacoes"": 6, ""nearest_distance_km"": 6.9, ""max_distance_km"": 156.83, ""stations"": [""SURUBIM"", ""CARUARU"", ""RECIFE"", ""PALMARES"", ""GARANHUNS"", ""ARCO VERDE""], ""method"": ""IDW p=2; até 6 estações; raio máximo 300 km""}}","{""organization"": ""INMET"", ""dataset"": ""Dados Históricos Anuais - estações automáticas"", ""version"": ""2015"", ""retrieved_at"": ""2026-10-01"", ""reference_url"": ""https://portal.inmet.gov.br/uploads/dadoshistoricos/2015.zip"", ""method"": ""agregação anual observada por estação + IDW municipal em EPSG:31985; p=2; 3-6 estações; raio <=300 km; controle mínimo de completude"", ""verified"": true}"
2616209,2015,-704.3051582503412,-7088064.776975985,"{""temperatura_media_c"": {""n_estacoes"": 6, ""nearest_distance_km"": 21.37, ""max_distance_km"": 134.8, ""stations"": [""SURUBIM"", ""CARUARU"", ""PALMARES"", ""RECIFE"", ""GARANHUNS"", ""ARCO VERDE""], ""method"": ""IDW p=2; até 6 estações; raio máximo 300 km""}, ""precipitacao_anual_mm"": {""n_estacoes"": 6, ""nearest_distance_km"": 21.37, ""max_distance_km"": 134.8, ""stations"": [""SURUBIM"", ""CARUARU"", ""PALMARES"", ""RECIFE"", ""GARANHUNS"", ""ARCO VERDE""], ""method"": ""IDW p=2; até 6 estações; raio máximo 300 km""}}","{""organization"": ""INMET"", ""dataset"": ""Dados Históricos Anuais - estações automáticas"", ""version"": ""2015"", ""retrieved_at"": ""2026-10-01"", ""reference_url"": ""https://portal.inmet.gov.br/uploads/dadoshistoricos/2015.zip"", ""method"": ""agregação anual observada por estação + IDW municipal em EPSG:31985; p=2; 3-6 estações; raio <=300 km; controle mínimo de completude"", ""verified"": true}"
2616308,2015,-542.5998365207952,-6873929.775726376,"{""temperatura_media_c"": {""n_estacoes"": 6, ""nearest_distance_km"": 52.27, ""max_distance_km"": 208.14, ""stations"": [""SURUBIM"", ""RECIFE"", ""CARUARU"", ""PALMARES"", ""GARANHUNS"", ""ARCO VERDE""], ""method"": ""IDW p=2; até 6 estações; raio máximo 300 km""}, ""precipitacao_anual_mm"": {""n_estacoes"": 6, ""nearest_distance_km"": 52.27, ""max_distance_km"": 208.14, ""stations"": [""SURUBIM"", ""RECIFE"", ""CARUARU"", ""PALMARES"", ""GARANHUNS"", ""ARCO VERDE""], ""method"": ""IDW p=2; até 6 estações; raio máximo 300 km""}}","{""organization"": ""INMET"", ""dataset"": ""Dados Históricos Anuais - estações automáticas"", ""version"": ""2015"", ""retrieved_at"": ""2026-10-01"", ""reference_url"": ""https://portal.inmet.gov.br/uploads/dadoshistoricos/2015.zip"", ""method"": ""agregação anual observada por estação + IDW municipal em EPSG:31985; p=2; 3-6 estações; raio <=300 km; controle mínimo de completude"", ""verified"": true}"
2616407,2015,-382.6061968621389,-7169673.715919097,"{""temperatura_media_c"": {""n_estacoes"": 6, ""nearest_distance_km"": 37.55, ""max_distance_km"": 200.25, ""stations"": [""RECIFE"", ""PALMARES"", ""SURUBIM"", ""CARUARU"", ""GARANHUNS"", ""ARCO VERDE""], ""method"": ""IDW p=2; até 6 estações; raio máximo 300 km""}, ""precipitacao_anual_mm"": {""n_estacoes"": 6, ""nearest_distance_km"": 37.55, ""max_distance_km"": 200.25, ""stations"": [""RECIFE"", ""PALMARES"", ""SURUBIM"", ""CARUARU"", ""GARANHUNS"", ""ARCO VERDE""], ""method"": ""IDW p=2; até 6 estações; raio máximo 300 km""}}","{""organization"": ""INMET"", ""dataset"": ""Dados Históricos Anuais - estações automáticas"", ""version"": ""2015"", ""retrieved_at"": ""2026-10-01"", ""reference_url"": ""https://portal.inmet.gov.br/uploads/dadoshistoricos/2015.zip"", ""method"": ""agregação anual observada por estação + IDW municipal em EPSG:31985; p=2; 3-6 estações; raio <=300 km; controle mínimo de completude"", ""verified"": true}"
2616506,2015,-789.0308957274082,-24747481.898853943,"{""temperatura_media_c"": {""n_estacoes"": 6, ""nearest_distance_km"": 21.01, ""max_distance_km"": 164.31, ""stations"": [""PALMARES"", ""CARUARU"", ""GARANHUNS"", ""SURUBIM"", ""RECIFE"", ""ARCO VERDE""], ""method"": ""IDW p=2; até 6 estações; raio máximo 300 km""}, ""precipitacao_anual_mm"": {""n_estacoes"": 6, ""nearest_distance_km"": 21.01, ""max_distance_km"": 164.31, ""stations"": [""PALMARES"", ""CARUARU"", ""GARANHUNS"", ""SURUBIM"", ""RECIFE"", ""ARCO VERDE""], ""method"": ""IDW p=2; até 6 estações; raio máximo 300 km""}}","{""organization"": ""INMET"", ""dataset"": ""Dados Históricos Anuais - estações automáticas"", ""version"": ""2015"", ""retrieved_at"": ""2026-10-01"", ""reference_url"": ""https://portal.inmet.gov.br/uploads/dadoshistoricos/2015.zip"", ""method"": ""agregação anual observada por estação + IDW municipal em EPSG:31985; p=2; 3-6 estações; raio <=300 km; controle mínimo de completude"", ""verified"": true}"
