municipio_ibge,ano,temperatura_media_c,precipitacao_anual_mm,climate_diagnostics,climate_provenance
2600054,2025,22.974531585637546,827.3025958361414,"{""temperatura_media_c"": {""n_estacoes"": 4, ""nearest_distance_km"": 106.03, ""max_distance_km"": 232.86, ""stations"": [""PALMARES"", ""CARUARU"", ""GARANHUNS"", ""ARCO VERDE""], ""method"": ""IDW p=2; até 6 estações; raio máximo 300 km""}, ""precipitacao_anual_mm"": {""n_estacoes"": 4, ""nearest_distance_km"": 85.18, ""max_distance_km"": 232.86, ""stations"": [""SURUBIM"", ""PALMARES"", ""CARUARU"", ""ARCO VERDE""], ""method"": ""IDW p=2; até 6 estações; raio máximo 300 km""}}","{""organization"": ""INMET"", ""dataset"": ""Dados Históricos Anuais - estações automáticas"", ""version"": ""2025"", ""retrieved_at"": ""2026-10-01"", ""reference_url"": ""https://portal.inmet.gov.br/uploads/dadoshistoricos/2025.zip"", ""method"": ""agregação anual observada por estação + IDW municipal em EPSG:31985; p=2; 3-6 estações; raio <=300 km; controle mínimo de completude"", ""verified"": true}"
2600104,2025,24.701680240849935,433.75866609870195,"{""temperatura_media_c"": {""n_estacoes"": 6, ""nearest_distance_km"": 86.26, ""max_distance_km"": 206.03, ""stations"": [""IBIMIRIM"", ""ARCO VERDE"", ""SALGUEIRO"", ""GARANHUNS"", ""CARUARU"", ""CABROBO""], ""method"": ""IDW p=2; até 6 estações; raio máximo 300 km""}, ""precipitacao_anual_mm"": {""n_estacoes"": 6, ""nearest_distance_km"": 78.48, ""max_distance_km"": 202.5, ""stations"": [""SERRA TALHADA"", ""IBIMIRIM"", ""ARCO VERDE"", ""SALGUEIRO"", ""CARUARU"", ""SURUBIM""], ""method"": ""IDW p=2; até 6 estações; raio máximo 300 km""}}","{""organization"": ""INMET"", ""dataset"": ""Dados Históricos Anuais - estações automáticas"", ""version"": ""2025"", ""retrieved_at"": ""2026-10-01"", ""reference_url"": ""https://portal.inmet.gov.br/uploads/dadoshistoricos/2025.zip"", ""method"": ""agregação anual observada por estação + IDW municipal em EPSG:31985; p=2; 3-6 estações; raio <=300 km; controle mínimo de completude"", ""verified"": true}"
2600203,2025,26.940961443135905,314.8669230057709,"{""temperatura_media_c"": {""n_estacoes"": 3, ""nearest_distance_km"": 129.37, ""max_distance_km"": 220.84, ""stations"": [""OURICURI"", ""CABROBO"", ""SALGUEIRO""], ""method"": ""IDW p=2; até 6 estações; raio máximo 300 km""}, ""precipitacao_anual_mm"": {""n_estacoes"": 3, ""nearest_distance_km"": 129.37, ""max_distance_km"": 220.84, ""stations"": [""OURICURI"", ""CABROBO"", ""SALGUEIRO""], ""method"": ""IDW p=2; até 6 estações; raio máximo 300 km""}}","{""organization"": ""INMET"", ""dataset"": ""Dados Históricos Anuais - estações automáticas"", ""version"": ""2025"", ""retrieved_at"": ""2026-10-01"", ""reference_url"": ""https://portal.inmet.gov.br/uploads/dadoshistoricos/2025.zip"", ""method"": ""agregação anual observada por estação + IDW municipal em EPSG:31985; p=2; 3-6 estações; raio <=300 km; controle mínimo de completude"", ""verified"": true}"
2600302,2025,21.29522875071766,1348.7229988035067,"{""temperatura_media_c"": {""n_estacoes"": 5, ""nearest_distance_km"": 14.41, ""max_distance_km"": 194.95, ""stations"": [""CARUARU"", ""PALMARES"", ""GARANHUNS"", ""ARCO VERDE"", ""IBIMIRIM""], ""method"": ""IDW p=2; até 6 estações; raio máximo 300 km""}, ""precipitacao_anual_mm"": {""n_estacoes"": 6, ""nearest_distance_km"": 14.41, ""max_distance_km"": 265.4, ""stations"": [""CARUARU"", ""PALMARES"", ""SURUBIM"", ""ARCO VERDE"", ""IBIMIRIM"", ""SERRA TALHADA""], ""method"": ""IDW p=2; até 6 estações; raio máximo 300 km""}}","{""organization"": ""INMET"", ""dataset"": ""Dados Históricos Anuais - estações automáticas"", ""version"": ""2025"", ""retrieved_at"": ""2026-10-01"", ""reference_url"": ""https://portal.inmet.gov.br/uploads/dadoshistoricos/2025.zip"", ""method"": ""agregação anual observada por estação + IDW municipal em EPSG:31985; p=2; 3-6 estações; raio <=300 km; controle mínimo de completude"", ""verified"": true}"
2600401,2025,24.647086802809522,1656.8680013058183,"{""temperatura_media_c"": {""n_estacoes"": 5, ""nearest_distance_km"": 11.73, ""max_distance_km"": 247.04, ""stations"": [""PALMARES"", ""CARUARU"", ""GARANHUNS"", ""ARCO VERDE"", ""IBIMIRIM""], ""method"": ""IDW p=2; até 6 estações; raio máximo 300 km""}, ""precipitacao_anual_mm"": {""n_estacoes"": 5, ""nearest_distance_km"": 11.73, ""max_distance_km"": 247.04, ""stations"": [""PALMARES"", ""CARUARU"", ""SURUBIM"", ""ARCO VERDE"", ""IBIMIRIM""], ""method"": ""IDW p=2; até 6 estações; raio máximo 300 km""}}","{""organization"": ""INMET"", ""dataset"": ""Dados Históricos Anuais - estações automáticas"", ""version"": ""2025"", ""retrieved_at"": ""2026-10-01"", ""reference_url"": ""https://portal.inmet.gov.br/uploads/dadoshistoricos/2025.zip"", ""method"": ""agregação anual observada por estação + IDW municipal em EPSG:31985; p=2; 3-6 estações; raio <=300 km; controle mínimo de completude"", ""verified"": true}"
2600500,2025,23.119146932453006,725.7330053127615,"{""temperatura_media_c"": {""n_estacoes"": 6, ""nearest_distance_km"": 63.16, ""max_distance_km"": 254.37, ""stations"": [""GARANHUNS"", ""ARCO VERDE"", ""IBIMIRIM"", ""CARUARU"", ""PALMARES"", ""SALGUEIRO""], ""method"": ""IDW p=2; até 6 estações; raio máximo 300 km""}, ""precipitacao_anual_mm"": {""n_estacoes"": 6, ""nearest_distance_km"": 72.44, ""max_distance_km"": 194.79, ""stations"": [""ARCO VERDE"", ""IBIMIRIM"", ""CARUARU"", ""PALMARES"", ""SERRA TALHADA"", ""SURUBIM""], ""method"": ""IDW p=2; até 6 estações; raio máximo 300 km""}}","{""organization"": ""INMET"", ""dataset"": ""Dados Históricos Anuais - estações automáticas"", ""version"": ""2025"", ""retrieved_at"": ""2026-10-01"", ""reference_url"": ""https://portal.inmet.gov.br/uploads/dadoshistoricos/2025.zip"", ""method"": ""agregação anual observada por estação + IDW municipal em EPSG:31985; p=2; 3-6 estações; raio <=300 km; controle mínimo de completude"", ""verified"": true}"
2600609,2025,23.094829351437923,752.067214731883,"{""temperatura_media_c"": {""n_estacoes"": 6, ""nearest_distance_km"": 33.78, ""max_distance_km"": 263.21, ""stations"": [""ARCO VERDE"", ""GARANHUNS"", ""CARUARU"", ""IBIMIRIM"", ""PALMARES"", ""SALGUEIRO""], ""method"": ""IDW p=2; até 6 estações; raio máximo 300 km""}, ""precipitacao_anual_mm"": {""n_estacoes"": 6, ""nearest_distance_km"": 33.78, ""max_distance_km"": 180.32, ""stations"": [""ARCO VERDE"", ""CARUARU"", ""IBIMIRIM"", ""SURUBIM"", ""PALMARES"", ""SERRA TALHADA""], ""method"": ""IDW p=2; até 6 estações; raio máximo 300 km""}}","{""organization"": ""INMET"", ""dataset"": ""Dados Históricos Anuais - estações automáticas"", ""version"": ""2025"", ""retrieved_at"": ""2026-10-01"", ""reference_url"": ""https://portal.inmet.gov.br/uploads/dadoshistoricos/2025.zip"", ""method"": ""agregação anual observada por estação + IDW municipal em EPSG:31985; p=2; 3-6 estações; raio <=300 km; controle mínimo de completude"", ""verified"": true}"
2600708,2025,22.945434995170594,618.1680207573769,"{""temperatura_media_c"": {""n_estacoes"": 5, ""nearest_distance_km"": 124.28, ""max_distance_km"": 295.62, ""stations"": [""CARUARU"", ""PALMARES"", ""GARANHUNS"", ""ARCO VERDE"", ""IBIMIRIM""], ""method"": ""IDW p=2; até 6 estações; raio máximo 300 km""}, ""precipitacao_anual_mm"": {""n_estacoes"": 5, ""nearest_distance_km"": 71.07, ""max_distance_km"": 295.62, ""stations"": [""SURUBIM"", ""CARUARU"", ""PALMARES"", ""ARCO VERDE"", ""IBIMIRIM""], ""method"": ""IDW p=2; até 6 estações; raio máximo 300 km""}}","{""organization"": ""INMET"", ""dataset"": ""Dados Históricos Anuais - estações automáticas"", ""version"": ""2025"", ""retrieved_at"": ""2026-10-01"", ""reference_url"": ""https://portal.inmet.gov.br/uploads/dadoshistoricos/2025.zip"", ""method"": ""agregação anual observada por estação + IDW municipal em EPSG:31985; p=2; 3-6 estações; raio <=300 km; controle mínimo de completude"", ""verified"": true}"
2600807,2025,21.288089166660072,1329.957186004732,"{""temperatura_media_c"": {""n_estacoes"": 5, ""nearest_distance_km"": 16.79, ""max_distance_km"": 177.92, ""stations"": [""CARUARU"", ""PALMARES"", ""GARANHUNS"", ""ARCO VERDE"", ""IBIMIRIM""], ""method"": ""IDW p=2; até 6 estações; raio máximo 300 km""}, ""precipitacao_anual_mm"": {""n_estacoes"": 6, ""nearest_distance_km"": 16.79, ""max_distance_km"": 249.7, ""stations"": [""CARUARU"", ""PALMARES"", ""SURUBIM"", ""ARCO VERDE"", ""IBIMIRIM"", ""SERRA TALHADA""], ""method"": ""IDW p=2; até 6 estações; raio máximo 300 km""}}","{""organization"": ""INMET"", ""dataset"": ""Dados Históricos Anuais - estações automáticas"", ""version"": ""2025"", ""retrieved_at"": ""2026-10-01"", ""reference_url"": ""https://portal.inmet.gov.br/uploads/dadoshistoricos/2025.zip"", ""method"": ""agregação anual observada por estação + IDW municipal em EPSG:31985; p=2; 3-6 estações; raio <=300 km; controle mínimo de completude"", ""verified"": true}"
2600906,2025,23.74158425248028,1322.2817742016716,"{""temperatura_media_c"": {""n_estacoes"": 5, ""nearest_distance_km"": 35.19, ""max_distance_km"": 248.24, ""stations"": [""PALMARES"", ""CARUARU"", ""GARANHUNS"", ""ARCO VERDE"", ""IBIMIRIM""], ""method"": ""IDW p=2; até 6 estações; raio máximo 300 km""}, ""precipitacao_anual_mm"": {""n_estacoes"": 5, ""nearest_distance_km"": 35.19, ""max_distance_km"": 248.24, ""stations"": [""PALMARES"", ""CARUARU"", ""SURUBIM"", ""ARCO VERDE"", ""IBIMIRIM""], ""method"": ""IDW p=2; até 6 estações; raio máximo 300 km""}}","{""organization"": ""INMET"", ""dataset"": ""Dados Históricos Anuais - estações automáticas"", ""version"": ""2025"", ""retrieved_at"": ""2026-10-01"", ""reference_url"": ""https://portal.inmet.gov.br/uploads/dadoshistoricos/2025.zip"", ""method"": ""agregação anual observada por estação + IDW municipal em EPSG:31985; p=2; 3-6 estações; raio <=300 km; controle mínimo de completude"", ""verified"": true}"
2601003,2025,21.87672335567568,1115.9572683639049,"{""temperatura_media_c"": {""n_estacoes"": 5, ""nearest_distance_km"": 23.95, ""max_distance_km"": 163.8, ""stations"": [""GARANHUNS"", ""CARUARU"", ""PALMARES"", ""ARCO VERDE"", ""IBIMIRIM""], ""method"": ""IDW p=2; até 6 estações; raio máximo 300 km""}, ""precipitacao_anual_mm"": {""n_estacoes"": 6, ""nearest_distance_km"": 65.3, ""max_distance_km"": 245.84, ""stations"": [""CARUARU"", ""PALMARES"", ""ARCO VERDE"", ""SURUBIM"", ""IBIMIRIM"", ""SERRA TALHADA""], ""method"": ""IDW p=2; até 6 estações; raio máximo 300 km""}}","{""organization"": ""INMET"", ""dataset"": ""Dados Históricos Anuais - estações automáticas"", ""version"": ""2025"", ""retrieved_at"": ""2026-10-01"", ""reference_url"": ""https://portal.inmet.gov.br/uploads/dadoshistoricos/2025.zip"", ""method"": ""agregação anual observada por estação + IDW municipal em EPSG:31985; p=2; 3-6 estações; raio <=300 km; controle mínimo de completude"", ""verified"": true}"
2601052,2025,22.895008409007072,753.8889258641796,"{""temperatura_media_c"": {""n_estacoes"": 4, ""nearest_distance_km"": 110.81, ""max_distance_km"": 229.61, ""stations"": [""PALMARES"", ""CARUARU"", ""GARANHUNS"", ""ARCO VERDE""], ""method"": ""IDW p=2; até 6 estações; raio máximo 300 km""}, ""precipitacao_anual_mm"": {""n_estacoes"": 4, ""nearest_distance_km"": 78.99, ""max_distance_km"": 229.61, ""stations"": [""SURUBIM"", ""PALMARES"", ""CARUARU"", ""ARCO VERDE""], ""method"": ""IDW p=2; até 6 estações; raio máximo 300 km""}}","{""organization"": ""INMET"", ""dataset"": ""Dados Históricos Anuais - estações automáticas"", ""version"": ""2025"", ""retrieved_at"": ""2026-10-01"", ""reference_url"": ""https://portal.inmet.gov.br/uploads/dadoshistoricos/2025.zip"", ""method"": ""agregação anual observada por estação + IDW municipal em EPSG:31985; p=2; 3-6 estações; raio <=300 km; controle mínimo de completude"", ""verified"": true}"
2601102,2025,26.79199643156752,331.73799933606193,"{""temperatura_media_c"": {""n_estacoes"": 3, ""nearest_distance_km"": 52.56, ""max_distance_km"": 163.71, ""stations"": [""OURICURI"", ""SALGUEIRO"", ""CABROBO""], ""method"": ""IDW p=2; até 6 estações; raio máximo 300 km""}, ""precipitacao_anual_mm"": {""n_estacoes"": 4, ""nearest_distance_km"": 52.56, ""max_distance_km"": 245.98, ""stations"": [""OURICURI"", ""SALGUEIRO"", ""CABROBO"", ""SERRA TALHADA""], ""method"": ""IDW p=2; até 6 estações; raio máximo 300 km""}}","{""organization"": ""INMET"", ""dataset"": ""Dados Históricos Anuais - estações automáticas"", ""version"": ""2025"", ""retrieved_at"": ""2026-10-01"", ""reference_url"": ""https://portal.inmet.gov.br/uploads/dadoshistoricos/2025.zip"", ""method"": ""agregação anual observada por estação + IDW municipal em EPSG:31985; p=2; 3-6 estações; raio <=300 km; controle mínimo de completude"", ""verified"": true}"
2601201,2025,23.583360634845594,681.2720027363448,"{""temperatura_media_c"": {""n_estacoes"": 6, ""nearest_distance_km"": 7.36, ""max_distance_km"": 233.46, ""stations"": [""ARCO VERDE"", ""IBIMIRIM"", ""GARANHUNS"", ""CARUARU"", ""PALMARES"", ""SALGUEIRO""], ""method"": ""IDW p=2; até 6 estações; raio máximo 300 km""}, ""precipitacao_anual_mm"": {""n_estacoes"": 6, ""nearest_distance_km"": 7.36, ""max_distance_km"": 162.02, ""stations"": [""ARCO VERDE"", ""IBIMIRIM"", ""CARUARU"", ""SURUBIM"", ""SERRA TALHADA"", ""PALMARES""], ""method"": ""IDW p=2; até 6 estações; raio máximo 300 km""}}","{""organization"": ""INMET"", ""dataset"": ""Dados Históricos Anuais - estações automáticas"", ""version"": ""2025"", ""retrieved_at"": ""2026-10-01"", ""reference_url"": ""https://portal.inmet.gov.br/uploads/dadoshistoricos/2025.zip"", ""method"": ""agregação anual observada por estação + IDW municipal em EPSG:31985; p=2; 3-6 estações; raio <=300 km; controle mínimo de completude"", ""verified"": true}"
2601300,2025,23.56797717836899,1387.0631061810145,"{""temperatura_media_c"": {""n_estacoes"": 5, ""nearest_distance_km"": 28.58, ""max_distance_km"": 229.61, ""stations"": [""PALMARES"", ""CARUARU"", ""GARANHUNS"", ""ARCO VERDE"", ""IBIMIRIM""], ""method"": ""IDW p=2; até 6 estações; raio máximo 300 km""}, ""precipitacao_anual_mm"": {""n_estacoes"": 6, ""nearest_distance_km"": 28.58, ""max_distance_km"": 298.47, ""stations"": [""PALMARES"", ""CARUARU"", ""SURUBIM"", ""ARCO VERDE"", ""IBIMIRIM"", ""SERRA TALHADA""], ""method"": ""IDW p=2; até 6 estações; raio máximo 300 km""}}","{""organization"": ""INMET"", ""dataset"": ""Dados Históricos Anuais - estações automáticas"", ""version"": ""2025"", ""retrieved_at"": ""2026-10-01"", ""reference_url"": ""https://portal.inmet.gov.br/uploads/dadoshistoricos/2025.zip"", ""method"": ""agregação anual observada por estação + IDW municipal em EPSG:31985; p=2; 3-6 estações; raio <=300 km; controle mínimo de completude"", ""verified"": true}"
2601409,2025,24.12256072180286,1488.3419097195406,"{""temperatura_media_c"": {""n_estacoes"": 5, ""nearest_distance_km"": 38.07, ""max_distance_km"": 272.56, ""stations"": [""PALMARES"", ""CARUARU"", ""GARANHUNS"", ""ARCO VERDE"", ""IBIMIRIM""], ""method"": ""IDW p=2; até 6 estações; raio máximo 300 km""}, ""precipitacao_anual_mm"": {""n_estacoes"": 5, ""nearest_distance_km"": 38.07, ""max_distance_km"": 272.56, ""stations"": [""PALMARES"", ""CARUARU"", ""SURUBIM"", ""ARCO VERDE"", ""IBIMIRIM""], ""method"": ""IDW p=2; até 6 estações; raio máximo 300 km""}}","{""organization"": ""INMET"", ""dataset"": ""Dados Históricos Anuais - estações automáticas"", ""version"": ""2025"", ""retrieved_at"": ""2026-10-01"", ""reference_url"": ""https://portal.inmet.gov.br/uploads/dadoshistoricos/2025.zip"", ""method"": ""agregação anual observada por estação + IDW municipal em EPSG:31985; p=2; 3-6 estações; raio <=300 km; controle mínimo de completude"", ""verified"": true}"
2601508,2025,23.24510662536879,1442.4908214281745,"{""temperatura_media_c"": {""n_estacoes"": 5, ""nearest_distance_km"": 28.05, ""max_distance_km"": 209.43, ""stations"": [""PALMARES"", ""CARUARU"", ""GARANHUNS"", ""ARCO VERDE"", ""IBIMIRIM""], ""method"": ""IDW p=2; até 6 estações; raio máximo 300 km""}, ""precipitacao_anual_mm"": {""n_estacoes"": 6, ""nearest_distance_km"": 28.05, ""max_distance_km"": 283.14, ""stations"": [""PALMARES"", ""CARUARU"", ""SURUBIM"", ""ARCO VERDE"", ""IBIMIRIM"", ""SERRA TALHADA""], ""method"": ""IDW p=2; até 6 estações; raio máximo 300 km""}}","{""organization"": ""INMET"", ""dataset"": ""Dados Históricos Anuais - estações automáticas"", ""version"": ""2025"", ""retrieved_at"": ""2026-10-01"", ""reference_url"": ""https://portal.inmet.gov.br/uploads/dadoshistoricos/2025.zip"", ""method"": ""agregação anual observada por estação + IDW municipal em EPSG:31985; p=2; 3-6 estações; raio <=300 km; controle mínimo de completude"", ""verified"": true}"
2601607,2025,27.04227796303411,278.1020823968867,"{""temperatura_media_c"": {""n_estacoes"": 6, ""nearest_distance_km"": 37.93, ""max_distance_km"": 277.06, ""stations"": [""CABROBO"", ""SALGUEIRO"", ""IBIMIRIM"", ""OURICURI"", ""ARCO VERDE"", ""GARANHUNS""], ""method"": ""IDW p=2; até 6 estações; raio máximo 300 km""}, ""precipitacao_anual_mm"": {""n_estacoes"": 6, ""nearest_distance_km"": 37.93, ""max_distance_km"": 213.48, ""stations"": [""CABROBO"", ""SALGUEIRO"", ""SERRA TALHADA"", ""IBIMIRIM"", ""OURICURI"", ""ARCO VERDE""], ""method"": ""IDW p=2; até 6 estações; raio máximo 300 km""}}","{""organization"": ""INMET"", ""dataset"": ""Dados Históricos Anuais - estações automáticas"", ""version"": ""2025"", ""retrieved_at"": ""2026-10-01"", ""reference_url"": ""https://portal.inmet.gov.br/uploads/dadoshistoricos/2025.zip"", ""method"": ""agregação anual observada por estação + IDW municipal em EPSG:31985; p=2; 3-6 estações; raio <=300 km; controle mínimo de completude"", ""verified"": true}"
2601706,2025,22.111913730937474,1030.2076946339644,"{""temperatura_media_c"": {""n_estacoes"": 6, ""nearest_distance_km"": 42.93, ""max_distance_km"": 298.29, ""stations"": [""CARUARU"", ""GARANHUNS"", ""ARCO VERDE"", ""PALMARES"", ""IBIMIRIM"", ""SALGUEIRO""], ""method"": ""IDW p=2; até 6 estações; raio máximo 300 km""}, ""precipitacao_anual_mm"": {""n_estacoes"": 6, ""nearest_distance_km"": 42.93, ""max_distance_km"": 211.52, ""stations"": [""CARUARU"", ""ARCO VERDE"", ""SURUBIM"", ""PALMARES"", ""IBIMIRIM"", ""SERRA TALHADA""], ""method"": ""IDW p=2; até 6 estações; raio máximo 300 km""}}","{""organization"": ""INMET"", ""dataset"": ""Dados Históricos Anuais - estações automáticas"", ""version"": ""2025"", ""retrieved_at"": ""2026-10-01"", ""reference_url"": ""https://portal.inmet.gov.br/uploads/dadoshistoricos/2025.zip"", ""method"": ""agregação anual observada por estação + IDW municipal em EPSG:31985; p=2; 3-6 estações; raio <=300 km; controle mínimo de completude"", ""verified"": true}"
2601805,2025,25.579355560964398,385.30090585744426,"{""temperatura_media_c"": {""n_estacoes"": 6, ""nearest_distance_km"": 40.79, ""max_distance_km"": 216.52, ""stations"": [""IBIMIRIM"", ""ARCO VERDE"", ""SALGUEIRO"", ""CABROBO"", ""GARANHUNS"", ""CARUARU""], ""method"": ""IDW p=2; até 6 estações; raio máximo 300 km""}, ""precipitacao_anual_mm"": {""n_estacoes"": 6, ""nearest_distance_km"": 40.79, ""max_distance_km"": 216.52, ""stations"": [""IBIMIRIM"", ""SERRA TALHADA"", ""ARCO VERDE"", ""SALGUEIRO"", ""CABROBO"", ""CARUARU""], ""method"": ""IDW p=2; até 6 estações; raio máximo 300 km""}}","{""organization"": ""INMET"", ""dataset"": ""Dados Históricos Anuais - estações automáticas"", ""version"": ""2025"", ""retrieved_at"": ""2026-10-01"", ""reference_url"": ""https://portal.inmet.gov.br/uploads/dadoshistoricos/2025.zip"", ""method"": ""agregação anual observada por estação + IDW municipal em EPSG:31985; p=2; 3-6 estações; raio <=300 km; controle mínimo de completude"", ""verified"": true}"
2601904,2025,21.949809343238915,1013.215561610508,"{""temperatura_media_c"": {""n_estacoes"": 5, ""nearest_distance_km"": 31.15, ""max_distance_km"": 215.33, ""stations"": [""CARUARU"", ""PALMARES"", ""GARANHUNS"", ""ARCO VERDE"", ""IBIMIRIM""], ""method"": ""IDW p=2; até 6 estações; raio máximo 300 km""}, ""precipitacao_anual_mm"": {""n_estacoes"": 6, ""nearest_distance_km"": 31.15, ""max_distance_km"": 279.09, ""stations"": [""CARUARU"", ""SURUBIM"", ""PALMARES"", ""ARCO VERDE"", ""IBIMIRIM"", ""SERRA TALHADA""], ""method"": ""IDW p=2; até 6 estações; raio máximo 300 km""}}","{""organization"": ""INMET"", ""dataset"": ""Dados Históricos Anuais - estações automáticas"", ""version"": ""2025"", ""retrieved_at"": ""2026-10-01"", ""reference_url"": ""https://portal.inmet.gov.br/uploads/dadoshistoricos/2025.zip"", ""method"": ""agregação anual observada por estação + IDW municipal em EPSG:31985; p=2; 3-6 estações; raio <=300 km; controle mínimo de completude"", ""verified"": true}"
2602001,2025,26.75749831230076,339.5162769899152,"{""temperatura_media_c"": {""n_estacoes"": 4, ""nearest_distance_km"": 29.79, ""max_distance_km"": 266.98, ""stations"": [""OURICURI"", ""SALGUEIRO"", ""CABROBO"", ""IBIMIRIM""], ""method"": ""IDW p=2; até 6 estações; raio máximo 300 km""}, ""precipitacao_anual_mm"": {""n_estacoes"": 5, ""nearest_distance_km"": 29.79, ""max_distance_km"": 266.98, ""stations"": [""OURICURI"", ""SALGUEIRO"", ""CABROBO"", ""SERRA TALHADA"", ""IBIMIRIM""], ""method"": ""IDW p=2; até 6 estações; raio máximo 300 km""}}","{""organization"": ""INMET"", ""dataset"": ""Dados Históricos Anuais - estações automáticas"", ""version"": ""2025"", ""retrieved_at"": ""2026-10-01"", ""reference_url"": ""https://portal.inmet.gov.br/uploads/dadoshistoricos/2025.zip"", ""method"": ""agregação anual observada por estação + IDW municipal em EPSG:31985; p=2; 3-6 estações; raio <=300 km; controle mínimo de completude"", ""verified"": true}"
2602100,2025,22.237082829087452,867.2145700068866,"{""temperatura_media_c"": {""n_estacoes"": 6, ""nearest_distance_km"": 38.55, ""max_distance_km"": 295.08, ""stations"": [""GARANHUNS"", ""ARCO VERDE"", ""CARUARU"", ""PALMARES"", ""IBIMIRIM"", ""SALGUEIRO""], ""method"": ""IDW p=2; até 6 estações; raio máximo 300 km""}, ""precipitacao_anual_mm"": {""n_estacoes"": 6, ""nearest_distance_km"": 94.54, ""max_distance_km"": 225.35, ""stations"": [""ARCO VERDE"", ""CARUARU"", ""PALMARES"", ""IBIMIRIM"", ""SURUBIM"", ""SERRA TALHADA""], ""method"": ""IDW p=2; até 6 estações; raio máximo 300 km""}}","{""organization"": ""INMET"", ""dataset"": ""Dados Históricos Anuais - estações automáticas"", ""version"": ""2025"", ""retrieved_at"": ""2026-10-01"", ""reference_url"": ""https://portal.inmet.gov.br/uploads/dadoshistoricos/2025.zip"", ""method"": ""agregação anual observada por estação + IDW municipal em EPSG:31985; p=2; 3-6 estações; raio <=300 km; controle mínimo de completude"", ""verified"": true}"
2602209,2025,22.62356624716682,212.19025713541052,"{""temperatura_media_c"": {""n_estacoes"": 5, ""nearest_distance_km"": 79.53, ""max_distance_km"": 247.66, ""stations"": [""CARUARU"", ""PALMARES"", ""GARANHUNS"", ""ARCO VERDE"", ""IBIMIRIM""], ""method"": ""IDW p=2; até 6 estações; raio máximo 300 km""}, ""precipitacao_anual_mm"": {""n_estacoes"": 6, ""nearest_distance_km"": 23.11, ""max_distance_km"": 299.65, ""stations"": [""SURUBIM"", ""CARUARU"", ""PALMARES"", ""ARCO VERDE"", ""IBIMIRIM"", ""SERRA TALHADA""], ""method"": ""IDW p=2; até 6 estações; raio máximo 300 km""}}","{""organization"": ""INMET"", ""dataset"": ""Dados Históricos Anuais - estações automáticas"", ""version"": ""2025"", ""retrieved_at"": ""2026-10-01"", ""reference_url"": ""https://portal.inmet.gov.br/uploads/dadoshistoricos/2025.zip"", ""method"": ""agregação anual observada por estação + IDW municipal em EPSG:31985; p=2; 3-6 estações; raio <=300 km; controle mínimo de completude"", ""verified"": true}"
2602308,2025,23.603811624568067,1460.375472211685,"{""temperatura_media_c"": {""n_estacoes"": 5, ""nearest_distance_km"": 24.39, ""max_distance_km"": 221.05, ""stations"": [""PALMARES"", ""CARUARU"", ""GARANHUNS"", ""ARCO VERDE"", ""IBIMIRIM""], ""method"": ""IDW p=2; até 6 estações; raio máximo 300 km""}, ""precipitacao_anual_mm"": {""n_estacoes"": 6, ""nearest_distance_km"": 24.39, ""max_distance_km"": 291.92, ""stations"": [""PALMARES"", ""CARUARU"", ""SURUBIM"", ""ARCO VERDE"", ""IBIMIRIM"", ""SERRA TALHADA""], ""method"": ""IDW p=2; até 6 estações; raio máximo 300 km""}}","{""organization"": ""INMET"", ""dataset"": ""Dados Históricos Anuais - estações automáticas"", ""version"": ""2025"", ""retrieved_at"": ""2026-10-01"", ""reference_url"": ""https://portal.inmet.gov.br/uploads/dadoshistoricos/2025.zip"", ""method"": ""agregação anual observada por estação + IDW municipal em EPSG:31985; p=2; 3-6 estações; raio <=300 km; controle mínimo de completude"", ""verified"": true}"
2602407,2025,21.68336896980313,942.8511826838591,"{""temperatura_media_c"": {""n_estacoes"": 5, ""nearest_distance_km"": 13.45, ""max_distance_km"": 142.37, ""stations"": [""GARANHUNS"", ""ARCO VERDE"", ""CARUARU"", ""PALMARES"", ""IBIMIRIM""], ""method"": ""IDW p=2; até 6 estações; raio máximo 300 km""}, ""precipitacao_anual_mm"": {""n_estacoes"": 6, ""nearest_distance_km"": 87.62, ""max_distance_km"": 228.28, ""stations"": [""ARCO VERDE"", ""CARUARU"", ""PALMARES"", ""IBIMIRIM"", ""SURUBIM"", ""SERRA TALHADA""], ""method"": ""IDW p=2; até 6 estações; raio máximo 300 km""}}","{""organization"": ""INMET"", ""dataset"": ""Dados Históricos Anuais - estações automáticas"", ""version"": ""2025"", ""retrieved_at"": ""2026-10-01"", ""reference_url"": ""https://portal.inmet.gov.br/uploads/dadoshistoricos/2025.zip"", ""method"": ""agregação anual observada por estação + IDW municipal em EPSG:31985; p=2; 3-6 estações; raio <=300 km; controle mínimo de completude"", ""verified"": true}"
2602506,2025,24.01609692634824,489.8344551576469,"{""temperatura_media_c"": {""n_estacoes"": 6, ""nearest_distance_km"": 125.08, ""max_distance_km"": 243.19, ""stations"": [""ARCO VERDE"", ""IBIMIRIM"", ""CARUARU"", ""GARANHUNS"", ""SALGUEIRO"", ""PALMARES""], ""method"": ""IDW p=2; até 6 estações; raio máximo 300 km""}, ""precipitacao_anual_mm"": {""n_estacoes"": 6, ""nearest_distance_km"": 125.08, ""max_distance_km"": 212.28, ""stations"": [""ARCO VERDE"", ""SERRA TALHADA"", ""IBIMIRIM"", ""SURUBIM"", ""CARUARU"", ""SALGUEIRO""], ""method"": ""IDW p=2; até 6 estações; raio máximo 300 km""}}","{""organization"": ""INMET"", ""dataset"": ""Dados Históricos Anuais - estações automáticas"", ""version"": ""2025"", ""retrieved_at"": ""2026-10-01"", ""reference_url"": ""https://portal.inmet.gov.br/uploads/dadoshistoricos/2025.zip"", ""method"": ""agregação anual observada por estação + IDW municipal em EPSG:31985; p=2; 3-6 estações; raio <=300 km; controle mínimo de completude"", ""verified"": true}"
2602605,2025,21.91115362451114,951.9059466085931,"{""temperatura_media_c"": {""n_estacoes"": 5, ""nearest_distance_km"": 41.76, ""max_distance_km"": 165.04, ""stations"": [""CARUARU"", ""ARCO VERDE"", ""GARANHUNS"", ""PALMARES"", ""IBIMIRIM""], ""method"": ""IDW p=2; até 6 estações; raio máximo 300 km""}, ""precipitacao_anual_mm"": {""n_estacoes"": 6, ""nearest_distance_km"": 41.76, ""max_distance_km"": 222.92, ""stations"": [""CARUARU"", ""SURUBIM"", ""ARCO VERDE"", ""PALMARES"", ""IBIMIRIM"", ""SERRA TALHADA""], ""method"": ""IDW p=2; até 6 estações; raio máximo 300 km""}}","{""organization"": ""INMET"", ""dataset"": ""Dados Históricos Anuais - estações automáticas"", ""version"": ""2025"", ""retrieved_at"": ""2026-10-01"", ""reference_url"": ""https://portal.inmet.gov.br/uploads/dadoshistoricos/2025.zip"", ""method"": ""agregação anual observada por estação + IDW municipal em EPSG:31985; p=2; 3-6 estações; raio <=300 km; controle mínimo de completude"", ""verified"": true}"
2602704,2025,22.869927799147888,510.94522868758304,"{""temperatura_media_c"": {""n_estacoes"": 5, ""nearest_distance_km"": 101.61, ""max_distance_km"": 274.62, ""stations"": [""CARUARU"", ""PALMARES"", ""GARANHUNS"", ""ARCO VERDE"", ""IBIMIRIM""], ""method"": ""IDW p=2; até 6 estações; raio máximo 300 km""}, ""precipitacao_anual_mm"": {""n_estacoes"": 5, ""nearest_distance_km"": 50.25, ""max_distance_km"": 274.62, ""stations"": [""SURUBIM"", ""CARUARU"", ""PALMARES"", ""ARCO VERDE"", ""IBIMIRIM""], ""method"": ""IDW p=2; até 6 estações; raio máximo 300 km""}}","{""organization"": ""INMET"", ""dataset"": ""Dados Históricos Anuais - estações automáticas"", ""version"": ""2025"", ""retrieved_at"": ""2026-10-01"", ""reference_url"": ""https://portal.inmet.gov.br/uploads/dadoshistoricos/2025.zip"", ""method"": ""agregação anual observada por estação + IDW municipal em EPSG:31985; p=2; 3-6 estações; raio <=300 km; controle mínimo de completude"", ""verified"": true}"
2602803,2025,23.6360279258782,675.4165193067361,"{""temperatura_media_c"": {""n_estacoes"": 6, ""nearest_distance_km"": 24.94, ""max_distance_km"": 227.98, ""stations"": [""ARCO VERDE"", ""IBIMIRIM"", ""GARANHUNS"", ""CARUARU"", ""PALMARES"", ""SALGUEIRO""], ""method"": ""IDW p=2; até 6 estações; raio máximo 300 km""}, ""precipitacao_anual_mm"": {""n_estacoes"": 6, ""nearest_distance_km"": 24.94, ""max_distance_km"": 171.85, ""stations"": [""ARCO VERDE"", ""IBIMIRIM"", ""CARUARU"", ""SERRA TALHADA"", ""PALMARES"", ""SURUBIM""], ""method"": ""IDW p=2; até 6 estações; raio máximo 300 km""}}","{""organization"": ""INMET"", ""dataset"": ""Dados Históricos Anuais - estações automáticas"", ""version"": ""2025"", ""retrieved_at"": ""2026-10-01"", ""reference_url"": ""https://portal.inmet.gov.br/uploads/dadoshistoricos/2025.zip"", ""method"": ""agregação anual observada por estação + IDW municipal em EPSG:31985; p=2; 3-6 estações; raio <=300 km; controle mínimo de completude"", ""verified"": true}"
2602902,2025,23.487803459193795,1109.1572005749924,"{""temperatura_media_c"": {""n_estacoes"": 5, ""nearest_distance_km"": 68.95, ""max_distance_km"": 290.82, ""stations"": [""PALMARES"", ""CARUARU"", ""GARANHUNS"", ""ARCO VERDE"", ""IBIMIRIM""], ""method"": ""IDW p=2; até 6 estações; raio máximo 300 km""}, ""precipitacao_anual_mm"": {""n_estacoes"": 5, ""nearest_distance_km"": 68.95, ""max_distance_km"": 290.82, ""stations"": [""PALMARES"", ""SURUBIM"", ""CARUARU"", ""ARCO VERDE"", ""IBIMIRIM""], ""method"": ""IDW p=2; até 6 estações; raio máximo 300 km""}}","{""organization"": ""INMET"", ""dataset"": ""Dados Históricos Anuais - estações automáticas"", ""version"": ""2025"", ""retrieved_at"": ""2026-10-01"", ""reference_url"": ""https://portal.inmet.gov.br/uploads/dadoshistoricos/2025.zip"", ""method"": ""agregação anual observada por estação + IDW municipal em EPSG:31985; p=2; 3-6 estações; raio <=300 km; controle mínimo de completude"", ""verified"": true}"
2603009,2025,27.297777370115174,259.93118782923926,"{""temperatura_media_c"": {""n_estacoes"": 5, ""nearest_distance_km"": 13.15, ""max_distance_km"": 251.42, ""stations"": [""CABROBO"", ""SALGUEIRO"", ""OURICURI"", ""IBIMIRIM"", ""ARCO VERDE""], ""method"": ""IDW p=2; até 6 estações; raio máximo 300 km""}, ""precipitacao_anual_mm"": {""n_estacoes"": 6, ""nearest_distance_km"": 13.15, ""max_distance_km"": 251.42, ""stations"": [""CABROBO"", ""SALGUEIRO"", ""OURICURI"", ""SERRA TALHADA"", ""IBIMIRIM"", ""ARCO VERDE""], ""method"": ""IDW p=2; até 6 estações; raio máximo 300 km""}}","{""organization"": ""INMET"", ""dataset"": ""Dados Históricos Anuais - estações automáticas"", ""version"": ""2025"", ""retrieved_at"": ""2026-10-01"", ""reference_url"": ""https://portal.inmet.gov.br/uploads/dadoshistoricos/2025.zip"", ""method"": ""agregação anual observada por estação + IDW municipal em EPSG:31985; p=2; 3-6 estações; raio <=300 km; controle mínimo de completude"", ""verified"": true}"
2603108,2025,21.75319874324712,1192.1795239154028,"{""temperatura_media_c"": {""n_estacoes"": 5, ""nearest_distance_km"": 32.27, ""max_distance_km"": 156.77, ""stations"": [""CARUARU"", ""GARANHUNS"", ""PALMARES"", ""ARCO VERDE"", ""IBIMIRIM""], ""method"": ""IDW p=2; até 6 estações; raio máximo 300 km""}, ""precipitacao_anual_mm"": {""n_estacoes"": 6, ""nearest_distance_km"": 32.27, ""max_distance_km"": 229.04, ""stations"": [""CARUARU"", ""PALMARES"", ""ARCO VERDE"", ""SURUBIM"", ""IBIMIRIM"", ""SERRA TALHADA""], ""method"": ""IDW p=2; até 6 estações; raio máximo 300 km""}}","{""organization"": ""INMET"", ""dataset"": ""Dados Históricos Anuais - estações automáticas"", ""version"": ""2025"", ""retrieved_at"": ""2026-10-01"", ""reference_url"": ""https://portal.inmet.gov.br/uploads/dadoshistoricos/2025.zip"", ""method"": ""agregação anual observada por estação + IDW municipal em EPSG:31985; p=2; 3-6 estações; raio <=300 km; controle mínimo de completude"", ""verified"": true}"
2603207,2025,21.968744661691307,852.8254699863054,"{""temperatura_media_c"": {""n_estacoes"": 6, ""nearest_distance_km"": 21.77, ""max_distance_km"": 281.67, ""stations"": [""GARANHUNS"", ""ARCO VERDE"", ""CARUARU"", ""IBIMIRIM"", ""PALMARES"", ""SALGUEIRO""], ""method"": ""IDW p=2; até 6 estações; raio máximo 300 km""}, ""precipitacao_anual_mm"": {""n_estacoes"": 6, ""nearest_distance_km"": 59.95, ""max_distance_km"": 203.74, ""stations"": [""ARCO VERDE"", ""CARUARU"", ""IBIMIRIM"", ""PALMARES"", ""SURUBIM"", ""SERRA TALHADA""], ""method"": ""IDW p=2; até 6 estações; raio máximo 300 km""}}","{""organization"": ""INMET"", ""dataset"": ""Dados Históricos Anuais - estações automáticas"", ""version"": ""2025"", ""retrieved_at"": ""2026-10-01"", ""reference_url"": ""https://portal.inmet.gov.br/uploads/dadoshistoricos/2025.zip"", ""method"": ""agregação anual observada por estação + IDW municipal em EPSG:31985; p=2; 3-6 estações; raio <=300 km; controle mínimo de completude"", ""verified"": true}"
2603306,2025,21.88832622387684,1109.4143052526167,"{""temperatura_media_c"": {""n_estacoes"": 5, ""nearest_distance_km"": 25.93, ""max_distance_km"": 155.61, ""stations"": [""GARANHUNS"", ""CARUARU"", ""PALMARES"", ""ARCO VERDE"", ""IBIMIRIM""], ""method"": ""IDW p=2; até 6 estações; raio máximo 300 km""}, ""precipitacao_anual_mm"": {""n_estacoes"": 6, ""nearest_distance_km"": 54.34, ""max_distance_km"": 235.09, ""stations"": [""CARUARU"", ""PALMARES"", ""ARCO VERDE"", ""SURUBIM"", ""IBIMIRIM"", ""SERRA TALHADA""], ""method"": ""IDW p=2; até 6 estações; raio máximo 300 km""}}","{""organization"": ""INMET"", ""dataset"": ""Dados Históricos Anuais - estações automáticas"", ""version"": ""2025"", ""retrieved_at"": ""2026-10-01"", ""reference_url"": ""https://portal.inmet.gov.br/uploads/dadoshistoricos/2025.zip"", ""method"": ""agregação anual observada por estação + IDW municipal em EPSG:31985; p=2; 3-6 estações; raio <=300 km; controle mínimo de completude"", ""verified"": true}"
2603405,2025,25.73598947390793,227.75114629913156,"{""temperatura_media_c"": {""n_estacoes"": 6, ""nearest_distance_km"": 69.22, ""max_distance_km"": 224.73, ""stations"": [""IBIMIRIM"", ""SALGUEIRO"", ""ARCO VERDE"", ""CABROBO"", ""GARANHUNS"", ""OURICURI""], ""method"": ""IDW p=2; até 6 estações; raio máximo 300 km""}, ""precipitacao_anual_mm"": {""n_estacoes"": 6, ""nearest_distance_km"": 24.56, ""max_distance_km"": 224.73, ""stations"": [""SERRA TALHADA"", ""IBIMIRIM"", ""SALGUEIRO"", ""ARCO VERDE"", ""CABROBO"", ""OURICURI""], ""method"": ""IDW p=2; até 6 estações; raio máximo 300 km""}}","{""organization"": ""INMET"", ""dataset"": ""Dados Históricos Anuais - estações automáticas"", ""version"": ""2025"", ""retrieved_at"": ""2026-10-01"", ""reference_url"": ""https://portal.inmet.gov.br/uploads/dadoshistoricos/2025.zip"", ""method"": ""agregação anual observada por estação + IDW municipal em EPSG:31985; p=2; 3-6 estações; raio <=300 km; controle mínimo de completude"", ""verified"": true}"
2603454,2025,23.067520903671518,902.2125795538844,"{""temperatura_media_c"": {""n_estacoes"": 4, ""nearest_distance_km"": 98.16, ""max_distance_km"": 232.51, ""stations"": [""PALMARES"", ""CARUARU"", ""GARANHUNS"", ""ARCO VERDE""], ""method"": ""IDW p=2; até 6 estações; raio máximo 300 km""}, ""precipitacao_anual_mm"": {""n_estacoes"": 4, ""nearest_distance_km"": 89.09, ""max_distance_km"": 232.51, ""stations"": [""SURUBIM"", ""PALMARES"", ""CARUARU"", ""ARCO VERDE""], ""method"": ""IDW p=2; até 6 estações; raio máximo 300 km""}}","{""organization"": ""INMET"", ""dataset"": ""Dados Históricos Anuais - estações automáticas"", ""version"": ""2025"", ""retrieved_at"": ""2026-10-01"", ""reference_url"": ""https://portal.inmet.gov.br/uploads/dadoshistoricos/2025.zip"", ""method"": ""agregação anual observada por estação + IDW municipal em EPSG:31985; p=2; 3-6 estações; raio <=300 km; controle mínimo de completude"", ""verified"": true}"
2603504,2025,22.180146052921163,1242.4143514114112,"{""temperatura_media_c"": {""n_estacoes"": 5, ""nearest_distance_km"": 28.26, ""max_distance_km"": 214.7, ""stations"": [""CARUARU"", ""PALMARES"", ""GARANHUNS"", ""ARCO VERDE"", ""IBIMIRIM""], ""method"": ""IDW p=2; até 6 estações; raio máximo 300 km""}, ""precipitacao_anual_mm"": {""n_estacoes"": 6, ""nearest_distance_km"": 28.26, ""max_distance_km"": 282.06, ""stations"": [""CARUARU"", ""PALMARES"", ""SURUBIM"", ""ARCO VERDE"", ""IBIMIRIM"", ""SERRA TALHADA""], ""method"": ""IDW p=2; até 6 estações; raio máximo 300 km""}}","{""organization"": ""INMET"", ""dataset"": ""Dados Históricos Anuais - estações automáticas"", ""version"": ""2025"", ""retrieved_at"": ""2026-10-01"", ""reference_url"": ""https://portal.inmet.gov.br/uploads/dadoshistoricos/2025.zip"", ""method"": ""agregação anual observada por estação + IDW municipal em EPSG:31985; p=2; 3-6 estações; raio <=300 km; controle mínimo de completude"", ""verified"": true}"
2603603,2025,22.88890424858,560.6444528503778,"{""temperatura_media_c"": {""n_estacoes"": 5, ""nearest_distance_km"": 129.96, ""max_distance_km"": 291.8, ""stations"": [""CARUARU"", ""PALMARES"", ""GARANHUNS"", ""ARCO VERDE"", ""IBIMIRIM""], ""method"": ""IDW p=2; até 6 estações; raio máximo 300 km""}, ""precipitacao_anual_mm"": {""n_estacoes"": 5, ""nearest_distance_km"": 70.6, ""max_distance_km"": 291.8, ""stations"": [""SURUBIM"", ""CARUARU"", ""PALMARES"", ""ARCO VERDE"", ""IBIMIRIM""], ""method"": ""IDW p=2; até 6 estações; raio máximo 300 km""}}","{""organization"": ""INMET"", ""dataset"": ""Dados Históricos Anuais - estações automáticas"", ""version"": ""2025"", ""retrieved_at"": ""2026-10-01"", ""reference_url"": ""https://portal.inmet.gov.br/uploads/dadoshistoricos/2025.zip"", ""method"": ""agregação anual observada por estação + IDW municipal em EPSG:31985; p=2; 3-6 estações; raio <=300 km; controle mínimo de completude"", ""verified"": true}"
2603702,2025,22.12008208025894,1179.1336272446583,"{""temperatura_media_c"": {""n_estacoes"": 5, ""nearest_distance_km"": 34.9, ""max_distance_km"": 174.49, ""stations"": [""GARANHUNS"", ""CARUARU"", ""PALMARES"", ""ARCO VERDE"", ""IBIMIRIM""], ""method"": ""IDW p=2; até 6 estações; raio máximo 300 km""}, ""precipitacao_anual_mm"": {""n_estacoes"": 6, ""nearest_distance_km"": 61.68, ""max_distance_km"": 255.93, ""stations"": [""CARUARU"", ""PALMARES"", ""ARCO VERDE"", ""SURUBIM"", ""IBIMIRIM"", ""SERRA TALHADA""], ""method"": ""IDW p=2; até 6 estações; raio máximo 300 km""}}","{""organization"": ""INMET"", ""dataset"": ""Dados Históricos Anuais - estações automáticas"", ""version"": ""2025"", ""retrieved_at"": ""2026-10-01"", ""reference_url"": ""https://portal.inmet.gov.br/uploads/dadoshistoricos/2025.zip"", ""method"": ""agregação anual observada por estação + IDW municipal em EPSG:31985; p=2; 3-6 estações; raio <=300 km; controle mínimo de completude"", ""verified"": true}"
2603801,2025,22.119565148776573,886.3549361199871,"{""temperatura_media_c"": {""n_estacoes"": 6, ""nearest_distance_km"": 27.39, ""max_distance_km"": 284.6, ""stations"": [""GARANHUNS"", ""ARCO VERDE"", ""CARUARU"", ""PALMARES"", ""IBIMIRIM"", ""SALGUEIRO""], ""method"": ""IDW p=2; até 6 estações; raio máximo 300 km""}, ""precipitacao_anual_mm"": {""n_estacoes"": 6, ""nearest_distance_km"": 57.64, ""max_distance_km"": 204.17, ""stations"": [""ARCO VERDE"", ""CARUARU"", ""PALMARES"", ""IBIMIRIM"", ""SURUBIM"", ""SERRA TALHADA""], ""method"": ""IDW p=2; até 6 estações; raio máximo 300 km""}}","{""organization"": ""INMET"", ""dataset"": ""Dados Históricos Anuais - estações automáticas"", ""version"": ""2025"", ""retrieved_at"": ""2026-10-01"", ""reference_url"": ""https://portal.inmet.gov.br/uploads/dadoshistoricos/2025.zip"", ""method"": ""agregação anual observada por estação + IDW municipal em EPSG:31985; p=2; 3-6 estações; raio <=300 km; controle mínimo de completude"", ""verified"": true}"
2603900,2025,24.902717828067374,403.9410984311804,"{""temperatura_media_c"": {""n_estacoes"": 6, ""nearest_distance_km"": 79.13, ""max_distance_km"": 197.6, ""stations"": [""IBIMIRIM"", ""ARCO VERDE"", ""SALGUEIRO"", ""GARANHUNS"", ""CABROBO"", ""CARUARU""], ""method"": ""IDW p=2; até 6 estações; raio máximo 300 km""}, ""precipitacao_anual_mm"": {""n_estacoes"": 6, ""nearest_distance_km"": 65.23, ""max_distance_km"": 197.6, ""stations"": [""SERRA TALHADA"", ""IBIMIRIM"", ""ARCO VERDE"", ""SALGUEIRO"", ""CABROBO"", ""CARUARU""], ""method"": ""IDW p=2; até 6 estações; raio máximo 300 km""}}","{""organization"": ""INMET"", ""dataset"": ""Dados Históricos Anuais - estações automáticas"", ""version"": ""2025"", ""retrieved_at"": ""2026-10-01"", ""reference_url"": ""https://portal.inmet.gov.br/uploads/dadoshistoricos/2025.zip"", ""method"": ""agregação anual observada por estação + IDW municipal em EPSG:31985; p=2; 3-6 estações; raio <=300 km; controle mínimo de completude"", ""verified"": true}"
2603926,2025,26.740356450719855,286.63686582613104,"{""temperatura_media_c"": {""n_estacoes"": 6, ""nearest_distance_km"": 56.94, ""max_distance_km"": 252.15, ""stations"": [""SALGUEIRO"", ""CABROBO"", ""IBIMIRIM"", ""OURICURI"", ""ARCO VERDE"", ""GARANHUNS""], ""method"": ""IDW p=2; até 6 estações; raio máximo 300 km""}, ""precipitacao_anual_mm"": {""n_estacoes"": 6, ""nearest_distance_km"": 56.94, ""max_distance_km"": 184.08, ""stations"": [""SALGUEIRO"", ""CABROBO"", ""SERRA TALHADA"", ""IBIMIRIM"", ""OURICURI"", ""ARCO VERDE""], ""method"": ""IDW p=2; até 6 estações; raio máximo 300 km""}}","{""organization"": ""INMET"", ""dataset"": ""Dados Históricos Anuais - estações automáticas"", ""version"": ""2025"", ""retrieved_at"": ""2026-10-01"", ""reference_url"": ""https://portal.inmet.gov.br/uploads/dadoshistoricos/2025.zip"", ""method"": ""agregação anual observada por estação + IDW municipal em EPSG:31985; p=2; 3-6 estações; raio <=300 km; controle mínimo de completude"", ""verified"": true}"
2604007,2025,22.930400673139182,584.8556403268335,"{""temperatura_media_c"": {""n_estacoes"": 5, ""nearest_distance_km"": 98.1, ""max_distance_km"": 276.29, ""stations"": [""PALMARES"", ""CARUARU"", ""GARANHUNS"", ""ARCO VERDE"", ""IBIMIRIM""], ""method"": ""IDW p=2; até 6 estações; raio máximo 300 km""}, ""precipitacao_anual_mm"": {""n_estacoes"": 5, ""nearest_distance_km"": 53.51, ""max_distance_km"": 276.29, ""stations"": [""SURUBIM"", ""PALMARES"", ""CARUARU"", ""ARCO VERDE"", ""IBIMIRIM""], ""method"": ""IDW p=2; até 6 estações; raio máximo 300 km""}}","{""organization"": ""INMET"", ""dataset"": ""Dados Históricos Anuais - estações automáticas"", ""version"": ""2025"", ""retrieved_at"": ""2026-10-01"", ""reference_url"": ""https://portal.inmet.gov.br/uploads/dadoshistoricos/2025.zip"", ""method"": ""agregação anual observada por estação + IDW municipal em EPSG:31985; p=2; 3-6 estações; raio <=300 km; controle mínimo de completude"", ""verified"": true}"
2604106,2025,21.28189095028798,1182.0522688477092,"{""temperatura_media_c"": {""n_estacoes"": 5, ""nearest_distance_km"": 19.48, ""max_distance_km"": 190.57, ""stations"": [""CARUARU"", ""PALMARES"", ""GARANHUNS"", ""ARCO VERDE"", ""IBIMIRIM""], ""method"": ""IDW p=2; até 6 estações; raio máximo 300 km""}, ""precipitacao_anual_mm"": {""n_estacoes"": 6, ""nearest_distance_km"": 19.48, ""max_distance_km"": 252.95, ""stations"": [""CARUARU"", ""SURUBIM"", ""PALMARES"", ""ARCO VERDE"", ""IBIMIRIM"", ""SERRA TALHADA""], ""method"": ""IDW p=2; até 6 estações; raio máximo 300 km""}}","{""organization"": ""INMET"", ""dataset"": ""Dados Históricos Anuais - estações automáticas"", ""version"": ""2025"", ""retrieved_at"": ""2026-10-01"", ""reference_url"": ""https://portal.inmet.gov.br/uploads/dadoshistoricos/2025.zip"", ""method"": ""agregação anual observada por estação + IDW municipal em EPSG:31985; p=2; 3-6 estações; raio <=300 km; controle mínimo de completude"", ""verified"": true}"
2604155,2025,22.486911701530932,81.86826283354206,"{""temperatura_media_c"": {""n_estacoes"": 5, ""nearest_distance_km"": 74.52, ""max_distance_km"": 235.03, ""stations"": [""CARUARU"", ""PALMARES"", ""GARANHUNS"", ""ARCO VERDE"", ""IBIMIRIM""], ""method"": ""IDW p=2; até 6 estações; raio máximo 300 km""}, ""precipitacao_anual_mm"": {""n_estacoes"": 6, ""nearest_distance_km"": 12.19, ""max_distance_km"": 285.26, ""stations"": [""SURUBIM"", ""CARUARU"", ""PALMARES"", ""ARCO VERDE"", ""IBIMIRIM"", ""SERRA TALHADA""], ""method"": ""IDW p=2; até 6 estações; raio máximo 300 km""}}","{""organization"": ""INMET"", ""dataset"": ""Dados Históricos Anuais - estações automáticas"", ""version"": ""2025"", ""retrieved_at"": ""2026-10-01"", ""reference_url"": ""https://portal.inmet.gov.br/uploads/dadoshistoricos/2025.zip"", ""method"": ""agregação anual observada por estação + IDW municipal em EPSG:31985; p=2; 3-6 estações; raio <=300 km; controle mínimo de completude"", ""verified"": true}"
2604205,2025,24.215629603279076,1581.0688283100428,"{""temperatura_media_c"": {""n_estacoes"": 5, ""nearest_distance_km"": 17.92, ""max_distance_km"": 219.24, ""stations"": [""PALMARES"", ""CARUARU"", ""GARANHUNS"", ""ARCO VERDE"", ""IBIMIRIM""], ""method"": ""IDW p=2; até 6 estações; raio máximo 300 km""}, ""precipitacao_anual_mm"": {""n_estacoes"": 6, ""nearest_distance_km"": 17.92, ""max_distance_km"": 294.17, ""stations"": [""PALMARES"", ""CARUARU"", ""SURUBIM"", ""ARCO VERDE"", ""IBIMIRIM"", ""SERRA TALHADA""], ""method"": ""IDW p=2; até 6 estações; raio máximo 300 km""}}","{""organization"": ""INMET"", ""dataset"": ""Dados Históricos Anuais - estações automáticas"", ""version"": ""2025"", ""retrieved_at"": ""2026-10-01"", ""reference_url"": ""https://portal.inmet.gov.br/uploads/dadoshistoricos/2025.zip"", ""method"": ""agregação anual observada por estação + IDW municipal em EPSG:31985; p=2; 3-6 estações; raio <=300 km; controle mínimo de completude"", ""verified"": true}"
2604304,2025,26.98338381796302,293.8383092182619,"{""temperatura_media_c"": {""n_estacoes"": 5, ""nearest_distance_km"": 36.92, ""max_distance_km"": 249.66, ""stations"": [""SALGUEIRO"", ""CABROBO"", ""OURICURI"", ""IBIMIRIM"", ""ARCO VERDE""], ""method"": ""IDW p=2; até 6 estações; raio máximo 300 km""}, ""precipitacao_anual_mm"": {""n_estacoes"": 6, ""nearest_distance_km"": 36.92, ""max_distance_km"": 249.66, ""stations"": [""SALGUEIRO"", ""CABROBO"", ""OURICURI"", ""SERRA TALHADA"", ""IBIMIRIM"", ""ARCO VERDE""], ""method"": ""IDW p=2; até 6 estações; raio máximo 300 km""}}","{""organization"": ""INMET"", ""dataset"": ""Dados Históricos Anuais - estações automáticas"", ""version"": ""2025"", ""retrieved_at"": ""2026-10-01"", ""reference_url"": ""https://portal.inmet.gov.br/uploads/dadoshistoricos/2025.zip"", ""method"": ""agregação anual observada por estação + IDW municipal em EPSG:31985; p=2; 3-6 estações; raio <=300 km; controle mínimo de completude"", ""verified"": true}"
2604403,2025,23.12458357909215,799.9993634421576,"{""temperatura_media_c"": {""n_estacoes"": 5, ""nearest_distance_km"": 83.13, ""max_distance_km"": 280.45, ""stations"": [""PALMARES"", ""CARUARU"", ""GARANHUNS"", ""ARCO VERDE"", ""IBIMIRIM""], ""method"": ""IDW p=2; até 6 estações; raio máximo 300 km""}, ""precipitacao_anual_mm"": {""n_estacoes"": 5, ""nearest_distance_km"": 65.04, ""max_distance_km"": 280.45, ""stations"": [""SURUBIM"", ""PALMARES"", ""CARUARU"", ""ARCO VERDE"", ""IBIMIRIM""], ""method"": ""IDW p=2; até 6 estações; raio máximo 300 km""}}","{""organization"": ""INMET"", ""dataset"": ""Dados Históricos Anuais - estações automáticas"", ""version"": ""2025"", ""retrieved_at"": ""2026-10-01"", ""reference_url"": ""https://portal.inmet.gov.br/uploads/dadoshistoricos/2025.zip"", ""method"": ""agregação anual observada por estação + IDW municipal em EPSG:31985; p=2; 3-6 estações; raio <=300 km; controle mínimo de completude"", ""verified"": true}"
2604502,2025,23.239795392264853,1040.315450243612,"{""temperatura_media_c"": {""n_estacoes"": 5, ""nearest_distance_km"": 49.47, ""max_distance_km"": 248.8, ""stations"": [""PALMARES"", ""CARUARU"", ""GARANHUNS"", ""ARCO VERDE"", ""IBIMIRIM""], ""method"": ""IDW p=2; até 6 estações; raio máximo 300 km""}, ""precipitacao_anual_mm"": {""n_estacoes"": 5, ""nearest_distance_km"": 49.47, ""max_distance_km"": 248.8, ""stations"": [""PALMARES"", ""SURUBIM"", ""CARUARU"", ""ARCO VERDE"", ""IBIMIRIM""], ""method"": ""IDW p=2; até 6 estações; raio máximo 300 km""}}","{""organization"": ""INMET"", ""dataset"": ""Dados Históricos Anuais - estações automáticas"", ""version"": ""2025"", ""retrieved_at"": ""2026-10-01"", ""reference_url"": ""https://portal.inmet.gov.br/uploads/dadoshistoricos/2025.zip"", ""method"": ""agregação anual observada por estação + IDW municipal em EPSG:31985; p=2; 3-6 estações; raio <=300 km; controle mínimo de completude"", ""verified"": true}"
2604601,2025,22.785958787562347,681.525862714444,"{""temperatura_media_c"": {""n_estacoes"": 4, ""nearest_distance_km"": 129.24, ""max_distance_km"": 235.01, ""stations"": [""PALMARES"", ""CARUARU"", ""GARANHUNS"", ""ARCO VERDE""], ""method"": ""IDW p=2; até 6 estações; raio máximo 300 km""}, ""precipitacao_anual_mm"": {""n_estacoes"": 4, ""nearest_distance_km"": 81.05, ""max_distance_km"": 235.01, ""stations"": [""SURUBIM"", ""PALMARES"", ""CARUARU"", ""ARCO VERDE""], ""method"": ""IDW p=2; até 6 estações; raio máximo 300 km""}}","{""organization"": ""INMET"", ""dataset"": ""Dados Históricos Anuais - estações automáticas"", ""version"": ""2025"", ""retrieved_at"": ""2026-10-01"", ""reference_url"": ""https://portal.inmet.gov.br/uploads/dadoshistoricos/2025.zip"", ""method"": ""agregação anual observada por estação + IDW municipal em EPSG:31985; p=2; 3-6 estações; raio <=300 km; controle mínimo de completude"", ""verified"": true}"
2604700,2025,21.936387509921907,1045.5484696992053,"{""temperatura_media_c"": {""n_estacoes"": 5, ""nearest_distance_km"": 28.28, ""max_distance_km"": 165.56, ""stations"": [""GARANHUNS"", ""CARUARU"", ""PALMARES"", ""ARCO VERDE"", ""IBIMIRIM""], ""method"": ""IDW p=2; até 6 estações; raio máximo 300 km""}, ""precipitacao_anual_mm"": {""n_estacoes"": 6, ""nearest_distance_km"": 90.69, ""max_distance_km"": 251.34, ""stations"": [""CARUARU"", ""PALMARES"", ""ARCO VERDE"", ""SURUBIM"", ""IBIMIRIM"", ""SERRA TALHADA""], ""method"": ""IDW p=2; até 6 estações; raio máximo 300 km""}}","{""organization"": ""INMET"", ""dataset"": ""Dados Históricos Anuais - estações automáticas"", ""version"": ""2025"", ""retrieved_at"": ""2026-10-01"", ""reference_url"": ""https://portal.inmet.gov.br/uploads/dadoshistoricos/2025.zip"", ""method"": ""agregação anual observada por estação + IDW municipal em EPSG:31985; p=2; 3-6 estações; raio <=300 km; controle mínimo de completude"", ""verified"": true}"
2604809,2025,23.98871318004691,1454.02829262377,"{""temperatura_media_c"": {""n_estacoes"": 5, ""nearest_distance_km"": 26.18, ""max_distance_km"": 240.69, ""stations"": [""PALMARES"", ""CARUARU"", ""GARANHUNS"", ""ARCO VERDE"", ""IBIMIRIM""], ""method"": ""IDW p=2; até 6 estações; raio máximo 300 km""}, ""precipitacao_anual_mm"": {""n_estacoes"": 5, ""nearest_distance_km"": 26.18, ""max_distance_km"": 240.69, ""stations"": [""PALMARES"", ""CARUARU"", ""SURUBIM"", ""ARCO VERDE"", ""IBIMIRIM""], ""method"": ""IDW p=2; até 6 estações; raio máximo 300 km""}}","{""organization"": ""INMET"", ""dataset"": ""Dados Históricos Anuais - estações automáticas"", ""version"": ""2025"", ""retrieved_at"": ""2026-10-01"", ""reference_url"": ""https://portal.inmet.gov.br/uploads/dadoshistoricos/2025.zip"", ""method"": ""agregação anual observada por estação + IDW municipal em EPSG:31985; p=2; 3-6 estações; raio <=300 km; controle mínimo de completude"", ""verified"": true}"
2604908,2025,22.27781639722475,388.97473215901323,"{""temperatura_media_c"": {""n_estacoes"": 5, ""nearest_distance_km"": 48.74, ""max_distance_km"": 225.78, ""stations"": [""CARUARU"", ""PALMARES"", ""GARANHUNS"", ""ARCO VERDE"", ""IBIMIRIM""], ""method"": ""IDW p=2; até 6 estações; raio máximo 300 km""}, ""precipitacao_anual_mm"": {""n_estacoes"": 6, ""nearest_distance_km"": 23.16, ""max_distance_km"": 284.55, ""stations"": [""SURUBIM"", ""CARUARU"", ""PALMARES"", ""ARCO VERDE"", ""IBIMIRIM"", ""SERRA TALHADA""], ""method"": ""IDW p=2; até 6 estações; raio máximo 300 km""}}","{""organization"": ""INMET"", ""dataset"": ""Dados Históricos Anuais - estações automáticas"", ""version"": ""2025"", ""retrieved_at"": ""2026-10-01"", ""reference_url"": ""https://portal.inmet.gov.br/uploads/dadoshistoricos/2025.zip"", ""method"": ""agregação anual observada por estação + IDW municipal em EPSG:31985; p=2; 3-6 estações; raio <=300 km; controle mínimo de completude"", ""verified"": true}"
2605004,2025,22.137157967138382,1342.9938550406177,"{""temperatura_media_c"": {""n_estacoes"": 5, ""nearest_distance_km"": 27.3, ""max_distance_km"": 196.52, ""stations"": [""CARUARU"", ""PALMARES"", ""GARANHUNS"", ""ARCO VERDE"", ""IBIMIRIM""], ""method"": ""IDW p=2; até 6 estações; raio máximo 300 km""}, ""precipitacao_anual_mm"": {""n_estacoes"": 6, ""nearest_distance_km"": 27.3, ""max_distance_km"": 270.12, ""stations"": [""CARUARU"", ""PALMARES"", ""SURUBIM"", ""ARCO VERDE"", ""IBIMIRIM"", ""SERRA TALHADA""], ""method"": ""IDW p=2; até 6 estações; raio máximo 300 km""}}","{""organization"": ""INMET"", ""dataset"": ""Dados Históricos Anuais - estações automáticas"", ""version"": ""2025"", ""retrieved_at"": ""2026-10-01"", ""reference_url"": ""https://portal.inmet.gov.br/uploads/dadoshistoricos/2025.zip"", ""method"": ""agregação anual observada por estação + IDW municipal em EPSG:31985; p=2; 3-6 estações; raio <=300 km; controle mínimo de completude"", ""verified"": true}"
2605103,2025,25.31416734971888,467.93835040282266,"{""temperatura_media_c"": {""n_estacoes"": 6, ""nearest_distance_km"": 37.37, ""max_distance_km"": 184.39, ""stations"": [""IBIMIRIM"", ""ARCO VERDE"", ""GARANHUNS"", ""SALGUEIRO"", ""CARUARU"", ""CABROBO""], ""method"": ""IDW p=2; até 6 estações; raio máximo 300 km""}, ""precipitacao_anual_mm"": {""n_estacoes"": 6, ""nearest_distance_km"": 37.37, ""max_distance_km"": 184.39, ""stations"": [""IBIMIRIM"", ""SERRA TALHADA"", ""ARCO VERDE"", ""SALGUEIRO"", ""CARUARU"", ""CABROBO""], ""method"": ""IDW p=2; até 6 estações; raio máximo 300 km""}}","{""organization"": ""INMET"", ""dataset"": ""Dados Históricos Anuais - estações automáticas"", ""version"": ""2025"", ""retrieved_at"": ""2026-10-01"", ""reference_url"": ""https://portal.inmet.gov.br/uploads/dadoshistoricos/2025.zip"", ""method"": ""agregação anual observada por estação + IDW municipal em EPSG:31985; p=2; 3-6 estações; raio <=300 km; controle mínimo de completude"", ""verified"": true}"
2605152,2025,26.91067193990024,310.0729957388683,"{""temperatura_media_c"": {""n_estacoes"": 3, ""nearest_distance_km"": 89.04, ""max_distance_km"": 175.93, ""stations"": [""OURICURI"", ""CABROBO"", ""SALGUEIRO""], ""method"": ""IDW p=2; até 6 estações; raio máximo 300 km""}, ""precipitacao_anual_mm"": {""n_estacoes"": 4, ""nearest_distance_km"": 89.04, ""max_distance_km"": 264.68, ""stations"": [""OURICURI"", ""CABROBO"", ""SALGUEIRO"", ""SERRA TALHADA""], ""method"": ""IDW p=2; até 6 estações; raio máximo 300 km""}}","{""organization"": ""INMET"", ""dataset"": ""Dados Históricos Anuais - estações automáticas"", ""version"": ""2025"", ""retrieved_at"": ""2026-10-01"", ""reference_url"": ""https://portal.inmet.gov.br/uploads/dadoshistoricos/2025.zip"", ""method"": ""agregação anual observada por estação + IDW municipal em EPSG:31985; p=2; 3-6 estações; raio <=300 km; controle mínimo de completude"", ""verified"": true}"
2605202,2025,23.741380964742007,1267.6672350557508,"{""temperatura_media_c"": {""n_estacoes"": 5, ""nearest_distance_km"": 46.87, ""max_distance_km"": 270.33, ""stations"": [""PALMARES"", ""CARUARU"", ""GARANHUNS"", ""ARCO VERDE"", ""IBIMIRIM""], ""method"": ""IDW p=2; até 6 estações; raio máximo 300 km""}, ""precipitacao_anual_mm"": {""n_estacoes"": 5, ""nearest_distance_km"": 46.87, ""max_distance_km"": 270.33, ""stations"": [""PALMARES"", ""SURUBIM"", ""CARUARU"", ""ARCO VERDE"", ""IBIMIRIM""], ""method"": ""IDW p=2; até 6 estações; raio máximo 300 km""}}","{""organization"": ""INMET"", ""dataset"": ""Dados Históricos Anuais - estações automáticas"", ""version"": ""2025"", ""retrieved_at"": ""2026-10-01"", ""reference_url"": ""https://portal.inmet.gov.br/uploads/dadoshistoricos/2025.zip"", ""method"": ""agregação anual observada por estação + IDW municipal em EPSG:31985; p=2; 3-6 estações; raio <=300 km; controle mínimo de completude"", ""verified"": true}"
2605301,2025,26.851013850626085,318.6106836167253,"{""temperatura_media_c"": {""n_estacoes"": 4, ""nearest_distance_km"": 56.98, ""max_distance_km"": 251.11, ""stations"": [""OURICURI"", ""SALGUEIRO"", ""CABROBO"", ""IBIMIRIM""], ""method"": ""IDW p=2; até 6 estações; raio máximo 300 km""}, ""precipitacao_anual_mm"": {""n_estacoes"": 5, ""nearest_distance_km"": 56.98, ""max_distance_km"": 251.11, ""stations"": [""OURICURI"", ""SALGUEIRO"", ""CABROBO"", ""SERRA TALHADA"", ""IBIMIRIM""], ""method"": ""IDW p=2; até 6 estações; raio máximo 300 km""}}","{""organization"": ""INMET"", ""dataset"": ""Dados Históricos Anuais - estações automáticas"", ""version"": ""2025"", ""retrieved_at"": ""2026-10-01"", ""reference_url"": ""https://portal.inmet.gov.br/uploads/dadoshistoricos/2025.zip"", ""method"": ""agregação anual observada por estação + IDW municipal em EPSG:31985; p=2; 3-6 estações; raio <=300 km; controle mínimo de completude"", ""verified"": true}"
2605400,2025,22.932124737174554,610.8245319416651,"{""temperatura_media_c"": {""n_estacoes"": 5, ""nearest_distance_km"": 81.57, ""max_distance_km"": 264.24, ""stations"": [""PALMARES"", ""CARUARU"", ""GARANHUNS"", ""ARCO VERDE"", ""IBIMIRIM""], ""method"": ""IDW p=2; até 6 estações; raio máximo 300 km""}, ""precipitacao_anual_mm"": {""n_estacoes"": 5, ""nearest_distance_km"": 46.54, ""max_distance_km"": 264.24, ""stations"": [""SURUBIM"", ""PALMARES"", ""CARUARU"", ""ARCO VERDE"", ""IBIMIRIM""], ""method"": ""IDW p=2; até 6 estações; raio máximo 300 km""}}","{""organization"": ""INMET"", ""dataset"": ""Dados Históricos Anuais - estações automáticas"", ""version"": ""2025"", ""retrieved_at"": ""2026-10-01"", ""reference_url"": ""https://portal.inmet.gov.br/uploads/dadoshistoricos/2025.zip"", ""method"": ""agregação anual observada por estação + IDW municipal em EPSG:31985; p=2; 3-6 estações; raio <=300 km; controle mínimo de completude"", ""verified"": true}"
2605459,2025,,,"{""temperatura_media_c"": {""n_estacoes"": 0, ""max_distance_km"": null, ""method"": ""unavailable""}, ""precipitacao_anual_mm"": {""n_estacoes"": 0, ""max_distance_km"": null, ""method"": ""unavailable""}}","{""organization"": ""INMET"", ""dataset"": ""Dados Históricos Anuais - estações automáticas"", ""version"": ""2025"", ""retrieved_at"": ""2026-10-01"", ""reference_url"": ""https://portal.inmet.gov.br/uploads/dadoshistoricos/2025.zip"", ""method"": ""agregação anual observada por estação + IDW municipal em EPSG:31985; p=2; 3-6 estações; raio <=300 km; controle mínimo de completude"", ""verified"": true}"
2605509,2025,22.911730187927517,585.5815164637917,"{""temperatura_media_c"": {""n_estacoes"": 5, ""nearest_distance_km"": 130.05, ""max_distance_km"": 295.35, ""stations"": [""CARUARU"", ""PALMARES"", ""GARANHUNS"", ""ARCO VERDE"", ""IBIMIRIM""], ""method"": ""IDW p=2; até 6 estações; raio máximo 300 km""}, ""precipitacao_anual_mm"": {""n_estacoes"": 5, ""nearest_distance_km"": 72.47, ""max_distance_km"": 295.35, ""stations"": [""SURUBIM"", ""CARUARU"", ""PALMARES"", ""ARCO VERDE"", ""IBIMIRIM""], ""method"": ""IDW p=2; até 6 estações; raio máximo 300 km""}}","{""organization"": ""INMET"", ""dataset"": ""Dados Históricos Anuais - estações automáticas"", ""version"": ""2025"", ""retrieved_at"": ""2026-10-01"", ""reference_url"": ""https://portal.inmet.gov.br/uploads/dadoshistoricos/2025.zip"", ""method"": ""agregação anual observada por estação + IDW municipal em EPSG:31985; p=2; 3-6 estações; raio <=300 km; controle mínimo de completude"", ""verified"": true}"
2605608,2025,25.233780997744034,332.47711214310675,"{""temperatura_media_c"": {""n_estacoes"": 6, ""nearest_distance_km"": 66.34, ""max_distance_km"": 211.2, ""stations"": [""IBIMIRIM"", ""ARCO VERDE"", ""SALGUEIRO"", ""CABROBO"", ""GARANHUNS"", ""CARUARU""], ""method"": ""IDW p=2; até 6 estações; raio máximo 300 km""}, ""precipitacao_anual_mm"": {""n_estacoes"": 6, ""nearest_distance_km"": 44.31, ""max_distance_km"": 211.2, ""stations"": [""SERRA TALHADA"", ""IBIMIRIM"", ""ARCO VERDE"", ""SALGUEIRO"", ""CABROBO"", ""CARUARU""], ""method"": ""IDW p=2; até 6 estações; raio máximo 300 km""}}","{""organization"": ""INMET"", ""dataset"": ""Dados Históricos Anuais - estações automáticas"", ""version"": ""2025"", ""retrieved_at"": ""2026-10-01"", ""reference_url"": ""https://portal.inmet.gov.br/uploads/dadoshistoricos/2025.zip"", ""method"": ""agregação anual observada por estação + IDW municipal em EPSG:31985; p=2; 3-6 estações; raio <=300 km; controle mínimo de completude"", ""verified"": true}"
2605707,2025,25.96224074374374,342.356246519256,"{""temperatura_media_c"": {""n_estacoes"": 6, ""nearest_distance_km"": 65.95, ""max_distance_km"": 212.97, ""stations"": [""IBIMIRIM"", ""SALGUEIRO"", ""CABROBO"", ""ARCO VERDE"", ""GARANHUNS"", ""OURICURI""], ""method"": ""IDW p=2; até 6 estações; raio máximo 300 km""}, ""precipitacao_anual_mm"": {""n_estacoes"": 6, ""nearest_distance_km"": 65.95, ""max_distance_km"": 212.97, ""stations"": [""IBIMIRIM"", ""SERRA TALHADA"", ""SALGUEIRO"", ""CABROBO"", ""ARCO VERDE"", ""OURICURI""], ""method"": ""IDW p=2; até 6 estações; raio máximo 300 km""}}","{""organization"": ""INMET"", ""dataset"": ""Dados Históricos Anuais - estações automáticas"", ""version"": ""2025"", ""retrieved_at"": ""2026-10-01"", ""reference_url"": ""https://portal.inmet.gov.br/uploads/dadoshistoricos/2025.zip"", ""method"": ""agregação anual observada por estação + IDW municipal em EPSG:31985; p=2; 3-6 estações; raio <=300 km; controle mínimo de completude"", ""verified"": true}"
2605806,2025,22.07348036146831,175.6150692570297,"{""temperatura_media_c"": {""n_estacoes"": 5, ""nearest_distance_km"": 49.22, ""max_distance_km"": 211.43, ""stations"": [""CARUARU"", ""PALMARES"", ""GARANHUNS"", ""ARCO VERDE"", ""IBIMIRIM""], ""method"": ""IDW p=2; até 6 estações; raio máximo 300 km""}, ""precipitacao_anual_mm"": {""n_estacoes"": 6, ""nearest_distance_km"": 14.64, ""max_distance_km"": 266.31, ""stations"": [""SURUBIM"", ""CARUARU"", ""PALMARES"", ""ARCO VERDE"", ""IBIMIRIM"", ""SERRA TALHADA""], ""method"": ""IDW p=2; até 6 estações; raio máximo 300 km""}}","{""organization"": ""INMET"", ""dataset"": ""Dados Históricos Anuais - estações automáticas"", ""version"": ""2025"", ""retrieved_at"": ""2026-10-01"", ""reference_url"": ""https://portal.inmet.gov.br/uploads/dadoshistoricos/2025.zip"", ""method"": ""agregação anual observada por estação + IDW municipal em EPSG:31985; p=2; 3-6 estações; raio <=300 km; controle mínimo de completude"", ""verified"": true}"
2605905,2025,24.449718583256413,1589.6969530785354,"{""temperatura_media_c"": {""n_estacoes"": 5, ""nearest_distance_km"": 20.21, ""max_distance_km"": 255.95, ""stations"": [""PALMARES"", ""CARUARU"", ""GARANHUNS"", ""ARCO VERDE"", ""IBIMIRIM""], ""method"": ""IDW p=2; até 6 estações; raio máximo 300 km""}, ""precipitacao_anual_mm"": {""n_estacoes"": 5, ""nearest_distance_km"": 20.21, ""max_distance_km"": 255.95, ""stations"": [""PALMARES"", ""CARUARU"", ""SURUBIM"", ""ARCO VERDE"", ""IBIMIRIM""], ""method"": ""IDW p=2; até 6 estações; raio máximo 300 km""}}","{""organization"": ""INMET"", ""dataset"": ""Dados Históricos Anuais - estações automáticas"", ""version"": ""2025"", ""retrieved_at"": ""2026-10-01"", ""reference_url"": ""https://portal.inmet.gov.br/uploads/dadoshistoricos/2025.zip"", ""method"": ""agregação anual observada por estação + IDW municipal em EPSG:31985; p=2; 3-6 estações; raio <=300 km; controle mínimo de completude"", ""verified"": true}"
2606002,2025,21.576260031076377,962.6557466269644,"{""temperatura_media_c"": {""n_estacoes"": 5, ""nearest_distance_km"": 2.2, ""max_distance_km"": 141.36, ""stations"": [""GARANHUNS"", ""CARUARU"", ""ARCO VERDE"", ""PALMARES"", ""IBIMIRIM""], ""method"": ""IDW p=2; até 6 estações; raio máximo 300 km""}, ""precipitacao_anual_mm"": {""n_estacoes"": 6, ""nearest_distance_km"": 82.1, ""max_distance_km"": 225.62, ""stations"": [""CARUARU"", ""ARCO VERDE"", ""PALMARES"", ""IBIMIRIM"", ""SURUBIM"", ""SERRA TALHADA""], ""method"": ""IDW p=2; até 6 estações; raio máximo 300 km""}}","{""organization"": ""INMET"", ""dataset"": ""Dados Históricos Anuais - estações automáticas"", ""version"": ""2025"", ""retrieved_at"": ""2026-10-01"", ""reference_url"": ""https://portal.inmet.gov.br/uploads/dadoshistoricos/2025.zip"", ""method"": ""agregação anual observada por estação + IDW municipal em EPSG:31985; p=2; 3-6 estações; raio <=300 km; controle mínimo de completude"", ""verified"": true}"
2606101,2025,23.04016449430169,729.6989014349451,"{""temperatura_media_c"": {""n_estacoes"": 5, ""nearest_distance_km"": 76.68, ""max_distance_km"": 267.59, ""stations"": [""PALMARES"", ""CARUARU"", ""GARANHUNS"", ""ARCO VERDE"", ""IBIMIRIM""], ""method"": ""IDW p=2; até 6 estações; raio máximo 300 km""}, ""precipitacao_anual_mm"": {""n_estacoes"": 5, ""nearest_distance_km"": 53.29, ""max_distance_km"": 267.59, ""stations"": [""SURUBIM"", ""PALMARES"", ""CARUARU"", ""ARCO VERDE"", ""IBIMIRIM""], ""method"": ""IDW p=2; até 6 estações; raio máximo 300 km""}}","{""organization"": ""INMET"", ""dataset"": ""Dados Históricos Anuais - estações automáticas"", ""version"": ""2025"", ""retrieved_at"": ""2026-10-01"", ""reference_url"": ""https://portal.inmet.gov.br/uploads/dadoshistoricos/2025.zip"", ""method"": ""agregação anual observada por estação + IDW municipal em EPSG:31985; p=2; 3-6 estações; raio <=300 km; controle mínimo de completude"", ""verified"": true}"
2606200,2025,22.838537284465023,759.32185332039,"{""temperatura_media_c"": {""n_estacoes"": 4, ""nearest_distance_km"": 136.99, ""max_distance_km"": 250.9, ""stations"": [""PALMARES"", ""CARUARU"", ""GARANHUNS"", ""ARCO VERDE""], ""method"": ""IDW p=2; até 6 estações; raio máximo 300 km""}, ""precipitacao_anual_mm"": {""n_estacoes"": 4, ""nearest_distance_km"": 97.43, ""max_distance_km"": 250.9, ""stations"": [""SURUBIM"", ""PALMARES"", ""CARUARU"", ""ARCO VERDE""], ""method"": ""IDW p=2; até 6 estações; raio máximo 300 km""}}","{""organization"": ""INMET"", ""dataset"": ""Dados Históricos Anuais - estações automáticas"", ""version"": ""2025"", ""retrieved_at"": ""2026-10-01"", ""reference_url"": ""https://portal.inmet.gov.br/uploads/dadoshistoricos/2025.zip"", ""method"": ""agregação anual observada por estação + IDW municipal em EPSG:31985; p=2; 3-6 estações; raio <=300 km; controle mínimo de completude"", ""verified"": true}"
2606309,2025,26.87486988549673,317.51389508363496,"{""temperatura_media_c"": {""n_estacoes"": 4, ""nearest_distance_km"": 46.63, ""max_distance_km"": 233.65, ""stations"": [""OURICURI"", ""SALGUEIRO"", ""CABROBO"", ""IBIMIRIM""], ""method"": ""IDW p=2; até 6 estações; raio máximo 300 km""}, ""precipitacao_anual_mm"": {""n_estacoes"": 5, ""nearest_distance_km"": 46.63, ""max_distance_km"": 233.65, ""stations"": [""OURICURI"", ""SALGUEIRO"", ""CABROBO"", ""SERRA TALHADA"", ""IBIMIRIM""], ""method"": ""IDW p=2; até 6 estações; raio máximo 300 km""}}","{""organization"": ""INMET"", ""dataset"": ""Dados Históricos Anuais - estações automáticas"", ""version"": ""2025"", ""retrieved_at"": ""2026-10-01"", ""reference_url"": ""https://portal.inmet.gov.br/uploads/dadoshistoricos/2025.zip"", ""method"": ""agregação anual observada por estação + IDW municipal em EPSG:31985; p=2; 3-6 estações; raio <=300 km; controle mínimo de completude"", ""verified"": true}"
2606408,2025,22.922844492551377,934.4899447585904,"{""temperatura_media_c"": {""n_estacoes"": 5, ""nearest_distance_km"": 51.83, ""max_distance_km"": 239.49, ""stations"": [""PALMARES"", ""CARUARU"", ""GARANHUNS"", ""ARCO VERDE"", ""IBIMIRIM""], ""method"": ""IDW p=2; até 6 estações; raio máximo 300 km""}, ""precipitacao_anual_mm"": {""n_estacoes"": 5, ""nearest_distance_km"": 46.65, ""max_distance_km"": 239.49, ""stations"": [""SURUBIM"", ""PALMARES"", ""CARUARU"", ""ARCO VERDE"", ""IBIMIRIM""], ""method"": ""IDW p=2; até 6 estações; raio máximo 300 km""}}","{""organization"": ""INMET"", ""dataset"": ""Dados Históricos Anuais - estações automáticas"", ""version"": ""2025"", ""retrieved_at"": ""2026-10-01"", ""reference_url"": ""https://portal.inmet.gov.br/uploads/dadoshistoricos/2025.zip"", ""method"": ""agregação anual observada por estação + IDW municipal em EPSG:31985; p=2; 3-6 estações; raio <=300 km; controle mínimo de completude"", ""verified"": true}"
2606507,2025,22.710102004583657,776.6617702522616,"{""temperatura_media_c"": {""n_estacoes"": 6, ""nearest_distance_km"": 51.77, ""max_distance_km"": 270.72, ""stations"": [""GARANHUNS"", ""ARCO VERDE"", ""IBIMIRIM"", ""CARUARU"", ""PALMARES"", ""SALGUEIRO""], ""method"": ""IDW p=2; até 6 estações; raio máximo 300 km""}, ""precipitacao_anual_mm"": {""n_estacoes"": 6, ""nearest_distance_km"": 80.49, ""max_distance_km"": 202.68, ""stations"": [""ARCO VERDE"", ""IBIMIRIM"", ""CARUARU"", ""PALMARES"", ""SURUBIM"", ""SERRA TALHADA""], ""method"": ""IDW p=2; até 6 estações; raio máximo 300 km""}}","{""organization"": ""INMET"", ""dataset"": ""Dados Históricos Anuais - estações automáticas"", ""version"": ""2025"", ""retrieved_at"": ""2026-10-01"", ""reference_url"": ""https://portal.inmet.gov.br/uploads/dadoshistoricos/2025.zip"", ""method"": ""agregação anual observada por estação + IDW municipal em EPSG:31985; p=2; 3-6 estações; raio <=300 km; controle mínimo de completude"", ""verified"": true}"
2606606,2025,25.77536611619084,482.6260268835554,"{""temperatura_media_c"": {""n_estacoes"": 6, ""nearest_distance_km"": 14.7, ""max_distance_km"": 189.0, ""stations"": [""IBIMIRIM"", ""ARCO VERDE"", ""GARANHUNS"", ""SALGUEIRO"", ""CARUARU"", ""CABROBO""], ""method"": ""IDW p=2; até 6 estações; raio máximo 300 km""}, ""precipitacao_anual_mm"": {""n_estacoes"": 6, ""nearest_distance_km"": 14.7, ""max_distance_km"": 189.0, ""stations"": [""IBIMIRIM"", ""ARCO VERDE"", ""SERRA TALHADA"", ""SALGUEIRO"", ""CARUARU"", ""CABROBO""], ""method"": ""IDW p=2; até 6 estações; raio máximo 300 km""}}","{""organization"": ""INMET"", ""dataset"": ""Dados Históricos Anuais - estações automáticas"", ""version"": ""2025"", ""retrieved_at"": ""2026-10-01"", ""reference_url"": ""https://portal.inmet.gov.br/uploads/dadoshistoricos/2025.zip"", ""method"": ""agregação anual observada por estação + IDW municipal em EPSG:31985; p=2; 3-6 estações; raio <=300 km; controle mínimo de completude"", ""verified"": true}"
2606705,2025,21.850786388323368,1227.842265915611,"{""temperatura_media_c"": {""n_estacoes"": 5, ""nearest_distance_km"": 34.28, ""max_distance_km"": 166.99, ""stations"": [""CARUARU"", ""GARANHUNS"", ""PALMARES"", ""ARCO VERDE"", ""IBIMIRIM""], ""method"": ""IDW p=2; até 6 estações; raio máximo 300 km""}, ""precipitacao_anual_mm"": {""n_estacoes"": 6, ""nearest_distance_km"": 34.28, ""max_distance_km"": 242.46, ""stations"": [""CARUARU"", ""PALMARES"", ""ARCO VERDE"", ""SURUBIM"", ""IBIMIRIM"", ""SERRA TALHADA""], ""method"": ""IDW p=2; até 6 estações; raio máximo 300 km""}}","{""organization"": ""INMET"", ""dataset"": ""Dados Históricos Anuais - estações automáticas"", ""version"": ""2025"", ""retrieved_at"": ""2026-10-01"", ""reference_url"": ""https://portal.inmet.gov.br/uploads/dadoshistoricos/2025.zip"", ""method"": ""agregação anual observada por estação + IDW municipal em EPSG:31985; p=2; 3-6 estações; raio <=300 km; controle mínimo de completude"", ""verified"": true}"
2606804,2025,22.945892226227762,821.7073289864494,"{""temperatura_media_c"": {""n_estacoes"": 4, ""nearest_distance_km"": 115.38, ""max_distance_km"": 241.0, ""stations"": [""PALMARES"", ""CARUARU"", ""GARANHUNS"", ""ARCO VERDE""], ""method"": ""IDW p=2; até 6 estações; raio máximo 300 km""}, ""precipitacao_anual_mm"": {""n_estacoes"": 4, ""nearest_distance_km"": 91.62, ""max_distance_km"": 241.0, ""stations"": [""SURUBIM"", ""PALMARES"", ""CARUARU"", ""ARCO VERDE""], ""method"": ""IDW p=2; até 6 estações; raio máximo 300 km""}}","{""organization"": ""INMET"", ""dataset"": ""Dados Históricos Anuais - estações automáticas"", ""version"": ""2025"", ""retrieved_at"": ""2026-10-01"", ""reference_url"": ""https://portal.inmet.gov.br/uploads/dadoshistoricos/2025.zip"", ""method"": ""agregação anual observada por estação + IDW municipal em EPSG:31985; p=2; 3-6 estações; raio <=300 km; controle mínimo de completude"", ""verified"": true}"
2606903,2025,24.23932146211159,514.5301774091458,"{""temperatura_media_c"": {""n_estacoes"": 6, ""nearest_distance_km"": 75.65, ""max_distance_km"": 221.96, ""stations"": [""ARCO VERDE"", ""IBIMIRIM"", ""GARANHUNS"", ""CARUARU"", ""SALGUEIRO"", ""PALMARES""], ""method"": ""IDW p=2; até 6 estações; raio máximo 300 km""}, ""precipitacao_anual_mm"": {""n_estacoes"": 6, ""nearest_distance_km"": 75.65, ""max_distance_km"": 188.85, ""stations"": [""ARCO VERDE"", ""IBIMIRIM"", ""SERRA TALHADA"", ""CARUARU"", ""SURUBIM"", ""SALGUEIRO""], ""method"": ""IDW p=2; até 6 estações; raio máximo 300 km""}}","{""organization"": ""INMET"", ""dataset"": ""Dados Históricos Anuais - estações automáticas"", ""version"": ""2025"", ""retrieved_at"": ""2026-10-01"", ""reference_url"": ""https://portal.inmet.gov.br/uploads/dadoshistoricos/2025.zip"", ""method"": ""agregação anual observada por estação + IDW municipal em EPSG:31985; p=2; 3-6 estações; raio <=300 km; controle mínimo de completude"", ""verified"": true}"
2607000,2025,25.490748867615512,476.67526696541927,"{""temperatura_media_c"": {""n_estacoes"": 6, ""nearest_distance_km"": 36.33, ""max_distance_km"": 206.7, ""stations"": [""IBIMIRIM"", ""ARCO VERDE"", ""GARANHUNS"", ""SALGUEIRO"", ""CABROBO"", ""CARUARU""], ""method"": ""IDW p=2; até 6 estações; raio máximo 300 km""}, ""precipitacao_anual_mm"": {""n_estacoes"": 6, ""nearest_distance_km"": 36.33, ""max_distance_km"": 206.7, ""stations"": [""IBIMIRIM"", ""ARCO VERDE"", ""SERRA TALHADA"", ""SALGUEIRO"", ""CABROBO"", ""CARUARU""], ""method"": ""IDW p=2; até 6 estações; raio máximo 300 km""}}","{""organization"": ""INMET"", ""dataset"": ""Dados Históricos Anuais - estações automáticas"", ""version"": ""2025"", ""retrieved_at"": ""2026-10-01"", ""reference_url"": ""https://portal.inmet.gov.br/uploads/dadoshistoricos/2025.zip"", ""method"": ""agregação anual observada por estação + IDW municipal em EPSG:31985; p=2; 3-6 estações; raio <=300 km; controle mínimo de completude"", ""verified"": true}"
2607109,2025,24.348574972957028,496.2141993192082,"{""temperatura_media_c"": {""n_estacoes"": 6, ""nearest_distance_km"": 89.17, ""max_distance_km"": 227.72, ""stations"": [""ARCO VERDE"", ""IBIMIRIM"", ""GARANHUNS"", ""CARUARU"", ""SALGUEIRO"", ""CABROBO""], ""method"": ""IDW p=2; até 6 estações; raio máximo 300 km""}, ""precipitacao_anual_mm"": {""n_estacoes"": 6, ""nearest_distance_km"": 89.17, ""max_distance_km"": 189.85, ""stations"": [""ARCO VERDE"", ""IBIMIRIM"", ""SERRA TALHADA"", ""CARUARU"", ""SURUBIM"", ""SALGUEIRO""], ""method"": ""IDW p=2; até 6 estações; raio máximo 300 km""}}","{""organization"": ""INMET"", ""dataset"": ""Dados Históricos Anuais - estações automáticas"", ""version"": ""2025"", ""retrieved_at"": ""2026-10-01"", ""reference_url"": ""https://portal.inmet.gov.br/uploads/dadoshistoricos/2025.zip"", ""method"": ""agregação anual observada por estação + IDW municipal em EPSG:31985; p=2; 3-6 estações; raio <=300 km; controle mínimo de completude"", ""verified"": true}"
2607208,2025,23.701907473266512,1252.1257426402792,"{""temperatura_media_c"": {""n_estacoes"": 5, ""nearest_distance_km"": 58.56, ""max_distance_km"": 289.32, ""stations"": [""PALMARES"", ""CARUARU"", ""GARANHUNS"", ""ARCO VERDE"", ""IBIMIRIM""], ""method"": ""IDW p=2; até 6 estações; raio máximo 300 km""}, ""precipitacao_anual_mm"": {""n_estacoes"": 5, ""nearest_distance_km"": 58.56, ""max_distance_km"": 289.32, ""stations"": [""PALMARES"", ""SURUBIM"", ""CARUARU"", ""ARCO VERDE"", ""IBIMIRIM""], ""method"": ""IDW p=2; até 6 estações; raio máximo 300 km""}}","{""organization"": ""INMET"", ""dataset"": ""Dados Históricos Anuais - estações automáticas"", ""version"": ""2025"", ""retrieved_at"": ""2026-10-01"", ""reference_url"": ""https://portal.inmet.gov.br/uploads/dadoshistoricos/2025.zip"", ""method"": ""agregação anual observada por estação + IDW municipal em EPSG:31985; p=2; 3-6 estações; raio <=300 km; controle mínimo de completude"", ""verified"": true}"
2607307,2025,26.770586726386963,335.546215424222,"{""temperatura_media_c"": {""n_estacoes"": 4, ""nearest_distance_km"": 45.07, ""max_distance_km"": 299.54, ""stations"": [""OURICURI"", ""SALGUEIRO"", ""CABROBO"", ""IBIMIRIM""], ""method"": ""IDW p=2; até 6 estações; raio máximo 300 km""}, ""precipitacao_anual_mm"": {""n_estacoes"": 5, ""nearest_distance_km"": 45.07, ""max_distance_km"": 299.54, ""stations"": [""OURICURI"", ""SALGUEIRO"", ""CABROBO"", ""SERRA TALHADA"", ""IBIMIRIM""], ""method"": ""IDW p=2; até 6 estações; raio máximo 300 km""}}","{""organization"": ""INMET"", ""dataset"": ""Dados Históricos Anuais - estações automáticas"", ""version"": ""2025"", ""retrieved_at"": ""2026-10-01"", ""reference_url"": ""https://portal.inmet.gov.br/uploads/dadoshistoricos/2025.zip"", ""method"": ""agregação anual observada por estação + IDW municipal em EPSG:31985; p=2; 3-6 estações; raio <=300 km; controle mínimo de completude"", ""verified"": true}"
2607406,2025,26.600384388848283,304.8713574965648,"{""temperatura_media_c"": {""n_estacoes"": 6, ""nearest_distance_km"": 70.4, ""max_distance_km"": 247.25, ""stations"": [""CABROBO"", ""SALGUEIRO"", ""IBIMIRIM"", ""OURICURI"", ""ARCO VERDE"", ""GARANHUNS""], ""method"": ""IDW p=2; até 6 estações; raio máximo 300 km""}, ""precipitacao_anual_mm"": {""n_estacoes"": 6, ""nearest_distance_km"": 70.4, ""max_distance_km"": 188.05, ""stations"": [""CABROBO"", ""SALGUEIRO"", ""SERRA TALHADA"", ""IBIMIRIM"", ""OURICURI"", ""ARCO VERDE""], ""method"": ""IDW p=2; até 6 estações; raio máximo 300 km""}}","{""organization"": ""INMET"", ""dataset"": ""Dados Históricos Anuais - estações automáticas"", ""version"": ""2025"", ""retrieved_at"": ""2026-10-01"", ""reference_url"": ""https://portal.inmet.gov.br/uploads/dadoshistoricos/2025.zip"", ""method"": ""agregação anual observada por estação + IDW municipal em EPSG:31985; p=2; 3-6 estações; raio <=300 km; controle mínimo de completude"", ""verified"": true}"
2607505,2025,23.932226763836024,642.502494155839,"{""temperatura_media_c"": {""n_estacoes"": 6, ""nearest_distance_km"": 66.55, ""max_distance_km"": 223.94, ""stations"": [""ARCO VERDE"", ""IBIMIRIM"", ""GARANHUNS"", ""CARUARU"", ""PALMARES"", ""SALGUEIRO""], ""method"": ""IDW p=2; até 6 estações; raio máximo 300 km""}, ""precipitacao_anual_mm"": {""n_estacoes"": 6, ""nearest_distance_km"": 66.55, ""max_distance_km"": 208.73, ""stations"": [""ARCO VERDE"", ""IBIMIRIM"", ""CARUARU"", ""SERRA TALHADA"", ""PALMARES"", ""SURUBIM""], ""method"": ""IDW p=2; até 6 estações; raio máximo 300 km""}}","{""organization"": ""INMET"", ""dataset"": ""Dados Históricos Anuais - estações automáticas"", ""version"": ""2025"", ""retrieved_at"": ""2026-10-01"", ""reference_url"": ""https://portal.inmet.gov.br/uploads/dadoshistoricos/2025.zip"", ""method"": ""agregação anual observada por estação + IDW municipal em EPSG:31985; p=2; 3-6 estações; raio <=300 km; controle mínimo de completude"", ""verified"": true}"
2607604,2025,22.932734607201283,838.3858874079712,"{""temperatura_media_c"": {""n_estacoes"": 4, ""nearest_distance_km"": 127.51, ""max_distance_km"": 254.04, ""stations"": [""PALMARES"", ""CARUARU"", ""GARANHUNS"", ""ARCO VERDE""], ""method"": ""IDW p=2; até 6 estações; raio máximo 300 km""}, ""precipitacao_anual_mm"": {""n_estacoes"": 4, ""nearest_distance_km"": 103.67, ""max_distance_km"": 254.04, ""stations"": [""SURUBIM"", ""PALMARES"", ""CARUARU"", ""ARCO VERDE""], ""method"": ""IDW p=2; até 6 estações; raio máximo 300 km""}}","{""organization"": ""INMET"", ""dataset"": ""Dados Históricos Anuais - estações automáticas"", ""version"": ""2025"", ""retrieved_at"": ""2026-10-01"", ""reference_url"": ""https://portal.inmet.gov.br/uploads/dadoshistoricos/2025.zip"", ""method"": ""agregação anual observada por estação + IDW municipal em EPSG:31985; p=2; 3-6 estações; raio <=300 km; controle mínimo de completude"", ""verified"": true}"
2607653,2025,22.727085313986873,652.2851147995241,"{""temperatura_media_c"": {""n_estacoes"": 4, ""nearest_distance_km"": 140.67, ""max_distance_km"": 238.4, ""stations"": [""CARUARU"", ""PALMARES"", ""GARANHUNS"", ""ARCO VERDE""], ""method"": ""IDW p=2; até 6 estações; raio máximo 300 km""}, ""precipitacao_anual_mm"": {""n_estacoes"": 4, ""nearest_distance_km"": 84.45, ""max_distance_km"": 238.4, ""stations"": [""SURUBIM"", ""CARUARU"", ""PALMARES"", ""ARCO VERDE""], ""method"": ""IDW p=2; até 6 estações; raio máximo 300 km""}}","{""organization"": ""INMET"", ""dataset"": ""Dados Históricos Anuais - estações automáticas"", ""version"": ""2025"", ""retrieved_at"": ""2026-10-01"", ""reference_url"": ""https://portal.inmet.gov.br/uploads/dadoshistoricos/2025.zip"", ""method"": ""agregação anual observada por estação + IDW municipal em EPSG:31985; p=2; 3-6 estações; raio <=300 km; controle mínimo de completude"", ""verified"": true}"
2607703,2025,23.81198453864382,623.8339615422758,"{""temperatura_media_c"": {""n_estacoes"": 6, ""nearest_distance_km"": 115.24, ""max_distance_km"": 228.3, ""stations"": [""ARCO VERDE"", ""IBIMIRIM"", ""CARUARU"", ""GARANHUNS"", ""PALMARES"", ""SALGUEIRO""], ""method"": ""IDW p=2; até 6 estações; raio máximo 300 km""}, ""precipitacao_anual_mm"": {""n_estacoes"": 6, ""nearest_distance_km"": 115.24, ""max_distance_km"": 223.57, ""stations"": [""ARCO VERDE"", ""IBIMIRIM"", ""SERRA TALHADA"", ""SURUBIM"", ""CARUARU"", ""PALMARES""], ""method"": ""IDW p=2; até 6 estações; raio máximo 300 km""}}","{""organization"": ""INMET"", ""dataset"": ""Dados Históricos Anuais - estações automáticas"", ""version"": ""2025"", ""retrieved_at"": ""2026-10-01"", ""reference_url"": ""https://portal.inmet.gov.br/uploads/dadoshistoricos/2025.zip"", ""method"": ""agregação anual observada por estação + IDW municipal em EPSG:31985; p=2; 3-6 estações; raio <=300 km; controle mínimo de completude"", ""verified"": true}"
2607752,2025,22.915656505390405,814.6934101978966,"{""temperatura_media_c"": {""n_estacoes"": 4, ""nearest_distance_km"": 125.33, ""max_distance_km"": 249.02, ""stations"": [""PALMARES"", ""CARUARU"", ""GARANHUNS"", ""ARCO VERDE""], ""method"": ""IDW p=2; até 6 estações; raio máximo 300 km""}, ""precipitacao_anual_mm"": {""n_estacoes"": 4, ""nearest_distance_km"": 98.08, ""max_distance_km"": 249.02, ""stations"": [""SURUBIM"", ""PALMARES"", ""CARUARU"", ""ARCO VERDE""], ""method"": ""IDW p=2; até 6 estações; raio máximo 300 km""}}","{""organization"": ""INMET"", ""dataset"": ""Dados Históricos Anuais - estações automáticas"", ""version"": ""2025"", ""retrieved_at"": ""2026-10-01"", ""reference_url"": ""https://portal.inmet.gov.br/uploads/dadoshistoricos/2025.zip"", ""method"": ""agregação anual observada por estação + IDW municipal em EPSG:31985; p=2; 3-6 estações; raio <=300 km; controle mínimo de completude"", ""verified"": true}"
2607802,2025,22.85053074868088,738.5692682699226,"{""temperatura_media_c"": {""n_estacoes"": 4, ""nearest_distance_km"": 123.48, ""max_distance_km"": 238.06, ""stations"": [""PALMARES"", ""CARUARU"", ""GARANHUNS"", ""ARCO VERDE""], ""method"": ""IDW p=2; até 6 estações; raio máximo 300 km""}, ""precipitacao_anual_mm"": {""n_estacoes"": 4, ""nearest_distance_km"": 85.39, ""max_distance_km"": 238.06, ""stations"": [""SURUBIM"", ""PALMARES"", ""CARUARU"", ""ARCO VERDE""], ""method"": ""IDW p=2; até 6 estações; raio máximo 300 km""}}","{""organization"": ""INMET"", ""dataset"": ""Dados Históricos Anuais - estações automáticas"", ""version"": ""2025"", ""retrieved_at"": ""2026-10-01"", ""reference_url"": ""https://portal.inmet.gov.br/uploads/dadoshistoricos/2025.zip"", ""method"": ""agregação anual observada por estação + IDW municipal em EPSG:31985; p=2; 3-6 estações; raio <=300 km; controle mínimo de completude"", ""verified"": true}"
2607901,2025,23.233857938717758,1022.7644794689951,"{""temperatura_media_c"": {""n_estacoes"": 4, ""nearest_distance_km"": 84.33, ""max_distance_km"": 228.44, ""stations"": [""PALMARES"", ""CARUARU"", ""GARANHUNS"", ""ARCO VERDE""], ""method"": ""IDW p=2; até 6 estações; raio máximo 300 km""}, ""precipitacao_anual_mm"": {""n_estacoes"": 4, ""nearest_distance_km"": 84.33, ""max_distance_km"": 228.44, ""stations"": [""PALMARES"", ""SURUBIM"", ""CARUARU"", ""ARCO VERDE""], ""method"": ""IDW p=2; até 6 estações; raio máximo 300 km""}}","{""organization"": ""INMET"", ""dataset"": ""Dados Históricos Anuais - estações automáticas"", ""version"": ""2025"", ""retrieved_at"": ""2026-10-01"", ""reference_url"": ""https://portal.inmet.gov.br/uploads/dadoshistoricos/2025.zip"", ""method"": ""agregação anual observada por estação + IDW municipal em EPSG:31985; p=2; 3-6 estações; raio <=300 km; controle mínimo de completude"", ""verified"": true}"
2607950,2025,23.671989305094794,1487.1620327097405,"{""temperatura_media_c"": {""n_estacoes"": 5, ""nearest_distance_km"": 27.73, ""max_distance_km"": 211.52, ""stations"": [""PALMARES"", ""CARUARU"", ""GARANHUNS"", ""ARCO VERDE"", ""IBIMIRIM""], ""method"": ""IDW p=2; até 6 estações; raio máximo 300 km""}, ""precipitacao_anual_mm"": {""n_estacoes"": 6, ""nearest_distance_km"": 27.73, ""max_distance_km"": 288.14, ""stations"": [""PALMARES"", ""CARUARU"", ""SURUBIM"", ""ARCO VERDE"", ""IBIMIRIM"", ""SERRA TALHADA""], ""method"": ""IDW p=2; até 6 estações; raio máximo 300 km""}}","{""organization"": ""INMET"", ""dataset"": ""Dados Históricos Anuais - estações automáticas"", ""version"": ""2025"", ""retrieved_at"": ""2026-10-01"", ""reference_url"": ""https://portal.inmet.gov.br/uploads/dadoshistoricos/2025.zip"", ""method"": ""agregação anual observada por estação + IDW municipal em EPSG:31985; p=2; 3-6 estações; raio <=300 km; controle mínimo de completude"", ""verified"": true}"
2608008,2025,22.667092135956743,845.2511434174612,"{""temperatura_media_c"": {""n_estacoes"": 6, ""nearest_distance_km"": 64.97, ""max_distance_km"": 283.33, ""stations"": [""CARUARU"", ""ARCO VERDE"", ""GARANHUNS"", ""PALMARES"", ""IBIMIRIM"", ""SALGUEIRO""], ""method"": ""IDW p=2; até 6 estações; raio máximo 300 km""}, ""precipitacao_anual_mm"": {""n_estacoes"": 6, ""nearest_distance_km"": 64.97, ""max_distance_km"": 194.97, ""stations"": [""CARUARU"", ""ARCO VERDE"", ""SURUBIM"", ""PALMARES"", ""IBIMIRIM"", ""SERRA TALHADA""], ""method"": ""IDW p=2; até 6 estações; raio máximo 300 km""}}","{""organization"": ""INMET"", ""dataset"": ""Dados Históricos Anuais - estações automáticas"", ""version"": ""2025"", ""retrieved_at"": ""2026-10-01"", ""reference_url"": ""https://portal.inmet.gov.br/uploads/dadoshistoricos/2025.zip"", ""method"": ""agregação anual observada por estação + IDW municipal em EPSG:31985; p=2; 3-6 estações; raio <=300 km; controle mínimo de completude"", ""verified"": true}"
2608057,2025,25.61223970033748,388.7252767718928,"{""temperatura_media_c"": {""n_estacoes"": 6, ""nearest_distance_km"": 95.26, ""max_distance_km"": 255.57, ""stations"": [""IBIMIRIM"", ""CABROBO"", ""ARCO VERDE"", ""SALGUEIRO"", ""GARANHUNS"", ""OURICURI""], ""method"": ""IDW p=2; até 6 estações; raio máximo 300 km""}, ""precipitacao_anual_mm"": {""n_estacoes"": 6, ""nearest_distance_km"": 95.26, ""max_distance_km"": 255.57, ""stations"": [""IBIMIRIM"", ""SERRA TALHADA"", ""CABROBO"", ""ARCO VERDE"", ""SALGUEIRO"", ""OURICURI""], ""method"": ""IDW p=2; até 6 estações; raio máximo 300 km""}}","{""organization"": ""INMET"", ""dataset"": ""Dados Históricos Anuais - estações automáticas"", ""version"": ""2025"", ""retrieved_at"": ""2026-10-01"", ""reference_url"": ""https://portal.inmet.gov.br/uploads/dadoshistoricos/2025.zip"", ""method"": ""agregação anual observada por estação + IDW municipal em EPSG:31985; p=2; 3-6 estações; raio <=300 km; controle mínimo de completude"", ""verified"": true}"
2608107,2025,22.601850810939887,222.99732479336117,"{""temperatura_media_c"": {""n_estacoes"": 5, ""nearest_distance_km"": 72.91, ""max_distance_km"": 244.7, ""stations"": [""CARUARU"", ""PALMARES"", ""GARANHUNS"", ""ARCO VERDE"", ""IBIMIRIM""], ""method"": ""IDW p=2; até 6 estações; raio máximo 300 km""}, ""precipitacao_anual_mm"": {""n_estacoes"": 6, ""nearest_distance_km"": 21.93, ""max_distance_km"": 298.8, ""stations"": [""SURUBIM"", ""CARUARU"", ""PALMARES"", ""ARCO VERDE"", ""IBIMIRIM"", ""SERRA TALHADA""], ""method"": ""IDW p=2; até 6 estações; raio máximo 300 km""}}","{""organization"": ""INMET"", ""dataset"": ""Dados Históricos Anuais - estações automáticas"", ""version"": ""2025"", ""retrieved_at"": ""2026-10-01"", ""reference_url"": ""https://portal.inmet.gov.br/uploads/dadoshistoricos/2025.zip"", ""method"": ""agregação anual observada por estação + IDW municipal em EPSG:31985; p=2; 3-6 estações; raio <=300 km; controle mínimo de completude"", ""verified"": true}"
2608206,2025,24.587838999421837,1640.9927611605883,"{""temperatura_media_c"": {""n_estacoes"": 5, ""nearest_distance_km"": 11.88, ""max_distance_km"": 239.06, ""stations"": [""PALMARES"", ""CARUARU"", ""GARANHUNS"", ""ARCO VERDE"", ""IBIMIRIM""], ""method"": ""IDW p=2; até 6 estações; raio máximo 300 km""}, ""precipitacao_anual_mm"": {""n_estacoes"": 5, ""nearest_distance_km"": 11.88, ""max_distance_km"": 239.06, ""stations"": [""PALMARES"", ""CARUARU"", ""SURUBIM"", ""ARCO VERDE"", ""IBIMIRIM""], ""method"": ""IDW p=2; até 6 estações; raio máximo 300 km""}}","{""organization"": ""INMET"", ""dataset"": ""Dados Históricos Anuais - estações automáticas"", ""version"": ""2025"", ""retrieved_at"": ""2026-10-01"", ""reference_url"": ""https://portal.inmet.gov.br/uploads/dadoshistoricos/2025.zip"", ""method"": ""agregação anual observada por estação + IDW municipal em EPSG:31985; p=2; 3-6 estações; raio <=300 km; controle mínimo de completude"", ""verified"": true}"
2608255,2025,21.795625687906682,1001.8008174207862,"{""temperatura_media_c"": {""n_estacoes"": 5, ""nearest_distance_km"": 18.84, ""max_distance_km"": 140.54, ""stations"": [""GARANHUNS"", ""CARUARU"", ""ARCO VERDE"", ""PALMARES"", ""IBIMIRIM""], ""method"": ""IDW p=2; até 6 estações; raio máximo 300 km""}, ""precipitacao_anual_mm"": {""n_estacoes"": 6, ""nearest_distance_km"": 64.07, ""max_distance_km"": 220.79, ""stations"": [""CARUARU"", ""ARCO VERDE"", ""PALMARES"", ""SURUBIM"", ""IBIMIRIM"", ""SERRA TALHADA""], ""method"": ""IDW p=2; até 6 estações; raio máximo 300 km""}}","{""organization"": ""INMET"", ""dataset"": ""Dados Históricos Anuais - estações automáticas"", ""version"": ""2025"", ""retrieved_at"": ""2026-10-01"", ""reference_url"": ""https://portal.inmet.gov.br/uploads/dadoshistoricos/2025.zip"", ""method"": ""agregação anual observada por estação + IDW municipal em EPSG:31985; p=2; 3-6 estações; raio <=300 km; controle mínimo de completude"", ""verified"": true}"
2608305,2025,21.872974467838286,1058.7230327790342,"{""temperatura_media_c"": {""n_estacoes"": 5, ""nearest_distance_km"": 24.25, ""max_distance_km"": 147.13, ""stations"": [""GARANHUNS"", ""CARUARU"", ""ARCO VERDE"", ""PALMARES"", ""IBIMIRIM""], ""method"": ""IDW p=2; até 6 estações; raio máximo 300 km""}, ""precipitacao_anual_mm"": {""n_estacoes"": 6, ""nearest_distance_km"": 56.63, ""max_distance_km"": 226.25, ""stations"": [""CARUARU"", ""ARCO VERDE"", ""PALMARES"", ""SURUBIM"", ""IBIMIRIM"", ""SERRA TALHADA""], ""method"": ""IDW p=2; até 6 estações; raio máximo 300 km""}}","{""organization"": ""INMET"", ""dataset"": ""Dados Históricos Anuais - estações automáticas"", ""version"": ""2025"", ""retrieved_at"": ""2026-10-01"", ""reference_url"": ""https://portal.inmet.gov.br/uploads/dadoshistoricos/2025.zip"", ""method"": ""agregação anual observada por estação + IDW municipal em EPSG:31985; p=2; 3-6 estações; raio <=300 km; controle mínimo de completude"", ""verified"": true}"
2608404,2025,22.136469761879127,1225.933917501001,"{""temperatura_media_c"": {""n_estacoes"": 5, ""nearest_distance_km"": 42.28, ""max_distance_km"": 175.16, ""stations"": [""GARANHUNS"", ""CARUARU"", ""PALMARES"", ""ARCO VERDE"", ""IBIMIRIM""], ""method"": ""IDW p=2; até 6 estações; raio máximo 300 km""}, ""precipitacao_anual_mm"": {""n_estacoes"": 6, ""nearest_distance_km"": 45.97, ""max_distance_km"": 253.67, ""stations"": [""CARUARU"", ""PALMARES"", ""ARCO VERDE"", ""SURUBIM"", ""IBIMIRIM"", ""SERRA TALHADA""], ""method"": ""IDW p=2; até 6 estações; raio máximo 300 km""}}","{""organization"": ""INMET"", ""dataset"": ""Dados Históricos Anuais - estações automáticas"", ""version"": ""2025"", ""retrieved_at"": ""2026-10-01"", ""reference_url"": ""https://portal.inmet.gov.br/uploads/dadoshistoricos/2025.zip"", ""method"": ""agregação anual observada por estação + IDW municipal em EPSG:31985; p=2; 3-6 estações; raio <=300 km; controle mínimo de completude"", ""verified"": true}"
2608453,2025,22.918426529945116,572.6228235903532,"{""temperatura_media_c"": {""n_estacoes"": 5, ""nearest_distance_km"": 93.62, ""max_distance_km"": 272.02, ""stations"": [""PALMARES"", ""CARUARU"", ""GARANHUNS"", ""ARCO VERDE"", ""IBIMIRIM""], ""method"": ""IDW p=2; até 6 estações; raio máximo 300 km""}, ""precipitacao_anual_mm"": {""n_estacoes"": 5, ""nearest_distance_km"": 50.06, ""max_distance_km"": 272.02, ""stations"": [""SURUBIM"", ""PALMARES"", ""CARUARU"", ""ARCO VERDE"", ""IBIMIRIM""], ""method"": ""IDW p=2; até 6 estações; raio máximo 300 km""}}","{""organization"": ""INMET"", ""dataset"": ""Dados Históricos Anuais - estações automáticas"", ""version"": ""2025"", ""retrieved_at"": ""2026-10-01"", ""reference_url"": ""https://portal.inmet.gov.br/uploads/dadoshistoricos/2025.zip"", ""method"": ""agregação anual observada por estação + IDW municipal em EPSG:31985; p=2; 3-6 estações; raio <=300 km; controle mínimo de completude"", ""verified"": true}"
2608503,2025,22.99082046649988,658.2103014230876,"{""temperatura_media_c"": {""n_estacoes"": 5, ""nearest_distance_km"": 89.06, ""max_distance_km"": 274.86, ""stations"": [""PALMARES"", ""CARUARU"", ""GARANHUNS"", ""ARCO VERDE"", ""IBIMIRIM""], ""method"": ""IDW p=2; até 6 estações; raio máximo 300 km""}, ""precipitacao_anual_mm"": {""n_estacoes"": 5, ""nearest_distance_km"": 55.16, ""max_distance_km"": 274.86, ""stations"": [""SURUBIM"", ""PALMARES"", ""CARUARU"", ""ARCO VERDE"", ""IBIMIRIM""], ""method"": ""IDW p=2; até 6 estações; raio máximo 300 km""}}","{""organization"": ""INMET"", ""dataset"": ""Dados Históricos Anuais - estações automáticas"", ""version"": ""2025"", ""retrieved_at"": ""2026-10-01"", ""reference_url"": ""https://portal.inmet.gov.br/uploads/dadoshistoricos/2025.zip"", ""method"": ""agregação anual observada por estação + IDW municipal em EPSG:31985; p=2; 3-6 estações; raio <=300 km; controle mínimo de completude"", ""verified"": true}"
2608602,2025,21.923725361249126,972.977147337893,"{""temperatura_media_c"": {""n_estacoes"": 5, ""nearest_distance_km"": 28.01, ""max_distance_km"": 155.3, ""stations"": [""GARANHUNS"", ""CARUARU"", ""ARCO VERDE"", ""PALMARES"", ""IBIMIRIM""], ""method"": ""IDW p=2; até 6 estações; raio máximo 300 km""}, ""precipitacao_anual_mm"": {""n_estacoes"": 6, ""nearest_distance_km"": 101.4, ""max_distance_km"": 242.33, ""stations"": [""CARUARU"", ""ARCO VERDE"", ""PALMARES"", ""IBIMIRIM"", ""SURUBIM"", ""SERRA TALHADA""], ""method"": ""IDW p=2; até 6 estações; raio máximo 300 km""}}","{""organization"": ""INMET"", ""dataset"": ""Dados Históricos Anuais - estações automáticas"", ""version"": ""2025"", ""retrieved_at"": ""2026-10-01"", ""reference_url"": ""https://portal.inmet.gov.br/uploads/dadoshistoricos/2025.zip"", ""method"": ""agregação anual observada por estação + IDW municipal em EPSG:31985; p=2; 3-6 estações; raio <=300 km; controle mínimo de completude"", ""verified"": true}"
2608701,2025,22.887323083402258,1387.4375791637053,"{""temperatura_media_c"": {""n_estacoes"": 5, ""nearest_distance_km"": 36.11, ""max_distance_km"": 201.19, ""stations"": [""PALMARES"", ""CARUARU"", ""GARANHUNS"", ""ARCO VERDE"", ""IBIMIRIM""], ""method"": ""IDW p=2; até 6 estações; raio máximo 300 km""}, ""precipitacao_anual_mm"": {""n_estacoes"": 6, ""nearest_distance_km"": 36.11, ""max_distance_km"": 276.91, ""stations"": [""PALMARES"", ""CARUARU"", ""SURUBIM"", ""ARCO VERDE"", ""IBIMIRIM"", ""SERRA TALHADA""], ""method"": ""IDW p=2; até 6 estações; raio máximo 300 km""}}","{""organization"": ""INMET"", ""dataset"": ""Dados Históricos Anuais - estações automáticas"", ""version"": ""2025"", ""retrieved_at"": ""2026-10-01"", ""reference_url"": ""https://portal.inmet.gov.br/uploads/dadoshistoricos/2025.zip"", ""method"": ""agregação anual observada por estação + IDW municipal em EPSG:31985; p=2; 3-6 estações; raio <=300 km; controle mínimo de completude"", ""verified"": true}"
2608750,2025,26.96676780136307,301.94482740317784,"{""temperatura_media_c"": {""n_estacoes"": 4, ""nearest_distance_km"": 100.19, ""max_distance_km"": 279.4, ""stations"": [""OURICURI"", ""CABROBO"", ""SALGUEIRO"", ""IBIMIRIM""], ""method"": ""IDW p=2; até 6 estações; raio máximo 300 km""}, ""precipitacao_anual_mm"": {""n_estacoes"": 5, ""nearest_distance_km"": 100.19, ""max_distance_km"": 279.4, ""stations"": [""OURICURI"", ""CABROBO"", ""SALGUEIRO"", ""SERRA TALHADA"", ""IBIMIRIM""], ""method"": ""IDW p=2; até 6 estações; raio máximo 300 km""}}","{""organization"": ""INMET"", ""dataset"": ""Dados Históricos Anuais - estações automáticas"", ""version"": ""2025"", ""retrieved_at"": ""2026-10-01"", ""reference_url"": ""https://portal.inmet.gov.br/uploads/dadoshistoricos/2025.zip"", ""method"": ""agregação anual observada por estação + IDW municipal em EPSG:31985; p=2; 3-6 estações; raio <=300 km; controle mínimo de completude"", ""verified"": true}"
2608800,2025,21.949640734241797,1150.9225232966864,"{""temperatura_media_c"": {""n_estacoes"": 5, ""nearest_distance_km"": 34.43, ""max_distance_km"": 158.32, ""stations"": [""GARANHUNS"", ""CARUARU"", ""PALMARES"", ""ARCO VERDE"", ""IBIMIRIM""], ""method"": ""IDW p=2; até 6 estações; raio máximo 300 km""}, ""precipitacao_anual_mm"": {""n_estacoes"": 6, ""nearest_distance_km"": 45.59, ""max_distance_km"": 235.87, ""stations"": [""CARUARU"", ""PALMARES"", ""ARCO VERDE"", ""SURUBIM"", ""IBIMIRIM"", ""SERRA TALHADA""], ""method"": ""IDW p=2; até 6 estações; raio máximo 300 km""}}","{""organization"": ""INMET"", ""dataset"": ""Dados Históricos Anuais - estações automáticas"", ""version"": ""2025"", ""retrieved_at"": ""2026-10-01"", ""reference_url"": ""https://portal.inmet.gov.br/uploads/dadoshistoricos/2025.zip"", ""method"": ""agregação anual observada por estação + IDW municipal em EPSG:31985; p=2; 3-6 estações; raio <=300 km; controle mínimo de completude"", ""verified"": true}"
2608909,2025,22.797328054195074,432.8667241322022,"{""temperatura_media_c"": {""n_estacoes"": 5, ""nearest_distance_km"": 85.23, ""max_distance_km"": 260.38, ""stations"": [""CARUARU"", ""PALMARES"", ""GARANHUNS"", ""ARCO VERDE"", ""IBIMIRIM""], ""method"": ""IDW p=2; até 6 estações; raio máximo 300 km""}, ""precipitacao_anual_mm"": {""n_estacoes"": 5, ""nearest_distance_km"": 37.79, ""max_distance_km"": 260.38, ""stations"": [""SURUBIM"", ""CARUARU"", ""PALMARES"", ""ARCO VERDE"", ""IBIMIRIM""], ""method"": ""IDW p=2; até 6 estações; raio máximo 300 km""}}","{""organization"": ""INMET"", ""dataset"": ""Dados Históricos Anuais - estações automáticas"", ""version"": ""2025"", ""retrieved_at"": ""2026-10-01"", ""reference_url"": ""https://portal.inmet.gov.br/uploads/dadoshistoricos/2025.zip"", ""method"": ""agregação anual observada por estação + IDW municipal em EPSG:31985; p=2; 3-6 estações; raio <=300 km; controle mínimo de completude"", ""verified"": true}"
2609006,2025,22.79924714083455,440.21849210424165,"{""temperatura_media_c"": {""n_estacoes"": 5, ""nearest_distance_km"": 111.7, ""max_distance_km"": 272.35, ""stations"": [""CARUARU"", ""PALMARES"", ""GARANHUNS"", ""ARCO VERDE"", ""IBIMIRIM""], ""method"": ""IDW p=2; até 6 estações; raio máximo 300 km""}, ""precipitacao_anual_mm"": {""n_estacoes"": 5, ""nearest_distance_km"": 51.22, ""max_distance_km"": 272.35, ""stations"": [""SURUBIM"", ""CARUARU"", ""PALMARES"", ""ARCO VERDE"", ""IBIMIRIM""], ""method"": ""IDW p=2; até 6 estações; raio máximo 300 km""}}","{""organization"": ""INMET"", ""dataset"": ""Dados Históricos Anuais - estações automáticas"", ""version"": ""2025"", ""retrieved_at"": ""2026-10-01"", ""reference_url"": ""https://portal.inmet.gov.br/uploads/dadoshistoricos/2025.zip"", ""method"": ""agregação anual observada por estação + IDW municipal em EPSG:31985; p=2; 3-6 estações; raio <=300 km; controle mínimo de completude"", ""verified"": true}"
2609105,2025,22.7330379021102,337.593877730986,"{""temperatura_media_c"": {""n_estacoes"": 5, ""nearest_distance_km"": 92.7, ""max_distance_km"": 259.89, ""stations"": [""CARUARU"", ""PALMARES"", ""GARANHUNS"", ""ARCO VERDE"", ""IBIMIRIM""], ""method"": ""IDW p=2; até 6 estações; raio máximo 300 km""}, ""precipitacao_anual_mm"": {""n_estacoes"": 5, ""nearest_distance_km"": 35.46, ""max_distance_km"": 259.89, ""stations"": [""SURUBIM"", ""CARUARU"", ""PALMARES"", ""ARCO VERDE"", ""IBIMIRIM""], ""method"": ""IDW p=2; até 6 estações; raio máximo 300 km""}}","{""organization"": ""INMET"", ""dataset"": ""Dados Históricos Anuais - estações automáticas"", ""version"": ""2025"", ""retrieved_at"": ""2026-10-01"", ""reference_url"": ""https://portal.inmet.gov.br/uploads/dadoshistoricos/2025.zip"", ""method"": ""agregação anual observada por estação + IDW municipal em EPSG:31985; p=2; 3-6 estações; raio <=300 km; controle mínimo de completude"", ""verified"": true}"
2609154,2025,24.925264107341302,522.4638454897475,"{""temperatura_media_c"": {""n_estacoes"": 6, ""nearest_distance_km"": 45.95, ""max_distance_km"": 199.33, ""stations"": [""IBIMIRIM"", ""ARCO VERDE"", ""GARANHUNS"", ""CARUARU"", ""SALGUEIRO"", ""CABROBO""], ""method"": ""IDW p=2; até 6 estações; raio máximo 300 km""}, ""precipitacao_anual_mm"": {""n_estacoes"": 6, ""nearest_distance_km"": 45.95, ""max_distance_km"": 199.33, ""stations"": [""IBIMIRIM"", ""ARCO VERDE"", ""SERRA TALHADA"", ""CARUARU"", ""SALGUEIRO"", ""CABROBO""], ""method"": ""IDW p=2; até 6 estações; raio máximo 300 km""}}","{""organization"": ""INMET"", ""dataset"": ""Dados Históricos Anuais - estações automáticas"", ""version"": ""2025"", ""retrieved_at"": ""2026-10-01"", ""reference_url"": ""https://portal.inmet.gov.br/uploads/dadoshistoricos/2025.zip"", ""method"": ""agregação anual observada por estação + IDW municipal em EPSG:31985; p=2; 3-6 estações; raio <=300 km; controle mínimo de completude"", ""verified"": true}"
2609204,2025,23.876148792179823,1508.2818706877279,"{""temperatura_media_c"": {""n_estacoes"": 5, ""nearest_distance_km"": 28.26, ""max_distance_km"": 217.97, ""stations"": [""PALMARES"", ""CARUARU"", ""GARANHUNS"", ""ARCO VERDE"", ""IBIMIRIM""], ""method"": ""IDW p=2; até 6 estações; raio máximo 300 km""}, ""precipitacao_anual_mm"": {""n_estacoes"": 6, ""nearest_distance_km"": 28.26, ""max_distance_km"": 296.12, ""stations"": [""PALMARES"", ""CARUARU"", ""SURUBIM"", ""ARCO VERDE"", ""IBIMIRIM"", ""SERRA TALHADA""], ""method"": ""IDW p=2; até 6 estações; raio máximo 300 km""}}","{""organization"": ""INMET"", ""dataset"": ""Dados Históricos Anuais - estações automáticas"", ""version"": ""2025"", ""retrieved_at"": ""2026-10-01"", ""reference_url"": ""https://portal.inmet.gov.br/uploads/dadoshistoricos/2025.zip"", ""method"": ""agregação anual observada por estação + IDW municipal em EPSG:31985; p=2; 3-6 estações; raio <=300 km; controle mínimo de completude"", ""verified"": true}"
2609303,2025,26.826413169566113,275.3109619066447,"{""temperatura_media_c"": {""n_estacoes"": 6, ""nearest_distance_km"": 41.37, ""max_distance_km"": 261.34, ""stations"": [""SALGUEIRO"", ""CABROBO"", ""IBIMIRIM"", ""OURICURI"", ""ARCO VERDE"", ""GARANHUNS""], ""method"": ""IDW p=2; até 6 estações; raio máximo 300 km""}, ""precipitacao_anual_mm"": {""n_estacoes"": 6, ""nearest_distance_km"": 41.37, ""max_distance_km"": 188.25, ""stations"": [""SALGUEIRO"", ""SERRA TALHADA"", ""CABROBO"", ""IBIMIRIM"", ""OURICURI"", ""ARCO VERDE""], ""method"": ""IDW p=2; até 6 estações; raio máximo 300 km""}}","{""organization"": ""INMET"", ""dataset"": ""Dados Históricos Anuais - estações automáticas"", ""version"": ""2025"", ""retrieved_at"": ""2026-10-01"", ""reference_url"": ""https://portal.inmet.gov.br/uploads/dadoshistoricos/2025.zip"", ""method"": ""agregação anual observada por estação + IDW municipal em EPSG:31985; p=2; 3-6 estações; raio <=300 km; controle mínimo de completude"", ""verified"": true}"
2609402,2025,23.32685538837821,983.0814646175427,"{""temperatura_media_c"": {""n_estacoes"": 5, ""nearest_distance_km"": 74.16, ""max_distance_km"": 285.81, ""stations"": [""PALMARES"", ""CARUARU"", ""GARANHUNS"", ""ARCO VERDE"", ""IBIMIRIM""], ""method"": ""IDW p=2; até 6 estações; raio máximo 300 km""}, ""precipitacao_anual_mm"": {""n_estacoes"": 5, ""nearest_distance_km"": 74.16, ""max_distance_km"": 285.81, ""stations"": [""PALMARES"", ""SURUBIM"", ""CARUARU"", ""ARCO VERDE"", ""IBIMIRIM""], ""method"": ""IDW p=2; até 6 estações; raio máximo 300 km""}}","{""organization"": ""INMET"", ""dataset"": ""Dados Históricos Anuais - estações automáticas"", ""version"": ""2025"", ""retrieved_at"": ""2026-10-01"", ""reference_url"": ""https://portal.inmet.gov.br/uploads/dadoshistoricos/2025.zip"", ""method"": ""agregação anual observada por estação + IDW municipal em EPSG:31985; p=2; 3-6 estações; raio <=300 km; controle mínimo de completude"", ""verified"": true}"
2609501,2025,22.953046156646252,615.9617365721397,"{""temperatura_media_c"": {""n_estacoes"": 5, ""nearest_distance_km"": 109.27, ""max_distance_km"": 286.62, ""stations"": [""PALMARES"", ""CARUARU"", ""GARANHUNS"", ""ARCO VERDE"", ""IBIMIRIM""], ""method"": ""IDW p=2; até 6 estações; raio máximo 300 km""}, ""precipitacao_anual_mm"": {""n_estacoes"": 5, ""nearest_distance_km"": 62.58, ""max_distance_km"": 286.62, ""stations"": [""SURUBIM"", ""PALMARES"", ""CARUARU"", ""ARCO VERDE"", ""IBIMIRIM""], ""method"": ""IDW p=2; até 6 estações; raio máximo 300 km""}}","{""organization"": ""INMET"", ""dataset"": ""Dados Históricos Anuais - estações automáticas"", ""version"": ""2025"", ""retrieved_at"": ""2026-10-01"", ""reference_url"": ""https://portal.inmet.gov.br/uploads/dadoshistoricos/2025.zip"", ""method"": ""agregação anual observada por estação + IDW municipal em EPSG:31985; p=2; 3-6 estações; raio <=300 km; controle mínimo de completude"", ""verified"": true}"
2609600,2025,23.078377012780237,938.4289544423951,"{""temperatura_media_c"": {""n_estacoes"": 4, ""nearest_distance_km"": 107.39, ""max_distance_km"": 246.33, ""stations"": [""PALMARES"", ""CARUARU"", ""GARANHUNS"", ""ARCO VERDE""], ""method"": ""IDW p=2; até 6 estações; raio máximo 300 km""}, ""precipitacao_anual_mm"": {""n_estacoes"": 4, ""nearest_distance_km"": 103.27, ""max_distance_km"": 246.33, ""stations"": [""SURUBIM"", ""PALMARES"", ""CARUARU"", ""ARCO VERDE""], ""method"": ""IDW p=2; até 6 estações; raio máximo 300 km""}}","{""organization"": ""INMET"", ""dataset"": ""Dados Históricos Anuais - estações automáticas"", ""version"": ""2025"", ""retrieved_at"": ""2026-10-01"", ""reference_url"": ""https://portal.inmet.gov.br/uploads/dadoshistoricos/2025.zip"", ""method"": ""agregação anual observada por estação + IDW municipal em EPSG:31985; p=2; 3-6 estações; raio <=300 km; controle mínimo de completude"", ""verified"": true}"
2609709,2025,22.63924742591933,225.06794458787874,"{""temperatura_media_c"": {""n_estacoes"": 5, ""nearest_distance_km"": 86.19, ""max_distance_km"": 249.69, ""stations"": [""CARUARU"", ""PALMARES"", ""GARANHUNS"", ""ARCO VERDE"", ""IBIMIRIM""], ""method"": ""IDW p=2; até 6 estações; raio máximo 300 km""}, ""precipitacao_anual_mm"": {""n_estacoes"": 6, ""nearest_distance_km"": 26.01, ""max_distance_km"": 299.26, ""stations"": [""SURUBIM"", ""CARUARU"", ""PALMARES"", ""ARCO VERDE"", ""IBIMIRIM"", ""SERRA TALHADA""], ""method"": ""IDW p=2; até 6 estações; raio máximo 300 km""}}","{""organization"": ""INMET"", ""dataset"": ""Dados Históricos Anuais - estações automáticas"", ""version"": ""2025"", ""retrieved_at"": ""2026-10-01"", ""reference_url"": ""https://portal.inmet.gov.br/uploads/dadoshistoricos/2025.zip"", ""method"": ""agregação anual observada por estação + IDW municipal em EPSG:31985; p=2; 3-6 estações; raio <=300 km; controle mínimo de completude"", ""verified"": true}"
2609808,2025,27.19063310227957,273.1348815501556,"{""temperatura_media_c"": {""n_estacoes"": 5, ""nearest_distance_km"": 30.75, ""max_distance_km"": 280.34, ""stations"": [""CABROBO"", ""SALGUEIRO"", ""OURICURI"", ""IBIMIRIM"", ""ARCO VERDE""], ""method"": ""IDW p=2; até 6 estações; raio máximo 300 km""}, ""precipitacao_anual_mm"": {""n_estacoes"": 6, ""nearest_distance_km"": 30.75, ""max_distance_km"": 280.34, ""stations"": [""CABROBO"", ""SALGUEIRO"", ""OURICURI"", ""SERRA TALHADA"", ""IBIMIRIM"", ""ARCO VERDE""], ""method"": ""IDW p=2; até 6 estações; raio máximo 300 km""}}","{""organization"": ""INMET"", ""dataset"": ""Dados Históricos Anuais - estações automáticas"", ""version"": ""2025"", ""retrieved_at"": ""2026-10-01"", ""reference_url"": ""https://portal.inmet.gov.br/uploads/dadoshistoricos/2025.zip"", ""method"": ""agregação anual observada por estação + IDW municipal em EPSG:31985; p=2; 3-6 estações; raio <=300 km; controle mínimo de completude"", ""verified"": true}"
2609907,2025,26.71439950982415,349.2179395452648,"{""temperatura_media_c"": {""n_estacoes"": 4, ""nearest_distance_km"": 11.26, ""max_distance_km"": 278.25, ""stations"": [""OURICURI"", ""CABROBO"", ""SALGUEIRO"", ""IBIMIRIM""], ""method"": ""IDW p=2; até 6 estações; raio máximo 300 km""}, ""precipitacao_anual_mm"": {""n_estacoes"": 5, ""nearest_distance_km"": 11.26, ""max_distance_km"": 278.25, ""stations"": [""OURICURI"", ""CABROBO"", ""SALGUEIRO"", ""SERRA TALHADA"", ""IBIMIRIM""], ""method"": ""IDW p=2; até 6 estações; raio máximo 300 km""}}","{""organization"": ""INMET"", ""dataset"": ""Dados Históricos Anuais - estações automáticas"", ""version"": ""2025"", ""retrieved_at"": ""2026-10-01"", ""reference_url"": ""https://portal.inmet.gov.br/uploads/dadoshistoricos/2025.zip"", ""method"": ""agregação anual observada por estação + IDW municipal em EPSG:31985; p=2; 3-6 estações; raio <=300 km; controle mínimo de completude"", ""verified"": true}"
2610004,2025,24.70247405054991,1674.8122831701742,"{""temperatura_media_c"": {""n_estacoes"": 5, ""nearest_distance_km"": 6.91, ""max_distance_km"": 230.12, ""stations"": [""PALMARES"", ""CARUARU"", ""GARANHUNS"", ""ARCO VERDE"", ""IBIMIRIM""], ""method"": ""IDW p=2; até 6 estações; raio máximo 300 km""}, ""precipitacao_anual_mm"": {""n_estacoes"": 5, ""nearest_distance_km"": 6.91, ""max_distance_km"": 230.12, ""stations"": [""PALMARES"", ""CARUARU"", ""SURUBIM"", ""ARCO VERDE"", ""IBIMIRIM""], ""method"": ""IDW p=2; até 6 estações; raio máximo 300 km""}}","{""organization"": ""INMET"", ""dataset"": ""Dados Históricos Anuais - estações automáticas"", ""version"": ""2025"", ""retrieved_at"": ""2026-10-01"", ""reference_url"": ""https://portal.inmet.gov.br/uploads/dadoshistoricos/2025.zip"", ""method"": ""agregação anual observada por estação + IDW municipal em EPSG:31985; p=2; 3-6 estações; raio <=300 km; controle mínimo de completude"", ""verified"": true}"
2610103,2025,21.9169709996184,1095.8197470790024,"{""temperatura_media_c"": {""n_estacoes"": 5, ""nearest_distance_km"": 26.21, ""max_distance_km"": 167.58, ""stations"": [""GARANHUNS"", ""CARUARU"", ""PALMARES"", ""ARCO VERDE"", ""IBIMIRIM""], ""method"": ""IDW p=2; até 6 estações; raio máximo 300 km""}, ""precipitacao_anual_mm"": {""n_estacoes"": 6, ""nearest_distance_km"": 77.59, ""max_distance_km"": 251.61, ""stations"": [""CARUARU"", ""PALMARES"", ""ARCO VERDE"", ""SURUBIM"", ""IBIMIRIM"", ""SERRA TALHADA""], ""method"": ""IDW p=2; até 6 estações; raio máximo 300 km""}}","{""organization"": ""INMET"", ""dataset"": ""Dados Históricos Anuais - estações automáticas"", ""version"": ""2025"", ""retrieved_at"": ""2026-10-01"", ""reference_url"": ""https://portal.inmet.gov.br/uploads/dadoshistoricos/2025.zip"", ""method"": ""agregação anual observada por estação + IDW municipal em EPSG:31985; p=2; 3-6 estações; raio <=300 km; controle mínimo de completude"", ""verified"": true}"
2610202,2025,22.100874657221613,1291.3227315156087,"{""temperatura_media_c"": {""n_estacoes"": 5, ""nearest_distance_km"": 34.28, ""max_distance_km"": 184.17, ""stations"": [""CARUARU"", ""PALMARES"", ""GARANHUNS"", ""ARCO VERDE"", ""IBIMIRIM""], ""method"": ""IDW p=2; até 6 estações; raio máximo 300 km""}, ""precipitacao_anual_mm"": {""n_estacoes"": 6, ""nearest_distance_km"": 34.28, ""max_distance_km"": 260.18, ""stations"": [""CARUARU"", ""PALMARES"", ""SURUBIM"", ""ARCO VERDE"", ""IBIMIRIM"", ""SERRA TALHADA""], ""method"": ""IDW p=2; até 6 estações; raio máximo 300 km""}}","{""organization"": ""INMET"", ""dataset"": ""Dados Históricos Anuais - estações automáticas"", ""version"": ""2025"", ""retrieved_at"": ""2026-10-01"", ""reference_url"": ""https://portal.inmet.gov.br/uploads/dadoshistoricos/2025.zip"", ""method"": ""agregação anual observada por estação + IDW municipal em EPSG:31985; p=2; 3-6 estações; raio <=300 km; controle mínimo de completude"", ""verified"": true}"
2610301,2025,22.008712591920116,834.0436609010288,"{""temperatura_media_c"": {""n_estacoes"": 6, ""nearest_distance_km"": 23.62, ""max_distance_km"": 279.74, ""stations"": [""GARANHUNS"", ""ARCO VERDE"", ""CARUARU"", ""IBIMIRIM"", ""PALMARES"", ""SALGUEIRO""], ""method"": ""IDW p=2; até 6 estações; raio máximo 300 km""}, ""precipitacao_anual_mm"": {""n_estacoes"": 6, ""nearest_distance_km"": 63.86, ""max_distance_km"": 203.97, ""stations"": [""ARCO VERDE"", ""CARUARU"", ""IBIMIRIM"", ""PALMARES"", ""SURUBIM"", ""SERRA TALHADA""], ""method"": ""IDW p=2; até 6 estações; raio máximo 300 km""}}","{""organization"": ""INMET"", ""dataset"": ""Dados Históricos Anuais - estações automáticas"", ""version"": ""2025"", ""retrieved_at"": ""2026-10-01"", ""reference_url"": ""https://portal.inmet.gov.br/uploads/dadoshistoricos/2025.zip"", ""method"": ""agregação anual observada por estação + IDW municipal em EPSG:31985; p=2; 3-6 estações; raio <=300 km; controle mínimo de completude"", ""verified"": true}"
2610400,2025,26.943684308999018,308.9896414348839,"{""temperatura_media_c"": {""n_estacoes"": 4, ""nearest_distance_km"": 47.92, ""max_distance_km"": 231.07, ""stations"": [""OURICURI"", ""CABROBO"", ""SALGUEIRO"", ""IBIMIRIM""], ""method"": ""IDW p=2; até 6 estações; raio máximo 300 km""}, ""precipitacao_anual_mm"": {""n_estacoes"": 5, ""nearest_distance_km"": 47.92, ""max_distance_km"": 231.07, ""stations"": [""OURICURI"", ""CABROBO"", ""SALGUEIRO"", ""SERRA TALHADA"", ""IBIMIRIM""], ""method"": ""IDW p=2; até 6 estações; raio máximo 300 km""}}","{""organization"": ""INMET"", ""dataset"": ""Dados Históricos Anuais - estações automáticas"", ""version"": ""2025"", ""retrieved_at"": ""2026-10-01"", ""reference_url"": ""https://portal.inmet.gov.br/uploads/dadoshistoricos/2025.zip"", ""method"": ""agregação anual observada por estação + IDW municipal em EPSG:31985; p=2; 3-6 estações; raio <=300 km; controle mínimo de completude"", ""verified"": true}"
2610509,2025,22.712480264224226,496.52171707322384,"{""temperatura_media_c"": {""n_estacoes"": 5, ""nearest_distance_km"": 65.35, ""max_distance_km"": 245.2, ""stations"": [""CARUARU"", ""PALMARES"", ""GARANHUNS"", ""ARCO VERDE"", ""IBIMIRIM""], ""method"": ""IDW p=2; até 6 estações; raio máximo 300 km""}, ""precipitacao_anual_mm"": {""n_estacoes"": 5, ""nearest_distance_km"": 32.82, ""max_distance_km"": 245.2, ""stations"": [""SURUBIM"", ""CARUARU"", ""PALMARES"", ""ARCO VERDE"", ""IBIMIRIM""], ""method"": ""IDW p=2; até 6 estações; raio máximo 300 km""}}","{""organization"": ""INMET"", ""dataset"": ""Dados Históricos Anuais - estações automáticas"", ""version"": ""2025"", ""retrieved_at"": ""2026-10-01"", ""reference_url"": ""https://portal.inmet.gov.br/uploads/dadoshistoricos/2025.zip"", ""method"": ""agregação anual observada por estação + IDW municipal em EPSG:31985; p=2; 3-6 estações; raio <=300 km; controle mínimo de completude"", ""verified"": true}"
2610608,2025,23.086241084971658,762.238372259668,"{""temperatura_media_c"": {""n_estacoes"": 5, ""nearest_distance_km"": 95.72, ""max_distance_km"": 289.93, ""stations"": [""PALMARES"", ""CARUARU"", ""GARANHUNS"", ""ARCO VERDE"", ""IBIMIRIM""], ""method"": ""IDW p=2; até 6 estações; raio máximo 300 km""}, ""precipitacao_anual_mm"": {""n_estacoes"": 5, ""nearest_distance_km"": 70.43, ""max_distance_km"": 289.93, ""stations"": [""SURUBIM"", ""PALMARES"", ""CARUARU"", ""ARCO VERDE"", ""IBIMIRIM""], ""method"": ""IDW p=2; até 6 estações; raio máximo 300 km""}}","{""organization"": ""INMET"", ""dataset"": ""Dados Históricos Anuais - estações automáticas"", ""version"": ""2025"", ""retrieved_at"": ""2026-10-01"", ""reference_url"": ""https://portal.inmet.gov.br/uploads/dadoshistoricos/2025.zip"", ""method"": ""agregação anual observada por estação + IDW municipal em EPSG:31985; p=2; 3-6 estações; raio <=300 km; controle mínimo de completude"", ""verified"": true}"
2610707,2025,23.031414609442464,900.7644080910903,"{""temperatura_media_c"": {""n_estacoes"": 4, ""nearest_distance_km"": 111.21, ""max_distance_km"": 246.04, ""stations"": [""PALMARES"", ""CARUARU"", ""GARANHUNS"", ""ARCO VERDE""], ""method"": ""IDW p=2; até 6 estações; raio máximo 300 km""}, ""precipitacao_anual_mm"": {""n_estacoes"": 4, ""nearest_distance_km"": 100.49, ""max_distance_km"": 246.04, ""stations"": [""SURUBIM"", ""PALMARES"", ""CARUARU"", ""ARCO VERDE""], ""method"": ""IDW p=2; até 6 estações; raio máximo 300 km""}}","{""organization"": ""INMET"", ""dataset"": ""Dados Históricos Anuais - estações automáticas"", ""version"": ""2025"", ""retrieved_at"": ""2026-10-01"", ""reference_url"": ""https://portal.inmet.gov.br/uploads/dadoshistoricos/2025.zip"", ""method"": ""agregação anual observada por estação + IDW municipal em EPSG:31985; p=2; 3-6 estações; raio <=300 km; controle mínimo de completude"", ""verified"": true}"
2610806,2025,23.165738501482885,717.9492523980535,"{""temperatura_media_c"": {""n_estacoes"": 6, ""nearest_distance_km"": 33.89, ""max_distance_km"": 252.87, ""stations"": [""ARCO VERDE"", ""GARANHUNS"", ""IBIMIRIM"", ""CARUARU"", ""PALMARES"", ""SALGUEIRO""], ""method"": ""IDW p=2; até 6 estações; raio máximo 300 km""}, ""precipitacao_anual_mm"": {""n_estacoes"": 6, ""nearest_distance_km"": 33.89, ""max_distance_km"": 174.76, ""stations"": [""ARCO VERDE"", ""IBIMIRIM"", ""CARUARU"", ""PALMARES"", ""SURUBIM"", ""SERRA TALHADA""], ""method"": ""IDW p=2; até 6 estações; raio máximo 300 km""}}","{""organization"": ""INMET"", ""dataset"": ""Dados Históricos Anuais - estações automáticas"", ""version"": ""2025"", ""retrieved_at"": ""2026-10-01"", ""reference_url"": ""https://portal.inmet.gov.br/uploads/dadoshistoricos/2025.zip"", ""method"": ""agregação anual observada por estação + IDW municipal em EPSG:31985; p=2; 3-6 estações; raio <=300 km; controle mínimo de completude"", ""verified"": true}"
2610905,2025,23.14207186593648,758.1724957343893,"{""temperatura_media_c"": {""n_estacoes"": 6, ""nearest_distance_km"": 35.19, ""max_distance_km"": 263.12, ""stations"": [""ARCO VERDE"", ""GARANHUNS"", ""CARUARU"", ""IBIMIRIM"", ""PALMARES"", ""SALGUEIRO""], ""method"": ""IDW p=2; até 6 estações; raio máximo 300 km""}, ""precipitacao_anual_mm"": {""n_estacoes"": 6, ""nearest_distance_km"": 35.19, ""max_distance_km"": 178.56, ""stations"": [""ARCO VERDE"", ""CARUARU"", ""IBIMIRIM"", ""SURUBIM"", ""PALMARES"", ""SERRA TALHADA""], ""method"": ""IDW p=2; até 6 estações; raio máximo 300 km""}}","{""organization"": ""INMET"", ""dataset"": ""Dados Históricos Anuais - estações automáticas"", ""version"": ""2025"", ""retrieved_at"": ""2026-10-01"", ""reference_url"": ""https://portal.inmet.gov.br/uploads/dadoshistoricos/2025.zip"", ""method"": ""agregação anual observada por estação + IDW municipal em EPSG:31985; p=2; 3-6 estações; raio <=300 km; controle mínimo de completude"", ""verified"": true}"
2611002,2025,25.85700162031044,370.26204403021745,"{""temperatura_media_c"": {""n_estacoes"": 6, ""nearest_distance_km"": 78.78, ""max_distance_km"": 228.48, ""stations"": [""IBIMIRIM"", ""CABROBO"", ""SALGUEIRO"", ""ARCO VERDE"", ""GARANHUNS"", ""OURICURI""], ""method"": ""IDW p=2; até 6 estações; raio máximo 300 km""}, ""precipitacao_anual_mm"": {""n_estacoes"": 6, ""nearest_distance_km"": 78.78, ""max_distance_km"": 228.48, ""stations"": [""IBIMIRIM"", ""SERRA TALHADA"", ""CABROBO"", ""SALGUEIRO"", ""ARCO VERDE"", ""OURICURI""], ""method"": ""IDW p=2; até 6 estações; raio máximo 300 km""}}","{""organization"": ""INMET"", ""dataset"": ""Dados Históricos Anuais - estações automáticas"", ""version"": ""2025"", ""retrieved_at"": ""2026-10-01"", ""reference_url"": ""https://portal.inmet.gov.br/uploads/dadoshistoricos/2025.zip"", ""method"": ""agregação anual observada por estação + IDW municipal em EPSG:31985; p=2; 3-6 estações; raio <=300 km; controle mínimo de completude"", ""verified"": true}"
2611101,2025,27.009899380279403,291.99589705115716,"{""temperatura_media_c"": {""n_estacoes"": 3, ""nearest_distance_km"": 136.69, ""max_distance_km"": 195.53, ""stations"": [""OURICURI"", ""CABROBO"", ""SALGUEIRO""], ""method"": ""IDW p=2; até 6 estações; raio máximo 300 km""}, ""precipitacao_anual_mm"": {""n_estacoes"": 4, ""nearest_distance_km"": 136.69, ""max_distance_km"": 278.71, ""stations"": [""OURICURI"", ""CABROBO"", ""SALGUEIRO"", ""SERRA TALHADA""], ""method"": ""IDW p=2; até 6 estações; raio máximo 300 km""}}","{""organization"": ""INMET"", ""dataset"": ""Dados Históricos Anuais - estações automáticas"", ""version"": ""2025"", ""retrieved_at"": ""2026-10-01"", ""reference_url"": ""https://portal.inmet.gov.br/uploads/dadoshistoricos/2025.zip"", ""method"": ""agregação anual observada por estação + IDW municipal em EPSG:31985; p=2; 3-6 estações; raio <=300 km; controle mínimo de completude"", ""verified"": true}"
2611200,2025,23.099597318197528,777.9085077709412,"{""temperatura_media_c"": {""n_estacoes"": 6, ""nearest_distance_km"": 44.44, ""max_distance_km"": 264.29, ""stations"": [""ARCO VERDE"", ""CARUARU"", ""GARANHUNS"", ""IBIMIRIM"", ""PALMARES"", ""SALGUEIRO""], ""method"": ""IDW p=2; até 6 estações; raio máximo 300 km""}, ""precipitacao_anual_mm"": {""n_estacoes"": 6, ""nearest_distance_km"": 44.44, ""max_distance_km"": 177.53, ""stations"": [""ARCO VERDE"", ""CARUARU"", ""SURUBIM"", ""IBIMIRIM"", ""PALMARES"", ""SERRA TALHADA""], ""method"": ""IDW p=2; até 6 estações; raio máximo 300 km""}}","{""organization"": ""INMET"", ""dataset"": ""Dados Históricos Anuais - estações automáticas"", ""version"": ""2025"", ""retrieved_at"": ""2026-10-01"", ""reference_url"": ""https://portal.inmet.gov.br/uploads/dadoshistoricos/2025.zip"", ""method"": ""agregação anual observada por estação + IDW municipal em EPSG:31985; p=2; 3-6 estações; raio <=300 km; controle mínimo de completude"", ""verified"": true}"
2611309,2025,23.25346898417609,972.4807410991864,"{""temperatura_media_c"": {""n_estacoes"": 5, ""nearest_distance_km"": 57.24, ""max_distance_km"": 258.98, ""stations"": [""PALMARES"", ""CARUARU"", ""GARANHUNS"", ""ARCO VERDE"", ""IBIMIRIM""], ""method"": ""IDW p=2; até 6 estações; raio máximo 300 km""}, ""precipitacao_anual_mm"": {""n_estacoes"": 5, ""nearest_distance_km"": 57.24, ""max_distance_km"": 258.98, ""stations"": [""PALMARES"", ""SURUBIM"", ""CARUARU"", ""ARCO VERDE"", ""IBIMIRIM""], ""method"": ""IDW p=2; até 6 estações; raio máximo 300 km""}}","{""organization"": ""INMET"", ""dataset"": ""Dados Históricos Anuais - estações automáticas"", ""version"": ""2025"", ""retrieved_at"": ""2026-10-01"", ""reference_url"": ""https://portal.inmet.gov.br/uploads/dadoshistoricos/2025.zip"", ""method"": ""agregação anual observada por estação + IDW municipal em EPSG:31985; p=2; 3-6 estações; raio <=300 km; controle mínimo de completude"", ""verified"": true}"
2611408,2025,23.64814492477853,1240.5436573775835,"{""temperatura_media_c"": {""n_estacoes"": 5, ""nearest_distance_km"": 42.35, ""max_distance_km"": 256.77, ""stations"": [""PALMARES"", ""CARUARU"", ""GARANHUNS"", ""ARCO VERDE"", ""IBIMIRIM""], ""method"": ""IDW p=2; até 6 estações; raio máximo 300 km""}, ""precipitacao_anual_mm"": {""n_estacoes"": 5, ""nearest_distance_km"": 42.35, ""max_distance_km"": 256.77, ""stations"": [""PALMARES"", ""SURUBIM"", ""CARUARU"", ""ARCO VERDE"", ""IBIMIRIM""], ""method"": ""IDW p=2; até 6 estações; raio máximo 300 km""}}","{""organization"": ""INMET"", ""dataset"": ""Dados Históricos Anuais - estações automáticas"", ""version"": ""2025"", ""retrieved_at"": ""2026-10-01"", ""reference_url"": ""https://portal.inmet.gov.br/uploads/dadoshistoricos/2025.zip"", ""method"": ""agregação anual observada por estação + IDW municipal em EPSG:31985; p=2; 3-6 estações; raio <=300 km; controle mínimo de completude"", ""verified"": true}"
2611507,2025,22.53519072289158,1283.5101485578662,"{""temperatura_media_c"": {""n_estacoes"": 5, ""nearest_distance_km"": 51.84, ""max_distance_km"": 189.07, ""stations"": [""GARANHUNS"", ""CARUARU"", ""PALMARES"", ""ARCO VERDE"", ""IBIMIRIM""], ""method"": ""IDW p=2; até 6 estações; raio máximo 300 km""}, ""precipitacao_anual_mm"": {""n_estacoes"": 6, ""nearest_distance_km"": 53.13, ""max_distance_km"": 268.59, ""stations"": [""CARUARU"", ""PALMARES"", ""SURUBIM"", ""ARCO VERDE"", ""IBIMIRIM"", ""SERRA TALHADA""], ""method"": ""IDW p=2; até 6 estações; raio máximo 300 km""}}","{""organization"": ""INMET"", ""dataset"": ""Dados Históricos Anuais - estações automáticas"", ""version"": ""2025"", ""retrieved_at"": ""2026-10-01"", ""reference_url"": ""https://portal.inmet.gov.br/uploads/dadoshistoricos/2025.zip"", ""method"": ""agregação anual observada por estação + IDW municipal em EPSG:31985; p=2; 3-6 estações; raio <=300 km; controle mínimo de completude"", ""verified"": true}"
2611533,2025,25.043912120244407,350.0786590640387,"{""temperatura_media_c"": {""n_estacoes"": 6, ""nearest_distance_km"": 89.14, ""max_distance_km"": 213.19, ""stations"": [""IBIMIRIM"", ""ARCO VERDE"", ""SALGUEIRO"", ""CABROBO"", ""GARANHUNS"", ""CARUARU""], ""method"": ""IDW p=2; até 6 estações; raio máximo 300 km""}, ""precipitacao_anual_mm"": {""n_estacoes"": 6, ""nearest_distance_km"": 55.9, ""max_distance_km"": 213.19, ""stations"": [""SERRA TALHADA"", ""IBIMIRIM"", ""ARCO VERDE"", ""SALGUEIRO"", ""CABROBO"", ""CARUARU""], ""method"": ""IDW p=2; até 6 estações; raio máximo 300 km""}}","{""organization"": ""INMET"", ""dataset"": ""Dados Históricos Anuais - estações automáticas"", ""version"": ""2025"", ""retrieved_at"": ""2026-10-01"", ""reference_url"": ""https://portal.inmet.gov.br/uploads/dadoshistoricos/2025.zip"", ""method"": ""agregação anual observada por estação + IDW municipal em EPSG:31985; p=2; 3-6 estações; raio <=300 km; controle mínimo de completude"", ""verified"": true}"
2611606,2025,23.11677908036198,952.271435859348,"{""temperatura_media_c"": {""n_estacoes"": 4, ""nearest_distance_km"": 98.55, ""max_distance_km"": 238.12, ""stations"": [""PALMARES"", ""CARUARU"", ""GARANHUNS"", ""ARCO VERDE""], ""method"": ""IDW p=2; até 6 estações; raio máximo 300 km""}, ""precipitacao_anual_mm"": {""n_estacoes"": 4, ""nearest_distance_km"": 97.03, ""max_distance_km"": 238.12, ""stations"": [""SURUBIM"", ""PALMARES"", ""CARUARU"", ""ARCO VERDE""], ""method"": ""IDW p=2; até 6 estações; raio máximo 300 km""}}","{""organization"": ""INMET"", ""dataset"": ""Dados Históricos Anuais - estações automáticas"", ""version"": ""2025"", ""retrieved_at"": ""2026-10-01"", ""reference_url"": ""https://portal.inmet.gov.br/uploads/dadoshistoricos/2025.zip"", ""method"": ""agregação anual observada por estação + IDW municipal em EPSG:31985; p=2; 3-6 estações; raio <=300 km; controle mínimo de completude"", ""verified"": true}"
2611705,2025,21.778063826918597,663.2722240601103,"{""temperatura_media_c"": {""n_estacoes"": 5, ""nearest_distance_km"": 34.33, ""max_distance_km"": 207.31, ""stations"": [""CARUARU"", ""PALMARES"", ""GARANHUNS"", ""ARCO VERDE"", ""IBIMIRIM""], ""method"": ""IDW p=2; até 6 estações; raio máximo 300 km""}, ""precipitacao_anual_mm"": {""n_estacoes"": 6, ""nearest_distance_km"": 28.41, ""max_distance_km"": 266.87, ""stations"": [""SURUBIM"", ""CARUARU"", ""PALMARES"", ""ARCO VERDE"", ""IBIMIRIM"", ""SERRA TALHADA""], ""method"": ""IDW p=2; até 6 estações; raio máximo 300 km""}}","{""organization"": ""INMET"", ""dataset"": ""Dados Históricos Anuais - estações automáticas"", ""version"": ""2025"", ""retrieved_at"": ""2026-10-01"", ""reference_url"": ""https://portal.inmet.gov.br/uploads/dadoshistoricos/2025.zip"", ""method"": ""agregação anual observada por estação + IDW municipal em EPSG:31985; p=2; 3-6 estações; raio <=300 km; controle mínimo de completude"", ""verified"": true}"
2611804,2025,24.186363189780515,1487.8892126659428,"{""temperatura_media_c"": {""n_estacoes"": 5, ""nearest_distance_km"": 28.53, ""max_distance_km"": 258.61, ""stations"": [""PALMARES"", ""CARUARU"", ""GARANHUNS"", ""ARCO VERDE"", ""IBIMIRIM""], ""method"": ""IDW p=2; até 6 estações; raio máximo 300 km""}, ""precipitacao_anual_mm"": {""n_estacoes"": 5, ""nearest_distance_km"": 28.53, ""max_distance_km"": 258.61, ""stations"": [""PALMARES"", ""CARUARU"", ""SURUBIM"", ""ARCO VERDE"", ""IBIMIRIM""], ""method"": ""IDW p=2; até 6 estações; raio máximo 300 km""}}","{""organization"": ""INMET"", ""dataset"": ""Dados Históricos Anuais - estações automáticas"", ""version"": ""2025"", ""retrieved_at"": ""2026-10-01"", ""reference_url"": ""https://portal.inmet.gov.br/uploads/dadoshistoricos/2025.zip"", ""method"": ""agregação anual observada por estação + IDW municipal em EPSG:31985; p=2; 3-6 estações; raio <=300 km; controle mínimo de completude"", ""verified"": true}"
2611903,2025,24.098573204650563,1461.3664652821471,"{""temperatura_media_c"": {""n_estacoes"": 5, ""nearest_distance_km"": 38.54, ""max_distance_km"": 275.5, ""stations"": [""PALMARES"", ""CARUARU"", ""GARANHUNS"", ""ARCO VERDE"", ""IBIMIRIM""], ""method"": ""IDW p=2; até 6 estações; raio máximo 300 km""}, ""precipitacao_anual_mm"": {""n_estacoes"": 5, ""nearest_distance_km"": 38.54, ""max_distance_km"": 275.5, ""stations"": [""PALMARES"", ""CARUARU"", ""SURUBIM"", ""ARCO VERDE"", ""IBIMIRIM""], ""method"": ""IDW p=2; até 6 estações; raio máximo 300 km""}}","{""organization"": ""INMET"", ""dataset"": ""Dados Históricos Anuais - estações automáticas"", ""version"": ""2025"", ""retrieved_at"": ""2026-10-01"", ""reference_url"": ""https://portal.inmet.gov.br/uploads/dadoshistoricos/2025.zip"", ""method"": ""agregação anual observada por estação + IDW municipal em EPSG:31985; p=2; 3-6 estações; raio <=300 km; controle mínimo de completude"", ""verified"": true}"
2612000,2025,22.670720033715963,1154.5202966192514,"{""temperatura_media_c"": {""n_estacoes"": 5, ""nearest_distance_km"": 38.37, ""max_distance_km"": 224.81, ""stations"": [""CARUARU"", ""PALMARES"", ""GARANHUNS"", ""ARCO VERDE"", ""IBIMIRIM""], ""method"": ""IDW p=2; até 6 estações; raio máximo 300 km""}, ""precipitacao_anual_mm"": {""n_estacoes"": 6, ""nearest_distance_km"": 38.37, ""max_distance_km"": 290.88, ""stations"": [""CARUARU"", ""PALMARES"", ""SURUBIM"", ""ARCO VERDE"", ""IBIMIRIM"", ""SERRA TALHADA""], ""method"": ""IDW p=2; até 6 estações; raio máximo 300 km""}}","{""organization"": ""INMET"", ""dataset"": ""Dados Históricos Anuais - estações automáticas"", ""version"": ""2025"", ""retrieved_at"": ""2026-10-01"", ""reference_url"": ""https://portal.inmet.gov.br/uploads/dadoshistoricos/2025.zip"", ""method"": ""agregação anual observada por estação + IDW municipal em EPSG:31985; p=2; 3-6 estações; raio <=300 km; controle mínimo de completude"", ""verified"": true}"
2612109,2025,22.593900383326904,267.9051889143045,"{""temperatura_media_c"": {""n_estacoes"": 5, ""nearest_distance_km"": 68.32, ""max_distance_km"": 242.81, ""stations"": [""CARUARU"", ""PALMARES"", ""GARANHUNS"", ""ARCO VERDE"", ""IBIMIRIM""], ""method"": ""IDW p=2; até 6 estações; raio máximo 300 km""}, ""precipitacao_anual_mm"": {""n_estacoes"": 6, ""nearest_distance_km"": 23.16, ""max_distance_km"": 298.47, ""stations"": [""SURUBIM"", ""CARUARU"", ""PALMARES"", ""ARCO VERDE"", ""IBIMIRIM"", ""SERRA TALHADA""], ""method"": ""IDW p=2; até 6 estações; raio máximo 300 km""}}","{""organization"": ""INMET"", ""dataset"": ""Dados Históricos Anuais - estações automáticas"", ""version"": ""2025"", ""retrieved_at"": ""2026-10-01"", ""reference_url"": ""https://portal.inmet.gov.br/uploads/dadoshistoricos/2025.zip"", ""method"": ""agregação anual observada por estação + IDW municipal em EPSG:31985; p=2; 3-6 estações; raio <=300 km; controle mínimo de completude"", ""verified"": true}"
2612208,2025,27.062525488415865,292.654334892722,"{""temperatura_media_c"": {""n_estacoes"": 6, ""nearest_distance_km"": 7.93, ""max_distance_km"": 299.6, ""stations"": [""SALGUEIRO"", ""CABROBO"", ""OURICURI"", ""IBIMIRIM"", ""ARCO VERDE"", ""GARANHUNS""], ""method"": ""IDW p=2; até 6 estações; raio máximo 300 km""}, ""precipitacao_anual_mm"": {""n_estacoes"": 6, ""nearest_distance_km"": 7.93, ""max_distance_km"": 227.43, ""stations"": [""SALGUEIRO"", ""CABROBO"", ""SERRA TALHADA"", ""OURICURI"", ""IBIMIRIM"", ""ARCO VERDE""], ""method"": ""IDW p=2; até 6 estações; raio máximo 300 km""}}","{""organization"": ""INMET"", ""dataset"": ""Dados Históricos Anuais - estações automáticas"", ""version"": ""2025"", ""retrieved_at"": ""2026-10-01"", ""reference_url"": ""https://portal.inmet.gov.br/uploads/dadoshistoricos/2025.zip"", ""method"": ""agregação anual observada por estação + IDW municipal em EPSG:31985; p=2; 3-6 estações; raio <=300 km; controle mínimo de completude"", ""verified"": true}"
2612307,2025,22.111884374512407,828.024526993794,"{""temperatura_media_c"": {""n_estacoes"": 6, ""nearest_distance_km"": 28.49, ""max_distance_km"": 280.22, ""stations"": [""GARANHUNS"", ""ARCO VERDE"", ""CARUARU"", ""IBIMIRIM"", ""PALMARES"", ""SALGUEIRO""], ""method"": ""IDW p=2; até 6 estações; raio máximo 300 km""}, ""precipitacao_anual_mm"": {""n_estacoes"": 6, ""nearest_distance_km"": 71.0, ""max_distance_km"": 206.76, ""stations"": [""ARCO VERDE"", ""CARUARU"", ""IBIMIRIM"", ""PALMARES"", ""SURUBIM"", ""SERRA TALHADA""], ""method"": ""IDW p=2; até 6 estações; raio máximo 300 km""}}","{""organization"": ""INMET"", ""dataset"": ""Dados Históricos Anuais - estações automáticas"", ""version"": ""2025"", ""retrieved_at"": ""2026-10-01"", ""reference_url"": ""https://portal.inmet.gov.br/uploads/dadoshistoricos/2025.zip"", ""method"": ""agregação anual observada por estação + IDW municipal em EPSG:31985; p=2; 3-6 estações; raio <=300 km; controle mínimo de completude"", ""verified"": true}"
2612406,2025,22.54953216750708,914.017543630992,"{""temperatura_media_c"": {""n_estacoes"": 6, ""nearest_distance_km"": 56.34, ""max_distance_km"": 283.54, ""stations"": [""ARCO VERDE"", ""CARUARU"", ""GARANHUNS"", ""PALMARES"", ""IBIMIRIM"", ""SALGUEIRO""], ""method"": ""IDW p=2; até 6 estações; raio máximo 300 km""}, ""precipitacao_anual_mm"": {""n_estacoes"": 6, ""nearest_distance_km"": 56.34, ""max_distance_km"": 198.16, ""stations"": [""ARCO VERDE"", ""CARUARU"", ""SURUBIM"", ""PALMARES"", ""IBIMIRIM"", ""SERRA TALHADA""], ""method"": ""IDW p=2; até 6 estações; raio máximo 300 km""}}","{""organization"": ""INMET"", ""dataset"": ""Dados Históricos Anuais - estações automáticas"", ""version"": ""2025"", ""retrieved_at"": ""2026-10-01"", ""reference_url"": ""https://portal.inmet.gov.br/uploads/dadoshistoricos/2025.zip"", ""method"": ""agregação anual observada por estação + IDW municipal em EPSG:31985; p=2; 3-6 estações; raio <=300 km; controle mínimo de completude"", ""verified"": true}"
2612455,2025,26.81968554447148,328.11771462258383,"{""temperatura_media_c"": {""n_estacoes"": 4, ""nearest_distance_km"": 50.31, ""max_distance_km"": 287.8, ""stations"": [""OURICURI"", ""CABROBO"", ""SALGUEIRO"", ""IBIMIRIM""], ""method"": ""IDW p=2; até 6 estações; raio máximo 300 km""}, ""precipitacao_anual_mm"": {""n_estacoes"": 5, ""nearest_distance_km"": 50.31, ""max_distance_km"": 287.8, ""stations"": [""OURICURI"", ""CABROBO"", ""SALGUEIRO"", ""SERRA TALHADA"", ""IBIMIRIM""], ""method"": ""IDW p=2; até 6 estações; raio máximo 300 km""}}","{""organization"": ""INMET"", ""dataset"": ""Dados Históricos Anuais - estações automáticas"", ""version"": ""2025"", ""retrieved_at"": ""2026-10-01"", ""reference_url"": ""https://portal.inmet.gov.br/uploads/dadoshistoricos/2025.zip"", ""method"": ""agregação anual observada por estação + IDW municipal em EPSG:31985; p=2; 3-6 estações; raio <=300 km; controle mínimo de completude"", ""verified"": true}"
2612471,2025,25.87918458758804,196.28619518941733,"{""temperatura_media_c"": {""n_estacoes"": 6, ""nearest_distance_km"": 89.41, ""max_distance_km"": 219.88, ""stations"": [""IBIMIRIM"", ""SALGUEIRO"", ""ARCO VERDE"", ""CABROBO"", ""OURICURI"", ""GARANHUNS""], ""method"": ""IDW p=2; até 6 estações; raio máximo 300 km""}, ""precipitacao_anual_mm"": {""n_estacoes"": 6, ""nearest_distance_km"": 17.59, ""max_distance_km"": 213.69, ""stations"": [""SERRA TALHADA"", ""IBIMIRIM"", ""SALGUEIRO"", ""ARCO VERDE"", ""CABROBO"", ""OURICURI""], ""method"": ""IDW p=2; até 6 estações; raio máximo 300 km""}}","{""organization"": ""INMET"", ""dataset"": ""Dados Históricos Anuais - estações automáticas"", ""version"": ""2025"", ""retrieved_at"": ""2026-10-01"", ""reference_url"": ""https://portal.inmet.gov.br/uploads/dadoshistoricos/2025.zip"", ""method"": ""agregação anual observada por estação + IDW municipal em EPSG:31985; p=2; 3-6 estações; raio <=300 km; controle mínimo de completude"", ""verified"": true}"
2612505,2025,22.304685922202943,750.262044594141,"{""temperatura_media_c"": {""n_estacoes"": 5, ""nearest_distance_km"": 61.17, ""max_distance_km"": 167.78, ""stations"": [""CARUARU"", ""ARCO VERDE"", ""GARANHUNS"", ""PALMARES"", ""IBIMIRIM""], ""method"": ""IDW p=2; até 6 estações; raio máximo 300 km""}, ""precipitacao_anual_mm"": {""n_estacoes"": 6, ""nearest_distance_km"": 59.29, ""max_distance_km"": 217.84, ""stations"": [""SURUBIM"", ""CARUARU"", ""ARCO VERDE"", ""PALMARES"", ""IBIMIRIM"", ""SERRA TALHADA""], ""method"": ""IDW p=2; até 6 estações; raio máximo 300 km""}}","{""organization"": ""INMET"", ""dataset"": ""Dados Históricos Anuais - estações automáticas"", ""version"": ""2025"", ""retrieved_at"": ""2026-10-01"", ""reference_url"": ""https://portal.inmet.gov.br/uploads/dadoshistoricos/2025.zip"", ""method"": ""agregação anual observada por estação + IDW municipal em EPSG:31985; p=2; 3-6 estações; raio <=300 km; controle mínimo de completude"", ""verified"": true}"
2612554,2025,26.84214790987266,322.991364569284,"{""temperatura_media_c"": {""n_estacoes"": 3, ""nearest_distance_km"": 64.25, ""max_distance_km"": 164.72, ""stations"": [""OURICURI"", ""CABROBO"", ""SALGUEIRO""], ""method"": ""IDW p=2; até 6 estações; raio máximo 300 km""}, ""precipitacao_anual_mm"": {""n_estacoes"": 4, ""nearest_distance_km"": 64.25, ""max_distance_km"": 254.17, ""stations"": [""OURICURI"", ""CABROBO"", ""SALGUEIRO"", ""SERRA TALHADA""], ""method"": ""IDW p=2; até 6 estações; raio máximo 300 km""}}","{""organization"": ""INMET"", ""dataset"": ""Dados Históricos Anuais - estações automáticas"", ""version"": ""2025"", ""retrieved_at"": ""2026-10-01"", ""reference_url"": ""https://portal.inmet.gov.br/uploads/dadoshistoricos/2025.zip"", ""method"": ""agregação anual observada por estação + IDW municipal em EPSG:31985; p=2; 3-6 estações; raio <=300 km; controle mínimo de completude"", ""verified"": true}"
2612604,2025,27.050351101788234,291.79519848803045,"{""temperatura_media_c"": {""n_estacoes"": 4, ""nearest_distance_km"": 67.82, ""max_distance_km"": 244.0, ""stations"": [""CABROBO"", ""OURICURI"", ""SALGUEIRO"", ""IBIMIRIM""], ""method"": ""IDW p=2; até 6 estações; raio máximo 300 km""}, ""precipitacao_anual_mm"": {""n_estacoes"": 5, ""nearest_distance_km"": 67.82, ""max_distance_km"": 244.0, ""stations"": [""CABROBO"", ""OURICURI"", ""SALGUEIRO"", ""SERRA TALHADA"", ""IBIMIRIM""], ""method"": ""IDW p=2; até 6 estações; raio máximo 300 km""}}","{""organization"": ""INMET"", ""dataset"": ""Dados Históricos Anuais - estações automáticas"", ""version"": ""2025"", ""retrieved_at"": ""2026-10-01"", ""reference_url"": ""https://portal.inmet.gov.br/uploads/dadoshistoricos/2025.zip"", ""method"": ""agregação anual observada por estação + IDW municipal em EPSG:31985; p=2; 3-6 estações; raio <=300 km; controle mínimo de completude"", ""verified"": true}"
2612703,2025,22.25412298855922,79.4311656524592,"{""temperatura_media_c"": {""n_estacoes"": 5, ""nearest_distance_km"": 60.97, ""max_distance_km"": 215.67, ""stations"": [""CARUARU"", ""PALMARES"", ""GARANHUNS"", ""ARCO VERDE"", ""IBIMIRIM""], ""method"": ""IDW p=2; até 6 estações; raio máximo 300 km""}, ""precipitacao_anual_mm"": {""n_estacoes"": 6, ""nearest_distance_km"": 10.41, ""max_distance_km"": 266.96, ""stations"": [""SURUBIM"", ""CARUARU"", ""PALMARES"", ""ARCO VERDE"", ""IBIMIRIM"", ""SERRA TALHADA""], ""method"": ""IDW p=2; até 6 estações; raio máximo 300 km""}}","{""organization"": ""INMET"", ""dataset"": ""Dados Históricos Anuais - estações automáticas"", ""version"": ""2025"", ""retrieved_at"": ""2026-10-01"", ""reference_url"": ""https://portal.inmet.gov.br/uploads/dadoshistoricos/2025.zip"", ""method"": ""agregação anual observada por estação + IDW municipal em EPSG:31985; p=2; 3-6 estações; raio <=300 km; controle mínimo de completude"", ""verified"": true}"
2612802,2025,24.35674815632036,471.4050711353732,"{""temperatura_media_c"": {""n_estacoes"": 6, ""nearest_distance_km"": 118.91, ""max_distance_km"": 239.7, ""stations"": [""ARCO VERDE"", ""IBIMIRIM"", ""CARUARU"", ""GARANHUNS"", ""SALGUEIRO"", ""CABROBO""], ""method"": ""IDW p=2; até 6 estações; raio máximo 300 km""}, ""precipitacao_anual_mm"": {""n_estacoes"": 6, ""nearest_distance_km"": 111.37, ""max_distance_km"": 196.53, ""stations"": [""SERRA TALHADA"", ""ARCO VERDE"", ""IBIMIRIM"", ""CARUARU"", ""SURUBIM"", ""SALGUEIRO""], ""method"": ""IDW p=2; até 6 estações; raio máximo 300 km""}}","{""organization"": ""INMET"", ""dataset"": ""Dados Históricos Anuais - estações automáticas"", ""version"": ""2025"", ""retrieved_at"": ""2026-10-01"", ""reference_url"": ""https://portal.inmet.gov.br/uploads/dadoshistoricos/2025.zip"", ""method"": ""agregação anual observada por estação + IDW municipal em EPSG:31985; p=2; 3-6 estações; raio <=300 km; controle mínimo de completude"", ""verified"": true}"
2612901,2025,23.064157824891474,1379.9968216266175,"{""temperatura_media_c"": {""n_estacoes"": 5, ""nearest_distance_km"": 40.49, ""max_distance_km"": 201.77, ""stations"": [""PALMARES"", ""CARUARU"", ""GARANHUNS"", ""ARCO VERDE"", ""IBIMIRIM""], ""method"": ""IDW p=2; até 6 estações; raio máximo 300 km""}, ""precipitacao_anual_mm"": {""n_estacoes"": 6, ""nearest_distance_km"": 40.49, ""max_distance_km"": 280.14, ""stations"": [""PALMARES"", ""CARUARU"", ""SURUBIM"", ""ARCO VERDE"", ""IBIMIRIM"", ""SERRA TALHADA""], ""method"": ""IDW p=2; até 6 estações; raio máximo 300 km""}}","{""organization"": ""INMET"", ""dataset"": ""Dados Históricos Anuais - estações automáticas"", ""version"": ""2025"", ""retrieved_at"": ""2026-10-01"", ""reference_url"": ""https://portal.inmet.gov.br/uploads/dadoshistoricos/2025.zip"", ""method"": ""agregação anual observada por estação + IDW municipal em EPSG:31985; p=2; 3-6 estações; raio <=300 km; controle mínimo de completude"", ""verified"": true}"
2613008,2025,22.167620867810218,1024.5933558511824,"{""temperatura_media_c"": {""n_estacoes"": 6, ""nearest_distance_km"": 41.79, ""max_distance_km"": 297.11, ""stations"": [""GARANHUNS"", ""CARUARU"", ""ARCO VERDE"", ""PALMARES"", ""IBIMIRIM"", ""SALGUEIRO""], ""method"": ""IDW p=2; até 6 estações; raio máximo 300 km""}, ""precipitacao_anual_mm"": {""n_estacoes"": 6, ""nearest_distance_km"": 50.64, ""max_distance_km"": 213.68, ""stations"": [""CARUARU"", ""ARCO VERDE"", ""PALMARES"", ""SURUBIM"", ""IBIMIRIM"", ""SERRA TALHADA""], ""method"": ""IDW p=2; até 6 estações; raio máximo 300 km""}}","{""organization"": ""INMET"", ""dataset"": ""Dados Históricos Anuais - estações automáticas"", ""version"": ""2025"", ""retrieved_at"": ""2026-10-01"", ""reference_url"": ""https://portal.inmet.gov.br/uploads/dadoshistoricos/2025.zip"", ""method"": ""agregação anual observada por estação + IDW municipal em EPSG:31985; p=2; 3-6 estações; raio <=300 km; controle mínimo de completude"", ""verified"": true}"
2613107,2025,21.120601884075242,1328.7514165958492,"{""temperatura_media_c"": {""n_estacoes"": 5, ""nearest_distance_km"": 13.54, ""max_distance_km"": 173.7, ""stations"": [""CARUARU"", ""PALMARES"", ""GARANHUNS"", ""ARCO VERDE"", ""IBIMIRIM""], ""method"": ""IDW p=2; até 6 estações; raio máximo 300 km""}, ""precipitacao_anual_mm"": {""n_estacoes"": 6, ""nearest_distance_km"": 13.54, ""max_distance_km"": 240.77, ""stations"": [""CARUARU"", ""SURUBIM"", ""PALMARES"", ""ARCO VERDE"", ""IBIMIRIM"", ""SERRA TALHADA""], ""method"": ""IDW p=2; até 6 estações; raio máximo 300 km""}}","{""organization"": ""INMET"", ""dataset"": ""Dados Históricos Anuais - estações automáticas"", ""version"": ""2025"", ""retrieved_at"": ""2026-10-01"", ""reference_url"": ""https://portal.inmet.gov.br/uploads/dadoshistoricos/2025.zip"", ""method"": ""agregação anual observada por estação + IDW municipal em EPSG:31985; p=2; 3-6 estações; raio <=300 km; controle mínimo de completude"", ""verified"": true}"
2613206,2025,21.681811959990057,1050.0488531475346,"{""temperatura_media_c"": {""n_estacoes"": 5, ""nearest_distance_km"": 13.2, ""max_distance_km"": 152.74, ""stations"": [""GARANHUNS"", ""CARUARU"", ""ARCO VERDE"", ""PALMARES"", ""IBIMIRIM""], ""method"": ""IDW p=2; até 6 estações; raio máximo 300 km""}, ""precipitacao_anual_mm"": {""n_estacoes"": 6, ""nearest_distance_km"": 69.61, ""max_distance_km"": 235.25, ""stations"": [""CARUARU"", ""ARCO VERDE"", ""PALMARES"", ""SURUBIM"", ""IBIMIRIM"", ""SERRA TALHADA""], ""method"": ""IDW p=2; até 6 estações; raio máximo 300 km""}}","{""organization"": ""INMET"", ""dataset"": ""Dados Históricos Anuais - estações automáticas"", ""version"": ""2025"", ""retrieved_at"": ""2026-10-01"", ""reference_url"": ""https://portal.inmet.gov.br/uploads/dadoshistoricos/2025.zip"", ""method"": ""agregação anual observada por estação + IDW municipal em EPSG:31985; p=2; 3-6 estações; raio <=300 km; controle mínimo de completude"", ""verified"": true}"
2613305,2025,21.999775744606698,1331.9904321937888,"{""temperatura_media_c"": {""n_estacoes"": 5, ""nearest_distance_km"": 23.21, ""max_distance_km"": 206.24, ""stations"": [""CARUARU"", ""PALMARES"", ""GARANHUNS"", ""ARCO VERDE"", ""IBIMIRIM""], ""method"": ""IDW p=2; até 6 estações; raio máximo 300 km""}, ""precipitacao_anual_mm"": {""n_estacoes"": 6, ""nearest_distance_km"": 23.21, ""max_distance_km"": 276.43, ""stations"": [""CARUARU"", ""PALMARES"", ""SURUBIM"", ""ARCO VERDE"", ""IBIMIRIM"", ""SERRA TALHADA""], ""method"": ""IDW p=2; até 6 estações; raio máximo 300 km""}}","{""organization"": ""INMET"", ""dataset"": ""Dados Históricos Anuais - estações automáticas"", ""version"": ""2025"", ""retrieved_at"": ""2026-10-01"", ""reference_url"": ""https://portal.inmet.gov.br/uploads/dadoshistoricos/2025.zip"", ""method"": ""agregação anual observada por estação + IDW municipal em EPSG:31985; p=2; 3-6 estações; raio <=300 km; controle mínimo de completude"", ""verified"": true}"
2613404,2025,23.969124343724904,1433.0522250072818,"{""temperatura_media_c"": {""n_estacoes"": 5, ""nearest_distance_km"": 47.54, ""max_distance_km"": 281.23, ""stations"": [""PALMARES"", ""CARUARU"", ""GARANHUNS"", ""ARCO VERDE"", ""IBIMIRIM""], ""method"": ""IDW p=2; até 6 estações; raio máximo 300 km""}, ""precipitacao_anual_mm"": {""n_estacoes"": 5, ""nearest_distance_km"": 47.54, ""max_distance_km"": 281.23, ""stations"": [""PALMARES"", ""CARUARU"", ""SURUBIM"", ""ARCO VERDE"", ""IBIMIRIM""], ""method"": ""IDW p=2; até 6 estações; raio máximo 300 km""}}","{""organization"": ""INMET"", ""dataset"": ""Dados Históricos Anuais - estações automáticas"", ""version"": ""2025"", ""retrieved_at"": ""2026-10-01"", ""reference_url"": ""https://portal.inmet.gov.br/uploads/dadoshistoricos/2025.zip"", ""method"": ""agregação anual observada por estação + IDW municipal em EPSG:31985; p=2; 3-6 estações; raio <=300 km; controle mínimo de completude"", ""verified"": true}"
2613503,2025,26.79271248756766,268.3456315755018,"{""temperatura_media_c"": {""n_estacoes"": 6, ""nearest_distance_km"": 44.32, ""max_distance_km"": 274.46, ""stations"": [""SALGUEIRO"", ""CABROBO"", ""IBIMIRIM"", ""OURICURI"", ""ARCO VERDE"", ""GARANHUNS""], ""method"": ""IDW p=2; até 6 estações; raio máximo 300 km""}, ""precipitacao_anual_mm"": {""n_estacoes"": 6, ""nearest_distance_km"": 44.32, ""max_distance_km"": 197.2, ""stations"": [""SALGUEIRO"", ""SERRA TALHADA"", ""CABROBO"", ""IBIMIRIM"", ""OURICURI"", ""ARCO VERDE""], ""method"": ""IDW p=2; até 6 estações; raio máximo 300 km""}}","{""organization"": ""INMET"", ""dataset"": ""Dados Históricos Anuais - estações automáticas"", ""version"": ""2025"", ""retrieved_at"": ""2026-10-01"", ""reference_url"": ""https://portal.inmet.gov.br/uploads/dadoshistoricos/2025.zip"", ""method"": ""agregação anual observada por estação + IDW municipal em EPSG:31985; p=2; 3-6 estações; raio <=300 km; controle mínimo de completude"", ""verified"": true}"
2613602,2025,23.97153607096585,512.8185796025886,"{""temperatura_media_c"": {""n_estacoes"": 6, ""nearest_distance_km"": 103.43, ""max_distance_km"": 226.64, ""stations"": [""ARCO VERDE"", ""IBIMIRIM"", ""CARUARU"", ""GARANHUNS"", ""SALGUEIRO"", ""PALMARES""], ""method"": ""IDW p=2; até 6 estações; raio máximo 300 km""}, ""precipitacao_anual_mm"": {""n_estacoes"": 6, ""nearest_distance_km"": 103.43, ""max_distance_km"": 210.3, ""stations"": [""ARCO VERDE"", ""IBIMIRIM"", ""SERRA TALHADA"", ""CARUARU"", ""SURUBIM"", ""SALGUEIRO""], ""method"": ""IDW p=2; até 6 estações; raio máximo 300 km""}}","{""organization"": ""INMET"", ""dataset"": ""Dados Históricos Anuais - estações automáticas"", ""version"": ""2025"", ""retrieved_at"": ""2026-10-01"", ""reference_url"": ""https://portal.inmet.gov.br/uploads/dadoshistoricos/2025.zip"", ""method"": ""agregação anual observada por estação + IDW municipal em EPSG:31985; p=2; 3-6 estações; raio <=300 km; controle mínimo de completude"", ""verified"": true}"
2613701,2025,23.20504652592703,879.7048042260157,"{""temperatura_media_c"": {""n_estacoes"": 5, ""nearest_distance_km"": 87.66, ""max_distance_km"": 292.69, ""stations"": [""PALMARES"", ""CARUARU"", ""GARANHUNS"", ""ARCO VERDE"", ""IBIMIRIM""], ""method"": ""IDW p=2; até 6 estações; raio máximo 300 km""}, ""precipitacao_anual_mm"": {""n_estacoes"": 5, ""nearest_distance_km"": 78.29, ""max_distance_km"": 292.69, ""stations"": [""SURUBIM"", ""PALMARES"", ""CARUARU"", ""ARCO VERDE"", ""IBIMIRIM""], ""method"": ""IDW p=2; até 6 estações; raio máximo 300 km""}}","{""organization"": ""INMET"", ""dataset"": ""Dados Históricos Anuais - estações automáticas"", ""version"": ""2025"", ""retrieved_at"": ""2026-10-01"", ""reference_url"": ""https://portal.inmet.gov.br/uploads/dadoshistoricos/2025.zip"", ""method"": ""agregação anual observada por estação + IDW municipal em EPSG:31985; p=2; 3-6 estações; raio <=300 km; controle mínimo de completude"", ""verified"": true}"
2613800,2025,22.757985490819014,378.37621132393383,"{""temperatura_media_c"": {""n_estacoes"": 5, ""nearest_distance_km"": 102.07, ""max_distance_km"": 264.91, ""stations"": [""CARUARU"", ""PALMARES"", ""GARANHUNS"", ""ARCO VERDE"", ""IBIMIRIM""], ""method"": ""IDW p=2; até 6 estações; raio máximo 300 km""}, ""precipitacao_anual_mm"": {""n_estacoes"": 5, ""nearest_distance_km"": 42.23, ""max_distance_km"": 264.91, ""stations"": [""SURUBIM"", ""CARUARU"", ""PALMARES"", ""ARCO VERDE"", ""IBIMIRIM""], ""method"": ""IDW p=2; até 6 estações; raio máximo 300 km""}}","{""organization"": ""INMET"", ""dataset"": ""Dados Históricos Anuais - estações automáticas"", ""version"": ""2025"", ""retrieved_at"": ""2026-10-01"", ""reference_url"": ""https://portal.inmet.gov.br/uploads/dadoshistoricos/2025.zip"", ""method"": ""agregação anual observada por estação + IDW municipal em EPSG:31985; p=2; 3-6 estações; raio <=300 km; controle mínimo de completude"", ""verified"": true}"
2613909,2025,26.200312761493777,185.8074785290486,"{""temperatura_media_c"": {""n_estacoes"": 6, ""nearest_distance_km"": 80.47, ""max_distance_km"": 228.74, ""stations"": [""SALGUEIRO"", ""IBIMIRIM"", ""CABROBO"", ""ARCO VERDE"", ""OURICURI"", ""GARANHUNS""], ""method"": ""IDW p=2; até 6 estações; raio máximo 300 km""}, ""precipitacao_anual_mm"": {""n_estacoes"": 6, ""nearest_distance_km"": 12.29, ""max_distance_km"": 192.85, ""stations"": [""SERRA TALHADA"", ""SALGUEIRO"", ""IBIMIRIM"", ""CABROBO"", ""ARCO VERDE"", ""OURICURI""], ""method"": ""IDW p=2; até 6 estações; raio máximo 300 km""}}","{""organization"": ""INMET"", ""dataset"": ""Dados Históricos Anuais - estações automáticas"", ""version"": ""2025"", ""retrieved_at"": ""2026-10-01"", ""reference_url"": ""https://portal.inmet.gov.br/uploads/dadoshistoricos/2025.zip"", ""method"": ""agregação anual observada por estação + IDW municipal em EPSG:31985; p=2; 3-6 estações; raio <=300 km; controle mínimo de completude"", ""verified"": true}"
2614006,2025,26.988347178477152,296.57735103068615,"{""temperatura_media_c"": {""n_estacoes"": 5, ""nearest_distance_km"": 39.2, ""max_distance_km"": 265.34, ""stations"": [""SALGUEIRO"", ""CABROBO"", ""OURICURI"", ""IBIMIRIM"", ""ARCO VERDE""], ""method"": ""IDW p=2; até 6 estações; raio máximo 300 km""}, ""precipitacao_anual_mm"": {""n_estacoes"": 6, ""nearest_distance_km"": 39.2, ""max_distance_km"": 265.34, ""stations"": [""SALGUEIRO"", ""CABROBO"", ""OURICURI"", ""SERRA TALHADA"", ""IBIMIRIM"", ""ARCO VERDE""], ""method"": ""IDW p=2; até 6 estações; raio máximo 300 km""}}","{""organization"": ""INMET"", ""dataset"": ""Dados Históricos Anuais - estações automáticas"", ""version"": ""2025"", ""retrieved_at"": ""2026-10-01"", ""reference_url"": ""https://portal.inmet.gov.br/uploads/dadoshistoricos/2025.zip"", ""method"": ""agregação anual observada por estação + IDW municipal em EPSG:31985; p=2; 3-6 estações; raio <=300 km; controle mínimo de completude"", ""verified"": true}"
2614105,2025,24.193760387269208,584.3460144276847,"{""temperatura_media_c"": {""n_estacoes"": 6, ""nearest_distance_km"": 39.72, ""max_distance_km"": 201.53, ""stations"": [""ARCO VERDE"", ""IBIMIRIM"", ""GARANHUNS"", ""CARUARU"", ""SALGUEIRO"", ""PALMARES""], ""method"": ""IDW p=2; até 6 estações; raio máximo 300 km""}, ""precipitacao_anual_mm"": {""n_estacoes"": 6, ""nearest_distance_km"": 39.72, ""max_distance_km"": 195.31, ""stations"": [""ARCO VERDE"", ""IBIMIRIM"", ""SERRA TALHADA"", ""CARUARU"", ""SURUBIM"", ""SALGUEIRO""], ""method"": ""IDW p=2; até 6 estações; raio máximo 300 km""}}","{""organization"": ""INMET"", ""dataset"": ""Dados Históricos Anuais - estações automáticas"", ""version"": ""2025"", ""retrieved_at"": ""2026-10-01"", ""reference_url"": ""https://portal.inmet.gov.br/uploads/dadoshistoricos/2025.zip"", ""method"": ""agregação anual observada por estação + IDW municipal em EPSG:31985; p=2; 3-6 estações; raio <=300 km; controle mínimo de completude"", ""verified"": true}"
2614204,2025,23.954086251490992,1388.901636883985,"{""temperatura_media_c"": {""n_estacoes"": 5, ""nearest_distance_km"": 44.85, ""max_distance_km"": 280.08, ""stations"": [""PALMARES"", ""CARUARU"", ""GARANHUNS"", ""ARCO VERDE"", ""IBIMIRIM""], ""method"": ""IDW p=2; até 6 estações; raio máximo 300 km""}, ""precipitacao_anual_mm"": {""n_estacoes"": 5, ""nearest_distance_km"": 44.85, ""max_distance_km"": 280.08, ""stations"": [""PALMARES"", ""CARUARU"", ""SURUBIM"", ""ARCO VERDE"", ""IBIMIRIM""], ""method"": ""IDW p=2; até 6 estações; raio máximo 300 km""}}","{""organization"": ""INMET"", ""dataset"": ""Dados Históricos Anuais - estações automáticas"", ""version"": ""2025"", ""retrieved_at"": ""2026-10-01"", ""reference_url"": ""https://portal.inmet.gov.br/uploads/dadoshistoricos/2025.zip"", ""method"": ""agregação anual observada por estação + IDW municipal em EPSG:31985; p=2; 3-6 estações; raio <=300 km; controle mínimo de completude"", ""verified"": true}"
2614303,2025,26.867557854315436,310.00029423598,"{""temperatura_media_c"": {""n_estacoes"": 5, ""nearest_distance_km"": 68.05, ""max_distance_km"": 287.63, ""stations"": [""SALGUEIRO"", ""OURICURI"", ""CABROBO"", ""IBIMIRIM"", ""ARCO VERDE""], ""method"": ""IDW p=2; até 6 estações; raio máximo 300 km""}, ""precipitacao_anual_mm"": {""n_estacoes"": 6, ""nearest_distance_km"": 68.05, ""max_distance_km"": 287.63, ""stations"": [""SALGUEIRO"", ""OURICURI"", ""CABROBO"", ""SERRA TALHADA"", ""IBIMIRIM"", ""ARCO VERDE""], ""method"": ""IDW p=2; até 6 estações; raio máximo 300 km""}}","{""organization"": ""INMET"", ""dataset"": ""Dados Históricos Anuais - estações automáticas"", ""version"": ""2025"", ""retrieved_at"": ""2026-10-01"", ""reference_url"": ""https://portal.inmet.gov.br/uploads/dadoshistoricos/2025.zip"", ""method"": ""agregação anual observada por estação + IDW municipal em EPSG:31985; p=2; 3-6 estações; raio <=300 km; controle mínimo de completude"", ""verified"": true}"
2614402,2025,24.69913402890223,418.13301566709094,"{""temperatura_media_c"": {""n_estacoes"": 6, ""nearest_distance_km"": 102.77, ""max_distance_km"": 210.57, ""stations"": [""IBIMIRIM"", ""ARCO VERDE"", ""SALGUEIRO"", ""GARANHUNS"", ""CARUARU"", ""CABROBO""], ""method"": ""IDW p=2; até 6 estações; raio máximo 300 km""}, ""precipitacao_anual_mm"": {""n_estacoes"": 6, ""nearest_distance_km"": 82.18, ""max_distance_km"": 207.64, ""stations"": [""SERRA TALHADA"", ""IBIMIRIM"", ""ARCO VERDE"", ""SALGUEIRO"", ""CARUARU"", ""SURUBIM""], ""method"": ""IDW p=2; até 6 estações; raio máximo 300 km""}}","{""organization"": ""INMET"", ""dataset"": ""Dados Históricos Anuais - estações automáticas"", ""version"": ""2025"", ""retrieved_at"": ""2026-10-01"", ""reference_url"": ""https://portal.inmet.gov.br/uploads/dadoshistoricos/2025.zip"", ""method"": ""agregação anual observada por estação + IDW municipal em EPSG:31985; p=2; 3-6 estações; raio <=300 km; controle mínimo de completude"", ""verified"": true}"
2614501,2025,22.32739790874864,47.80121345643852,"{""temperatura_media_c"": {""n_estacoes"": 5, ""nearest_distance_km"": 59.61, ""max_distance_km"": 226.61, ""stations"": [""CARUARU"", ""PALMARES"", ""GARANHUNS"", ""ARCO VERDE"", ""IBIMIRIM""], ""method"": ""IDW p=2; até 6 estações; raio máximo 300 km""}, ""precipitacao_anual_mm"": {""n_estacoes"": 6, ""nearest_distance_km"": 6.74, ""max_distance_km"": 280.8, ""stations"": [""SURUBIM"", ""CARUARU"", ""PALMARES"", ""ARCO VERDE"", ""IBIMIRIM"", ""SERRA TALHADA""], ""method"": ""IDW p=2; até 6 estações; raio máximo 300 km""}}","{""organization"": ""INMET"", ""dataset"": ""Dados Históricos Anuais - estações automáticas"", ""version"": ""2025"", ""retrieved_at"": ""2026-10-01"", ""reference_url"": ""https://portal.inmet.gov.br/uploads/dadoshistoricos/2025.zip"", ""method"": ""agregação anual observada por estação + IDW municipal em EPSG:31985; p=2; 3-6 estações; raio <=300 km; controle mínimo de completude"", ""verified"": true}"
2614600,2025,24.484501938680975,458.91426972429707,"{""temperatura_media_c"": {""n_estacoes"": 6, ""nearest_distance_km"": 105.65, ""max_distance_km"": 224.41, ""stations"": [""IBIMIRIM"", ""ARCO VERDE"", ""SALGUEIRO"", ""CARUARU"", ""GARANHUNS"", ""CABROBO""], ""method"": ""IDW p=2; até 6 estações; raio máximo 300 km""}, ""precipitacao_anual_mm"": {""n_estacoes"": 6, ""nearest_distance_km"": 96.08, ""max_distance_km"": 192.63, ""stations"": [""SERRA TALHADA"", ""IBIMIRIM"", ""ARCO VERDE"", ""SALGUEIRO"", ""CARUARU"", ""SURUBIM""], ""method"": ""IDW p=2; até 6 estações; raio máximo 300 km""}}","{""organization"": ""INMET"", ""dataset"": ""Dados Históricos Anuais - estações automáticas"", ""version"": ""2025"", ""retrieved_at"": ""2026-10-01"", ""reference_url"": ""https://portal.inmet.gov.br/uploads/dadoshistoricos/2025.zip"", ""method"": ""agregação anual observada por estação + IDW municipal em EPSG:31985; p=2; 3-6 estações; raio <=300 km; controle mínimo de completude"", ""verified"": true}"
2614709,2025,21.545992426294358,1210.9992834275367,"{""temperatura_media_c"": {""n_estacoes"": 5, ""nearest_distance_km"": 26.68, ""max_distance_km"": 160.07, ""stations"": [""CARUARU"", ""GARANHUNS"", ""PALMARES"", ""ARCO VERDE"", ""IBIMIRIM""], ""method"": ""IDW p=2; até 6 estações; raio máximo 300 km""}, ""precipitacao_anual_mm"": {""n_estacoes"": 6, ""nearest_distance_km"": 26.68, ""max_distance_km"": 227.9, ""stations"": [""CARUARU"", ""SURUBIM"", ""PALMARES"", ""ARCO VERDE"", ""IBIMIRIM"", ""SERRA TALHADA""], ""method"": ""IDW p=2; até 6 estações; raio máximo 300 km""}}","{""organization"": ""INMET"", ""dataset"": ""Dados Históricos Anuais - estações automáticas"", ""version"": ""2025"", ""retrieved_at"": ""2026-10-01"", ""reference_url"": ""https://portal.inmet.gov.br/uploads/dadoshistoricos/2025.zip"", ""method"": ""agregação anual observada por estação + IDW municipal em EPSG:31985; p=2; 3-6 estações; raio <=300 km; controle mínimo de completude"", ""verified"": true}"
2614808,2025,25.363008634392838,449.7907498386363,"{""temperatura_media_c"": {""n_estacoes"": 6, ""nearest_distance_km"": 63.92, ""max_distance_km"": 235.5, ""stations"": [""IBIMIRIM"", ""ARCO VERDE"", ""CABROBO"", ""SALGUEIRO"", ""GARANHUNS"", ""CARUARU""], ""method"": ""IDW p=2; até 6 estações; raio máximo 300 km""}, ""precipitacao_anual_mm"": {""n_estacoes"": 6, ""nearest_distance_km"": 63.92, ""max_distance_km"": 235.5, ""stations"": [""IBIMIRIM"", ""SERRA TALHADA"", ""ARCO VERDE"", ""CABROBO"", ""SALGUEIRO"", ""CARUARU""], ""method"": ""IDW p=2; até 6 estações; raio máximo 300 km""}}","{""organization"": ""INMET"", ""dataset"": ""Dados Históricos Anuais - estações automáticas"", ""version"": ""2025"", ""retrieved_at"": ""2026-10-01"", ""reference_url"": ""https://portal.inmet.gov.br/uploads/dadoshistoricos/2025.zip"", ""method"": ""agregação anual observada por estação + IDW municipal em EPSG:31985; p=2; 3-6 estações; raio <=300 km; controle mínimo de completude"", ""verified"": true}"
2614857,2025,24.117631895489254,1476.8748198863448,"{""temperatura_media_c"": {""n_estacoes"": 5, ""nearest_distance_km"": 38.23, ""max_distance_km"": 274.8, ""stations"": [""PALMARES"", ""CARUARU"", ""GARANHUNS"", ""ARCO VERDE"", ""IBIMIRIM""], ""method"": ""IDW p=2; até 6 estações; raio máximo 300 km""}, ""precipitacao_anual_mm"": {""n_estacoes"": 5, ""nearest_distance_km"": 38.23, ""max_distance_km"": 274.8, ""stations"": [""PALMARES"", ""CARUARU"", ""SURUBIM"", ""ARCO VERDE"", ""IBIMIRIM""], ""method"": ""IDW p=2; até 6 estações; raio máximo 300 km""}}","{""organization"": ""INMET"", ""dataset"": ""Dados Históricos Anuais - estações automáticas"", ""version"": ""2025"", ""retrieved_at"": ""2026-10-01"", ""reference_url"": ""https://portal.inmet.gov.br/uploads/dadoshistoricos/2025.zip"", ""method"": ""agregação anual observada por estação + IDW municipal em EPSG:31985; p=2; 3-6 estações; raio <=300 km; controle mínimo de completude"", ""verified"": true}"
2615003,2025,22.12493739778846,551.7639393255923,"{""temperatura_media_c"": {""n_estacoes"": 5, ""nearest_distance_km"": 55.05, ""max_distance_km"": 188.43, ""stations"": [""CARUARU"", ""PALMARES"", ""ARCO VERDE"", ""GARANHUNS"", ""IBIMIRIM""], ""method"": ""IDW p=2; até 6 estações; raio máximo 300 km""}, ""precipitacao_anual_mm"": {""n_estacoes"": 6, ""nearest_distance_km"": 37.67, ""max_distance_km"": 239.42, ""stations"": [""SURUBIM"", ""CARUARU"", ""PALMARES"", ""ARCO VERDE"", ""IBIMIRIM"", ""SERRA TALHADA""], ""method"": ""IDW p=2; até 6 estações; raio máximo 300 km""}}","{""organization"": ""INMET"", ""dataset"": ""Dados Históricos Anuais - estações automáticas"", ""version"": ""2025"", ""retrieved_at"": ""2026-10-01"", ""reference_url"": ""https://portal.inmet.gov.br/uploads/dadoshistoricos/2025.zip"", ""method"": ""agregação anual observada por estação + IDW municipal em EPSG:31985; p=2; 3-6 estações; raio <=300 km; controle mínimo de completude"", ""verified"": true}"
2615102,2025,21.915057049138714,888.0492889928245,"{""temperatura_media_c"": {""n_estacoes"": 6, ""nearest_distance_km"": 23.88, ""max_distance_km"": 294.83, ""stations"": [""GARANHUNS"", ""ARCO VERDE"", ""CARUARU"", ""PALMARES"", ""IBIMIRIM"", ""SALGUEIRO""], ""method"": ""IDW p=2; até 6 estações; raio máximo 300 km""}, ""precipitacao_anual_mm"": {""n_estacoes"": 6, ""nearest_distance_km"": 85.34, ""max_distance_km"": 221.96, ""stations"": [""ARCO VERDE"", ""CARUARU"", ""PALMARES"", ""IBIMIRIM"", ""SURUBIM"", ""SERRA TALHADA""], ""method"": ""IDW p=2; até 6 estações; raio máximo 300 km""}}","{""organization"": ""INMET"", ""dataset"": ""Dados Históricos Anuais - estações automáticas"", ""version"": ""2025"", ""retrieved_at"": ""2026-10-01"", ""reference_url"": ""https://portal.inmet.gov.br/uploads/dadoshistoricos/2025.zip"", ""method"": ""agregação anual observada por estação + IDW municipal em EPSG:31985; p=2; 3-6 estações; raio <=300 km; controle mínimo de completude"", ""verified"": true}"
2615201,2025,27.094589456980803,285.16328411798156,"{""temperatura_media_c"": {""n_estacoes"": 5, ""nearest_distance_km"": 35.19, ""max_distance_km"": 260.77, ""stations"": [""SALGUEIRO"", ""CABROBO"", ""OURICURI"", ""IBIMIRIM"", ""ARCO VERDE""], ""method"": ""IDW p=2; até 6 estações; raio máximo 300 km""}, ""precipitacao_anual_mm"": {""n_estacoes"": 6, ""nearest_distance_km"": 35.19, ""max_distance_km"": 260.77, ""stations"": [""SALGUEIRO"", ""CABROBO"", ""OURICURI"", ""SERRA TALHADA"", ""IBIMIRIM"", ""ARCO VERDE""], ""method"": ""IDW p=2; até 6 estações; raio máximo 300 km""}}","{""organization"": ""INMET"", ""dataset"": ""Dados Históricos Anuais - estações automáticas"", ""version"": ""2025"", ""retrieved_at"": ""2026-10-01"", ""reference_url"": ""https://portal.inmet.gov.br/uploads/dadoshistoricos/2025.zip"", ""method"": ""agregação anual observada por estação + IDW municipal em EPSG:31985; p=2; 3-6 estações; raio <=300 km; controle mínimo de completude"", ""verified"": true}"
2615300,2025,22.861214310095978,516.509080748608,"{""temperatura_media_c"": {""n_estacoes"": 5, ""nearest_distance_km"": 118.36, ""max_distance_km"": 283.08, ""stations"": [""CARUARU"", ""PALMARES"", ""GARANHUNS"", ""ARCO VERDE"", ""IBIMIRIM""], ""method"": ""IDW p=2; até 6 estações; raio máximo 300 km""}, ""precipitacao_anual_mm"": {""n_estacoes"": 5, ""nearest_distance_km"": 60.13, ""max_distance_km"": 283.08, ""stations"": [""SURUBIM"", ""CARUARU"", ""PALMARES"", ""ARCO VERDE"", ""IBIMIRIM""], ""method"": ""IDW p=2; até 6 estações; raio máximo 300 km""}}","{""organization"": ""INMET"", ""dataset"": ""Dados Históricos Anuais - estações automáticas"", ""version"": ""2025"", ""retrieved_at"": ""2026-10-01"", ""reference_url"": ""https://portal.inmet.gov.br/uploads/dadoshistoricos/2025.zip"", ""method"": ""agregação anual observada por estação + IDW municipal em EPSG:31985; p=2; 3-6 estações; raio <=300 km; controle mínimo de completude"", ""verified"": true}"
2615409,2025,21.80970726122762,673.8475466957836,"{""temperatura_media_c"": {""n_estacoes"": 5, ""nearest_distance_km"": 39.65, ""max_distance_km"": 191.34, ""stations"": [""CARUARU"", ""PALMARES"", ""GARANHUNS"", ""ARCO VERDE"", ""IBIMIRIM""], ""method"": ""IDW p=2; até 6 estações; raio máximo 300 km""}, ""precipitacao_anual_mm"": {""n_estacoes"": 6, ""nearest_distance_km"": 34.04, ""max_distance_km"": 247.49, ""stations"": [""SURUBIM"", ""CARUARU"", ""PALMARES"", ""ARCO VERDE"", ""IBIMIRIM"", ""SERRA TALHADA""], ""method"": ""IDW p=2; até 6 estações; raio máximo 300 km""}}","{""organization"": ""INMET"", ""dataset"": ""Dados Históricos Anuais - estações automáticas"", ""version"": ""2025"", ""retrieved_at"": ""2026-10-01"", ""reference_url"": ""https://portal.inmet.gov.br/uploads/dadoshistoricos/2025.zip"", ""method"": ""agregação anual observada por estação + IDW municipal em EPSG:31985; p=2; 3-6 estações; raio <=300 km; controle mínimo de completude"", ""verified"": true}"
2615508,2025,23.004408495599098,678.2920768678929,"{""temperatura_media_c"": {""n_estacoes"": 5, ""nearest_distance_km"": 109.91, ""max_distance_km"": 293.48, ""stations"": [""PALMARES"", ""CARUARU"", ""GARANHUNS"", ""ARCO VERDE"", ""IBIMIRIM""], ""method"": ""IDW p=2; até 6 estações; raio máximo 300 km""}, ""precipitacao_anual_mm"": {""n_estacoes"": 5, ""nearest_distance_km"": 70.03, ""max_distance_km"": 293.48, ""stations"": [""SURUBIM"", ""PALMARES"", ""CARUARU"", ""ARCO VERDE"", ""IBIMIRIM""], ""method"": ""IDW p=2; até 6 estações; raio máximo 300 km""}}","{""organization"": ""INMET"", ""dataset"": ""Dados Históricos Anuais - estações automáticas"", ""version"": ""2025"", ""retrieved_at"": ""2026-10-01"", ""reference_url"": ""https://portal.inmet.gov.br/uploads/dadoshistoricos/2025.zip"", ""method"": ""agregação anual observada por estação + IDW municipal em EPSG:31985; p=2; 3-6 estações; raio <=300 km; controle mínimo de completude"", ""verified"": true}"
2615607,2025,26.736881539300978,343.8988180090484,"{""temperatura_media_c"": {""n_estacoes"": 4, ""nearest_distance_km"": 27.68, ""max_distance_km"": 299.07, ""stations"": [""OURICURI"", ""SALGUEIRO"", ""CABROBO"", ""IBIMIRIM""], ""method"": ""IDW p=2; até 6 estações; raio máximo 300 km""}, ""precipitacao_anual_mm"": {""n_estacoes"": 5, ""nearest_distance_km"": 27.68, ""max_distance_km"": 299.07, ""stations"": [""OURICURI"", ""SALGUEIRO"", ""CABROBO"", ""SERRA TALHADA"", ""IBIMIRIM""], ""method"": ""IDW p=2; até 6 estações; raio máximo 300 km""}}","{""organization"": ""INMET"", ""dataset"": ""Dados Históricos Anuais - estações automáticas"", ""version"": ""2025"", ""retrieved_at"": ""2026-10-01"", ""reference_url"": ""https://portal.inmet.gov.br/uploads/dadoshistoricos/2025.zip"", ""method"": ""agregação anual observada por estação + IDW municipal em EPSG:31985; p=2; 3-6 estações; raio <=300 km; controle mínimo de completude"", ""verified"": true}"
2615706,2025,25.71627436806635,228.1963858825577,"{""temperatura_media_c"": {""n_estacoes"": 6, ""nearest_distance_km"": 83.04, ""max_distance_km"": 225.76, ""stations"": [""IBIMIRIM"", ""SALGUEIRO"", ""ARCO VERDE"", ""CABROBO"", ""GARANHUNS"", ""OURICURI""], ""method"": ""IDW p=2; até 6 estações; raio máximo 300 km""}, ""precipitacao_anual_mm"": {""n_estacoes"": 6, ""nearest_distance_km"": 27.8, ""max_distance_km"": 225.76, ""stations"": [""SERRA TALHADA"", ""IBIMIRIM"", ""SALGUEIRO"", ""ARCO VERDE"", ""CABROBO"", ""OURICURI""], ""method"": ""IDW p=2; até 6 estações; raio máximo 300 km""}}","{""organization"": ""INMET"", ""dataset"": ""Dados Históricos Anuais - estações automáticas"", ""version"": ""2025"", ""retrieved_at"": ""2026-10-01"", ""reference_url"": ""https://portal.inmet.gov.br/uploads/dadoshistoricos/2025.zip"", ""method"": ""agregação anual observada por estação + IDW municipal em EPSG:31985; p=2; 3-6 estações; raio <=300 km; controle mínimo de completude"", ""verified"": true}"
2615805,2025,24.06409936988634,633.0680230886792,"{""temperatura_media_c"": {""n_estacoes"": 6, ""nearest_distance_km"": 37.2, ""max_distance_km"": 212.41, ""stations"": [""ARCO VERDE"", ""IBIMIRIM"", ""GARANHUNS"", ""CARUARU"", ""PALMARES"", ""SALGUEIRO""], ""method"": ""IDW p=2; até 6 estações; raio máximo 300 km""}, ""precipitacao_anual_mm"": {""n_estacoes"": 6, ""nearest_distance_km"": 37.2, ""max_distance_km"": 188.98, ""stations"": [""ARCO VERDE"", ""IBIMIRIM"", ""SERRA TALHADA"", ""CARUARU"", ""PALMARES"", ""SURUBIM""], ""method"": ""IDW p=2; até 6 estações; raio máximo 300 km""}}","{""organization"": ""INMET"", ""dataset"": ""Dados Históricos Anuais - estações automáticas"", ""version"": ""2025"", ""retrieved_at"": ""2026-10-01"", ""reference_url"": ""https://portal.inmet.gov.br/uploads/dadoshistoricos/2025.zip"", ""method"": ""agregação anual observada por estação + IDW municipal em EPSG:31985; p=2; 3-6 estações; raio <=300 km; controle mínimo de completude"", ""verified"": true}"
2615904,2025,23.97526508334364,531.8124341475814,"{""temperatura_media_c"": {""n_estacoes"": 6, ""nearest_distance_km"": 85.95, ""max_distance_km"": 216.3, ""stations"": [""ARCO VERDE"", ""IBIMIRIM"", ""CARUARU"", ""GARANHUNS"", ""SALGUEIRO"", ""PALMARES""], ""method"": ""IDW p=2; até 6 estações; raio máximo 300 km""}, ""precipitacao_anual_mm"": {""n_estacoes"": 6, ""nearest_distance_km"": 85.95, ""max_distance_km"": 207.0, ""stations"": [""ARCO VERDE"", ""IBIMIRIM"", ""SERRA TALHADA"", ""CARUARU"", ""SURUBIM"", ""SALGUEIRO""], ""method"": ""IDW p=2; até 6 estações; raio máximo 300 km""}}","{""organization"": ""INMET"", ""dataset"": ""Dados Históricos Anuais - estações automáticas"", ""version"": ""2025"", ""retrieved_at"": ""2026-10-01"", ""reference_url"": ""https://portal.inmet.gov.br/uploads/dadoshistoricos/2025.zip"", ""method"": ""agregação anual observada por estação + IDW municipal em EPSG:31985; p=2; 3-6 estações; raio <=300 km; controle mínimo de completude"", ""verified"": true}"
2616001,2025,23.03841687801952,739.9888060323851,"{""temperatura_media_c"": {""n_estacoes"": 6, ""nearest_distance_km"": 34.14, ""max_distance_km"": 260.61, ""stations"": [""ARCO VERDE"", ""GARANHUNS"", ""CARUARU"", ""IBIMIRIM"", ""PALMARES"", ""SALGUEIRO""], ""method"": ""IDW p=2; até 6 estações; raio máximo 300 km""}, ""precipitacao_anual_mm"": {""n_estacoes"": 6, ""nearest_distance_km"": 34.14, ""max_distance_km"": 180.14, ""stations"": [""ARCO VERDE"", ""CARUARU"", ""IBIMIRIM"", ""PALMARES"", ""SURUBIM"", ""SERRA TALHADA""], ""method"": ""IDW p=2; até 6 estações; raio máximo 300 km""}}","{""organization"": ""INMET"", ""dataset"": ""Dados Históricos Anuais - estações automáticas"", ""version"": ""2025"", ""retrieved_at"": ""2026-10-01"", ""reference_url"": ""https://portal.inmet.gov.br/uploads/dadoshistoricos/2025.zip"", ""method"": ""agregação anual observada por estação + IDW municipal em EPSG:31985; p=2; 3-6 estações; raio <=300 km; controle mínimo de completude"", ""verified"": true}"
2616100,2025,27.036837111088424,291.571683070791,"{""temperatura_media_c"": {""n_estacoes"": 6, ""nearest_distance_km"": 14.97, ""max_distance_km"": 294.54, ""stations"": [""SALGUEIRO"", ""CABROBO"", ""OURICURI"", ""IBIMIRIM"", ""ARCO VERDE"", ""GARANHUNS""], ""method"": ""IDW p=2; até 6 estações; raio máximo 300 km""}, ""precipitacao_anual_mm"": {""n_estacoes"": 6, ""nearest_distance_km"": 14.97, ""max_distance_km"": 219.74, ""stations"": [""SALGUEIRO"", ""CABROBO"", ""SERRA TALHADA"", ""OURICURI"", ""IBIMIRIM"", ""ARCO VERDE""], ""method"": ""IDW p=2; até 6 estações; raio máximo 300 km""}}","{""organization"": ""INMET"", ""dataset"": ""Dados Históricos Anuais - estações automáticas"", ""version"": ""2025"", ""retrieved_at"": ""2026-10-01"", ""reference_url"": ""https://portal.inmet.gov.br/uploads/dadoshistoricos/2025.zip"", ""method"": ""agregação anual observada por estação + IDW municipal em EPSG:31985; p=2; 3-6 estações; raio <=300 km; controle mínimo de completude"", ""verified"": true}"
2616183,2025,22.37388638373055,48.01039012067849,"{""temperatura_media_c"": {""n_estacoes"": 5, ""nearest_distance_km"": 68.2, ""max_distance_km"": 224.49, ""stations"": [""CARUARU"", ""PALMARES"", ""GARANHUNS"", ""ARCO VERDE"", ""IBIMIRIM""], ""method"": ""IDW p=2; até 6 estações; raio máximo 300 km""}, ""precipitacao_anual_mm"": {""n_estacoes"": 6, ""nearest_distance_km"": 7.7, ""max_distance_km"": 274.73, ""stations"": [""SURUBIM"", ""CARUARU"", ""PALMARES"", ""ARCO VERDE"", ""IBIMIRIM"", ""SERRA TALHADA""], ""method"": ""IDW p=2; até 6 estações; raio máximo 300 km""}}","{""organization"": ""INMET"", ""dataset"": ""Dados Históricos Anuais - estações automáticas"", ""version"": ""2025"", ""retrieved_at"": ""2026-10-01"", ""reference_url"": ""https://portal.inmet.gov.br/uploads/dadoshistoricos/2025.zip"", ""method"": ""agregação anual observada por estação + IDW municipal em EPSG:31985; p=2; 3-6 estações; raio <=300 km; controle mínimo de completude"", ""verified"": true}"
2616209,2025,22.07549765418122,295.60506824019046,"{""temperatura_media_c"": {""n_estacoes"": 5, ""nearest_distance_km"": 51.84, ""max_distance_km"": 202.87, ""stations"": [""CARUARU"", ""PALMARES"", ""GARANHUNS"", ""ARCO VERDE"", ""IBIMIRIM""], ""method"": ""IDW p=2; até 6 estações; raio máximo 300 km""}, ""precipitacao_anual_mm"": {""n_estacoes"": 6, ""nearest_distance_km"": 21.84, ""max_distance_km"": 255.68, ""stations"": [""SURUBIM"", ""CARUARU"", ""PALMARES"", ""ARCO VERDE"", ""IBIMIRIM"", ""SERRA TALHADA""], ""method"": ""IDW p=2; até 6 estações; raio máximo 300 km""}}","{""organization"": ""INMET"", ""dataset"": ""Dados Históricos Anuais - estações automáticas"", ""version"": ""2025"", ""retrieved_at"": ""2026-10-01"", ""reference_url"": ""https://portal.inmet.gov.br/uploads/dadoshistoricos/2025.zip"", ""method"": ""agregação anual observada por estação + IDW municipal em EPSG:31985; p=2; 3-6 estações; raio <=300 km; controle mínimo de completude"", ""verified"": true}"
2616308,2025,22.851705740997314,492.13965773665115,"{""temperatura_media_c"": {""n_estacoes"": 5, ""nearest_distance_km"": 106.89, ""max_distance_km"": 276.43, ""stations"": [""CARUARU"", ""PALMARES"", ""GARANHUNS"", ""ARCO VERDE"", ""IBIMIRIM""], ""method"": ""IDW p=2; até 6 estações; raio máximo 300 km""}, ""precipitacao_anual_mm"": {""n_estacoes"": 5, ""nearest_distance_km"": 51.91, ""max_distance_km"": 276.43, ""stations"": [""SURUBIM"", ""CARUARU"", ""PALMARES"", ""ARCO VERDE"", ""IBIMIRIM""], ""method"": ""IDW p=2; até 6 estações; raio máximo 300 km""}}","{""organization"": ""INMET"", ""dataset"": ""Dados Históricos Anuais - estações automáticas"", ""version"": ""2025"", ""retrieved_at"": ""2026-10-01"", ""reference_url"": ""https://portal.inmet.gov.br/uploads/dadoshistoricos/2025.zip"", ""method"": ""agregação anual observada por estação + IDW municipal em EPSG:31985; p=2; 3-6 estações; raio <=300 km; controle mínimo de completude"", ""verified"": true}"
2616407,2025,23.281357080458754,955.6182630839196,"{""temperatura_media_c"": {""n_estacoes"": 5, ""nearest_distance_km"": 64.98, ""max_distance_km"": 270.37, ""stations"": [""PALMARES"", ""CARUARU"", ""GARANHUNS"", ""ARCO VERDE"", ""IBIMIRIM""], ""method"": ""IDW p=2; até 6 estações; raio máximo 300 km""}, ""precipitacao_anual_mm"": {""n_estacoes"": 5, ""nearest_distance_km"": 64.98, ""max_distance_km"": 270.37, ""stations"": [""PALMARES"", ""SURUBIM"", ""CARUARU"", ""ARCO VERDE"", ""IBIMIRIM""], ""method"": ""IDW p=2; até 6 estações; raio máximo 300 km""}}","{""organization"": ""INMET"", ""dataset"": ""Dados Históricos Anuais - estações automáticas"", ""version"": ""2025"", ""retrieved_at"": ""2026-10-01"", ""reference_url"": ""https://portal.inmet.gov.br/uploads/dadoshistoricos/2025.zip"", ""method"": ""agregação anual observada por estação + IDW municipal em EPSG:31985; p=2; 3-6 estações; raio <=300 km; controle mínimo de completude"", ""verified"": true}"
2616506,2025,24.309772740988112,1591.21474804653,"{""temperatura_media_c"": {""n_estacoes"": 5, ""nearest_distance_km"": 20.98, ""max_distance_km"": 229.78, ""stations"": [""PALMARES"", ""CARUARU"", ""GARANHUNS"", ""ARCO VERDE"", ""IBIMIRIM""], ""method"": ""IDW p=2; até 6 estações; raio máximo 300 km""}, ""precipitacao_anual_mm"": {""n_estacoes"": 5, ""nearest_distance_km"": 20.98, ""max_distance_km"": 229.78, ""stations"": [""PALMARES"", ""CARUARU"", ""SURUBIM"", ""ARCO VERDE"", ""IBIMIRIM""], ""method"": ""IDW p=2; até 6 estações; raio máximo 300 km""}}","{""organization"": ""INMET"", ""dataset"": ""Dados Históricos Anuais - estações automáticas"", ""version"": ""2025"", ""retrieved_at"": ""2026-10-01"", ""reference_url"": ""https://portal.inmet.gov.br/uploads/dadoshistoricos/2025.zip"", ""method"": ""agregação anual observada por estação + IDW municipal em EPSG:31985; p=2; 3-6 estações; raio <=300 km; controle mínimo de completude"", ""verified"": true}"
