municipio_ibge,ano,temperatura_media_c,precipitacao_anual_mm,climate_diagnostics,climate_provenance
2600054,2026,23.99470227089817,449.63634525051657,"{""temperatura_media_c"": {""n_estacoes"": 4, ""nearest_distance_km"": 85.18, ""max_distance_km"": 232.86, ""stations"": [""SURUBIM"", ""PALMARES"", ""GARANHUNS"", ""ARCO VERDE""], ""method"": ""IDW p=2; até 6 estações; raio máximo 300 km""}, ""precipitacao_anual_mm"": {""n_estacoes"": 6, ""nearest_distance_km"": 17.31, ""max_distance_km"": 112.31, ""stations"": [""ITAPISSUMA"", ""RECIFE"", ""ALIANCA"", ""SURUBIM"", ""PALMARES"", ""SAO JOSE DA COROA GRANDE""], ""method"": ""IDW p=2; até 6 estações; raio máximo 300 km""}}","{""organization"": ""INMET"", ""dataset"": ""Dados Históricos Anuais - estações automáticas"", ""version"": ""2026"", ""retrieved_at"": ""2026-10-01"", ""reference_url"": ""https://portal.inmet.gov.br/uploads/dadoshistoricos/2026.zip"", ""method"": ""agregação anual observada por estação + IDW municipal em EPSG:31985; p=2; 3-6 estações; raio <=300 km; controle mínimo de completude"", ""verified"": true}"
2600104,2026,24.057303775418298,213.28384819355688,"{""temperatura_media_c"": {""n_estacoes"": 6, ""nearest_distance_km"": 99.26, ""max_distance_km"": 248.77, ""stations"": [""ARCO VERDE"", ""SALGUEIRO"", ""GARANHUNS"", ""SURUBIM"", ""CABROBO"", ""PALMARES""], ""method"": ""IDW p=2; até 6 estações; raio máximo 300 km""}, ""precipitacao_anual_mm"": {""n_estacoes"": 6, ""nearest_distance_km"": 78.48, ""max_distance_km"": 167.26, ""stations"": [""SERRA TALHADA"", ""IBIMIRIM"", ""ARCO VERDE"", ""FLORESTA"", ""SANTA CRUZ DO CAPIBARIBE"", ""SALGUEIRO""], ""method"": ""IDW p=2; até 6 estações; raio máximo 300 km""}}","{""organization"": ""INMET"", ""dataset"": ""Dados Históricos Anuais - estações automáticas"", ""version"": ""2026"", ""retrieved_at"": ""2026-10-01"", ""reference_url"": ""https://portal.inmet.gov.br/uploads/dadoshistoricos/2026.zip"", ""method"": ""agregação anual observada por estação + IDW municipal em EPSG:31985; p=2; 3-6 estações; raio <=300 km; controle mínimo de completude"", ""verified"": true}"
2600203,2026,,,"{""temperatura_media_c"": {""n_estacoes"": 2, ""max_distance_km"": null, ""method"": ""unavailable""}, ""precipitacao_anual_mm"": {""n_estacoes"": 2, ""max_distance_km"": null, ""method"": ""unavailable""}}","{""organization"": ""INMET"", ""dataset"": ""Dados Históricos Anuais - estações automáticas"", ""version"": ""2026"", ""retrieved_at"": ""2026-10-01"", ""reference_url"": ""https://portal.inmet.gov.br/uploads/dadoshistoricos/2026.zip"", ""method"": ""agregação anual observada por estação + IDW municipal em EPSG:31985; p=2; 3-6 estações; raio <=300 km; controle mínimo de completude"", ""verified"": true}"
2600302,2026,23.817680775159836,367.0016204577065,"{""temperatura_media_c"": {""n_estacoes"": 4, ""nearest_distance_km"": 47.62, ""max_distance_km"": 122.47, ""stations"": [""PALMARES"", ""SURUBIM"", ""GARANHUNS"", ""ARCO VERDE""], ""method"": ""IDW p=2; até 6 estações; raio máximo 300 km""}, ""precipitacao_anual_mm"": {""n_estacoes"": 6, ""nearest_distance_km"": 14.41, ""max_distance_km"": 120.52, ""stations"": [""CARUARU"", ""PALMARES"", ""SANTA CRUZ DO CAPIBARIBE"", ""SURUBIM"", ""SAO JOSE DA COROA GRANDE"", ""RECIFE""], ""method"": ""IDW p=2; até 6 estações; raio máximo 300 km""}}","{""organization"": ""INMET"", ""dataset"": ""Dados Históricos Anuais - estações automáticas"", ""version"": ""2026"", ""retrieved_at"": ""2026-10-01"", ""reference_url"": ""https://portal.inmet.gov.br/uploads/dadoshistoricos/2026.zip"", ""method"": ""agregação anual observada por estação + IDW municipal em EPSG:31985; p=2; 3-6 estações; raio <=300 km; controle mínimo de completude"", ""verified"": true}"
2600401,2026,24.55383240403531,643.7226325876088,"{""temperatura_media_c"": {""n_estacoes"": 4, ""nearest_distance_km"": 11.73, ""max_distance_km"": 176.51, ""stations"": [""PALMARES"", ""SURUBIM"", ""GARANHUNS"", ""ARCO VERDE""], ""method"": ""IDW p=2; até 6 estações; raio máximo 300 km""}, ""precipitacao_anual_mm"": {""n_estacoes"": 6, ""nearest_distance_km"": 11.73, ""max_distance_km"": 118.93, ""stations"": [""PALMARES"", ""SAO JOSE DA COROA GRANDE"", ""CARUARU"", ""RECIFE"", ""SURUBIM"", ""SANTA CRUZ DO CAPIBARIBE""], ""method"": ""IDW p=2; até 6 estações; raio máximo 300 km""}}","{""organization"": ""INMET"", ""dataset"": ""Dados Históricos Anuais - estações automáticas"", ""version"": ""2026"", ""retrieved_at"": ""2026-10-01"", ""reference_url"": ""https://portal.inmet.gov.br/uploads/dadoshistoricos/2026.zip"", ""method"": ""agregação anual observada por estação + IDW municipal em EPSG:31985; p=2; 3-6 estações; raio <=300 km; controle mínimo de completude"", ""verified"": true}"
2600500,2026,22.748266561092585,418.0224499440352,"{""temperatura_media_c"": {""n_estacoes"": 6, ""nearest_distance_km"": 63.16, ""max_distance_km"": 259.6, ""stations"": [""GARANHUNS"", ""ARCO VERDE"", ""PALMARES"", ""SURUBIM"", ""SALGUEIRO"", ""CABROBO""], ""method"": ""IDW p=2; até 6 estações; raio máximo 300 km""}, ""precipitacao_anual_mm"": {""n_estacoes"": 6, ""nearest_distance_km"": 72.44, ""max_distance_km"": 178.94, ""stations"": [""ARCO VERDE"", ""IBIMIRIM"", ""CARUARU"", ""SANTA CRUZ DO CAPIBARIBE"", ""PALMARES"", ""FLORESTA""], ""method"": ""IDW p=2; até 6 estações; raio máximo 300 km""}}","{""organization"": ""INMET"", ""dataset"": ""Dados Históricos Anuais - estações automáticas"", ""version"": ""2026"", ""retrieved_at"": ""2026-10-01"", ""reference_url"": ""https://portal.inmet.gov.br/uploads/dadoshistoricos/2026.zip"", ""method"": ""agregação anual observada por estação + IDW municipal em EPSG:31985; p=2; 3-6 estações; raio <=300 km; controle mínimo de completude"", ""verified"": true}"
2600609,2026,22.966469611888197,521.0497222998878,"{""temperatura_media_c"": {""n_estacoes"": 6, ""nearest_distance_km"": 33.78, ""max_distance_km"": 282.84, ""stations"": [""ARCO VERDE"", ""GARANHUNS"", ""SURUBIM"", ""PALMARES"", ""SALGUEIRO"", ""CABROBO""], ""method"": ""IDW p=2; até 6 estações; raio máximo 300 km""}, ""precipitacao_anual_mm"": {""n_estacoes"": 6, ""nearest_distance_km"": 33.78, ""max_distance_km"": 132.24, ""stations"": [""ARCO VERDE"", ""CARUARU"", ""SANTA CRUZ DO CAPIBARIBE"", ""IBIMIRIM"", ""SURUBIM"", ""PALMARES""], ""method"": ""IDW p=2; até 6 estações; raio máximo 300 km""}}","{""organization"": ""INMET"", ""dataset"": ""Dados Históricos Anuais - estações automáticas"", ""version"": ""2026"", ""retrieved_at"": ""2026-10-01"", ""reference_url"": ""https://portal.inmet.gov.br/uploads/dadoshistoricos/2026.zip"", ""method"": ""agregação anual observada por estação + IDW municipal em EPSG:31985; p=2; 3-6 estações; raio <=300 km; controle mínimo de completude"", ""verified"": true}"
2600708,2026,23.98735541691704,116.11008169770878,"{""temperatura_media_c"": {""n_estacoes"": 4, ""nearest_distance_km"": 71.07, ""max_distance_km"": 225.2, ""stations"": [""SURUBIM"", ""PALMARES"", ""GARANHUNS"", ""ARCO VERDE""], ""method"": ""IDW p=2; até 6 estações; raio máximo 300 km""}, ""precipitacao_anual_mm"": {""n_estacoes"": 6, ""nearest_distance_km"": 4.72, ""max_distance_km"": 124.28, ""stations"": [""ALIANCA"", ""ITAPISSUMA"", ""RECIFE"", ""SURUBIM"", ""SANTA CRUZ DO CAPIBARIBE"", ""CARUARU""], ""method"": ""IDW p=2; até 6 estações; raio máximo 300 km""}}","{""organization"": ""INMET"", ""dataset"": ""Dados Históricos Anuais - estações automáticas"", ""version"": ""2026"", ""retrieved_at"": ""2026-10-01"", ""reference_url"": ""https://portal.inmet.gov.br/uploads/dadoshistoricos/2026.zip"", ""method"": ""agregação anual observada por estação + IDW municipal em EPSG:31985; p=2; 3-6 estações; raio <=300 km; controle mínimo de completude"", ""verified"": true}"
2600807,2026,23.336378092454606,356.1437511617233,"{""temperatura_media_c"": {""n_estacoes"": 4, ""nearest_distance_km"": 61.66, ""max_distance_km"": 105.68, ""stations"": [""PALMARES"", ""GARANHUNS"", ""SURUBIM"", ""ARCO VERDE""], ""method"": ""IDW p=2; até 6 estações; raio máximo 300 km""}, ""precipitacao_anual_mm"": {""n_estacoes"": 6, ""nearest_distance_km"": 16.79, ""max_distance_km"": 112.99, ""stations"": [""CARUARU"", ""SANTA CRUZ DO CAPIBARIBE"", ""PALMARES"", ""SURUBIM"", ""ARCO VERDE"", ""SAO JOSE DA COROA GRANDE""], ""method"": ""IDW p=2; até 6 estações; raio máximo 300 km""}}","{""organization"": ""INMET"", ""dataset"": ""Dados Históricos Anuais - estações automáticas"", ""version"": ""2026"", ""retrieved_at"": ""2026-10-01"", ""reference_url"": ""https://portal.inmet.gov.br/uploads/dadoshistoricos/2026.zip"", ""method"": ""agregação anual observada por estação + IDW municipal em EPSG:31985; p=2; 3-6 estações; raio <=300 km; controle mínimo de completude"", ""verified"": true}"
2600906,2026,24.30581017029587,516.9006586375485,"{""temperatura_media_c"": {""n_estacoes"": 4, ""nearest_distance_km"": 35.19, ""max_distance_km"": 175.47, ""stations"": [""PALMARES"", ""SURUBIM"", ""GARANHUNS"", ""ARCO VERDE""], ""method"": ""IDW p=2; até 6 estações; raio máximo 300 km""}, ""precipitacao_anual_mm"": {""n_estacoes"": 6, ""nearest_distance_km"": 35.19, ""max_distance_km"": 87.45, ""stations"": [""PALMARES"", ""CARUARU"", ""SAO JOSE DA COROA GRANDE"", ""SURUBIM"", ""RECIFE"", ""ALIANCA""], ""method"": ""IDW p=2; até 6 estações; raio máximo 300 km""}}","{""organization"": ""INMET"", ""dataset"": ""Dados Históricos Anuais - estações automáticas"", ""version"": ""2026"", ""retrieved_at"": ""2026-10-01"", ""reference_url"": ""https://portal.inmet.gov.br/uploads/dadoshistoricos/2026.zip"", ""method"": ""agregação anual observada por estação + IDW municipal em EPSG:31985; p=2; 3-6 estações; raio <=300 km; controle mínimo de completude"", ""verified"": true}"
2601003,2026,21.88502956582699,407.6552976456961,"{""temperatura_media_c"": {""n_estacoes"": 4, ""nearest_distance_km"": 23.95, ""max_distance_km"": 127.92, ""stations"": [""GARANHUNS"", ""PALMARES"", ""ARCO VERDE"", ""SURUBIM""], ""method"": ""IDW p=2; até 6 estações; raio máximo 300 km""}, ""precipitacao_anual_mm"": {""n_estacoes"": 6, ""nearest_distance_km"": 65.3, ""max_distance_km"": 127.92, ""stations"": [""CARUARU"", ""PALMARES"", ""ARCO VERDE"", ""SANTA CRUZ DO CAPIBARIBE"", ""SAO JOSE DA COROA GRANDE"", ""SURUBIM""], ""method"": ""IDW p=2; até 6 estações; raio máximo 300 km""}}","{""organization"": ""INMET"", ""dataset"": ""Dados Históricos Anuais - estações automáticas"", ""version"": ""2026"", ""retrieved_at"": ""2026-10-01"", ""reference_url"": ""https://portal.inmet.gov.br/uploads/dadoshistoricos/2026.zip"", ""method"": ""agregação anual observada por estação + IDW municipal em EPSG:31985; p=2; 3-6 estações; raio <=300 km; controle mínimo de completude"", ""verified"": true}"
2601052,2026,23.99261774059256,305.8285770611837,"{""temperatura_media_c"": {""n_estacoes"": 4, ""nearest_distance_km"": 78.99, ""max_distance_km"": 229.61, ""stations"": [""SURUBIM"", ""PALMARES"", ""GARANHUNS"", ""ARCO VERDE""], ""method"": ""IDW p=2; até 6 estações; raio máximo 300 km""}, ""precipitacao_anual_mm"": {""n_estacoes"": 6, ""nearest_distance_km"": 19.48, ""max_distance_km"": 121.2, ""stations"": [""ITAPISSUMA"", ""ALIANCA"", ""RECIFE"", ""SURUBIM"", ""PALMARES"", ""SAO JOSE DA COROA GRANDE""], ""method"": ""IDW p=2; até 6 estações; raio máximo 300 km""}}","{""organization"": ""INMET"", ""dataset"": ""Dados Históricos Anuais - estações automáticas"", ""version"": ""2026"", ""retrieved_at"": ""2026-10-01"", ""reference_url"": ""https://portal.inmet.gov.br/uploads/dadoshistoricos/2026.zip"", ""method"": ""agregação anual observada por estação + IDW municipal em EPSG:31985; p=2; 3-6 estações; raio <=300 km; controle mínimo de completude"", ""verified"": true}"
2601102,2026,,253.65248042515267,"{""temperatura_media_c"": {""n_estacoes"": 2, ""max_distance_km"": null, ""method"": ""unavailable""}, ""precipitacao_anual_mm"": {""n_estacoes"": 3, ""nearest_distance_km"": 162.11, ""max_distance_km"": 245.98, ""stations"": [""SALGUEIRO"", ""FLORESTA"", ""SERRA TALHADA""], ""method"": ""IDW p=2; até 6 estações; raio máximo 300 km""}}","{""organization"": ""INMET"", ""dataset"": ""Dados Históricos Anuais - estações automáticas"", ""version"": ""2026"", ""retrieved_at"": ""2026-10-01"", ""reference_url"": ""https://portal.inmet.gov.br/uploads/dadoshistoricos/2026.zip"", ""method"": ""agregação anual observada por estação + IDW municipal em EPSG:31985; p=2; 3-6 estações; raio <=300 km; controle mínimo de completude"", ""verified"": true}"
2601201,2026,23.22601186797105,648.4920695758311,"{""temperatura_media_c"": {""n_estacoes"": 6, ""nearest_distance_km"": 7.36, ""max_distance_km"": 255.1, ""stations"": [""ARCO VERDE"", ""GARANHUNS"", ""SURUBIM"", ""PALMARES"", ""SALGUEIRO"", ""CABROBO""], ""method"": ""IDW p=2; até 6 estações; raio máximo 300 km""}, ""precipitacao_anual_mm"": {""n_estacoes"": 6, ""nearest_distance_km"": 7.36, ""max_distance_km"": 149.79, ""stations"": [""ARCO VERDE"", ""IBIMIRIM"", ""SANTA CRUZ DO CAPIBARIBE"", ""CARUARU"", ""SURUBIM"", ""SERRA TALHADA""], ""method"": ""IDW p=2; até 6 estações; raio máximo 300 km""}}","{""organization"": ""INMET"", ""dataset"": ""Dados Históricos Anuais - estações automáticas"", ""version"": ""2026"", ""retrieved_at"": ""2026-10-01"", ""reference_url"": ""https://portal.inmet.gov.br/uploads/dadoshistoricos/2026.zip"", ""method"": ""agregação anual observada por estação + IDW municipal em EPSG:31985; p=2; 3-6 estações; raio <=300 km; controle mínimo de completude"", ""verified"": true}"
2601300,2026,24.33581286600865,521.5943468371054,"{""temperatura_media_c"": {""n_estacoes"": 4, ""nearest_distance_km"": 28.58, ""max_distance_km"": 156.98, ""stations"": [""PALMARES"", ""SURUBIM"", ""GARANHUNS"", ""ARCO VERDE""], ""method"": ""IDW p=2; até 6 estações; raio máximo 300 km""}, ""precipitacao_anual_mm"": {""n_estacoes"": 6, ""nearest_distance_km"": 28.58, ""max_distance_km"": 87.66, ""stations"": [""PALMARES"", ""CARUARU"", ""SURUBIM"", ""SAO JOSE DA COROA GRANDE"", ""SANTA CRUZ DO CAPIBARIBE"", ""RECIFE""], ""method"": ""IDW p=2; até 6 estações; raio máximo 300 km""}}","{""organization"": ""INMET"", ""dataset"": ""Dados Históricos Anuais - estações automáticas"", ""version"": ""2026"", ""retrieved_at"": ""2026-10-01"", ""reference_url"": ""https://portal.inmet.gov.br/uploads/dadoshistoricos/2026.zip"", ""method"": ""agregação anual observada por estação + IDW municipal em EPSG:31985; p=2; 3-6 estações; raio <=300 km; controle mínimo de completude"", ""verified"": true}"
2601409,2026,24.323357612406678,166.22709594996098,"{""temperatura_media_c"": {""n_estacoes"": 4, ""nearest_distance_km"": 38.07, ""max_distance_km"": 202.59, ""stations"": [""PALMARES"", ""SURUBIM"", ""GARANHUNS"", ""ARCO VERDE""], ""method"": ""IDW p=2; até 6 estações; raio máximo 300 km""}, ""precipitacao_anual_mm"": {""n_estacoes"": 6, ""nearest_distance_km"": 13.71, ""max_distance_km"": 123.04, ""stations"": [""SAO JOSE DA COROA GRANDE"", ""PALMARES"", ""RECIFE"", ""CARUARU"", ""ITAPISSUMA"", ""SURUBIM""], ""method"": ""IDW p=2; até 6 estações; raio máximo 300 km""}}","{""organization"": ""INMET"", ""dataset"": ""Dados Históricos Anuais - estações automáticas"", ""version"": ""2026"", ""retrieved_at"": ""2026-10-01"", ""reference_url"": ""https://portal.inmet.gov.br/uploads/dadoshistoricos/2026.zip"", ""method"": ""agregação anual observada por estação + IDW municipal em EPSG:31985; p=2; 3-6 estações; raio <=300 km; controle mínimo de completude"", ""verified"": true}"
2601508,2026,24.22967348721204,510.82686760592213,"{""temperatura_media_c"": {""n_estacoes"": 4, ""nearest_distance_km"": 28.05, ""max_distance_km"": 138.08, ""stations"": [""PALMARES"", ""GARANHUNS"", ""SURUBIM"", ""ARCO VERDE""], ""method"": ""IDW p=2; até 6 estações; raio máximo 300 km""}, ""precipitacao_anual_mm"": {""n_estacoes"": 6, ""nearest_distance_km"": 28.05, ""max_distance_km"": 115.84, ""stations"": [""PALMARES"", ""CARUARU"", ""SAO JOSE DA COROA GRANDE"", ""SURUBIM"", ""SANTA CRUZ DO CAPIBARIBE"", ""RECIFE""], ""method"": ""IDW p=2; até 6 estações; raio máximo 300 km""}}","{""organization"": ""INMET"", ""dataset"": ""Dados Históricos Anuais - estações automáticas"", ""version"": ""2026"", ""retrieved_at"": ""2026-10-01"", ""reference_url"": ""https://portal.inmet.gov.br/uploads/dadoshistoricos/2026.zip"", ""method"": ""agregação anual observada por estação + IDW municipal em EPSG:31985; p=2; 3-6 estações; raio <=300 km; controle mínimo de completude"", ""verified"": true}"
2601607,2026,26.777652324778366,165.58259468811522,"{""temperatura_media_c"": {""n_estacoes"": 4, ""nearest_distance_km"": 37.93, ""max_distance_km"": 277.06, ""stations"": [""CABROBO"", ""SALGUEIRO"", ""ARCO VERDE"", ""GARANHUNS""], ""method"": ""IDW p=2; até 6 estações; raio máximo 300 km""}, ""precipitacao_anual_mm"": {""n_estacoes"": 5, ""nearest_distance_km"": 44.03, ""max_distance_km"": 213.48, ""stations"": [""FLORESTA"", ""SALGUEIRO"", ""SERRA TALHADA"", ""IBIMIRIM"", ""ARCO VERDE""], ""method"": ""IDW p=2; até 6 estações; raio máximo 300 km""}}","{""organization"": ""INMET"", ""dataset"": ""Dados Históricos Anuais - estações automáticas"", ""version"": ""2026"", ""retrieved_at"": ""2026-10-01"", ""reference_url"": ""https://portal.inmet.gov.br/uploads/dadoshistoricos/2026.zip"", ""method"": ""agregação anual observada por estação + IDW municipal em EPSG:31985; p=2; 3-6 estações; raio <=300 km; controle mínimo de completude"", ""verified"": true}"
2601706,2026,23.190928659975558,278.47670074349685,"{""temperatura_media_c"": {""n_estacoes"": 5, ""nearest_distance_km"": 72.85, ""max_distance_km"": 298.29, ""stations"": [""GARANHUNS"", ""ARCO VERDE"", ""SURUBIM"", ""PALMARES"", ""SALGUEIRO""], ""method"": ""IDW p=2; até 6 estações; raio máximo 300 km""}, ""precipitacao_anual_mm"": {""n_estacoes"": 6, ""nearest_distance_km"": 39.44, ""max_distance_km"": 146.84, ""stations"": [""SANTA CRUZ DO CAPIBARIBE"", ""CARUARU"", ""ARCO VERDE"", ""SURUBIM"", ""PALMARES"", ""IBIMIRIM""], ""method"": ""IDW p=2; até 6 estações; raio máximo 300 km""}}","{""organization"": ""INMET"", ""dataset"": ""Dados Históricos Anuais - estações automáticas"", ""version"": ""2026"", ""retrieved_at"": ""2026-10-01"", ""reference_url"": ""https://portal.inmet.gov.br/uploads/dadoshistoricos/2026.zip"", ""method"": ""agregação anual observada por estação + IDW municipal em EPSG:31985; p=2; 3-6 estações; raio <=300 km; controle mínimo de completude"", ""verified"": true}"
2601805,2026,24.573385329454688,152.72115221329668,"{""temperatura_media_c"": {""n_estacoes"": 6, ""nearest_distance_km"": 104.62, ""max_distance_km"": 270.6, ""stations"": [""ARCO VERDE"", ""SALGUEIRO"", ""CABROBO"", ""GARANHUNS"", ""SURUBIM"", ""PALMARES""], ""method"": ""IDW p=2; até 6 estações; raio máximo 300 km""}, ""precipitacao_anual_mm"": {""n_estacoes"": 6, ""nearest_distance_km"": 40.79, ""max_distance_km"": 197.7, ""stations"": [""IBIMIRIM"", ""SERRA TALHADA"", ""FLORESTA"", ""ARCO VERDE"", ""SALGUEIRO"", ""SANTA CRUZ DO CAPIBARIBE""], ""method"": ""IDW p=2; até 6 estações; raio máximo 300 km""}}","{""organization"": ""INMET"", ""dataset"": ""Dados Históricos Anuais - estações automáticas"", ""version"": ""2026"", ""retrieved_at"": ""2026-10-01"", ""reference_url"": ""https://portal.inmet.gov.br/uploads/dadoshistoricos/2026.zip"", ""method"": ""agregação anual observada por estação + IDW municipal em EPSG:31985; p=2; 3-6 estações; raio <=300 km; controle mínimo de completude"", ""verified"": true}"
2601904,2026,24.046762306831386,382.62851482871326,"{""temperatura_media_c"": {""n_estacoes"": 4, ""nearest_distance_km"": 41.57, ""max_distance_km"": 142.48, ""stations"": [""SURUBIM"", ""PALMARES"", ""GARANHUNS"", ""ARCO VERDE""], ""method"": ""IDW p=2; até 6 estações; raio máximo 300 km""}, ""precipitacao_anual_mm"": {""n_estacoes"": 6, ""nearest_distance_km"": 31.15, ""max_distance_km"": 94.99, ""stations"": [""CARUARU"", ""SURUBIM"", ""PALMARES"", ""SANTA CRUZ DO CAPIBARIBE"", ""ALIANCA"", ""RECIFE""], ""method"": ""IDW p=2; até 6 estações; raio máximo 300 km""}}","{""organization"": ""INMET"", ""dataset"": ""Dados Históricos Anuais - estações automáticas"", ""version"": ""2026"", ""retrieved_at"": ""2026-10-01"", ""reference_url"": ""https://portal.inmet.gov.br/uploads/dadoshistoricos/2026.zip"", ""method"": ""agregação anual observada por estação + IDW municipal em EPSG:31985; p=2; 3-6 estações; raio <=300 km; controle mínimo de completude"", ""verified"": true}"
2602001,2026,,284.0314459060666,"{""temperatura_media_c"": {""n_estacoes"": 2, ""max_distance_km"": null, ""method"": ""unavailable""}, ""precipitacao_anual_mm"": {""n_estacoes"": 4, ""nearest_distance_km"": 106.28, ""max_distance_km"": 266.98, ""stations"": [""SALGUEIRO"", ""FLORESTA"", ""SERRA TALHADA"", ""IBIMIRIM""], ""method"": ""IDW p=2; até 6 estações; raio máximo 300 km""}}","{""organization"": ""INMET"", ""dataset"": ""Dados Históricos Anuais - estações automáticas"", ""version"": ""2026"", ""retrieved_at"": ""2026-10-01"", ""reference_url"": ""https://portal.inmet.gov.br/uploads/dadoshistoricos/2026.zip"", ""method"": ""agregação anual observada por estação + IDW municipal em EPSG:31985; p=2; 3-6 estações; raio <=300 km; controle mínimo de completude"", ""verified"": true}"
2602100,2026,22.060277637657965,407.56198892265206,"{""temperatura_media_c"": {""n_estacoes"": 5, ""nearest_distance_km"": 38.55, ""max_distance_km"": 295.08, ""stations"": [""GARANHUNS"", ""ARCO VERDE"", ""PALMARES"", ""SURUBIM"", ""SALGUEIRO""], ""method"": ""IDW p=2; até 6 estações; raio máximo 300 km""}, ""precipitacao_anual_mm"": {""n_estacoes"": 6, ""nearest_distance_km"": 94.54, ""max_distance_km"": 172.08, ""stations"": [""ARCO VERDE"", ""CARUARU"", ""PALMARES"", ""IBIMIRIM"", ""SANTA CRUZ DO CAPIBARIBE"", ""SAO JOSE DA COROA GRANDE""], ""method"": ""IDW p=2; até 6 estações; raio máximo 300 km""}}","{""organization"": ""INMET"", ""dataset"": ""Dados Históricos Anuais - estações automáticas"", ""version"": ""2026"", ""retrieved_at"": ""2026-10-01"", ""reference_url"": ""https://portal.inmet.gov.br/uploads/dadoshistoricos/2026.zip"", ""method"": ""agregação anual observada por estação + IDW municipal em EPSG:31985; p=2; 3-6 estações; raio <=300 km; controle mínimo de completude"", ""verified"": true}"
2602209,2026,24.12428916091724,347.6477905796688,"{""temperatura_media_c"": {""n_estacoes"": 4, ""nearest_distance_km"": 23.11, ""max_distance_km"": 177.03, ""stations"": [""SURUBIM"", ""PALMARES"", ""GARANHUNS"", ""ARCO VERDE""], ""method"": ""IDW p=2; até 6 estações; raio máximo 300 km""}, ""precipitacao_anual_mm"": {""n_estacoes"": 6, ""nearest_distance_km"": 23.11, ""max_distance_km"": 79.53, ""stations"": [""SURUBIM"", ""ALIANCA"", ""SANTA CRUZ DO CAPIBARIBE"", ""RECIFE"", ""ITAPISSUMA"", ""CARUARU""], ""method"": ""IDW p=2; até 6 estações; raio máximo 300 km""}}","{""organization"": ""INMET"", ""dataset"": ""Dados Históricos Anuais - estações automáticas"", ""version"": ""2026"", ""retrieved_at"": ""2026-10-01"", ""reference_url"": ""https://portal.inmet.gov.br/uploads/dadoshistoricos/2026.zip"", ""method"": ""agregação anual observada por estação + IDW municipal em EPSG:31985; p=2; 3-6 estações; raio <=300 km; controle mínimo de completude"", ""verified"": true}"
2602308,2026,24.366794716870658,539.8213833940506,"{""temperatura_media_c"": {""n_estacoes"": 4, ""nearest_distance_km"": 24.39, ""max_distance_km"": 148.79, ""stations"": [""PALMARES"", ""SURUBIM"", ""GARANHUNS"", ""ARCO VERDE""], ""method"": ""IDW p=2; até 6 estações; raio máximo 300 km""}, ""precipitacao_anual_mm"": {""n_estacoes"": 6, ""nearest_distance_km"": 24.39, ""max_distance_km"": 99.3, ""stations"": [""PALMARES"", ""CARUARU"", ""SURUBIM"", ""SAO JOSE DA COROA GRANDE"", ""SANTA CRUZ DO CAPIBARIBE"", ""RECIFE""], ""method"": ""IDW p=2; até 6 estações; raio máximo 300 km""}}","{""organization"": ""INMET"", ""dataset"": ""Dados Históricos Anuais - estações automáticas"", ""version"": ""2026"", ""retrieved_at"": ""2026-10-01"", ""reference_url"": ""https://portal.inmet.gov.br/uploads/dadoshistoricos/2026.zip"", ""method"": ""agregação anual observada por estação + IDW municipal em EPSG:31985; p=2; 3-6 estações; raio <=300 km; controle mínimo de completude"", ""verified"": true}"
2602407,2026,21.596129116304883,406.7292410205558,"{""temperatura_media_c"": {""n_estacoes"": 4, ""nearest_distance_km"": 13.45, ""max_distance_km"": 154.4, ""stations"": [""GARANHUNS"", ""ARCO VERDE"", ""PALMARES"", ""SURUBIM""], ""method"": ""IDW p=2; até 6 estações; raio máximo 300 km""}, ""precipitacao_anual_mm"": {""n_estacoes"": 6, ""nearest_distance_km"": 87.62, ""max_distance_km"": 152.33, ""stations"": [""ARCO VERDE"", ""CARUARU"", ""PALMARES"", ""SANTA CRUZ DO CAPIBARIBE"", ""IBIMIRIM"", ""SAO JOSE DA COROA GRANDE""], ""method"": ""IDW p=2; até 6 estações; raio máximo 300 km""}}","{""organization"": ""INMET"", ""dataset"": ""Dados Históricos Anuais - estações automáticas"", ""version"": ""2026"", ""retrieved_at"": ""2026-10-01"", ""reference_url"": ""https://portal.inmet.gov.br/uploads/dadoshistoricos/2026.zip"", ""method"": ""agregação anual observada por estação + IDW municipal em EPSG:31985; p=2; 3-6 estações; raio <=300 km; controle mínimo de completude"", ""verified"": true}"
2602506,2026,23.99925209654874,265.88804534358667,"{""temperatura_media_c"": {""n_estacoes"": 6, ""nearest_distance_km"": 125.08, ""max_distance_km"": 256.01, ""stations"": [""ARCO VERDE"", ""SURUBIM"", ""GARANHUNS"", ""SALGUEIRO"", ""PALMARES"", ""CABROBO""], ""method"": ""IDW p=2; até 6 estações; raio máximo 300 km""}, ""precipitacao_anual_mm"": {""n_estacoes"": 6, ""nearest_distance_km"": 125.08, ""max_distance_km"": 182.04, ""stations"": [""ARCO VERDE"", ""SERRA TALHADA"", ""IBIMIRIM"", ""SANTA CRUZ DO CAPIBARIBE"", ""SURUBIM"", ""CARUARU""], ""method"": ""IDW p=2; até 6 estações; raio máximo 300 km""}}","{""organization"": ""INMET"", ""dataset"": ""Dados Históricos Anuais - estações automáticas"", ""version"": ""2026"", ""retrieved_at"": ""2026-10-01"", ""reference_url"": ""https://portal.inmet.gov.br/uploads/dadoshistoricos/2026.zip"", ""method"": ""agregação anual observada por estação + IDW municipal em EPSG:31985; p=2; 3-6 estações; raio <=300 km; controle mínimo de completude"", ""verified"": true}"
2602605,2026,23.56615179904943,100.66832583547276,"{""temperatura_media_c"": {""n_estacoes"": 4, ""nearest_distance_km"": 60.04, ""max_distance_km"": 102.3, ""stations"": [""SURUBIM"", ""ARCO VERDE"", ""GARANHUNS"", ""PALMARES""], ""method"": ""IDW p=2; até 6 estações; raio máximo 300 km""}, ""precipitacao_anual_mm"": {""n_estacoes"": 6, ""nearest_distance_km"": 15.12, ""max_distance_km"": 126.48, ""stations"": [""SANTA CRUZ DO CAPIBARIBE"", ""CARUARU"", ""SURUBIM"", ""ARCO VERDE"", ""PALMARES"", ""ALIANCA""], ""method"": ""IDW p=2; até 6 estações; raio máximo 300 km""}}","{""organization"": ""INMET"", ""dataset"": ""Dados Históricos Anuais - estações automáticas"", ""version"": ""2026"", ""retrieved_at"": ""2026-10-01"", ""reference_url"": ""https://portal.inmet.gov.br/uploads/dadoshistoricos/2026.zip"", ""method"": ""agregação anual observada por estação + IDW municipal em EPSG:31985; p=2; 3-6 estações; raio <=300 km; controle mínimo de completude"", ""verified"": true}"
2602704,2026,24.046716856101956,205.02916318989384,"{""temperatura_media_c"": {""n_estacoes"": 4, ""nearest_distance_km"": 50.25, ""max_distance_km"": 203.64, ""stations"": [""SURUBIM"", ""PALMARES"", ""GARANHUNS"", ""ARCO VERDE""], ""method"": ""IDW p=2; até 6 estações; raio máximo 300 km""}, ""precipitacao_anual_mm"": {""n_estacoes"": 6, ""nearest_distance_km"": 18.86, ""max_distance_km"": 101.61, ""stations"": [""ALIANCA"", ""ITAPISSUMA"", ""SURUBIM"", ""RECIFE"", ""SANTA CRUZ DO CAPIBARIBE"", ""CARUARU""], ""method"": ""IDW p=2; até 6 estações; raio máximo 300 km""}}","{""organization"": ""INMET"", ""dataset"": ""Dados Históricos Anuais - estações automáticas"", ""version"": ""2026"", ""retrieved_at"": ""2026-10-01"", ""reference_url"": ""https://portal.inmet.gov.br/uploads/dadoshistoricos/2026.zip"", ""method"": ""agregação anual observada por estação + IDW municipal em EPSG:31985; p=2; 3-6 estações; raio <=300 km; controle mínimo de completude"", ""verified"": true}"
2602803,2026,23.173409351300915,552.915367402269,"{""temperatura_media_c"": {""n_estacoes"": 6, ""nearest_distance_km"": 24.94, ""max_distance_km"": 243.0, ""stations"": [""ARCO VERDE"", ""GARANHUNS"", ""PALMARES"", ""SURUBIM"", ""SALGUEIRO"", ""CABROBO""], ""method"": ""IDW p=2; até 6 estações; raio máximo 300 km""}, ""precipitacao_anual_mm"": {""n_estacoes"": 6, ""nearest_distance_km"": 24.94, ""max_distance_km"": 161.67, ""stations"": [""ARCO VERDE"", ""IBIMIRIM"", ""CARUARU"", ""SANTA CRUZ DO CAPIBARIBE"", ""SERRA TALHADA"", ""FLORESTA""], ""method"": ""IDW p=2; até 6 estações; raio máximo 300 km""}}","{""organization"": ""INMET"", ""dataset"": ""Dados Históricos Anuais - estações automáticas"", ""version"": ""2026"", ""retrieved_at"": ""2026-10-01"", ""reference_url"": ""https://portal.inmet.gov.br/uploads/dadoshistoricos/2026.zip"", ""method"": ""agregação anual observada por estação + IDW municipal em EPSG:31985; p=2; 3-6 estações; raio <=300 km; controle mínimo de completude"", ""verified"": true}"
2602902,2026,24.112846952723,542.7674692328623,"{""temperatura_media_c"": {""n_estacoes"": 4, ""nearest_distance_km"": 68.95, ""max_distance_km"": 217.94, ""stations"": [""PALMARES"", ""SURUBIM"", ""GARANHUNS"", ""ARCO VERDE""], ""method"": ""IDW p=2; até 6 estações; raio máximo 300 km""}, ""precipitacao_anual_mm"": {""n_estacoes"": 6, ""nearest_distance_km"": 31.8, ""max_distance_km"": 90.9, ""stations"": [""RECIFE"", ""ITAPISSUMA"", ""SAO JOSE DA COROA GRANDE"", ""PALMARES"", ""ALIANCA"", ""SURUBIM""], ""method"": ""IDW p=2; até 6 estações; raio máximo 300 km""}}","{""organization"": ""INMET"", ""dataset"": ""Dados Históricos Anuais - estações automáticas"", ""version"": ""2026"", ""retrieved_at"": ""2026-10-01"", ""reference_url"": ""https://portal.inmet.gov.br/uploads/dadoshistoricos/2026.zip"", ""method"": ""agregação anual observada por estação + IDW municipal em EPSG:31985; p=2; 3-6 estações; raio <=300 km; controle mínimo de completude"", ""verified"": true}"
2603009,2026,27.123311614471124,344.0129470338817,"{""temperatura_media_c"": {""n_estacoes"": 3, ""nearest_distance_km"": 13.15, ""max_distance_km"": 251.42, ""stations"": [""CABROBO"", ""SALGUEIRO"", ""ARCO VERDE""], ""method"": ""IDW p=2; até 6 estações; raio máximo 300 km""}, ""precipitacao_anual_mm"": {""n_estacoes"": 5, ""nearest_distance_km"": 44.74, ""max_distance_km"": 251.42, ""stations"": [""SALGUEIRO"", ""FLORESTA"", ""SERRA TALHADA"", ""IBIMIRIM"", ""ARCO VERDE""], ""method"": ""IDW p=2; até 6 estações; raio máximo 300 km""}}","{""organization"": ""INMET"", ""dataset"": ""Dados Históricos Anuais - estações automáticas"", ""version"": ""2026"", ""retrieved_at"": ""2026-10-01"", ""reference_url"": ""https://portal.inmet.gov.br/uploads/dadoshistoricos/2026.zip"", ""method"": ""agregação anual observada por estação + IDW municipal em EPSG:31985; p=2; 3-6 estações; raio <=300 km; controle mínimo de completude"", ""verified"": true}"
2603108,2026,22.82043212906975,348.38482426884474,"{""temperatura_media_c"": {""n_estacoes"": 4, ""nearest_distance_km"": 52.17, ""max_distance_km"": 90.05, ""stations"": [""GARANHUNS"", ""PALMARES"", ""ARCO VERDE"", ""SURUBIM""], ""method"": ""IDW p=2; até 6 estações; raio máximo 300 km""}, ""precipitacao_anual_mm"": {""n_estacoes"": 6, ""nearest_distance_km"": 32.27, ""max_distance_km"": 132.95, ""stations"": [""CARUARU"", ""SANTA CRUZ DO CAPIBARIBE"", ""PALMARES"", ""ARCO VERDE"", ""SURUBIM"", ""SAO JOSE DA COROA GRANDE""], ""method"": ""IDW p=2; até 6 estações; raio máximo 300 km""}}","{""organization"": ""INMET"", ""dataset"": ""Dados Históricos Anuais - estações automáticas"", ""version"": ""2026"", ""retrieved_at"": ""2026-10-01"", ""reference_url"": ""https://portal.inmet.gov.br/uploads/dadoshistoricos/2026.zip"", ""method"": ""agregação anual observada por estação + IDW municipal em EPSG:31985; p=2; 3-6 estações; raio <=300 km; controle mínimo de completude"", ""verified"": true}"
2603207,2026,21.870980573161887,457.3001762607541,"{""temperatura_media_c"": {""n_estacoes"": 6, ""nearest_distance_km"": 21.77, ""max_distance_km"": 295.21, ""stations"": [""GARANHUNS"", ""ARCO VERDE"", ""PALMARES"", ""SURUBIM"", ""SALGUEIRO"", ""CABROBO""], ""method"": ""IDW p=2; até 6 estações; raio máximo 300 km""}, ""precipitacao_anual_mm"": {""n_estacoes"": 6, ""nearest_distance_km"": 59.95, ""max_distance_km"": 143.23, ""stations"": [""ARCO VERDE"", ""CARUARU"", ""SANTA CRUZ DO CAPIBARIBE"", ""IBIMIRIM"", ""PALMARES"", ""SURUBIM""], ""method"": ""IDW p=2; até 6 estações; raio máximo 300 km""}}","{""organization"": ""INMET"", ""dataset"": ""Dados Históricos Anuais - estações automáticas"", ""version"": ""2026"", ""retrieved_at"": ""2026-10-01"", ""reference_url"": ""https://portal.inmet.gov.br/uploads/dadoshistoricos/2026.zip"", ""method"": ""agregação anual observada por estação + IDW municipal em EPSG:31985; p=2; 3-6 estações; raio <=300 km; controle mínimo de completude"", ""verified"": true}"
2603306,2026,21.96730532524779,394.3237507708447,"{""temperatura_media_c"": {""n_estacoes"": 4, ""nearest_distance_km"": 25.93, ""max_distance_km"": 116.37, ""stations"": [""GARANHUNS"", ""PALMARES"", ""ARCO VERDE"", ""SURUBIM""], ""method"": ""IDW p=2; até 6 estações; raio máximo 300 km""}, ""precipitacao_anual_mm"": {""n_estacoes"": 6, ""nearest_distance_km"": 54.34, ""max_distance_km"": 129.54, ""stations"": [""CARUARU"", ""PALMARES"", ""ARCO VERDE"", ""SANTA CRUZ DO CAPIBARIBE"", ""SURUBIM"", ""SAO JOSE DA COROA GRANDE""], ""method"": ""IDW p=2; até 6 estações; raio máximo 300 km""}}","{""organization"": ""INMET"", ""dataset"": ""Dados Históricos Anuais - estações automáticas"", ""version"": ""2026"", ""retrieved_at"": ""2026-10-01"", ""reference_url"": ""https://portal.inmet.gov.br/uploads/dadoshistoricos/2026.zip"", ""method"": ""agregação anual observada por estação + IDW municipal em EPSG:31985; p=2; 3-6 estações; raio <=300 km; controle mínimo de completude"", ""verified"": true}"
2603405,2026,24.901369682458782,57.69925033168648,"{""temperatura_media_c"": {""n_estacoes"": 6, ""nearest_distance_km"": 112.8, ""max_distance_km"": 286.64, ""stations"": [""SALGUEIRO"", ""ARCO VERDE"", ""CABROBO"", ""GARANHUNS"", ""SURUBIM"", ""PALMARES""], ""method"": ""IDW p=2; até 6 estações; raio máximo 300 km""}, ""precipitacao_anual_mm"": {""n_estacoes"": 6, ""nearest_distance_km"": 24.56, ""max_distance_km"": 204.82, ""stations"": [""SERRA TALHADA"", ""IBIMIRIM"", ""FLORESTA"", ""SALGUEIRO"", ""ARCO VERDE"", ""SANTA CRUZ DO CAPIBARIBE""], ""method"": ""IDW p=2; até 6 estações; raio máximo 300 km""}}","{""organization"": ""INMET"", ""dataset"": ""Dados Históricos Anuais - estações automáticas"", ""version"": ""2026"", ""retrieved_at"": ""2026-10-01"", ""reference_url"": ""https://portal.inmet.gov.br/uploads/dadoshistoricos/2026.zip"", ""method"": ""agregação anual observada por estação + IDW municipal em EPSG:31985; p=2; 3-6 estações; raio <=300 km; controle mínimo de completude"", ""verified"": true}"
2603454,2026,24.009028098683025,756.3143985488753,"{""temperatura_media_c"": {""n_estacoes"": 4, ""nearest_distance_km"": 89.09, ""max_distance_km"": 232.51, ""stations"": [""SURUBIM"", ""PALMARES"", ""GARANHUNS"", ""ARCO VERDE""], ""method"": ""IDW p=2; até 6 estações; raio máximo 300 km""}, ""precipitacao_anual_mm"": {""n_estacoes"": 6, ""nearest_distance_km"": 6.71, ""max_distance_km"": 100.99, ""stations"": [""RECIFE"", ""ITAPISSUMA"", ""ALIANCA"", ""SURUBIM"", ""PALMARES"", ""SAO JOSE DA COROA GRANDE""], ""method"": ""IDW p=2; até 6 estações; raio máximo 300 km""}}","{""organization"": ""INMET"", ""dataset"": ""Dados Históricos Anuais - estações automáticas"", ""version"": ""2026"", ""retrieved_at"": ""2026-10-01"", ""reference_url"": ""https://portal.inmet.gov.br/uploads/dadoshistoricos/2026.zip"", ""method"": ""agregação anual observada por estação + IDW municipal em EPSG:31985; p=2; 3-6 estações; raio <=300 km; controle mínimo de completude"", ""verified"": true}"
2603504,2026,24.108787926152566,415.31545929598025,"{""temperatura_media_c"": {""n_estacoes"": 4, ""nearest_distance_km"": 41.64, ""max_distance_km"": 141.85, ""stations"": [""PALMARES"", ""SURUBIM"", ""GARANHUNS"", ""ARCO VERDE""], ""method"": ""IDW p=2; até 6 estações; raio máximo 300 km""}, ""precipitacao_anual_mm"": {""n_estacoes"": 6, ""nearest_distance_km"": 28.26, ""max_distance_km"": 98.35, ""stations"": [""CARUARU"", ""PALMARES"", ""SURUBIM"", ""SANTA CRUZ DO CAPIBARIBE"", ""SAO JOSE DA COROA GRANDE"", ""RECIFE""], ""method"": ""IDW p=2; até 6 estações; raio máximo 300 km""}}","{""organization"": ""INMET"", ""dataset"": ""Dados Históricos Anuais - estações automáticas"", ""version"": ""2026"", ""retrieved_at"": ""2026-10-01"", ""reference_url"": ""https://portal.inmet.gov.br/uploads/dadoshistoricos/2026.zip"", ""method"": ""agregação anual observada por estação + IDW municipal em EPSG:31985; p=2; 3-6 estações; raio <=300 km; controle mínimo de completude"", ""verified"": true}"
2603603,2026,23.97315577481446,175.24257787393393,"{""temperatura_media_c"": {""n_estacoes"": 4, ""nearest_distance_km"": 70.6, ""max_distance_km"": 223.25, ""stations"": [""SURUBIM"", ""PALMARES"", ""GARANHUNS"", ""ARCO VERDE""], ""method"": ""IDW p=2; até 6 estações; raio máximo 300 km""}, ""precipitacao_anual_mm"": {""n_estacoes"": 6, ""nearest_distance_km"": 20.63, ""max_distance_km"": 129.96, ""stations"": [""ALIANCA"", ""ITAPISSUMA"", ""SURUBIM"", ""RECIFE"", ""SANTA CRUZ DO CAPIBARIBE"", ""CARUARU""], ""method"": ""IDW p=2; até 6 estações; raio máximo 300 km""}}","{""organization"": ""INMET"", ""dataset"": ""Dados Históricos Anuais - estações automáticas"", ""version"": ""2026"", ""retrieved_at"": ""2026-10-01"", ""reference_url"": ""https://portal.inmet.gov.br/uploads/dadoshistoricos/2026.zip"", ""method"": ""agregação anual observada por estação + IDW municipal em EPSG:31985; p=2; 3-6 estações; raio <=300 km; controle mínimo de completude"", ""verified"": true}"
2603702,2026,22.28913923667218,412.303988935002,"{""temperatura_media_c"": {""n_estacoes"": 4, ""nearest_distance_km"": 34.9, ""max_distance_km"": 123.88, ""stations"": [""GARANHUNS"", ""PALMARES"", ""ARCO VERDE"", ""SURUBIM""], ""method"": ""IDW p=2; até 6 estações; raio máximo 300 km""}, ""precipitacao_anual_mm"": {""n_estacoes"": 6, ""nearest_distance_km"": 61.68, ""max_distance_km"": 123.88, ""stations"": [""CARUARU"", ""PALMARES"", ""SANTA CRUZ DO CAPIBARIBE"", ""ARCO VERDE"", ""SAO JOSE DA COROA GRANDE"", ""SURUBIM""], ""method"": ""IDW p=2; até 6 estações; raio máximo 300 km""}}","{""organization"": ""INMET"", ""dataset"": ""Dados Históricos Anuais - estações automáticas"", ""version"": ""2026"", ""retrieved_at"": ""2026-10-01"", ""reference_url"": ""https://portal.inmet.gov.br/uploads/dadoshistoricos/2026.zip"", ""method"": ""agregação anual observada por estação + IDW municipal em EPSG:31985; p=2; 3-6 estações; raio <=300 km; controle mínimo de completude"", ""verified"": true}"
2603801,2026,22.045237895252843,443.32423830492235,"{""temperatura_media_c"": {""n_estacoes"": 5, ""nearest_distance_km"": 27.39, ""max_distance_km"": 284.6, ""stations"": [""GARANHUNS"", ""ARCO VERDE"", ""PALMARES"", ""SURUBIM"", ""SALGUEIRO""], ""method"": ""IDW p=2; até 6 estações; raio máximo 300 km""}, ""precipitacao_anual_mm"": {""n_estacoes"": 6, ""nearest_distance_km"": 57.64, ""max_distance_km"": 129.24, ""stations"": [""ARCO VERDE"", ""CARUARU"", ""SANTA CRUZ DO CAPIBARIBE"", ""PALMARES"", ""IBIMIRIM"", ""SURUBIM""], ""method"": ""IDW p=2; até 6 estações; raio máximo 300 km""}}","{""organization"": ""INMET"", ""dataset"": ""Dados Históricos Anuais - estações automáticas"", ""version"": ""2026"", ""retrieved_at"": ""2026-10-01"", ""reference_url"": ""https://portal.inmet.gov.br/uploads/dadoshistoricos/2026.zip"", ""method"": ""agregação anual observada por estação + IDW municipal em EPSG:31985; p=2; 3-6 estações; raio <=300 km; controle mínimo de completude"", ""verified"": true}"
2603900,2026,24.196026424128316,184.37258482213676,"{""temperatura_media_c"": {""n_estacoes"": 6, ""nearest_distance_km"": 102.47, ""max_distance_km"": 257.06, ""stations"": [""ARCO VERDE"", ""SALGUEIRO"", ""GARANHUNS"", ""CABROBO"", ""SURUBIM"", ""PALMARES""], ""method"": ""IDW p=2; até 6 estações; raio máximo 300 km""}, ""precipitacao_anual_mm"": {""n_estacoes"": 6, ""nearest_distance_km"": 65.23, ""max_distance_km"": 166.78, ""stations"": [""SERRA TALHADA"", ""IBIMIRIM"", ""ARCO VERDE"", ""FLORESTA"", ""SALGUEIRO"", ""SANTA CRUZ DO CAPIBARIBE""], ""method"": ""IDW p=2; até 6 estações; raio máximo 300 km""}}","{""organization"": ""INMET"", ""dataset"": ""Dados Históricos Anuais - estações automáticas"", ""version"": ""2026"", ""retrieved_at"": ""2026-10-01"", ""reference_url"": ""https://portal.inmet.gov.br/uploads/dadoshistoricos/2026.zip"", ""method"": ""agregação anual observada por estação + IDW municipal em EPSG:31985; p=2; 3-6 estações; raio <=300 km; controle mínimo de completude"", ""verified"": true}"
2603926,2026,26.32809970053093,86.80203690060526,"{""temperatura_media_c"": {""n_estacoes"": 4, ""nearest_distance_km"": 56.94, ""max_distance_km"": 252.15, ""stations"": [""SALGUEIRO"", ""CABROBO"", ""ARCO VERDE"", ""GARANHUNS""], ""method"": ""IDW p=2; até 6 estações; raio máximo 300 km""}, ""precipitacao_anual_mm"": {""n_estacoes"": 6, ""nearest_distance_km"": 25.98, ""max_distance_km"": 280.4, ""stations"": [""FLORESTA"", ""SALGUEIRO"", ""SERRA TALHADA"", ""IBIMIRIM"", ""ARCO VERDE"", ""SANTA CRUZ DO CAPIBARIBE""], ""method"": ""IDW p=2; até 6 estações; raio máximo 300 km""}}","{""organization"": ""INMET"", ""dataset"": ""Dados Históricos Anuais - estações automáticas"", ""version"": ""2026"", ""retrieved_at"": ""2026-10-01"", ""reference_url"": ""https://portal.inmet.gov.br/uploads/dadoshistoricos/2026.zip"", ""method"": ""agregação anual observada por estação + IDW municipal em EPSG:31985; p=2; 3-6 estações; raio <=300 km; controle mínimo de completude"", ""verified"": true}"
2604007,2026,24.04610131202388,284.99495417648535,"{""temperatura_media_c"": {""n_estacoes"": 4, ""nearest_distance_km"": 53.51, ""max_distance_km"": 204.67, ""stations"": [""SURUBIM"", ""PALMARES"", ""GARANHUNS"", ""ARCO VERDE""], ""method"": ""IDW p=2; até 6 estações; raio máximo 300 km""}, ""precipitacao_anual_mm"": {""n_estacoes"": 6, ""nearest_distance_km"": 24.54, ""max_distance_km"": 99.38, ""stations"": [""ALIANCA"", ""ITAPISSUMA"", ""RECIFE"", ""SURUBIM"", ""PALMARES"", ""CARUARU""], ""method"": ""IDW p=2; até 6 estações; raio máximo 300 km""}}","{""organization"": ""INMET"", ""dataset"": ""Dados Históricos Anuais - estações automáticas"", ""version"": ""2026"", ""retrieved_at"": ""2026-10-01"", ""reference_url"": ""https://portal.inmet.gov.br/uploads/dadoshistoricos/2026.zip"", ""method"": ""agregação anual observada por estação + IDW municipal em EPSG:31985; p=2; 3-6 estações; raio <=300 km; controle mínimo de completude"", ""verified"": true}"
2604106,2026,23.84928424588988,309.6096962534352,"{""temperatura_media_c"": {""n_estacoes"": 4, ""nearest_distance_km"": 44.98, ""max_distance_km"": 117.99, ""stations"": [""SURUBIM"", ""PALMARES"", ""GARANHUNS"", ""ARCO VERDE""], ""method"": ""IDW p=2; até 6 estações; raio máximo 300 km""}, ""precipitacao_anual_mm"": {""n_estacoes"": 6, ""nearest_distance_km"": 19.48, ""max_distance_km"": 117.99, ""stations"": [""CARUARU"", ""SANTA CRUZ DO CAPIBARIBE"", ""SURUBIM"", ""PALMARES"", ""ALIANCA"", ""ARCO VERDE""], ""method"": ""IDW p=2; até 6 estações; raio máximo 300 km""}}","{""organization"": ""INMET"", ""dataset"": ""Dados Históricos Anuais - estações automáticas"", ""version"": ""2026"", ""retrieved_at"": ""2026-10-01"", ""reference_url"": ""https://portal.inmet.gov.br/uploads/dadoshistoricos/2026.zip"", ""method"": ""agregação anual observada por estação + IDW municipal em EPSG:31985; p=2; 3-6 estações; raio <=300 km; controle mínimo de completude"", ""verified"": true}"
2604155,2026,24.15263977781867,394.01563694183255,"{""temperatura_media_c"": {""n_estacoes"": 4, ""nearest_distance_km"": 12.19, ""max_distance_km"": 165.25, ""stations"": [""SURUBIM"", ""PALMARES"", ""GARANHUNS"", ""ARCO VERDE""], ""method"": ""IDW p=2; até 6 estações; raio máximo 300 km""}, ""precipitacao_anual_mm"": {""n_estacoes"": 6, ""nearest_distance_km"": 12.19, ""max_distance_km"": 90.64, ""stations"": [""SURUBIM"", ""ALIANCA"", ""SANTA CRUZ DO CAPIBARIBE"", ""CARUARU"", ""RECIFE"", ""ITAPISSUMA""], ""method"": ""IDW p=2; até 6 estações; raio máximo 300 km""}}","{""organization"": ""INMET"", ""dataset"": ""Dados Históricos Anuais - estações automáticas"", ""version"": ""2026"", ""retrieved_at"": ""2026-10-01"", ""reference_url"": ""https://portal.inmet.gov.br/uploads/dadoshistoricos/2026.zip"", ""method"": ""agregação anual observada por estação + IDW municipal em EPSG:31985; p=2; 3-6 estações; raio <=300 km; controle mínimo de completude"", ""verified"": true}"
2604205,2026,24.446777017690877,610.7891460324645,"{""temperatura_media_c"": {""n_estacoes"": 4, ""nearest_distance_km"": 17.92, ""max_distance_km"": 148.52, ""stations"": [""PALMARES"", ""GARANHUNS"", ""SURUBIM"", ""ARCO VERDE""], ""method"": ""IDW p=2; até 6 estações; raio máximo 300 km""}, ""precipitacao_anual_mm"": {""n_estacoes"": 6, ""nearest_distance_km"": 17.92, ""max_distance_km"": 113.1, ""stations"": [""PALMARES"", ""CARUARU"", ""SAO JOSE DA COROA GRANDE"", ""SURUBIM"", ""SANTA CRUZ DO CAPIBARIBE"", ""RECIFE""], ""method"": ""IDW p=2; até 6 estações; raio máximo 300 km""}}","{""organization"": ""INMET"", ""dataset"": ""Dados Históricos Anuais - estações automáticas"", ""version"": ""2026"", ""retrieved_at"": ""2026-10-01"", ""reference_url"": ""https://portal.inmet.gov.br/uploads/dadoshistoricos/2026.zip"", ""method"": ""agregação anual observada por estação + IDW municipal em EPSG:31985; p=2; 3-6 estações; raio <=300 km; controle mínimo de completude"", ""verified"": true}"
2604304,2026,26.322599089730115,390.9189992033664,"{""temperatura_media_c"": {""n_estacoes"": 3, ""nearest_distance_km"": 36.92, ""max_distance_km"": 249.66, ""stations"": [""SALGUEIRO"", ""CABROBO"", ""ARCO VERDE""], ""method"": ""IDW p=2; até 6 estações; raio máximo 300 km""}, ""precipitacao_anual_mm"": {""n_estacoes"": 5, ""nearest_distance_km"": 36.92, ""max_distance_km"": 249.66, ""stations"": [""SALGUEIRO"", ""SERRA TALHADA"", ""FLORESTA"", ""IBIMIRIM"", ""ARCO VERDE""], ""method"": ""IDW p=2; até 6 estações; raio máximo 300 km""}}","{""organization"": ""INMET"", ""dataset"": ""Dados Históricos Anuais - estações automáticas"", ""version"": ""2026"", ""retrieved_at"": ""2026-10-01"", ""reference_url"": ""https://portal.inmet.gov.br/uploads/dadoshistoricos/2026.zip"", ""method"": ""agregação anual observada por estação + IDW municipal em EPSG:31985; p=2; 3-6 estações; raio <=300 km; controle mínimo de completude"", ""verified"": true}"
2604403,2026,24.05561264937583,476.42659602976414,"{""temperatura_media_c"": {""n_estacoes"": 4, ""nearest_distance_km"": 65.04, ""max_distance_km"": 207.89, ""stations"": [""SURUBIM"", ""PALMARES"", ""GARANHUNS"", ""ARCO VERDE""], ""method"": ""IDW p=2; até 6 estações; raio máximo 300 km""}, ""precipitacao_anual_mm"": {""n_estacoes"": 6, ""nearest_distance_km"": 30.72, ""max_distance_km"": 97.29, ""stations"": [""RECIFE"", ""ITAPISSUMA"", ""ALIANCA"", ""SURUBIM"", ""PALMARES"", ""CARUARU""], ""method"": ""IDW p=2; até 6 estações; raio máximo 300 km""}}","{""organization"": ""INMET"", ""dataset"": ""Dados Históricos Anuais - estações automáticas"", ""version"": ""2026"", ""retrieved_at"": ""2026-10-01"", ""reference_url"": ""https://portal.inmet.gov.br/uploads/dadoshistoricos/2026.zip"", ""method"": ""agregação anual observada por estação + IDW municipal em EPSG:31985; p=2; 3-6 estações; raio <=300 km; controle mínimo de completude"", ""verified"": true}"
2604502,2026,24.166940692199937,484.798015918788,"{""temperatura_media_c"": {""n_estacoes"": 4, ""nearest_distance_km"": 49.47, ""max_distance_km"": 175.89, ""stations"": [""PALMARES"", ""SURUBIM"", ""GARANHUNS"", ""ARCO VERDE""], ""method"": ""IDW p=2; até 6 estações; raio máximo 300 km""}, ""precipitacao_anual_mm"": {""n_estacoes"": 6, ""nearest_distance_km"": 49.47, ""max_distance_km"": 80.64, ""stations"": [""PALMARES"", ""SURUBIM"", ""CARUARU"", ""RECIFE"", ""ALIANCA"", ""ITAPISSUMA""], ""method"": ""IDW p=2; até 6 estações; raio máximo 300 km""}}","{""organization"": ""INMET"", ""dataset"": ""Dados Históricos Anuais - estações automáticas"", ""version"": ""2026"", ""retrieved_at"": ""2026-10-01"", ""reference_url"": ""https://portal.inmet.gov.br/uploads/dadoshistoricos/2026.zip"", ""method"": ""agregação anual observada por estação + IDW municipal em EPSG:31985; p=2; 3-6 estações; raio <=300 km; controle mínimo de completude"", ""verified"": true}"
2604601,2026,23.966374358803286,177.6793605645221,"{""temperatura_media_c"": {""n_estacoes"": 4, ""nearest_distance_km"": 81.05, ""max_distance_km"": 235.01, ""stations"": [""SURUBIM"", ""PALMARES"", ""GARANHUNS"", ""ARCO VERDE""], ""method"": ""IDW p=2; até 6 estações; raio máximo 300 km""}, ""precipitacao_anual_mm"": {""n_estacoes"": 6, ""nearest_distance_km"": 15.15, ""max_distance_km"": 130.45, ""stations"": [""ALIANCA"", ""ITAPISSUMA"", ""RECIFE"", ""SURUBIM"", ""PALMARES"", ""SANTA CRUZ DO CAPIBARIBE""], ""method"": ""IDW p=2; até 6 estações; raio máximo 300 km""}}","{""organization"": ""INMET"", ""dataset"": ""Dados Históricos Anuais - estações automáticas"", ""version"": ""2026"", ""retrieved_at"": ""2026-10-01"", ""reference_url"": ""https://portal.inmet.gov.br/uploads/dadoshistoricos/2026.zip"", ""method"": ""agregação anual observada por estação + IDW municipal em EPSG:31985; p=2; 3-6 estações; raio <=300 km; controle mínimo de completude"", ""verified"": true}"
2604700,2026,21.887584678061522,415.6986531570801,"{""temperatura_media_c"": {""n_estacoes"": 4, ""nearest_distance_km"": 28.28, ""max_distance_km"": 153.27, ""stations"": [""GARANHUNS"", ""PALMARES"", ""ARCO VERDE"", ""SURUBIM""], ""method"": ""IDW p=2; até 6 estações; raio máximo 300 km""}, ""precipitacao_anual_mm"": {""n_estacoes"": 6, ""nearest_distance_km"": 90.69, ""max_distance_km"": 153.27, ""stations"": [""CARUARU"", ""PALMARES"", ""ARCO VERDE"", ""SANTA CRUZ DO CAPIBARIBE"", ""SAO JOSE DA COROA GRANDE"", ""SURUBIM""], ""method"": ""IDW p=2; até 6 estações; raio máximo 300 km""}}","{""organization"": ""INMET"", ""dataset"": ""Dados Históricos Anuais - estações automáticas"", ""version"": ""2026"", ""retrieved_at"": ""2026-10-01"", ""reference_url"": ""https://portal.inmet.gov.br/uploads/dadoshistoricos/2026.zip"", ""method"": ""agregação anual observada por estação + IDW municipal em EPSG:31985; p=2; 3-6 estações; raio <=300 km; controle mínimo de completude"", ""verified"": true}"
2604809,2026,24.396705475579363,553.0273990901018,"{""temperatura_media_c"": {""n_estacoes"": 4, ""nearest_distance_km"": 26.18, ""max_distance_km"": 168.13, ""stations"": [""PALMARES"", ""SURUBIM"", ""GARANHUNS"", ""ARCO VERDE""], ""method"": ""IDW p=2; até 6 estações; raio máximo 300 km""}, ""precipitacao_anual_mm"": {""n_estacoes"": 6, ""nearest_distance_km"": 26.18, ""max_distance_km"": 93.41, ""stations"": [""PALMARES"", ""CARUARU"", ""SAO JOSE DA COROA GRANDE"", ""SURUBIM"", ""RECIFE"", ""SANTA CRUZ DO CAPIBARIBE""], ""method"": ""IDW p=2; até 6 estações; raio máximo 300 km""}}","{""organization"": ""INMET"", ""dataset"": ""Dados Históricos Anuais - estações automáticas"", ""version"": ""2026"", ""retrieved_at"": ""2026-10-01"", ""reference_url"": ""https://portal.inmet.gov.br/uploads/dadoshistoricos/2026.zip"", ""method"": ""agregação anual observada por estação + IDW municipal em EPSG:31985; p=2; 3-6 estações; raio <=300 km; controle mínimo de completude"", ""verified"": true}"
2604908,2026,24.11398786411935,386.98852508996595,"{""temperatura_media_c"": {""n_estacoes"": 4, ""nearest_distance_km"": 23.16, ""max_distance_km"": 153.58, ""stations"": [""SURUBIM"", ""PALMARES"", ""GARANHUNS"", ""ARCO VERDE""], ""method"": ""IDW p=2; até 6 estações; raio máximo 300 km""}, ""precipitacao_anual_mm"": {""n_estacoes"": 6, ""nearest_distance_km"": 23.16, ""max_distance_km"": 85.68, ""stations"": [""SURUBIM"", ""CARUARU"", ""SANTA CRUZ DO CAPIBARIBE"", ""PALMARES"", ""ALIANCA"", ""RECIFE""], ""method"": ""IDW p=2; até 6 estações; raio máximo 300 km""}}","{""organization"": ""INMET"", ""dataset"": ""Dados Históricos Anuais - estações automáticas"", ""version"": ""2026"", ""retrieved_at"": ""2026-10-01"", ""reference_url"": ""https://portal.inmet.gov.br/uploads/dadoshistoricos/2026.zip"", ""method"": ""agregação anual observada por estação + IDW municipal em EPSG:31985; p=2; 3-6 estações; raio <=300 km; controle mínimo de completude"", ""verified"": true}"
2605004,2026,23.841714916449085,413.6529421285409,"{""temperatura_media_c"": {""n_estacoes"": 4, ""nearest_distance_km"": 41.08, ""max_distance_km"": 125.05, ""stations"": [""PALMARES"", ""GARANHUNS"", ""SURUBIM"", ""ARCO VERDE""], ""method"": ""IDW p=2; até 6 estações; raio máximo 300 km""}, ""precipitacao_anual_mm"": {""n_estacoes"": 6, ""nearest_distance_km"": 27.3, ""max_distance_km"": 125.05, ""stations"": [""CARUARU"", ""PALMARES"", ""SANTA CRUZ DO CAPIBARIBE"", ""SURUBIM"", ""SAO JOSE DA COROA GRANDE"", ""ARCO VERDE""], ""method"": ""IDW p=2; até 6 estações; raio máximo 300 km""}}","{""organization"": ""INMET"", ""dataset"": ""Dados Históricos Anuais - estações automáticas"", ""version"": ""2026"", ""retrieved_at"": ""2026-10-01"", ""reference_url"": ""https://portal.inmet.gov.br/uploads/dadoshistoricos/2026.zip"", ""method"": ""agregação anual observada por estação + IDW municipal em EPSG:31985; p=2; 3-6 estações; raio <=300 km; controle mínimo de completude"", ""verified"": true}"
2605103,2026,23.867476624878826,224.45984351340886,"{""temperatura_media_c"": {""n_estacoes"": 6, ""nearest_distance_km"": 74.89, ""max_distance_km"": 239.44, ""stations"": [""ARCO VERDE"", ""GARANHUNS"", ""SALGUEIRO"", ""CABROBO"", ""SURUBIM"", ""PALMARES""], ""method"": ""IDW p=2; até 6 estações; raio máximo 300 km""}, ""precipitacao_anual_mm"": {""n_estacoes"": 6, ""nearest_distance_km"": 37.37, ""max_distance_km"": 162.66, ""stations"": [""IBIMIRIM"", ""SERRA TALHADA"", ""ARCO VERDE"", ""FLORESTA"", ""SALGUEIRO"", ""SANTA CRUZ DO CAPIBARIBE""], ""method"": ""IDW p=2; até 6 estações; raio máximo 300 km""}}","{""organization"": ""INMET"", ""dataset"": ""Dados Históricos Anuais - estações automáticas"", ""version"": ""2026"", ""retrieved_at"": ""2026-10-01"", ""reference_url"": ""https://portal.inmet.gov.br/uploads/dadoshistoricos/2026.zip"", ""method"": ""agregação anual observada por estação + IDW municipal em EPSG:31985; p=2; 3-6 estações; raio <=300 km; controle mínimo de completude"", ""verified"": true}"
2605152,2026,,235.09614844554153,"{""temperatura_media_c"": {""n_estacoes"": 2, ""max_distance_km"": null, ""method"": ""unavailable""}, ""precipitacao_anual_mm"": {""n_estacoes"": 3, ""nearest_distance_km"": 175.93, ""max_distance_km"": 264.68, ""stations"": [""SALGUEIRO"", ""FLORESTA"", ""SERRA TALHADA""], ""method"": ""IDW p=2; até 6 estações; raio máximo 300 km""}}","{""organization"": ""INMET"", ""dataset"": ""Dados Históricos Anuais - estações automáticas"", ""version"": ""2026"", ""retrieved_at"": ""2026-10-01"", ""reference_url"": ""https://portal.inmet.gov.br/uploads/dadoshistoricos/2026.zip"", ""method"": ""agregação anual observada por estação + IDW municipal em EPSG:31985; p=2; 3-6 estações; raio <=300 km; controle mínimo de completude"", ""verified"": true}"
2605202,2026,24.241352694868873,496.436723683754,"{""temperatura_media_c"": {""n_estacoes"": 4, ""nearest_distance_km"": 46.87, ""max_distance_km"": 197.6, ""stations"": [""PALMARES"", ""SURUBIM"", ""GARANHUNS"", ""ARCO VERDE""], ""method"": ""IDW p=2; até 6 estações; raio máximo 300 km""}, ""precipitacao_anual_mm"": {""n_estacoes"": 6, ""nearest_distance_km"": 46.87, ""max_distance_km"": 84.2, ""stations"": [""PALMARES"", ""RECIFE"", ""SAO JOSE DA COROA GRANDE"", ""ITAPISSUMA"", ""SURUBIM"", ""CARUARU""], ""method"": ""IDW p=2; até 6 estações; raio máximo 300 km""}}","{""organization"": ""INMET"", ""dataset"": ""Dados Históricos Anuais - estações automáticas"", ""version"": ""2026"", ""retrieved_at"": ""2026-10-01"", ""reference_url"": ""https://portal.inmet.gov.br/uploads/dadoshistoricos/2026.zip"", ""method"": ""agregação anual observada por estação + IDW municipal em EPSG:31985; p=2; 3-6 estações; raio <=300 km; controle mínimo de completude"", ""verified"": true}"
2605301,2026,,292.98940781163793,"{""temperatura_media_c"": {""n_estacoes"": 2, ""max_distance_km"": null, ""method"": ""unavailable""}, ""precipitacao_anual_mm"": {""n_estacoes"": 4, ""nearest_distance_km"": 94.18, ""max_distance_km"": 251.11, ""stations"": [""SALGUEIRO"", ""SERRA TALHADA"", ""FLORESTA"", ""IBIMIRIM""], ""method"": ""IDW p=2; até 6 estações; raio máximo 300 km""}}","{""organization"": ""INMET"", ""dataset"": ""Dados Históricos Anuais - estações automáticas"", ""version"": ""2026"", ""retrieved_at"": ""2026-10-01"", ""reference_url"": ""https://portal.inmet.gov.br/uploads/dadoshistoricos/2026.zip"", ""method"": ""agregação anual observada por estação + IDW municipal em EPSG:31985; p=2; 3-6 estações; raio <=300 km; controle mínimo de completude"", ""verified"": true}"
2605400,2026,24.07522546619874,389.4321245898951,"{""temperatura_media_c"": {""n_estacoes"": 4, ""nearest_distance_km"": 46.54, ""max_distance_km"": 192.02, ""stations"": [""SURUBIM"", ""PALMARES"", ""GARANHUNS"", ""ARCO VERDE""], ""method"": ""IDW p=2; até 6 estações; raio máximo 300 km""}, ""precipitacao_anual_mm"": {""n_estacoes"": 6, ""nearest_distance_km"": 41.39, ""max_distance_km"": 83.98, ""stations"": [""ALIANCA"", ""SURUBIM"", ""RECIFE"", ""ITAPISSUMA"", ""PALMARES"", ""CARUARU""], ""method"": ""IDW p=2; até 6 estações; raio máximo 300 km""}}","{""organization"": ""INMET"", ""dataset"": ""Dados Históricos Anuais - estações automáticas"", ""version"": ""2026"", ""retrieved_at"": ""2026-10-01"", ""reference_url"": ""https://portal.inmet.gov.br/uploads/dadoshistoricos/2026.zip"", ""method"": ""agregação anual observada por estação + IDW municipal em EPSG:31985; p=2; 3-6 estações; raio <=300 km; controle mínimo de completude"", ""verified"": true}"
2605459,2026,,,"{""temperatura_media_c"": {""n_estacoes"": 0, ""max_distance_km"": null, ""method"": ""unavailable""}, ""precipitacao_anual_mm"": {""n_estacoes"": 0, ""max_distance_km"": null, ""method"": ""unavailable""}}","{""organization"": ""INMET"", ""dataset"": ""Dados Históricos Anuais - estações automáticas"", ""version"": ""2026"", ""retrieved_at"": ""2026-10-01"", ""reference_url"": ""https://portal.inmet.gov.br/uploads/dadoshistoricos/2026.zip"", ""method"": ""agregação anual observada por estação + IDW municipal em EPSG:31985; p=2; 3-6 estações; raio <=300 km; controle mínimo de completude"", ""verified"": true}"
2605509,2026,23.973242891629116,150.80384807401794,"{""temperatura_media_c"": {""n_estacoes"": 4, ""nearest_distance_km"": 72.47, ""max_distance_km"": 226.14, ""stations"": [""SURUBIM"", ""PALMARES"", ""GARANHUNS"", ""ARCO VERDE""], ""method"": ""IDW p=2; até 6 estações; raio máximo 300 km""}, ""precipitacao_anual_mm"": {""n_estacoes"": 6, ""nearest_distance_km"": 14.5, ""max_distance_km"": 130.05, ""stations"": [""ALIANCA"", ""ITAPISSUMA"", ""RECIFE"", ""SURUBIM"", ""SANTA CRUZ DO CAPIBARIBE"", ""CARUARU""], ""method"": ""IDW p=2; até 6 estações; raio máximo 300 km""}}","{""organization"": ""INMET"", ""dataset"": ""Dados Históricos Anuais - estações automáticas"", ""version"": ""2026"", ""retrieved_at"": ""2026-10-01"", ""reference_url"": ""https://portal.inmet.gov.br/uploads/dadoshistoricos/2026.zip"", ""method"": ""agregação anual observada por estação + IDW municipal em EPSG:31985; p=2; 3-6 estações; raio <=300 km; controle mínimo de completude"", ""verified"": true}"
2605608,2026,24.467181681723844,130.23223003070706,"{""temperatura_media_c"": {""n_estacoes"": 6, ""nearest_distance_km"": 107.67, ""max_distance_km"": 269.09, ""stations"": [""ARCO VERDE"", ""SALGUEIRO"", ""CABROBO"", ""GARANHUNS"", ""SURUBIM"", ""PALMARES""], ""method"": ""IDW p=2; até 6 estações; raio máximo 300 km""}, ""precipitacao_anual_mm"": {""n_estacoes"": 6, ""nearest_distance_km"": 44.31, ""max_distance_km"": 184.41, ""stations"": [""SERRA TALHADA"", ""IBIMIRIM"", ""FLORESTA"", ""ARCO VERDE"", ""SALGUEIRO"", ""SANTA CRUZ DO CAPIBARIBE""], ""method"": ""IDW p=2; até 6 estações; raio máximo 300 km""}}","{""organization"": ""INMET"", ""dataset"": ""Dados Históricos Anuais - estações automáticas"", ""version"": ""2026"", ""retrieved_at"": ""2026-10-01"", ""reference_url"": ""https://portal.inmet.gov.br/uploads/dadoshistoricos/2026.zip"", ""method"": ""agregação anual observada por estação + IDW municipal em EPSG:31985; p=2; 3-6 estações; raio <=300 km; controle mínimo de completude"", ""verified"": true}"
2605707,2026,25.39719140449127,75.54953854284618,"{""temperatura_media_c"": {""n_estacoes"": 5, ""nearest_distance_km"": 104.1, ""max_distance_km"": 289.15, ""stations"": [""SALGUEIRO"", ""CABROBO"", ""ARCO VERDE"", ""GARANHUNS"", ""SURUBIM""], ""method"": ""IDW p=2; até 6 estações; raio máximo 300 km""}, ""precipitacao_anual_mm"": {""n_estacoes"": 6, ""nearest_distance_km"": 30.96, ""max_distance_km"": 239.65, ""stations"": [""FLORESTA"", ""IBIMIRIM"", ""SERRA TALHADA"", ""SALGUEIRO"", ""ARCO VERDE"", ""SANTA CRUZ DO CAPIBARIBE""], ""method"": ""IDW p=2; até 6 estações; raio máximo 300 km""}}","{""organization"": ""INMET"", ""dataset"": ""Dados Históricos Anuais - estações automáticas"", ""version"": ""2026"", ""retrieved_at"": ""2026-10-01"", ""reference_url"": ""https://portal.inmet.gov.br/uploads/dadoshistoricos/2026.zip"", ""method"": ""agregação anual observada por estação + IDW municipal em EPSG:31985; p=2; 3-6 estações; raio <=300 km; controle mínimo de completude"", ""verified"": true}"
2605806,2026,24.1359576745552,374.19641987611953,"{""temperatura_media_c"": {""n_estacoes"": 4, ""nearest_distance_km"": 14.64, ""max_distance_km"": 140.48, ""stations"": [""SURUBIM"", ""PALMARES"", ""GARANHUNS"", ""ARCO VERDE""], ""method"": ""IDW p=2; até 6 estações; raio máximo 300 km""}, ""precipitacao_anual_mm"": {""n_estacoes"": 6, ""nearest_distance_km"": 14.64, ""max_distance_km"": 104.19, ""stations"": [""SURUBIM"", ""SANTA CRUZ DO CAPIBARIBE"", ""CARUARU"", ""ALIANCA"", ""PALMARES"", ""RECIFE""], ""method"": ""IDW p=2; até 6 estações; raio máximo 300 km""}}","{""organization"": ""INMET"", ""dataset"": ""Dados Históricos Anuais - estações automáticas"", ""version"": ""2026"", ""retrieved_at"": ""2026-10-01"", ""reference_url"": ""https://portal.inmet.gov.br/uploads/dadoshistoricos/2026.zip"", ""method"": ""agregação anual observada por estação + IDW municipal em EPSG:31985; p=2; 3-6 estações; raio <=300 km; controle mínimo de completude"", ""verified"": true}"
2605905,2026,24.490394521097382,562.3690868239388,"{""temperatura_media_c"": {""n_estacoes"": 4, ""nearest_distance_km"": 20.21, ""max_distance_km"": 184.38, ""stations"": [""PALMARES"", ""SURUBIM"", ""GARANHUNS"", ""ARCO VERDE""], ""method"": ""IDW p=2; até 6 estações; raio máximo 300 km""}, ""precipitacao_anual_mm"": {""n_estacoes"": 6, ""nearest_distance_km"": 20.21, ""max_distance_km"": 107.18, ""stations"": [""PALMARES"", ""SAO JOSE DA COROA GRANDE"", ""CARUARU"", ""RECIFE"", ""SURUBIM"", ""ITAPISSUMA""], ""method"": ""IDW p=2; até 6 estações; raio máximo 300 km""}}","{""organization"": ""INMET"", ""dataset"": ""Dados Históricos Anuais - estações automáticas"", ""version"": ""2026"", ""retrieved_at"": ""2026-10-01"", ""reference_url"": ""https://portal.inmet.gov.br/uploads/dadoshistoricos/2026.zip"", ""method"": ""agregação anual observada por estação + IDW municipal em EPSG:31985; p=2; 3-6 estações; raio <=300 km; controle mínimo de completude"", ""verified"": true}"
2606002,2026,21.498850313905333,433.6252178411517,"{""temperatura_media_c"": {""n_estacoes"": 4, ""nearest_distance_km"": 2.2, ""max_distance_km"": 143.58, ""stations"": [""GARANHUNS"", ""ARCO VERDE"", ""PALMARES"", ""SURUBIM""], ""method"": ""IDW p=2; até 6 estações; raio máximo 300 km""}, ""precipitacao_anual_mm"": {""n_estacoes"": 6, ""nearest_distance_km"": 82.1, ""max_distance_km"": 143.58, ""stations"": [""CARUARU"", ""ARCO VERDE"", ""PALMARES"", ""SANTA CRUZ DO CAPIBARIBE"", ""IBIMIRIM"", ""SURUBIM""], ""method"": ""IDW p=2; até 6 estações; raio máximo 300 km""}}","{""organization"": ""INMET"", ""dataset"": ""Dados Históricos Anuais - estações automáticas"", ""version"": ""2026"", ""retrieved_at"": ""2026-10-01"", ""reference_url"": ""https://portal.inmet.gov.br/uploads/dadoshistoricos/2026.zip"", ""method"": ""agregação anual observada por estação + IDW municipal em EPSG:31985; p=2; 3-6 estações; raio <=300 km; controle mínimo de completude"", ""verified"": true}"
2606101,2026,24.075908298678172,428.2768645820882,"{""temperatura_media_c"": {""n_estacoes"": 4, ""nearest_distance_km"": 53.29, ""max_distance_km"": 195.07, ""stations"": [""SURUBIM"", ""PALMARES"", ""GARANHUNS"", ""ARCO VERDE""], ""method"": ""IDW p=2; até 6 estações; raio máximo 300 km""}, ""precipitacao_anual_mm"": {""n_estacoes"": 6, ""nearest_distance_km"": 43.48, ""max_distance_km"": 85.05, ""stations"": [""RECIFE"", ""ALIANCA"", ""SURUBIM"", ""ITAPISSUMA"", ""PALMARES"", ""CARUARU""], ""method"": ""IDW p=2; até 6 estações; raio máximo 300 km""}}","{""organization"": ""INMET"", ""dataset"": ""Dados Históricos Anuais - estações automáticas"", ""version"": ""2026"", ""retrieved_at"": ""2026-10-01"", ""reference_url"": ""https://portal.inmet.gov.br/uploads/dadoshistoricos/2026.zip"", ""method"": ""agregação anual observada por estação + IDW municipal em EPSG:31985; p=2; 3-6 estações; raio <=300 km; controle mínimo de completude"", ""verified"": true}"
2606200,2026,23.936126530302808,238.81140683884627,"{""temperatura_media_c"": {""n_estacoes"": 4, ""nearest_distance_km"": 97.43, ""max_distance_km"": 250.9, ""stations"": [""SURUBIM"", ""PALMARES"", ""GARANHUNS"", ""ARCO VERDE""], ""method"": ""IDW p=2; até 6 estações; raio máximo 300 km""}, ""precipitacao_anual_mm"": {""n_estacoes"": 6, ""nearest_distance_km"": 20.52, ""max_distance_km"": 144.49, ""stations"": [""ITAPISSUMA"", ""ALIANCA"", ""RECIFE"", ""SURUBIM"", ""PALMARES"", ""SAO JOSE DA COROA GRANDE""], ""method"": ""IDW p=2; até 6 estações; raio máximo 300 km""}}","{""organization"": ""INMET"", ""dataset"": ""Dados Históricos Anuais - estações automáticas"", ""version"": ""2026"", ""retrieved_at"": ""2026-10-01"", ""reference_url"": ""https://portal.inmet.gov.br/uploads/dadoshistoricos/2026.zip"", ""method"": ""agregação anual observada por estação + IDW municipal em EPSG:31985; p=2; 3-6 estações; raio <=300 km; controle mínimo de completude"", ""verified"": true}"
2606309,2026,,324.5817336221698,"{""temperatura_media_c"": {""n_estacoes"": 2, ""max_distance_km"": null, ""method"": ""unavailable""}, ""precipitacao_anual_mm"": {""n_estacoes"": 4, ""nearest_distance_km"": 72.81, ""max_distance_km"": 233.65, ""stations"": [""SALGUEIRO"", ""FLORESTA"", ""SERRA TALHADA"", ""IBIMIRIM""], ""method"": ""IDW p=2; até 6 estações; raio máximo 300 km""}}","{""organization"": ""INMET"", ""dataset"": ""Dados Históricos Anuais - estações automáticas"", ""version"": ""2026"", ""retrieved_at"": ""2026-10-01"", ""reference_url"": ""https://portal.inmet.gov.br/uploads/dadoshistoricos/2026.zip"", ""method"": ""agregação anual observada por estação + IDW municipal em EPSG:31985; p=2; 3-6 estações; raio <=300 km; controle mínimo de completude"", ""verified"": true}"
2606408,2026,24.131598246862662,443.11377914537593,"{""temperatura_media_c"": {""n_estacoes"": 4, ""nearest_distance_km"": 46.65, ""max_distance_km"": 166.61, ""stations"": [""SURUBIM"", ""PALMARES"", ""GARANHUNS"", ""ARCO VERDE""], ""method"": ""IDW p=2; até 6 estações; raio máximo 300 km""}, ""precipitacao_anual_mm"": {""n_estacoes"": 6, ""nearest_distance_km"": 46.65, ""max_distance_km"": 78.03, ""stations"": [""SURUBIM"", ""PALMARES"", ""CARUARU"", ""RECIFE"", ""ALIANCA"", ""SANTA CRUZ DO CAPIBARIBE""], ""method"": ""IDW p=2; até 6 estações; raio máximo 300 km""}}","{""organization"": ""INMET"", ""dataset"": ""Dados Históricos Anuais - estações automáticas"", ""version"": ""2026"", ""retrieved_at"": ""2026-10-01"", ""reference_url"": ""https://portal.inmet.gov.br/uploads/dadoshistoricos/2026.zip"", ""method"": ""agregação anual observada por estação + IDW municipal em EPSG:31985; p=2; 3-6 estações; raio <=300 km; controle mínimo de completude"", ""verified"": true}"
2606507,2026,22.473282495241964,444.9923356399955,"{""temperatura_media_c"": {""n_estacoes"": 6, ""nearest_distance_km"": 51.77, ""max_distance_km"": 275.84, ""stations"": [""GARANHUNS"", ""ARCO VERDE"", ""PALMARES"", ""SURUBIM"", ""SALGUEIRO"", ""CABROBO""], ""method"": ""IDW p=2; até 6 estações; raio máximo 300 km""}, ""precipitacao_anual_mm"": {""n_estacoes"": 6, ""nearest_distance_km"": 80.49, ""max_distance_km"": 189.08, ""stations"": [""ARCO VERDE"", ""IBIMIRIM"", ""CARUARU"", ""SANTA CRUZ DO CAPIBARIBE"", ""PALMARES"", ""SURUBIM""], ""method"": ""IDW p=2; até 6 estações; raio máximo 300 km""}}","{""organization"": ""INMET"", ""dataset"": ""Dados Históricos Anuais - estações automáticas"", ""version"": ""2026"", ""retrieved_at"": ""2026-10-01"", ""reference_url"": ""https://portal.inmet.gov.br/uploads/dadoshistoricos/2026.zip"", ""method"": ""agregação anual observada por estação + IDW municipal em EPSG:31985; p=2; 3-6 estações; raio <=300 km; controle mínimo de completude"", ""verified"": true}"
2606606,2026,23.59426533838734,214.233746328024,"{""temperatura_media_c"": {""n_estacoes"": 6, ""nearest_distance_km"": 63.45, ""max_distance_km"": 225.03, ""stations"": [""ARCO VERDE"", ""GARANHUNS"", ""SALGUEIRO"", ""CABROBO"", ""SURUBIM"", ""PALMARES""], ""method"": ""IDW p=2; até 6 estações; raio máximo 300 km""}, ""precipitacao_anual_mm"": {""n_estacoes"": 6, ""nearest_distance_km"": 14.7, ""max_distance_km"": 174.95, ""stations"": [""IBIMIRIM"", ""ARCO VERDE"", ""SERRA TALHADA"", ""FLORESTA"", ""SANTA CRUZ DO CAPIBARIBE"", ""SALGUEIRO""], ""method"": ""IDW p=2; até 6 estações; raio máximo 300 km""}}","{""organization"": ""INMET"", ""dataset"": ""Dados Históricos Anuais - estações automáticas"", ""version"": ""2026"", ""retrieved_at"": ""2026-10-01"", ""reference_url"": ""https://portal.inmet.gov.br/uploads/dadoshistoricos/2026.zip"", ""method"": ""agregação anual observada por estação + IDW municipal em EPSG:31985; p=2; 3-6 estações; raio <=300 km; controle mínimo de completude"", ""verified"": true}"
2606705,2026,22.73700100397965,372.256773665437,"{""temperatura_media_c"": {""n_estacoes"": 4, ""nearest_distance_km"": 46.03, ""max_distance_km"": 96.64, ""stations"": [""GARANHUNS"", ""PALMARES"", ""ARCO VERDE"", ""SURUBIM""], ""method"": ""IDW p=2; até 6 estações; raio máximo 300 km""}, ""precipitacao_anual_mm"": {""n_estacoes"": 6, ""nearest_distance_km"": 34.28, ""max_distance_km"": 119.31, ""stations"": [""CARUARU"", ""PALMARES"", ""SANTA CRUZ DO CAPIBARIBE"", ""ARCO VERDE"", ""SURUBIM"", ""SAO JOSE DA COROA GRANDE""], ""method"": ""IDW p=2; até 6 estações; raio máximo 300 km""}}","{""organization"": ""INMET"", ""dataset"": ""Dados Históricos Anuais - estações automáticas"", ""version"": ""2026"", ""retrieved_at"": ""2026-10-01"", ""reference_url"": ""https://portal.inmet.gov.br/uploads/dadoshistoricos/2026.zip"", ""method"": ""agregação anual observada por estação + IDW municipal em EPSG:31985; p=2; 3-6 estações; raio <=300 km; controle mínimo de completude"", ""verified"": true}"
2606804,2026,23.972901449360542,235.7372127102371,"{""temperatura_media_c"": {""n_estacoes"": 4, ""nearest_distance_km"": 91.62, ""max_distance_km"": 241.0, ""stations"": [""SURUBIM"", ""PALMARES"", ""GARANHUNS"", ""ARCO VERDE""], ""method"": ""IDW p=2; até 6 estações; raio máximo 300 km""}, ""precipitacao_anual_mm"": {""n_estacoes"": 6, ""nearest_distance_km"": 7.97, ""max_distance_km"": 120.1, ""stations"": [""ITAPISSUMA"", ""RECIFE"", ""ALIANCA"", ""SURUBIM"", ""PALMARES"", ""SAO JOSE DA COROA GRANDE""], ""method"": ""IDW p=2; até 6 estações; raio máximo 300 km""}}","{""organization"": ""INMET"", ""dataset"": ""Dados Históricos Anuais - estações automáticas"", ""version"": ""2026"", ""retrieved_at"": ""2026-10-01"", ""reference_url"": ""https://portal.inmet.gov.br/uploads/dadoshistoricos/2026.zip"", ""method"": ""agregação anual observada por estação + IDW municipal em EPSG:31985; p=2; 3-6 estações; raio <=300 km; controle mínimo de completude"", ""verified"": true}"
2606903,2026,23.699040493596033,282.500476098926,"{""temperatura_media_c"": {""n_estacoes"": 6, ""nearest_distance_km"": 75.65, ""max_distance_km"": 223.82, ""stations"": [""ARCO VERDE"", ""GARANHUNS"", ""SURUBIM"", ""SALGUEIRO"", ""PALMARES"", ""CABROBO""], ""method"": ""IDW p=2; até 6 estações; raio máximo 300 km""}, ""precipitacao_anual_mm"": {""n_estacoes"": 6, ""nearest_distance_km"": 75.65, ""max_distance_km"": 161.98, ""stations"": [""ARCO VERDE"", ""IBIMIRIM"", ""SERRA TALHADA"", ""SANTA CRUZ DO CAPIBARIBE"", ""FLORESTA"", ""CARUARU""], ""method"": ""IDW p=2; até 6 estações; raio máximo 300 km""}}","{""organization"": ""INMET"", ""dataset"": ""Dados Históricos Anuais - estações automáticas"", ""version"": ""2026"", ""retrieved_at"": ""2026-10-01"", ""reference_url"": ""https://portal.inmet.gov.br/uploads/dadoshistoricos/2026.zip"", ""method"": ""agregação anual observada por estação + IDW municipal em EPSG:31985; p=2; 3-6 estações; raio <=300 km; controle mínimo de completude"", ""verified"": true}"
2607000,2026,24.077019939510553,207.7644244471044,"{""temperatura_media_c"": {""n_estacoes"": 6, ""nearest_distance_km"": 96.66, ""max_distance_km"": 251.63, ""stations"": [""ARCO VERDE"", ""GARANHUNS"", ""SALGUEIRO"", ""CABROBO"", ""SURUBIM"", ""PALMARES""], ""method"": ""IDW p=2; até 6 estações; raio máximo 300 km""}, ""precipitacao_anual_mm"": {""n_estacoes"": 6, ""nearest_distance_km"": 36.33, ""max_distance_km"": 202.54, ""stations"": [""IBIMIRIM"", ""FLORESTA"", ""ARCO VERDE"", ""SERRA TALHADA"", ""SALGUEIRO"", ""SANTA CRUZ DO CAPIBARIBE""], ""method"": ""IDW p=2; até 6 estações; raio máximo 300 km""}}","{""organization"": ""INMET"", ""dataset"": ""Dados Históricos Anuais - estações automáticas"", ""version"": ""2026"", ""retrieved_at"": ""2026-10-01"", ""reference_url"": ""https://portal.inmet.gov.br/uploads/dadoshistoricos/2026.zip"", ""method"": ""agregação anual observada por estação + IDW municipal em EPSG:31985; p=2; 3-6 estações; raio <=300 km; controle mínimo de completude"", ""verified"": true}"
2607109,2026,23.820402807025314,255.10409264875724,"{""temperatura_media_c"": {""n_estacoes"": 6, ""nearest_distance_km"": 89.17, ""max_distance_km"": 229.63, ""stations"": [""ARCO VERDE"", ""GARANHUNS"", ""SURUBIM"", ""SALGUEIRO"", ""CABROBO"", ""PALMARES""], ""method"": ""IDW p=2; até 6 estações; raio máximo 300 km""}, ""precipitacao_anual_mm"": {""n_estacoes"": 6, ""nearest_distance_km"": 89.17, ""max_distance_km"": 168.96, ""stations"": [""ARCO VERDE"", ""IBIMIRIM"", ""SERRA TALHADA"", ""SANTA CRUZ DO CAPIBARIBE"", ""FLORESTA"", ""CARUARU""], ""method"": ""IDW p=2; até 6 estações; raio máximo 300 km""}}","{""organization"": ""INMET"", ""dataset"": ""Dados Históricos Anuais - estações automáticas"", ""version"": ""2026"", ""retrieved_at"": ""2026-10-01"", ""reference_url"": ""https://portal.inmet.gov.br/uploads/dadoshistoricos/2026.zip"", ""method"": ""agregação anual observada por estação + IDW municipal em EPSG:31985; p=2; 3-6 estações; raio <=300 km; controle mínimo de completude"", ""verified"": true}"
2607208,2026,24.179330475756846,440.9172592732832,"{""temperatura_media_c"": {""n_estacoes"": 4, ""nearest_distance_km"": 58.56, ""max_distance_km"": 216.8, ""stations"": [""PALMARES"", ""SURUBIM"", ""GARANHUNS"", ""ARCO VERDE""], ""method"": ""IDW p=2; até 6 estações; raio máximo 300 km""}, ""precipitacao_anual_mm"": {""n_estacoes"": 6, ""nearest_distance_km"": 48.94, ""max_distance_km"": 101.54, ""stations"": [""RECIFE"", ""SAO JOSE DA COROA GRANDE"", ""PALMARES"", ""ITAPISSUMA"", ""ALIANCA"", ""SURUBIM""], ""method"": ""IDW p=2; até 6 estações; raio máximo 300 km""}}","{""organization"": ""INMET"", ""dataset"": ""Dados Históricos Anuais - estações automáticas"", ""version"": ""2026"", ""retrieved_at"": ""2026-10-01"", ""reference_url"": ""https://portal.inmet.gov.br/uploads/dadoshistoricos/2026.zip"", ""method"": ""agregação anual observada por estação + IDW municipal em EPSG:31985; p=2; 3-6 estações; raio <=300 km; controle mínimo de completude"", ""verified"": true}"
2607307,2026,,258.99997364391754,"{""temperatura_media_c"": {""n_estacoes"": 2, ""max_distance_km"": null, ""method"": ""unavailable""}, ""precipitacao_anual_mm"": {""n_estacoes"": 4, ""nearest_distance_km"": 139.21, ""max_distance_km"": 299.54, ""stations"": [""SALGUEIRO"", ""FLORESTA"", ""SERRA TALHADA"", ""IBIMIRIM""], ""method"": ""IDW p=2; até 6 estações; raio máximo 300 km""}}","{""organization"": ""INMET"", ""dataset"": ""Dados Históricos Anuais - estações automáticas"", ""version"": ""2026"", ""retrieved_at"": ""2026-10-01"", ""reference_url"": ""https://portal.inmet.gov.br/uploads/dadoshistoricos/2026.zip"", ""method"": ""agregação anual observada por estação + IDW municipal em EPSG:31985; p=2; 3-6 estações; raio <=300 km; controle mínimo de completude"", ""verified"": true}"
2607406,2026,26.322322369629244,43.943372024385106,"{""temperatura_media_c"": {""n_estacoes"": 4, ""nearest_distance_km"": 70.4, ""max_distance_km"": 247.25, ""stations"": [""CABROBO"", ""SALGUEIRO"", ""ARCO VERDE"", ""GARANHUNS""], ""method"": ""IDW p=2; até 6 estações; raio máximo 300 km""}, ""precipitacao_anual_mm"": {""n_estacoes"": 6, ""nearest_distance_km"": 23.11, ""max_distance_km"": 290.24, ""stations"": [""FLORESTA"", ""SALGUEIRO"", ""SERRA TALHADA"", ""IBIMIRIM"", ""ARCO VERDE"", ""SANTA CRUZ DO CAPIBARIBE""], ""method"": ""IDW p=2; até 6 estações; raio máximo 300 km""}}","{""organization"": ""INMET"", ""dataset"": ""Dados Históricos Anuais - estações automáticas"", ""version"": ""2026"", ""retrieved_at"": ""2026-10-01"", ""reference_url"": ""https://portal.inmet.gov.br/uploads/dadoshistoricos/2026.zip"", ""method"": ""agregação anual observada por estação + IDW municipal em EPSG:31985; p=2; 3-6 estações; raio <=300 km; controle mínimo de completude"", ""verified"": true}"
2607505,2026,23.169179081081825,344.7322912213694,"{""temperatura_media_c"": {""n_estacoes"": 6, ""nearest_distance_km"": 66.55, ""max_distance_km"": 229.36, ""stations"": [""ARCO VERDE"", ""GARANHUNS"", ""PALMARES"", ""SURUBIM"", ""SALGUEIRO"", ""CABROBO""], ""method"": ""IDW p=2; até 6 estações; raio máximo 300 km""}, ""precipitacao_anual_mm"": {""n_estacoes"": 6, ""nearest_distance_km"": 66.55, ""max_distance_km"": 164.44, ""stations"": [""ARCO VERDE"", ""IBIMIRIM"", ""FLORESTA"", ""CARUARU"", ""SERRA TALHADA"", ""SANTA CRUZ DO CAPIBARIBE""], ""method"": ""IDW p=2; até 6 estações; raio máximo 300 km""}}","{""organization"": ""INMET"", ""dataset"": ""Dados Históricos Anuais - estações automáticas"", ""version"": ""2026"", ""retrieved_at"": ""2026-10-01"", ""reference_url"": ""https://portal.inmet.gov.br/uploads/dadoshistoricos/2026.zip"", ""method"": ""agregação anual observada por estação + IDW municipal em EPSG:31985; p=2; 3-6 estações; raio <=300 km; controle mínimo de completude"", ""verified"": true}"
2607604,2026,23.94324202923453,185.28011812040486,"{""temperatura_media_c"": {""n_estacoes"": 4, ""nearest_distance_km"": 103.67, ""max_distance_km"": 254.04, ""stations"": [""SURUBIM"", ""PALMARES"", ""GARANHUNS"", ""ARCO VERDE""], ""method"": ""IDW p=2; até 6 estações; raio máximo 300 km""}, ""precipitacao_anual_mm"": {""n_estacoes"": 6, ""nearest_distance_km"": 5.44, ""max_distance_km"": 128.89, ""stations"": [""ITAPISSUMA"", ""RECIFE"", ""ALIANCA"", ""SURUBIM"", ""PALMARES"", ""SAO JOSE DA COROA GRANDE""], ""method"": ""IDW p=2; até 6 estações; raio máximo 300 km""}}","{""organization"": ""INMET"", ""dataset"": ""Dados Históricos Anuais - estações automáticas"", ""version"": ""2026"", ""retrieved_at"": ""2026-10-01"", ""reference_url"": ""https://portal.inmet.gov.br/uploads/dadoshistoricos/2026.zip"", ""method"": ""agregação anual observada por estação + IDW municipal em EPSG:31985; p=2; 3-6 estações; raio <=300 km; controle mínimo de completude"", ""verified"": true}"
2607653,2026,23.946115251210067,181.55955300066773,"{""temperatura_media_c"": {""n_estacoes"": 4, ""nearest_distance_km"": 84.45, ""max_distance_km"": 238.4, ""stations"": [""SURUBIM"", ""PALMARES"", ""GARANHUNS"", ""ARCO VERDE""], ""method"": ""IDW p=2; até 6 estações; raio máximo 300 km""}, ""precipitacao_anual_mm"": {""n_estacoes"": 6, ""nearest_distance_km"": 20.85, ""max_distance_km"": 140.67, ""stations"": [""ALIANCA"", ""ITAPISSUMA"", ""RECIFE"", ""SURUBIM"", ""SANTA CRUZ DO CAPIBARIBE"", ""CARUARU""], ""method"": ""IDW p=2; até 6 estações; raio máximo 300 km""}}","{""organization"": ""INMET"", ""dataset"": ""Dados Históricos Anuais - estações automáticas"", ""version"": ""2026"", ""retrieved_at"": ""2026-10-01"", ""reference_url"": ""https://portal.inmet.gov.br/uploads/dadoshistoricos/2026.zip"", ""method"": ""agregação anual observada por estação + IDW municipal em EPSG:31985; p=2; 3-6 estações; raio <=300 km; controle mínimo de completude"", ""verified"": true}"
2607703,2026,23.85957495275323,280.6590902109682,"{""temperatura_media_c"": {""n_estacoes"": 6, ""nearest_distance_km"": 115.24, ""max_distance_km"": 269.94, ""stations"": [""ARCO VERDE"", ""SURUBIM"", ""GARANHUNS"", ""PALMARES"", ""SALGUEIRO"", ""CABROBO""], ""method"": ""IDW p=2; até 6 estações; raio máximo 300 km""}, ""precipitacao_anual_mm"": {""n_estacoes"": 6, ""nearest_distance_km"": 115.24, ""max_distance_km"": 162.6, ""stations"": [""ARCO VERDE"", ""SANTA CRUZ DO CAPIBARIBE"", ""IBIMIRIM"", ""SERRA TALHADA"", ""SURUBIM"", ""CARUARU""], ""method"": ""IDW p=2; até 6 estações; raio máximo 300 km""}}","{""organization"": ""INMET"", ""dataset"": ""Dados Históricos Anuais - estações automáticas"", ""version"": ""2026"", ""retrieved_at"": ""2026-10-01"", ""reference_url"": ""https://portal.inmet.gov.br/uploads/dadoshistoricos/2026.zip"", ""method"": ""agregação anual observada por estação + IDW municipal em EPSG:31985; p=2; 3-6 estações; raio <=300 km; controle mínimo de completude"", ""verified"": true}"
2607752,2026,23.951416268323335,174.0847230573359,"{""temperatura_media_c"": {""n_estacoes"": 4, ""nearest_distance_km"": 98.08, ""max_distance_km"": 249.02, ""stations"": [""SURUBIM"", ""PALMARES"", ""GARANHUNS"", ""ARCO VERDE""], ""method"": ""IDW p=2; até 6 estações; raio máximo 300 km""}, ""precipitacao_anual_mm"": {""n_estacoes"": 6, ""nearest_distance_km"": 3.65, ""max_distance_km"": 129.1, ""stations"": [""ITAPISSUMA"", ""RECIFE"", ""ALIANCA"", ""SURUBIM"", ""PALMARES"", ""SAO JOSE DA COROA GRANDE""], ""method"": ""IDW p=2; até 6 estações; raio máximo 300 km""}}","{""organization"": ""INMET"", ""dataset"": ""Dados Históricos Anuais - estações automáticas"", ""version"": ""2026"", ""retrieved_at"": ""2026-10-01"", ""reference_url"": ""https://portal.inmet.gov.br/uploads/dadoshistoricos/2026.zip"", ""method"": ""agregação anual observada por estação + IDW municipal em EPSG:31985; p=2; 3-6 estações; raio <=300 km; controle mínimo de completude"", ""verified"": true}"
2607802,2026,23.96746268424064,238.30901587033142,"{""temperatura_media_c"": {""n_estacoes"": 4, ""nearest_distance_km"": 85.39, ""max_distance_km"": 238.06, ""stations"": [""SURUBIM"", ""PALMARES"", ""GARANHUNS"", ""ARCO VERDE""], ""method"": ""IDW p=2; até 6 estações; raio máximo 300 km""}, ""precipitacao_anual_mm"": {""n_estacoes"": 6, ""nearest_distance_km"": 17.74, ""max_distance_km"": 132.5, ""stations"": [""ITAPISSUMA"", ""ALIANCA"", ""RECIFE"", ""SURUBIM"", ""PALMARES"", ""CARUARU""], ""method"": ""IDW p=2; até 6 estações; raio máximo 300 km""}}","{""organization"": ""INMET"", ""dataset"": ""Dados Históricos Anuais - estações automáticas"", ""version"": ""2026"", ""retrieved_at"": ""2026-10-01"", ""reference_url"": ""https://portal.inmet.gov.br/uploads/dadoshistoricos/2026.zip"", ""method"": ""agregação anual observada por estação + IDW municipal em EPSG:31985; p=2; 3-6 estações; raio <=300 km; controle mínimo de completude"", ""verified"": true}"
2607901,2026,24.04894416572571,678.1605237038835,"{""temperatura_media_c"": {""n_estacoes"": 4, ""nearest_distance_km"": 84.33, ""max_distance_km"": 228.44, ""stations"": [""PALMARES"", ""SURUBIM"", ""GARANHUNS"", ""ARCO VERDE""], ""method"": ""IDW p=2; até 6 estações; raio máximo 300 km""}, ""precipitacao_anual_mm"": {""n_estacoes"": 6, ""nearest_distance_km"": 16.12, ""max_distance_km"": 93.31, ""stations"": [""RECIFE"", ""ITAPISSUMA"", ""ALIANCA"", ""SAO JOSE DA COROA GRANDE"", ""PALMARES"", ""SURUBIM""], ""method"": ""IDW p=2; até 6 estações; raio máximo 300 km""}}","{""organization"": ""INMET"", ""dataset"": ""Dados Históricos Anuais - estações automáticas"", ""version"": ""2026"", ""retrieved_at"": ""2026-10-01"", ""reference_url"": ""https://portal.inmet.gov.br/uploads/dadoshistoricos/2026.zip"", ""method"": ""agregação anual observada por estação + IDW municipal em EPSG:31985; p=2; 3-6 estações; raio <=300 km; controle mínimo de completude"", ""verified"": true}"
2607950,2026,24.21095111436283,542.6725328702543,"{""temperatura_media_c"": {""n_estacoes"": 4, ""nearest_distance_km"": 27.73, ""max_distance_km"": 141.75, ""stations"": [""PALMARES"", ""GARANHUNS"", ""SURUBIM"", ""ARCO VERDE""], ""method"": ""IDW p=2; até 6 estações; raio máximo 300 km""}, ""precipitacao_anual_mm"": {""n_estacoes"": 6, ""nearest_distance_km"": 27.73, ""max_distance_km"": 124.42, ""stations"": [""PALMARES"", ""CARUARU"", ""SAO JOSE DA COROA GRANDE"", ""SANTA CRUZ DO CAPIBARIBE"", ""SURUBIM"", ""RECIFE""], ""method"": ""IDW p=2; até 6 estações; raio máximo 300 km""}}","{""organization"": ""INMET"", ""dataset"": ""Dados Históricos Anuais - estações automáticas"", ""version"": ""2026"", ""retrieved_at"": ""2026-10-01"", ""reference_url"": ""https://portal.inmet.gov.br/uploads/dadoshistoricos/2026.zip"", ""method"": ""agregação anual observada por estação + IDW municipal em EPSG:31985; p=2; 3-6 estações; raio <=300 km; controle mínimo de completude"", ""verified"": true}"
2608008,2026,23.343124651029274,233.27231256216834,"{""temperatura_media_c"": {""n_estacoes"": 5, ""nearest_distance_km"": 71.23, ""max_distance_km"": 283.33, ""stations"": [""ARCO VERDE"", ""SURUBIM"", ""GARANHUNS"", ""PALMARES"", ""SALGUEIRO""], ""method"": ""IDW p=2; até 6 estações; raio máximo 300 km""}, ""precipitacao_anual_mm"": {""n_estacoes"": 6, ""nearest_distance_km"": 35.91, ""max_distance_km"": 139.44, ""stations"": [""SANTA CRUZ DO CAPIBARIBE"", ""CARUARU"", ""ARCO VERDE"", ""SURUBIM"", ""PALMARES"", ""IBIMIRIM""], ""method"": ""IDW p=2; até 6 estações; raio máximo 300 km""}}","{""organization"": ""INMET"", ""dataset"": ""Dados Históricos Anuais - estações automáticas"", ""version"": ""2026"", ""retrieved_at"": ""2026-10-01"", ""reference_url"": ""https://portal.inmet.gov.br/uploads/dadoshistoricos/2026.zip"", ""method"": ""agregação anual observada por estação + IDW municipal em EPSG:31985; p=2; 3-6 estações; raio <=300 km; controle mínimo de completude"", ""verified"": true}"
2608057,2026,24.875190422170274,176.20371415732401,"{""temperatura_media_c"": {""n_estacoes"": 5, ""nearest_distance_km"": 144.68, ""max_distance_km"": 297.64, ""stations"": [""CABROBO"", ""ARCO VERDE"", ""SALGUEIRO"", ""GARANHUNS"", ""PALMARES""], ""method"": ""IDW p=2; até 6 estações; raio máximo 300 km""}, ""precipitacao_anual_mm"": {""n_estacoes"": 6, ""nearest_distance_km"": 79.02, ""max_distance_km"": 258.81, ""stations"": [""FLORESTA"", ""IBIMIRIM"", ""SERRA TALHADA"", ""ARCO VERDE"", ""SALGUEIRO"", ""CARUARU""], ""method"": ""IDW p=2; até 6 estações; raio máximo 300 km""}}","{""organization"": ""INMET"", ""dataset"": ""Dados Históricos Anuais - estações automáticas"", ""version"": ""2026"", ""retrieved_at"": ""2026-10-01"", ""reference_url"": ""https://portal.inmet.gov.br/uploads/dadoshistoricos/2026.zip"", ""method"": ""agregação anual observada por estação + IDW municipal em EPSG:31985; p=2; 3-6 estações; raio <=300 km; controle mínimo de completude"", ""verified"": true}"
2608107,2026,24.127914535181993,359.80910362688,"{""temperatura_media_c"": {""n_estacoes"": 4, ""nearest_distance_km"": 21.93, ""max_distance_km"": 173.46, ""stations"": [""SURUBIM"", ""PALMARES"", ""GARANHUNS"", ""ARCO VERDE""], ""method"": ""IDW p=2; até 6 estações; raio máximo 300 km""}, ""precipitacao_anual_mm"": {""n_estacoes"": 6, ""nearest_distance_km"": 21.93, ""max_distance_km"": 76.92, ""stations"": [""SURUBIM"", ""ALIANCA"", ""SANTA CRUZ DO CAPIBARIBE"", ""CARUARU"", ""RECIFE"", ""ITAPISSUMA""], ""method"": ""IDW p=2; até 6 estações; raio máximo 300 km""}}","{""organization"": ""INMET"", ""dataset"": ""Dados Históricos Anuais - estações automáticas"", ""version"": ""2026"", ""retrieved_at"": ""2026-10-01"", ""reference_url"": ""https://portal.inmet.gov.br/uploads/dadoshistoricos/2026.zip"", ""method"": ""agregação anual observada por estação + IDW municipal em EPSG:31985; p=2; 3-6 estações; raio <=300 km; controle mínimo de completude"", ""verified"": true}"
2608206,2026,24.548444810527418,656.575333356324,"{""temperatura_media_c"": {""n_estacoes"": 4, ""nearest_distance_km"": 11.88, ""max_distance_km"": 167.19, ""stations"": [""PALMARES"", ""SURUBIM"", ""GARANHUNS"", ""ARCO VERDE""], ""method"": ""IDW p=2; até 6 estações; raio máximo 300 km""}, ""precipitacao_anual_mm"": {""n_estacoes"": 6, ""nearest_distance_km"": 11.88, ""max_distance_km"": 101.09, ""stations"": [""PALMARES"", ""SAO JOSE DA COROA GRANDE"", ""CARUARU"", ""SURUBIM"", ""RECIFE"", ""SANTA CRUZ DO CAPIBARIBE""], ""method"": ""IDW p=2; até 6 estações; raio máximo 300 km""}}","{""organization"": ""INMET"", ""dataset"": ""Dados Históricos Anuais - estações automáticas"", ""version"": ""2026"", ""retrieved_at"": ""2026-10-01"", ""reference_url"": ""https://portal.inmet.gov.br/uploads/dadoshistoricos/2026.zip"", ""method"": ""agregação anual observada por estação + IDW municipal em EPSG:31985; p=2; 3-6 estações; raio <=300 km; controle mínimo de completude"", ""verified"": true}"
2608255,2026,21.75072893754174,416.3600285189911,"{""temperatura_media_c"": {""n_estacoes"": 4, ""nearest_distance_km"": 18.84, ""max_distance_km"": 124.14, ""stations"": [""GARANHUNS"", ""ARCO VERDE"", ""PALMARES"", ""SURUBIM""], ""method"": ""IDW p=2; até 6 estações; raio máximo 300 km""}, ""precipitacao_anual_mm"": {""n_estacoes"": 6, ""nearest_distance_km"": 64.07, ""max_distance_km"": 140.54, ""stations"": [""CARUARU"", ""ARCO VERDE"", ""SANTA CRUZ DO CAPIBARIBE"", ""PALMARES"", ""SURUBIM"", ""IBIMIRIM""], ""method"": ""IDW p=2; até 6 estações; raio máximo 300 km""}}","{""organization"": ""INMET"", ""dataset"": ""Dados Históricos Anuais - estações automáticas"", ""version"": ""2026"", ""retrieved_at"": ""2026-10-01"", ""reference_url"": ""https://portal.inmet.gov.br/uploads/dadoshistoricos/2026.zip"", ""method"": ""agregação anual observada por estação + IDW municipal em EPSG:31985; p=2; 3-6 estações; raio <=300 km; controle mínimo de completude"", ""verified"": true}"
2608305,2026,21.906234521366475,396.0625902065676,"{""temperatura_media_c"": {""n_estacoes"": 4, ""nearest_distance_km"": 24.25, ""max_distance_km"": 117.36, ""stations"": [""GARANHUNS"", ""ARCO VERDE"", ""PALMARES"", ""SURUBIM""], ""method"": ""IDW p=2; até 6 estações; raio máximo 300 km""}, ""precipitacao_anual_mm"": {""n_estacoes"": 6, ""nearest_distance_km"": 56.63, ""max_distance_km"": 137.93, ""stations"": [""CARUARU"", ""ARCO VERDE"", ""SANTA CRUZ DO CAPIBARIBE"", ""PALMARES"", ""SURUBIM"", ""SAO JOSE DA COROA GRANDE""], ""method"": ""IDW p=2; até 6 estações; raio máximo 300 km""}}","{""organization"": ""INMET"", ""dataset"": ""Dados Históricos Anuais - estações automáticas"", ""version"": ""2026"", ""retrieved_at"": ""2026-10-01"", ""reference_url"": ""https://portal.inmet.gov.br/uploads/dadoshistoricos/2026.zip"", ""method"": ""agregação anual observada por estação + IDW municipal em EPSG:31985; p=2; 3-6 estações; raio <=300 km; controle mínimo de completude"", ""verified"": true}"
2608404,2026,22.6593083476374,401.5986687043965,"{""temperatura_media_c"": {""n_estacoes"": 4, ""nearest_distance_km"": 42.28, ""max_distance_km"": 108.28, ""stations"": [""GARANHUNS"", ""PALMARES"", ""ARCO VERDE"", ""SURUBIM""], ""method"": ""IDW p=2; até 6 estações; raio máximo 300 km""}, ""precipitacao_anual_mm"": {""n_estacoes"": 6, ""nearest_distance_km"": 45.97, ""max_distance_km"": 109.91, ""stations"": [""CARUARU"", ""PALMARES"", ""SANTA CRUZ DO CAPIBARIBE"", ""ARCO VERDE"", ""SURUBIM"", ""SAO JOSE DA COROA GRANDE""], ""method"": ""IDW p=2; até 6 estações; raio máximo 300 km""}}","{""organization"": ""INMET"", ""dataset"": ""Dados Históricos Anuais - estações automáticas"", ""version"": ""2026"", ""retrieved_at"": ""2026-10-01"", ""reference_url"": ""https://portal.inmet.gov.br/uploads/dadoshistoricos/2026.zip"", ""method"": ""agregação anual observada por estação + IDW municipal em EPSG:31985; p=2; 3-6 estações; raio <=300 km; controle mínimo de completude"", ""verified"": true}"
2608453,2026,24.05680915205624,319.06161099254354,"{""temperatura_media_c"": {""n_estacoes"": 4, ""nearest_distance_km"": 50.06, ""max_distance_km"": 200.26, ""stations"": [""SURUBIM"", ""PALMARES"", ""GARANHUNS"", ""ARCO VERDE""], ""method"": ""IDW p=2; até 6 estações; raio máximo 300 km""}, ""precipitacao_anual_mm"": {""n_estacoes"": 6, ""nearest_distance_km"": 29.17, ""max_distance_km"": 94.47, ""stations"": [""ALIANCA"", ""RECIFE"", ""ITAPISSUMA"", ""SURUBIM"", ""PALMARES"", ""CARUARU""], ""method"": ""IDW p=2; até 6 estações; raio máximo 300 km""}}","{""organization"": ""INMET"", ""dataset"": ""Dados Históricos Anuais - estações automáticas"", ""version"": ""2026"", ""retrieved_at"": ""2026-10-01"", ""reference_url"": ""https://portal.inmet.gov.br/uploads/dadoshistoricos/2026.zip"", ""method"": ""agregação anual observada por estação + IDW municipal em EPSG:31985; p=2; 3-6 estações; raio <=300 km; controle mínimo de completude"", ""verified"": true}"
2608503,2026,24.053843186733253,370.71962576838615,"{""temperatura_media_c"": {""n_estacoes"": 4, ""nearest_distance_km"": 55.16, ""max_distance_km"": 202.74, ""stations"": [""SURUBIM"", ""PALMARES"", ""GARANHUNS"", ""ARCO VERDE""], ""method"": ""IDW p=2; até 6 estações; raio máximo 300 km""}, ""precipitacao_anual_mm"": {""n_estacoes"": 6, ""nearest_distance_km"": 33.84, ""max_distance_km"": 94.81, ""stations"": [""ALIANCA"", ""RECIFE"", ""ITAPISSUMA"", ""SURUBIM"", ""PALMARES"", ""CARUARU""], ""method"": ""IDW p=2; até 6 estações; raio máximo 300 km""}}","{""organization"": ""INMET"", ""dataset"": ""Dados Históricos Anuais - estações automáticas"", ""version"": ""2026"", ""retrieved_at"": ""2026-10-01"", ""reference_url"": ""https://portal.inmet.gov.br/uploads/dadoshistoricos/2026.zip"", ""method"": ""agregação anual observada por estação + IDW municipal em EPSG:31985; p=2; 3-6 estações; raio <=300 km; controle mínimo de completude"", ""verified"": true}"
2608602,2026,21.835287921798987,399.4435948658018,"{""temperatura_media_c"": {""n_estacoes"": 4, ""nearest_distance_km"": 28.01, ""max_distance_km"": 163.96, ""stations"": [""GARANHUNS"", ""ARCO VERDE"", ""PALMARES"", ""SURUBIM""], ""method"": ""IDW p=2; até 6 estações; raio máximo 300 km""}, ""precipitacao_anual_mm"": {""n_estacoes"": 6, ""nearest_distance_km"": 101.4, ""max_distance_km"": 155.3, ""stations"": [""CARUARU"", ""ARCO VERDE"", ""PALMARES"", ""SANTA CRUZ DO CAPIBARIBE"", ""SAO JOSE DA COROA GRANDE"", ""IBIMIRIM""], ""method"": ""IDW p=2; até 6 estações; raio máximo 300 km""}}","{""organization"": ""INMET"", ""dataset"": ""Dados Históricos Anuais - estações automáticas"", ""version"": ""2026"", ""retrieved_at"": ""2026-10-01"", ""reference_url"": ""https://portal.inmet.gov.br/uploads/dadoshistoricos/2026.zip"", ""method"": ""agregação anual observada por estação + IDW municipal em EPSG:31985; p=2; 3-6 estações; raio <=300 km; controle mínimo de completude"", ""verified"": true}"
2608701,2026,23.937488468555603,473.358364999773,"{""temperatura_media_c"": {""n_estacoes"": 4, ""nearest_distance_km"": 36.11, ""max_distance_km"": 130.82, ""stations"": [""PALMARES"", ""GARANHUNS"", ""SURUBIM"", ""ARCO VERDE""], ""method"": ""IDW p=2; até 6 estações; raio máximo 300 km""}, ""precipitacao_anual_mm"": {""n_estacoes"": 6, ""nearest_distance_km"": 36.11, ""max_distance_km"": 127.99, ""stations"": [""PALMARES"", ""CARUARU"", ""SAO JOSE DA COROA GRANDE"", ""SANTA CRUZ DO CAPIBARIBE"", ""SURUBIM"", ""RECIFE""], ""method"": ""IDW p=2; até 6 estações; raio máximo 300 km""}}","{""organization"": ""INMET"", ""dataset"": ""Dados Históricos Anuais - estações automáticas"", ""version"": ""2026"", ""retrieved_at"": ""2026-10-01"", ""reference_url"": ""https://portal.inmet.gov.br/uploads/dadoshistoricos/2026.zip"", ""method"": ""agregação anual observada por estação + IDW municipal em EPSG:31985; p=2; 3-6 estações; raio <=300 km; controle mínimo de completude"", ""verified"": true}"
2608750,2026,,228.69457759614636,"{""temperatura_media_c"": {""n_estacoes"": 2, ""max_distance_km"": null, ""method"": ""unavailable""}, ""precipitacao_anual_mm"": {""n_estacoes"": 4, ""nearest_distance_km"": 148.33, ""max_distance_km"": 279.4, ""stations"": [""SALGUEIRO"", ""FLORESTA"", ""SERRA TALHADA"", ""IBIMIRIM""], ""method"": ""IDW p=2; até 6 estações; raio máximo 300 km""}}","{""organization"": ""INMET"", ""dataset"": ""Dados Históricos Anuais - estações automáticas"", ""version"": ""2026"", ""retrieved_at"": ""2026-10-01"", ""reference_url"": ""https://portal.inmet.gov.br/uploads/dadoshistoricos/2026.zip"", ""method"": ""agregação anual observada por estação + IDW municipal em EPSG:31985; p=2; 3-6 estações; raio <=300 km; controle mínimo de completude"", ""verified"": true}"
2608800,2026,22.27312999265665,382.66754667830514,"{""temperatura_media_c"": {""n_estacoes"": 4, ""nearest_distance_km"": 34.43, ""max_distance_km"": 107.46, ""stations"": [""GARANHUNS"", ""PALMARES"", ""ARCO VERDE"", ""SURUBIM""], ""method"": ""IDW p=2; até 6 estações; raio máximo 300 km""}, ""precipitacao_anual_mm"": {""n_estacoes"": 6, ""nearest_distance_km"": 45.59, ""max_distance_km"": 126.88, ""stations"": [""CARUARU"", ""PALMARES"", ""SANTA CRUZ DO CAPIBARIBE"", ""ARCO VERDE"", ""SURUBIM"", ""SAO JOSE DA COROA GRANDE""], ""method"": ""IDW p=2; até 6 estações; raio máximo 300 km""}}","{""organization"": ""INMET"", ""dataset"": ""Dados Históricos Anuais - estações automáticas"", ""version"": ""2026"", ""retrieved_at"": ""2026-10-01"", ""reference_url"": ""https://portal.inmet.gov.br/uploads/dadoshistoricos/2026.zip"", ""method"": ""agregação anual observada por estação + IDW municipal em EPSG:31985; p=2; 3-6 estações; raio <=300 km; controle mínimo de completude"", ""verified"": true}"
2608909,2026,24.084815425574853,305.8128577405555,"{""temperatura_media_c"": {""n_estacoes"": 4, ""nearest_distance_km"": 37.79, ""max_distance_km"": 188.88, ""stations"": [""SURUBIM"", ""PALMARES"", ""GARANHUNS"", ""ARCO VERDE""], ""method"": ""IDW p=2; até 6 estações; raio máximo 300 km""}, ""precipitacao_anual_mm"": {""n_estacoes"": 6, ""nearest_distance_km"": 35.32, ""max_distance_km"": 86.61, ""stations"": [""ALIANCA"", ""SURUBIM"", ""RECIFE"", ""ITAPISSUMA"", ""CARUARU"", ""SANTA CRUZ DO CAPIBARIBE""], ""method"": ""IDW p=2; até 6 estações; raio máximo 300 km""}}","{""organization"": ""INMET"", ""dataset"": ""Dados Históricos Anuais - estações automáticas"", ""version"": ""2026"", ""retrieved_at"": ""2026-10-01"", ""reference_url"": ""https://portal.inmet.gov.br/uploads/dadoshistoricos/2026.zip"", ""method"": ""agregação anual observada por estação + IDW municipal em EPSG:31985; p=2; 3-6 estações; raio <=300 km; controle mínimo de completude"", ""verified"": true}"
2609006,2026,24.02911148474802,211.37667456707575,"{""temperatura_media_c"": {""n_estacoes"": 4, ""nearest_distance_km"": 51.22, ""max_distance_km"": 203.63, ""stations"": [""SURUBIM"", ""PALMARES"", ""GARANHUNS"", ""ARCO VERDE""], ""method"": ""IDW p=2; até 6 estações; raio máximo 300 km""}, ""precipitacao_anual_mm"": {""n_estacoes"": 6, ""nearest_distance_km"": 25.39, ""max_distance_km"": 111.7, ""stations"": [""ALIANCA"", ""SURUBIM"", ""ITAPISSUMA"", ""RECIFE"", ""SANTA CRUZ DO CAPIBARIBE"", ""CARUARU""], ""method"": ""IDW p=2; até 6 estações; raio máximo 300 km""}}","{""organization"": ""INMET"", ""dataset"": ""Dados Históricos Anuais - estações automáticas"", ""version"": ""2026"", ""retrieved_at"": ""2026-10-01"", ""reference_url"": ""https://portal.inmet.gov.br/uploads/dadoshistoricos/2026.zip"", ""method"": ""agregação anual observada por estação + IDW municipal em EPSG:31985; p=2; 3-6 estações; raio <=300 km; controle mínimo de completude"", ""verified"": true}"
2609105,2026,24.08545259024209,275.2358794935085,"{""temperatura_media_c"": {""n_estacoes"": 4, ""nearest_distance_km"": 35.46, ""max_distance_km"": 189.68, ""stations"": [""SURUBIM"", ""PALMARES"", ""GARANHUNS"", ""ARCO VERDE""], ""method"": ""IDW p=2; até 6 estações; raio máximo 300 km""}, ""precipitacao_anual_mm"": {""n_estacoes"": 6, ""nearest_distance_km"": 31.1, ""max_distance_km"": 92.7, ""stations"": [""ALIANCA"", ""SURUBIM"", ""ITAPISSUMA"", ""RECIFE"", ""SANTA CRUZ DO CAPIBARIBE"", ""CARUARU""], ""method"": ""IDW p=2; até 6 estações; raio máximo 300 km""}}","{""organization"": ""INMET"", ""dataset"": ""Dados Históricos Anuais - estações automáticas"", ""version"": ""2026"", ""retrieved_at"": ""2026-10-01"", ""reference_url"": ""https://portal.inmet.gov.br/uploads/dadoshistoricos/2026.zip"", ""method"": ""agregação anual observada por estação + IDW municipal em EPSG:31985; p=2; 3-6 estações; raio <=300 km; controle mínimo de completude"", ""verified"": true}"
2609154,2026,23.519065138315494,264.6354613495643,"{""temperatura_media_c"": {""n_estacoes"": 6, ""nearest_distance_km"": 74.96, ""max_distance_km"": 226.74, ""stations"": [""ARCO VERDE"", ""GARANHUNS"", ""SALGUEIRO"", ""CABROBO"", ""PALMARES"", ""SURUBIM""], ""method"": ""IDW p=2; até 6 estações; raio máximo 300 km""}, ""precipitacao_anual_mm"": {""n_estacoes"": 6, ""nearest_distance_km"": 45.95, ""max_distance_km"": 179.94, ""stations"": [""IBIMIRIM"", ""ARCO VERDE"", ""FLORESTA"", ""SERRA TALHADA"", ""CARUARU"", ""SANTA CRUZ DO CAPIBARIBE""], ""method"": ""IDW p=2; até 6 estações; raio máximo 300 km""}}","{""organization"": ""INMET"", ""dataset"": ""Dados Históricos Anuais - estações automáticas"", ""version"": ""2026"", ""retrieved_at"": ""2026-10-01"", ""reference_url"": ""https://portal.inmet.gov.br/uploads/dadoshistoricos/2026.zip"", ""method"": ""agregação anual observada por estação + IDW municipal em EPSG:31985; p=2; 3-6 estações; raio <=300 km; controle mínimo de completude"", ""verified"": true}"
2609204,2026,24.22572185935184,549.2295629922176,"{""temperatura_media_c"": {""n_estacoes"": 4, ""nearest_distance_km"": 28.26, ""max_distance_km"": 149.34, ""stations"": [""PALMARES"", ""GARANHUNS"", ""SURUBIM"", ""ARCO VERDE""], ""method"": ""IDW p=2; até 6 estações; raio máximo 300 km""}, ""precipitacao_anual_mm"": {""n_estacoes"": 6, ""nearest_distance_km"": 28.26, ""max_distance_km"": 127.48, ""stations"": [""PALMARES"", ""CARUARU"", ""SAO JOSE DA COROA GRANDE"", ""SURUBIM"", ""SANTA CRUZ DO CAPIBARIBE"", ""RECIFE""], ""method"": ""IDW p=2; até 6 estações; raio máximo 300 km""}}","{""organization"": ""INMET"", ""dataset"": ""Dados Históricos Anuais - estações automáticas"", ""version"": ""2026"", ""retrieved_at"": ""2026-10-01"", ""reference_url"": ""https://portal.inmet.gov.br/uploads/dadoshistoricos/2026.zip"", ""method"": ""agregação anual observada por estação + IDW municipal em EPSG:31985; p=2; 3-6 estações; raio <=300 km; controle mínimo de completude"", ""verified"": true}"
2609303,2026,26.25243511794613,222.3661721628175,"{""temperatura_media_c"": {""n_estacoes"": 4, ""nearest_distance_km"": 41.37, ""max_distance_km"": 261.34, ""stations"": [""SALGUEIRO"", ""CABROBO"", ""ARCO VERDE"", ""GARANHUNS""], ""method"": ""IDW p=2; até 6 estações; raio máximo 300 km""}, ""precipitacao_anual_mm"": {""n_estacoes"": 6, ""nearest_distance_km"": 41.37, ""max_distance_km"": 278.4, ""stations"": [""SALGUEIRO"", ""FLORESTA"", ""SERRA TALHADA"", ""IBIMIRIM"", ""ARCO VERDE"", ""SANTA CRUZ DO CAPIBARIBE""], ""method"": ""IDW p=2; até 6 estações; raio máximo 300 km""}}","{""organization"": ""INMET"", ""dataset"": ""Dados Históricos Anuais - estações automáticas"", ""version"": ""2026"", ""retrieved_at"": ""2026-10-01"", ""reference_url"": ""https://portal.inmet.gov.br/uploads/dadoshistoricos/2026.zip"", ""method"": ""agregação anual observada por estação + IDW municipal em EPSG:31985; p=2; 3-6 estações; raio <=300 km; controle mínimo de completude"", ""verified"": true}"
2609402,2026,24.0829483356917,563.5026309791957,"{""temperatura_media_c"": {""n_estacoes"": 4, ""nearest_distance_km"": 74.16, ""max_distance_km"": 212.92, ""stations"": [""PALMARES"", ""SURUBIM"", ""GARANHUNS"", ""ARCO VERDE""], ""method"": ""IDW p=2; até 6 estações; raio máximo 300 km""}, ""precipitacao_anual_mm"": {""n_estacoes"": 6, ""nearest_distance_km"": 26.28, ""max_distance_km"": 82.12, ""stations"": [""RECIFE"", ""ITAPISSUMA"", ""ALIANCA"", ""PALMARES"", ""SURUBIM"", ""SAO JOSE DA COROA GRANDE""], ""method"": ""IDW p=2; até 6 estações; raio máximo 300 km""}}","{""organization"": ""INMET"", ""dataset"": ""Dados Históricos Anuais - estações automáticas"", ""version"": ""2026"", ""retrieved_at"": ""2026-10-01"", ""reference_url"": ""https://portal.inmet.gov.br/uploads/dadoshistoricos/2026.zip"", ""method"": ""agregação anual observada por estação + IDW municipal em EPSG:31985; p=2; 3-6 estações; raio <=300 km; controle mínimo de completude"", ""verified"": true}"
2609501,2026,24.01830282240593,190.67024914914134,"{""temperatura_media_c"": {""n_estacoes"": 4, ""nearest_distance_km"": 62.58, ""max_distance_km"": 215.37, ""stations"": [""SURUBIM"", ""PALMARES"", ""GARANHUNS"", ""ARCO VERDE""], ""method"": ""IDW p=2; até 6 estações; raio máximo 300 km""}, ""precipitacao_anual_mm"": {""n_estacoes"": 6, ""nearest_distance_km"": 14.17, ""max_distance_km"": 111.28, ""stations"": [""ALIANCA"", ""ITAPISSUMA"", ""RECIFE"", ""SURUBIM"", ""PALMARES"", ""CARUARU""], ""method"": ""IDW p=2; até 6 estações; raio máximo 300 km""}}","{""organization"": ""INMET"", ""dataset"": ""Dados Históricos Anuais - estações automáticas"", ""version"": ""2026"", ""retrieved_at"": ""2026-10-01"", ""reference_url"": ""https://portal.inmet.gov.br/uploads/dadoshistoricos/2026.zip"", ""method"": ""agregação anual observada por estação + IDW municipal em EPSG:31985; p=2; 3-6 estações; raio <=300 km; controle mínimo de completude"", ""verified"": true}"
2609600,2026,23.981291321196714,715.7895343849985,"{""temperatura_media_c"": {""n_estacoes"": 4, ""nearest_distance_km"": 103.27, ""max_distance_km"": 246.33, ""stations"": [""SURUBIM"", ""PALMARES"", ""GARANHUNS"", ""ARCO VERDE""], ""method"": ""IDW p=2; até 6 estações; raio máximo 300 km""}, ""precipitacao_anual_mm"": {""n_estacoes"": 6, ""nearest_distance_km"": 9.04, ""max_distance_km"": 107.39, ""stations"": [""RECIFE"", ""ITAPISSUMA"", ""ALIANCA"", ""SURUBIM"", ""SAO JOSE DA COROA GRANDE"", ""PALMARES""], ""method"": ""IDW p=2; até 6 estações; raio máximo 300 km""}}","{""organization"": ""INMET"", ""dataset"": ""Dados Históricos Anuais - estações automáticas"", ""version"": ""2026"", ""retrieved_at"": ""2026-10-01"", ""reference_url"": ""https://portal.inmet.gov.br/uploads/dadoshistoricos/2026.zip"", ""method"": ""agregação anual observada por estação + IDW municipal em EPSG:31985; p=2; 3-6 estações; raio <=300 km; controle mínimo de completude"", ""verified"": true}"
2609709,2026,24.1141206078754,330.1416725063673,"{""temperatura_media_c"": {""n_estacoes"": 4, ""nearest_distance_km"": 26.01, ""max_distance_km"": 179.87, ""stations"": [""SURUBIM"", ""PALMARES"", ""GARANHUNS"", ""ARCO VERDE""], ""method"": ""IDW p=2; até 6 estações; raio máximo 300 km""}, ""precipitacao_anual_mm"": {""n_estacoes"": 6, ""nearest_distance_km"": 26.01, ""max_distance_km"": 86.19, ""stations"": [""SURUBIM"", ""ALIANCA"", ""SANTA CRUZ DO CAPIBARIBE"", ""ITAPISSUMA"", ""RECIFE"", ""CARUARU""], ""method"": ""IDW p=2; até 6 estações; raio máximo 300 km""}}","{""organization"": ""INMET"", ""dataset"": ""Dados Históricos Anuais - estações automáticas"", ""version"": ""2026"", ""retrieved_at"": ""2026-10-01"", ""reference_url"": ""https://portal.inmet.gov.br/uploads/dadoshistoricos/2026.zip"", ""method"": ""agregação anual observada por estação + IDW municipal em EPSG:31985; p=2; 3-6 estações; raio <=300 km; controle mínimo de completude"", ""verified"": true}"
2609808,2026,27.019430454320542,303.60092474335994,"{""temperatura_media_c"": {""n_estacoes"": 3, ""nearest_distance_km"": 30.75, ""max_distance_km"": 280.34, ""stations"": [""CABROBO"", ""SALGUEIRO"", ""ARCO VERDE""], ""method"": ""IDW p=2; até 6 estações; raio máximo 300 km""}, ""precipitacao_anual_mm"": {""n_estacoes"": 5, ""nearest_distance_km"": 71.61, ""max_distance_km"": 280.34, ""stations"": [""SALGUEIRO"", ""FLORESTA"", ""SERRA TALHADA"", ""IBIMIRIM"", ""ARCO VERDE""], ""method"": ""IDW p=2; até 6 estações; raio máximo 300 km""}}","{""organization"": ""INMET"", ""dataset"": ""Dados Históricos Anuais - estações automáticas"", ""version"": ""2026"", ""retrieved_at"": ""2026-10-01"", ""reference_url"": ""https://portal.inmet.gov.br/uploads/dadoshistoricos/2026.zip"", ""method"": ""agregação anual observada por estação + IDW municipal em EPSG:31985; p=2; 3-6 estações; raio <=300 km; controle mínimo de completude"", ""verified"": true}"
2609907,2026,,271.13447625483985,"{""temperatura_media_c"": {""n_estacoes"": 2, ""max_distance_km"": null, ""method"": ""unavailable""}, ""precipitacao_anual_mm"": {""n_estacoes"": 4, ""nearest_distance_km"": 118.97, ""max_distance_km"": 278.25, ""stations"": [""SALGUEIRO"", ""FLORESTA"", ""SERRA TALHADA"", ""IBIMIRIM""], ""method"": ""IDW p=2; até 6 estações; raio máximo 300 km""}}","{""organization"": ""INMET"", ""dataset"": ""Dados Históricos Anuais - estações automáticas"", ""version"": ""2026"", ""retrieved_at"": ""2026-10-01"", ""reference_url"": ""https://portal.inmet.gov.br/uploads/dadoshistoricos/2026.zip"", ""method"": ""agregação anual observada por estação + IDW municipal em EPSG:31985; p=2; 3-6 estações; raio <=300 km; controle mínimo de completude"", ""verified"": true}"
2610004,2026,24.577616852728514,688.2951827446971,"{""temperatura_media_c"": {""n_estacoes"": 4, ""nearest_distance_km"": 6.91, ""max_distance_km"": 159.08, ""stations"": [""PALMARES"", ""SURUBIM"", ""GARANHUNS"", ""ARCO VERDE""], ""method"": ""IDW p=2; até 6 estações; raio máximo 300 km""}, ""precipitacao_anual_mm"": {""n_estacoes"": 6, ""nearest_distance_km"": 6.91, ""max_distance_km"": 103.38, ""stations"": [""PALMARES"", ""CARUARU"", ""SAO JOSE DA COROA GRANDE"", ""SURUBIM"", ""SANTA CRUZ DO CAPIBARIBE"", ""RECIFE""], ""method"": ""IDW p=2; até 6 estações; raio máximo 300 km""}}","{""organization"": ""INMET"", ""dataset"": ""Dados Históricos Anuais - estações automáticas"", ""version"": ""2026"", ""retrieved_at"": ""2026-10-01"", ""reference_url"": ""https://portal.inmet.gov.br/uploads/dadoshistoricos/2026.zip"", ""method"": ""agregação anual observada por estação + IDW municipal em EPSG:31985; p=2; 3-6 estações; raio <=300 km; controle mínimo de completude"", ""verified"": true}"
2610103,2026,21.89983501729135,413.397823831279,"{""temperatura_media_c"": {""n_estacoes"": 4, ""nearest_distance_km"": 26.21, ""max_distance_km"": 140.12, ""stations"": [""GARANHUNS"", ""PALMARES"", ""ARCO VERDE"", ""SURUBIM""], ""method"": ""IDW p=2; até 6 estações; raio máximo 300 km""}, ""precipitacao_anual_mm"": {""n_estacoes"": 6, ""nearest_distance_km"": 77.59, ""max_distance_km"": 140.12, ""stations"": [""CARUARU"", ""PALMARES"", ""ARCO VERDE"", ""SANTA CRUZ DO CAPIBARIBE"", ""SAO JOSE DA COROA GRANDE"", ""SURUBIM""], ""method"": ""IDW p=2; até 6 estações; raio máximo 300 km""}}","{""organization"": ""INMET"", ""dataset"": ""Dados Históricos Anuais - estações automáticas"", ""version"": ""2026"", ""retrieved_at"": ""2026-10-01"", ""reference_url"": ""https://portal.inmet.gov.br/uploads/dadoshistoricos/2026.zip"", ""method"": ""agregação anual observada por estação + IDW municipal em EPSG:31985; p=2; 3-6 estações; raio <=300 km; controle mínimo de completude"", ""verified"": true}"
2610202,2026,23.27246036545478,400.5900133521599,"{""temperatura_media_c"": {""n_estacoes"": 4, ""nearest_distance_km"": 52.99, ""max_distance_km"": 113.89, ""stations"": [""PALMARES"", ""GARANHUNS"", ""SURUBIM"", ""ARCO VERDE""], ""method"": ""IDW p=2; até 6 estações; raio máximo 300 km""}, ""precipitacao_anual_mm"": {""n_estacoes"": 6, ""nearest_distance_km"": 34.28, ""max_distance_km"": 113.89, ""stations"": [""CARUARU"", ""PALMARES"", ""SANTA CRUZ DO CAPIBARIBE"", ""SURUBIM"", ""SAO JOSE DA COROA GRANDE"", ""ARCO VERDE""], ""method"": ""IDW p=2; até 6 estações; raio máximo 300 km""}}","{""organization"": ""INMET"", ""dataset"": ""Dados Históricos Anuais - estações automáticas"", ""version"": ""2026"", ""retrieved_at"": ""2026-10-01"", ""reference_url"": ""https://portal.inmet.gov.br/uploads/dadoshistoricos/2026.zip"", ""method"": ""agregação anual observada por estação + IDW municipal em EPSG:31985; p=2; 3-6 estações; raio <=300 km; controle mínimo de completude"", ""verified"": true}"
2610301,2026,21.8904866304368,459.53997130943634,"{""temperatura_media_c"": {""n_estacoes"": 6, ""nearest_distance_km"": 23.62, ""max_distance_km"": 291.25, ""stations"": [""GARANHUNS"", ""ARCO VERDE"", ""PALMARES"", ""SURUBIM"", ""SALGUEIRO"", ""CABROBO""], ""method"": ""IDW p=2; até 6 estações; raio máximo 300 km""}, ""precipitacao_anual_mm"": {""n_estacoes"": 6, ""nearest_distance_km"": 63.86, ""max_distance_km"": 154.2, ""stations"": [""ARCO VERDE"", ""CARUARU"", ""SANTA CRUZ DO CAPIBARIBE"", ""IBIMIRIM"", ""PALMARES"", ""SURUBIM""], ""method"": ""IDW p=2; até 6 estações; raio máximo 300 km""}}","{""organization"": ""INMET"", ""dataset"": ""Dados Históricos Anuais - estações automáticas"", ""version"": ""2026"", ""retrieved_at"": ""2026-10-01"", ""reference_url"": ""https://portal.inmet.gov.br/uploads/dadoshistoricos/2026.zip"", ""method"": ""agregação anual observada por estação + IDW municipal em EPSG:31985; p=2; 3-6 estações; raio <=300 km; controle mínimo de completude"", ""verified"": true}"
2610400,2026,,312.6149012106796,"{""temperatura_media_c"": {""n_estacoes"": 2, ""max_distance_km"": null, ""method"": ""unavailable""}, ""precipitacao_anual_mm"": {""n_estacoes"": 4, ""nearest_distance_km"": 75.58, ""max_distance_km"": 231.07, ""stations"": [""SALGUEIRO"", ""FLORESTA"", ""SERRA TALHADA"", ""IBIMIRIM""], ""method"": ""IDW p=2; até 6 estações; raio máximo 300 km""}}","{""organization"": ""INMET"", ""dataset"": ""Dados Históricos Anuais - estações automáticas"", ""version"": ""2026"", ""retrieved_at"": ""2026-10-01"", ""reference_url"": ""https://portal.inmet.gov.br/uploads/dadoshistoricos/2026.zip"", ""method"": ""agregação anual observada por estação + IDW municipal em EPSG:31985; p=2; 3-6 estações; raio <=300 km; controle mínimo de completude"", ""verified"": true}"
2610509,2026,24.102953433812313,400.5046952218904,"{""temperatura_media_c"": {""n_estacoes"": 4, ""nearest_distance_km"": 32.82, ""max_distance_km"": 172.9, ""stations"": [""SURUBIM"", ""PALMARES"", ""GARANHUNS"", ""ARCO VERDE""], ""method"": ""IDW p=2; até 6 estações; raio máximo 300 km""}, ""precipitacao_anual_mm"": {""n_estacoes"": 6, ""nearest_distance_km"": 32.82, ""max_distance_km"": 75.27, ""stations"": [""SURUBIM"", ""ALIANCA"", ""CARUARU"", ""RECIFE"", ""PALMARES"", ""SANTA CRUZ DO CAPIBARIBE""], ""method"": ""IDW p=2; até 6 estações; raio máximo 300 km""}}","{""organization"": ""INMET"", ""dataset"": ""Dados Históricos Anuais - estações automáticas"", ""version"": ""2026"", ""retrieved_at"": ""2026-10-01"", ""reference_url"": ""https://portal.inmet.gov.br/uploads/dadoshistoricos/2026.zip"", ""method"": ""agregação anual observada por estação + IDW municipal em EPSG:31985; p=2; 3-6 estações; raio <=300 km; controle mínimo de completude"", ""verified"": true}"
2610608,2026,24.026143923516173,437.0347549632817,"{""temperatura_media_c"": {""n_estacoes"": 4, ""nearest_distance_km"": 70.43, ""max_distance_km"": 217.65, ""stations"": [""SURUBIM"", ""PALMARES"", ""GARANHUNS"", ""ARCO VERDE""], ""method"": ""IDW p=2; até 6 estações; raio máximo 300 km""}, ""precipitacao_anual_mm"": {""n_estacoes"": 6, ""nearest_distance_km"": 26.42, ""max_distance_km"": 108.44, ""stations"": [""RECIFE"", ""ITAPISSUMA"", ""ALIANCA"", ""SURUBIM"", ""PALMARES"", ""CARUARU""], ""method"": ""IDW p=2; até 6 estações; raio máximo 300 km""}}","{""organization"": ""INMET"", ""dataset"": ""Dados Históricos Anuais - estações automáticas"", ""version"": ""2026"", ""retrieved_at"": ""2026-10-01"", ""reference_url"": ""https://portal.inmet.gov.br/uploads/dadoshistoricos/2026.zip"", ""method"": ""agregação anual observada por estação + IDW municipal em EPSG:31985; p=2; 3-6 estações; raio <=300 km; controle mínimo de completude"", ""verified"": true}"
2610707,2026,23.974383856280923,572.396045726183,"{""temperatura_media_c"": {""n_estacoes"": 4, ""nearest_distance_km"": 100.49, ""max_distance_km"": 246.04, ""stations"": [""SURUBIM"", ""PALMARES"", ""GARANHUNS"", ""ARCO VERDE""], ""method"": ""IDW p=2; até 6 estações; raio máximo 300 km""}, ""precipitacao_anual_mm"": {""n_estacoes"": 6, ""nearest_distance_km"": 12.07, ""max_distance_km"": 111.21, ""stations"": [""RECIFE"", ""ITAPISSUMA"", ""ALIANCA"", ""SURUBIM"", ""SAO JOSE DA COROA GRANDE"", ""PALMARES""], ""method"": ""IDW p=2; até 6 estações; raio máximo 300 km""}}","{""organization"": ""INMET"", ""dataset"": ""Dados Históricos Anuais - estações automáticas"", ""version"": ""2026"", ""retrieved_at"": ""2026-10-01"", ""reference_url"": ""https://portal.inmet.gov.br/uploads/dadoshistoricos/2026.zip"", ""method"": ""agregação anual observada por estação + IDW municipal em EPSG:31985; p=2; 3-6 estações; raio <=300 km; controle mínimo de completude"", ""verified"": true}"
2610806,2026,22.88765390338833,545.1711637998375,"{""temperatura_media_c"": {""n_estacoes"": 6, ""nearest_distance_km"": 33.89, ""max_distance_km"": 267.69, ""stations"": [""ARCO VERDE"", ""GARANHUNS"", ""PALMARES"", ""SURUBIM"", ""SALGUEIRO"", ""CABROBO""], ""method"": ""IDW p=2; até 6 estações; raio máximo 300 km""}, ""precipitacao_anual_mm"": {""n_estacoes"": 6, ""nearest_distance_km"": 33.89, ""max_distance_km"": 154.74, ""stations"": [""ARCO VERDE"", ""IBIMIRIM"", ""CARUARU"", ""SANTA CRUZ DO CAPIBARIBE"", ""PALMARES"", ""SURUBIM""], ""method"": ""IDW p=2; até 6 estações; raio máximo 300 km""}}","{""organization"": ""INMET"", ""dataset"": ""Dados Históricos Anuais - estações automáticas"", ""version"": ""2026"", ""retrieved_at"": ""2026-10-01"", ""reference_url"": ""https://portal.inmet.gov.br/uploads/dadoshistoricos/2026.zip"", ""method"": ""agregação anual observada por estação + IDW municipal em EPSG:31985; p=2; 3-6 estações; raio <=300 km; controle mínimo de completude"", ""verified"": true}"
2610905,2026,23.068483109766127,499.30956076027593,"{""temperatura_media_c"": {""n_estacoes"": 6, ""nearest_distance_km"": 35.19, ""max_distance_km"": 284.91, ""stations"": [""ARCO VERDE"", ""GARANHUNS"", ""SURUBIM"", ""PALMARES"", ""SALGUEIRO"", ""CABROBO""], ""method"": ""IDW p=2; até 6 estações; raio máximo 300 km""}, ""precipitacao_anual_mm"": {""n_estacoes"": 6, ""nearest_distance_km"": 35.19, ""max_distance_km"": 132.68, ""stations"": [""ARCO VERDE"", ""SANTA CRUZ DO CAPIBARIBE"", ""CARUARU"", ""IBIMIRIM"", ""SURUBIM"", ""PALMARES""], ""method"": ""IDW p=2; até 6 estações; raio máximo 300 km""}}","{""organization"": ""INMET"", ""dataset"": ""Dados Históricos Anuais - estações automáticas"", ""version"": ""2026"", ""retrieved_at"": ""2026-10-01"", ""reference_url"": ""https://portal.inmet.gov.br/uploads/dadoshistoricos/2026.zip"", ""method"": ""agregação anual observada por estação + IDW municipal em EPSG:31985; p=2; 3-6 estações; raio <=300 km; controle mínimo de completude"", ""verified"": true}"
2611002,2026,25.29890543845948,106.59318620247596,"{""temperatura_media_c"": {""n_estacoes"": 4, ""nearest_distance_km"": 119.73, ""max_distance_km"": 200.09, ""stations"": [""CABROBO"", ""SALGUEIRO"", ""ARCO VERDE"", ""GARANHUNS""], ""method"": ""IDW p=2; até 6 estações; raio máximo 300 km""}, ""precipitacao_anual_mm"": {""n_estacoes"": 6, ""nearest_distance_km"": 45.22, ""max_distance_km"": 252.75, ""stations"": [""FLORESTA"", ""IBIMIRIM"", ""SERRA TALHADA"", ""SALGUEIRO"", ""ARCO VERDE"", ""SANTA CRUZ DO CAPIBARIBE""], ""method"": ""IDW p=2; até 6 estações; raio máximo 300 km""}}","{""organization"": ""INMET"", ""dataset"": ""Dados Históricos Anuais - estações automáticas"", ""version"": ""2026"", ""retrieved_at"": ""2026-10-01"", ""reference_url"": ""https://portal.inmet.gov.br/uploads/dadoshistoricos/2026.zip"", ""method"": ""agregação anual observada por estação + IDW municipal em EPSG:31985; p=2; 3-6 estações; raio <=300 km; controle mínimo de completude"", ""verified"": true}"
2611101,2026,,214.34088492367368,"{""temperatura_media_c"": {""n_estacoes"": 2, ""max_distance_km"": null, ""method"": ""unavailable""}, ""precipitacao_anual_mm"": {""n_estacoes"": 3, ""nearest_distance_km"": 195.53, ""max_distance_km"": 278.71, ""stations"": [""SALGUEIRO"", ""FLORESTA"", ""SERRA TALHADA""], ""method"": ""IDW p=2; até 6 estações; raio máximo 300 km""}}","{""organization"": ""INMET"", ""dataset"": ""Dados Históricos Anuais - estações automáticas"", ""version"": ""2026"", ""retrieved_at"": ""2026-10-01"", ""reference_url"": ""https://portal.inmet.gov.br/uploads/dadoshistoricos/2026.zip"", ""method"": ""agregação anual observada por estação + IDW municipal em EPSG:31985; p=2; 3-6 estações; raio <=300 km; controle mínimo de completude"", ""verified"": true}"
2611200,2026,23.19237241263859,422.578773998798,"{""temperatura_media_c"": {""n_estacoes"": 6, ""nearest_distance_km"": 44.44, ""max_distance_km"": 289.42, ""stations"": [""ARCO VERDE"", ""GARANHUNS"", ""SURUBIM"", ""PALMARES"", ""SALGUEIRO"", ""CABROBO""], ""method"": ""IDW p=2; até 6 estações; raio máximo 300 km""}, ""precipitacao_anual_mm"": {""n_estacoes"": 6, ""nearest_distance_km"": 44.44, ""max_distance_km"": 135.24, ""stations"": [""ARCO VERDE"", ""SANTA CRUZ DO CAPIBARIBE"", ""CARUARU"", ""SURUBIM"", ""IBIMIRIM"", ""PALMARES""], ""method"": ""IDW p=2; até 6 estações; raio máximo 300 km""}}","{""organization"": ""INMET"", ""dataset"": ""Dados Históricos Anuais - estações automáticas"", ""version"": ""2026"", ""retrieved_at"": ""2026-10-01"", ""reference_url"": ""https://portal.inmet.gov.br/uploads/dadoshistoricos/2026.zip"", ""method"": ""agregação anual observada por estação + IDW municipal em EPSG:31985; p=2; 3-6 estações; raio <=300 km; controle mínimo de completude"", ""verified"": true}"
2611309,2026,24.136791354690754,479.89535699969025,"{""temperatura_media_c"": {""n_estacoes"": 4, ""nearest_distance_km"": 57.24, ""max_distance_km"": 186.1, ""stations"": [""PALMARES"", ""SURUBIM"", ""GARANHUNS"", ""ARCO VERDE""], ""method"": ""IDW p=2; até 6 estações; raio máximo 300 km""}, ""precipitacao_anual_mm"": {""n_estacoes"": 6, ""nearest_distance_km"": 52.07, ""max_distance_km"": 73.26, ""stations"": [""RECIFE"", ""PALMARES"", ""SURUBIM"", ""ALIANCA"", ""ITAPISSUMA"", ""CARUARU""], ""method"": ""IDW p=2; até 6 estações; raio máximo 300 km""}}","{""organization"": ""INMET"", ""dataset"": ""Dados Históricos Anuais - estações automáticas"", ""version"": ""2026"", ""retrieved_at"": ""2026-10-01"", ""reference_url"": ""https://portal.inmet.gov.br/uploads/dadoshistoricos/2026.zip"", ""method"": ""agregação anual observada por estação + IDW municipal em EPSG:31985; p=2; 3-6 estações; raio <=300 km; controle mínimo de completude"", ""verified"": true}"
2611408,2026,24.251119135901817,501.743063257647,"{""temperatura_media_c"": {""n_estacoes"": 4, ""nearest_distance_km"": 42.35, ""max_distance_km"": 183.94, ""stations"": [""PALMARES"", ""SURUBIM"", ""GARANHUNS"", ""ARCO VERDE""], ""method"": ""IDW p=2; até 6 estações; raio máximo 300 km""}, ""precipitacao_anual_mm"": {""n_estacoes"": 6, ""nearest_distance_km"": 42.35, ""max_distance_km"": 81.25, ""stations"": [""PALMARES"", ""RECIFE"", ""SAO JOSE DA COROA GRANDE"", ""SURUBIM"", ""CARUARU"", ""ALIANCA""], ""method"": ""IDW p=2; até 6 estações; raio máximo 300 km""}}","{""organization"": ""INMET"", ""dataset"": ""Dados Históricos Anuais - estações automáticas"", ""version"": ""2026"", ""retrieved_at"": ""2026-10-01"", ""reference_url"": ""https://portal.inmet.gov.br/uploads/dadoshistoricos/2026.zip"", ""method"": ""agregação anual observada por estação + IDW municipal em EPSG:31985; p=2; 3-6 estações; raio <=300 km; controle mínimo de completude"", ""verified"": true}"
2611507,2026,23.108370165308465,432.4404731254712,"{""temperatura_media_c"": {""n_estacoes"": 4, ""nearest_distance_km"": 51.84, ""max_distance_km"": 121.65, ""stations"": [""GARANHUNS"", ""PALMARES"", ""SURUBIM"", ""ARCO VERDE""], ""method"": ""IDW p=2; até 6 estações; raio máximo 300 km""}, ""precipitacao_anual_mm"": {""n_estacoes"": 6, ""nearest_distance_km"": 53.13, ""max_distance_km"": 121.65, ""stations"": [""CARUARU"", ""PALMARES"", ""SAO JOSE DA COROA GRANDE"", ""SANTA CRUZ DO CAPIBARIBE"", ""SURUBIM"", ""ARCO VERDE""], ""method"": ""IDW p=2; até 6 estações; raio máximo 300 km""}}","{""organization"": ""INMET"", ""dataset"": ""Dados Históricos Anuais - estações automáticas"", ""version"": ""2026"", ""retrieved_at"": ""2026-10-01"", ""reference_url"": ""https://portal.inmet.gov.br/uploads/dadoshistoricos/2026.zip"", ""method"": ""agregação anual observada por estação + IDW municipal em EPSG:31985; p=2; 3-6 estações; raio <=300 km; controle mínimo de completude"", ""verified"": true}"
2611533,2026,24.464875237228227,146.5240257338799,"{""temperatura_media_c"": {""n_estacoes"": 6, ""nearest_distance_km"": 118.29, ""max_distance_km"": 272.85, ""stations"": [""ARCO VERDE"", ""SALGUEIRO"", ""CABROBO"", ""GARANHUNS"", ""SURUBIM"", ""PALMARES""], ""method"": ""IDW p=2; até 6 estações; raio máximo 300 km""}, ""precipitacao_anual_mm"": {""n_estacoes"": 6, ""nearest_distance_km"": 55.9, ""max_distance_km"": 181.25, ""stations"": [""SERRA TALHADA"", ""IBIMIRIM"", ""ARCO VERDE"", ""FLORESTA"", ""SALGUEIRO"", ""SANTA CRUZ DO CAPIBARIBE""], ""method"": ""IDW p=2; até 6 estações; raio máximo 300 km""}}","{""organization"": ""INMET"", ""dataset"": ""Dados Históricos Anuais - estações automáticas"", ""version"": ""2026"", ""retrieved_at"": ""2026-10-01"", ""reference_url"": ""https://portal.inmet.gov.br/uploads/dadoshistoricos/2026.zip"", ""method"": ""agregação anual observada por estação + IDW municipal em EPSG:31985; p=2; 3-6 estações; raio <=300 km; controle mínimo de completude"", ""verified"": true}"
2611606,2026,24.0052292577871,807.3908346116697,"{""temperatura_media_c"": {""n_estacoes"": 4, ""nearest_distance_km"": 97.03, ""max_distance_km"": 238.12, ""stations"": [""SURUBIM"", ""PALMARES"", ""GARANHUNS"", ""ARCO VERDE""], ""method"": ""IDW p=2; até 6 estações; raio máximo 300 km""}, ""precipitacao_anual_mm"": {""n_estacoes"": 6, ""nearest_distance_km"": 2.57, ""max_distance_km"": 98.55, ""stations"": [""RECIFE"", ""ITAPISSUMA"", ""ALIANCA"", ""SAO JOSE DA COROA GRANDE"", ""SURUBIM"", ""PALMARES""], ""method"": ""IDW p=2; até 6 estações; raio máximo 300 km""}}","{""organization"": ""INMET"", ""dataset"": ""Dados Históricos Anuais - estações automáticas"", ""version"": ""2026"", ""retrieved_at"": ""2026-10-01"", ""reference_url"": ""https://portal.inmet.gov.br/uploads/dadoshistoricos/2026.zip"", ""method"": ""agregação anual observada por estação + IDW municipal em EPSG:31985; p=2; 3-6 estações; raio <=300 km; controle mínimo de completude"", ""verified"": true}"
2611705,2026,24.05362534913268,339.0443152984614,"{""temperatura_media_c"": {""n_estacoes"": 4, ""nearest_distance_km"": 28.41, ""max_distance_km"": 135.11, ""stations"": [""SURUBIM"", ""PALMARES"", ""GARANHUNS"", ""ARCO VERDE""], ""method"": ""IDW p=2; até 6 estações; raio máximo 300 km""}, ""precipitacao_anual_mm"": {""n_estacoes"": 6, ""nearest_distance_km"": 28.41, ""max_distance_km"": 103.76, ""stations"": [""SURUBIM"", ""CARUARU"", ""SANTA CRUZ DO CAPIBARIBE"", ""PALMARES"", ""ALIANCA"", ""RECIFE""], ""method"": ""IDW p=2; até 6 estações; raio máximo 300 km""}}","{""organization"": ""INMET"", ""dataset"": ""Dados Históricos Anuais - estações automáticas"", ""version"": ""2026"", ""retrieved_at"": ""2026-10-01"", ""reference_url"": ""https://portal.inmet.gov.br/uploads/dadoshistoricos/2026.zip"", ""method"": ""agregação anual observada por estação + IDW municipal em EPSG:31985; p=2; 3-6 estações; raio <=300 km; controle mínimo de completude"", ""verified"": true}"
2611804,2026,24.40785648062207,526.3185358949715,"{""temperatura_media_c"": {""n_estacoes"": 4, ""nearest_distance_km"": 28.53, ""max_distance_km"": 186.37, ""stations"": [""PALMARES"", ""SURUBIM"", ""GARANHUNS"", ""ARCO VERDE""], ""method"": ""IDW p=2; até 6 estações; raio máximo 300 km""}, ""precipitacao_anual_mm"": {""n_estacoes"": 6, ""nearest_distance_km"": 28.53, ""max_distance_km"": 95.46, ""stations"": [""PALMARES"", ""SAO JOSE DA COROA GRANDE"", ""RECIFE"", ""CARUARU"", ""SURUBIM"", ""ITAPISSUMA""], ""method"": ""IDW p=2; até 6 estações; raio máximo 300 km""}}","{""organization"": ""INMET"", ""dataset"": ""Dados Históricos Anuais - estações automáticas"", ""version"": ""2026"", ""retrieved_at"": ""2026-10-01"", ""reference_url"": ""https://portal.inmet.gov.br/uploads/dadoshistoricos/2026.zip"", ""method"": ""agregação anual observada por estação + IDW municipal em EPSG:31985; p=2; 3-6 estações; raio <=300 km; controle mínimo de completude"", ""verified"": true}"
2611903,2026,24.33209138803067,294.3645584704455,"{""temperatura_media_c"": {""n_estacoes"": 4, ""nearest_distance_km"": 38.54, ""max_distance_km"": 204.26, ""stations"": [""PALMARES"", ""SURUBIM"", ""GARANHUNS"", ""ARCO VERDE""], ""method"": ""IDW p=2; até 6 estações; raio máximo 300 km""}, ""precipitacao_anual_mm"": {""n_estacoes"": 6, ""nearest_distance_km"": 24.42, ""max_distance_km"": 111.65, ""stations"": [""SAO JOSE DA COROA GRANDE"", ""PALMARES"", ""RECIFE"", ""CARUARU"", ""ITAPISSUMA"", ""SURUBIM""], ""method"": ""IDW p=2; até 6 estações; raio máximo 300 km""}}","{""organization"": ""INMET"", ""dataset"": ""Dados Históricos Anuais - estações automáticas"", ""version"": ""2026"", ""retrieved_at"": ""2026-10-01"", ""reference_url"": ""https://portal.inmet.gov.br/uploads/dadoshistoricos/2026.zip"", ""method"": ""agregação anual observada por estação + IDW municipal em EPSG:31985; p=2; 3-6 estações; raio <=300 km; controle mínimo de completude"", ""verified"": true}"
2612000,2026,24.154162757706544,439.9413142363504,"{""temperatura_media_c"": {""n_estacoes"": 4, ""nearest_distance_km"": 42.27, ""max_distance_km"": 151.91, ""stations"": [""PALMARES"", ""SURUBIM"", ""GARANHUNS"", ""ARCO VERDE""], ""method"": ""IDW p=2; até 6 estações; raio máximo 300 km""}, ""precipitacao_anual_mm"": {""n_estacoes"": 6, ""nearest_distance_km"": 38.37, ""max_distance_km"": 87.45, ""stations"": [""CARUARU"", ""PALMARES"", ""SURUBIM"", ""SANTA CRUZ DO CAPIBARIBE"", ""SAO JOSE DA COROA GRANDE"", ""RECIFE""], ""method"": ""IDW p=2; até 6 estações; raio máximo 300 km""}}","{""organization"": ""INMET"", ""dataset"": ""Dados Históricos Anuais - estações automáticas"", ""version"": ""2026"", ""retrieved_at"": ""2026-10-01"", ""reference_url"": ""https://portal.inmet.gov.br/uploads/dadoshistoricos/2026.zip"", ""method"": ""agregação anual observada por estação + IDW municipal em EPSG:31985; p=2; 3-6 estações; raio <=300 km; controle mínimo de completude"", ""verified"": true}"
2612109,2026,24.124229766506634,361.1617991126804,"{""temperatura_media_c"": {""n_estacoes"": 4, ""nearest_distance_km"": 23.16, ""max_distance_km"": 171.16, ""stations"": [""SURUBIM"", ""PALMARES"", ""GARANHUNS"", ""ARCO VERDE""], ""method"": ""IDW p=2; até 6 estações; raio máximo 300 km""}, ""precipitacao_anual_mm"": {""n_estacoes"": 6, ""nearest_distance_km"": 23.16, ""max_distance_km"": 78.04, ""stations"": [""SURUBIM"", ""ALIANCA"", ""CARUARU"", ""SANTA CRUZ DO CAPIBARIBE"", ""RECIFE"", ""ITAPISSUMA""], ""method"": ""IDW p=2; até 6 estações; raio máximo 300 km""}}","{""organization"": ""INMET"", ""dataset"": ""Dados Históricos Anuais - estações automáticas"", ""version"": ""2026"", ""retrieved_at"": ""2026-10-01"", ""reference_url"": ""https://portal.inmet.gov.br/uploads/dadoshistoricos/2026.zip"", ""method"": ""agregação anual observada por estação + IDW municipal em EPSG:31985; p=2; 3-6 estações; raio <=300 km; controle mínimo de completude"", ""verified"": true}"
2612208,2026,26.243011733224684,472.0257631195643,"{""temperatura_media_c"": {""n_estacoes"": 4, ""nearest_distance_km"": 7.93, ""max_distance_km"": 299.6, ""stations"": [""SALGUEIRO"", ""CABROBO"", ""ARCO VERDE"", ""GARANHUNS""], ""method"": ""IDW p=2; até 6 estações; raio máximo 300 km""}, ""precipitacao_anual_mm"": {""n_estacoes"": 5, ""nearest_distance_km"": 7.93, ""max_distance_km"": 227.43, ""stations"": [""SALGUEIRO"", ""FLORESTA"", ""SERRA TALHADA"", ""IBIMIRIM"", ""ARCO VERDE""], ""method"": ""IDW p=2; até 6 estações; raio máximo 300 km""}}","{""organization"": ""INMET"", ""dataset"": ""Dados Históricos Anuais - estações automáticas"", ""version"": ""2026"", ""retrieved_at"": ""2026-10-01"", ""reference_url"": ""https://portal.inmet.gov.br/uploads/dadoshistoricos/2026.zip"", ""method"": ""agregação anual observada por estação + IDW municipal em EPSG:31985; p=2; 3-6 estações; raio <=300 km; controle mínimo de completude"", ""verified"": true}"
2612307,2026,21.97631937109329,454.3113756984724,"{""temperatura_media_c"": {""n_estacoes"": 6, ""nearest_distance_km"": 28.49, ""max_distance_km"": 289.57, ""stations"": [""GARANHUNS"", ""ARCO VERDE"", ""PALMARES"", ""SURUBIM"", ""SALGUEIRO"", ""CABROBO""], ""method"": ""IDW p=2; até 6 estações; raio máximo 300 km""}, ""precipitacao_anual_mm"": {""n_estacoes"": 6, ""nearest_distance_km"": 71.0, ""max_distance_km"": 164.72, ""stations"": [""ARCO VERDE"", ""CARUARU"", ""IBIMIRIM"", ""SANTA CRUZ DO CAPIBARIBE"", ""PALMARES"", ""SURUBIM""], ""method"": ""IDW p=2; até 6 estações; raio máximo 300 km""}}","{""organization"": ""INMET"", ""dataset"": ""Dados Históricos Anuais - estações automáticas"", ""version"": ""2026"", ""retrieved_at"": ""2026-10-01"", ""reference_url"": ""https://portal.inmet.gov.br/uploads/dadoshistoricos/2026.zip"", ""method"": ""agregação anual observada por estação + IDW municipal em EPSG:31985; p=2; 3-6 estações; raio <=300 km; controle mínimo de completude"", ""verified"": true}"
2612406,2026,22.92459010034391,372.4106910893427,"{""temperatura_media_c"": {""n_estacoes"": 5, ""nearest_distance_km"": 56.34, ""max_distance_km"": 283.54, ""stations"": [""ARCO VERDE"", ""GARANHUNS"", ""SURUBIM"", ""PALMARES"", ""SALGUEIRO""], ""method"": ""IDW p=2; até 6 estações; raio máximo 300 km""}, ""precipitacao_anual_mm"": {""n_estacoes"": 6, ""nearest_distance_km"": 56.34, ""max_distance_km"": 129.24, ""stations"": [""ARCO VERDE"", ""CARUARU"", ""SANTA CRUZ DO CAPIBARIBE"", ""SURUBIM"", ""PALMARES"", ""IBIMIRIM""], ""method"": ""IDW p=2; até 6 estações; raio máximo 300 km""}}","{""organization"": ""INMET"", ""dataset"": ""Dados Históricos Anuais - estações automáticas"", ""version"": ""2026"", ""retrieved_at"": ""2026-10-01"", ""reference_url"": ""https://portal.inmet.gov.br/uploads/dadoshistoricos/2026.zip"", ""method"": ""agregação anual observada por estação + IDW municipal em EPSG:31985; p=2; 3-6 estações; raio <=300 km; controle mínimo de completude"", ""verified"": true}"
2612455,2026,,252.21458854478104,"{""temperatura_media_c"": {""n_estacoes"": 2, ""max_distance_km"": null, ""method"": ""unavailable""}, ""precipitacao_anual_mm"": {""n_estacoes"": 4, ""nearest_distance_km"": 136.26, ""max_distance_km"": 287.8, ""stations"": [""SALGUEIRO"", ""FLORESTA"", ""SERRA TALHADA"", ""IBIMIRIM""], ""method"": ""IDW p=2; até 6 estações; raio máximo 300 km""}}","{""organization"": ""INMET"", ""dataset"": ""Dados Históricos Anuais - estações automáticas"", ""version"": ""2026"", ""retrieved_at"": ""2026-10-01"", ""reference_url"": ""https://portal.inmet.gov.br/uploads/dadoshistoricos/2026.zip"", ""method"": ""agregação anual observada por estação + IDW municipal em EPSG:31985; p=2; 3-6 estações; raio <=300 km; controle mínimo de completude"", ""verified"": true}"
2612471,2026,25.183044745017284,29.24698497840187,"{""temperatura_media_c"": {""n_estacoes"": 5, ""nearest_distance_km"": 104.53, ""max_distance_km"": 263.62, ""stations"": [""SALGUEIRO"", ""ARCO VERDE"", ""CABROBO"", ""GARANHUNS"", ""SURUBIM""], ""method"": ""IDW p=2; até 6 estações; raio máximo 300 km""}, ""precipitacao_anual_mm"": {""n_estacoes"": 6, ""nearest_distance_km"": 17.59, ""max_distance_km"": 215.8, ""stations"": [""SERRA TALHADA"", ""IBIMIRIM"", ""FLORESTA"", ""SALGUEIRO"", ""ARCO VERDE"", ""SANTA CRUZ DO CAPIBARIBE""], ""method"": ""IDW p=2; até 6 estações; raio máximo 300 km""}}","{""organization"": ""INMET"", ""dataset"": ""Dados Históricos Anuais - estações automáticas"", ""version"": ""2026"", ""retrieved_at"": ""2026-10-01"", ""reference_url"": ""https://portal.inmet.gov.br/uploads/dadoshistoricos/2026.zip"", ""method"": ""agregação anual observada por estação + IDW municipal em EPSG:31985; p=2; 3-6 estações; raio <=300 km; controle mínimo de completude"", ""verified"": true}"
2612505,2026,23.664533331722865,66.83932895209902,"{""temperatura_media_c"": {""n_estacoes"": 4, ""nearest_distance_km"": 59.29, ""max_distance_km"": 119.88, ""stations"": [""SURUBIM"", ""ARCO VERDE"", ""GARANHUNS"", ""PALMARES""], ""method"": ""IDW p=2; até 6 estações; raio máximo 300 km""}, ""precipitacao_anual_mm"": {""n_estacoes"": 6, ""nearest_distance_km"": 12.91, ""max_distance_km"": 124.27, ""stations"": [""SANTA CRUZ DO CAPIBARIBE"", ""SURUBIM"", ""CARUARU"", ""ARCO VERDE"", ""PALMARES"", ""ALIANCA""], ""method"": ""IDW p=2; até 6 estações; raio máximo 300 km""}}","{""organization"": ""INMET"", ""dataset"": ""Dados Históricos Anuais - estações automáticas"", ""version"": ""2026"", ""retrieved_at"": ""2026-10-01"", ""reference_url"": ""https://portal.inmet.gov.br/uploads/dadoshistoricos/2026.zip"", ""method"": ""agregação anual observada por estação + IDW municipal em EPSG:31985; p=2; 3-6 estações; raio <=300 km; controle mínimo de completude"", ""verified"": true}"
2612554,2026,,245.7213064292508,"{""temperatura_media_c"": {""n_estacoes"": 2, ""max_distance_km"": null, ""method"": ""unavailable""}, ""precipitacao_anual_mm"": {""n_estacoes"": 3, ""nearest_distance_km"": 164.72, ""max_distance_km"": 254.17, ""stations"": [""SALGUEIRO"", ""FLORESTA"", ""SERRA TALHADA""], ""method"": ""IDW p=2; até 6 estações; raio máximo 300 km""}}","{""organization"": ""INMET"", ""dataset"": ""Dados Históricos Anuais - estações automáticas"", ""version"": ""2026"", ""retrieved_at"": ""2026-10-01"", ""reference_url"": ""https://portal.inmet.gov.br/uploads/dadoshistoricos/2026.zip"", ""method"": ""agregação anual observada por estação + IDW municipal em EPSG:31985; p=2; 3-6 estações; raio <=300 km; controle mínimo de completude"", ""verified"": true}"
2612604,2026,,249.20179581134607,"{""temperatura_media_c"": {""n_estacoes"": 2, ""max_distance_km"": null, ""method"": ""unavailable""}, ""precipitacao_anual_mm"": {""n_estacoes"": 4, ""nearest_distance_km"": 110.75, ""max_distance_km"": 244.0, ""stations"": [""SALGUEIRO"", ""FLORESTA"", ""SERRA TALHADA"", ""IBIMIRIM""], ""method"": ""IDW p=2; até 6 estações; raio máximo 300 km""}}","{""organization"": ""INMET"", ""dataset"": ""Dados Históricos Anuais - estações automáticas"", ""version"": ""2026"", ""retrieved_at"": ""2026-10-01"", ""reference_url"": ""https://portal.inmet.gov.br/uploads/dadoshistoricos/2026.zip"", ""method"": ""agregação anual observada por estação + IDW municipal em EPSG:31985; p=2; 3-6 estações; raio <=300 km; controle mínimo de completude"", ""verified"": true}"
2612703,2026,24.153086027989758,396.3603874449223,"{""temperatura_media_c"": {""n_estacoes"": 4, ""nearest_distance_km"": 10.41, ""max_distance_km"": 145.93, ""stations"": [""SURUBIM"", ""PALMARES"", ""GARANHUNS"", ""ARCO VERDE""], ""method"": ""IDW p=2; até 6 estações; raio máximo 300 km""}, ""precipitacao_anual_mm"": {""n_estacoes"": 6, ""nearest_distance_km"": 10.41, ""max_distance_km"": 105.76, ""stations"": [""SURUBIM"", ""SANTA CRUZ DO CAPIBARIBE"", ""CARUARU"", ""ALIANCA"", ""PALMARES"", ""RECIFE""], ""method"": ""IDW p=2; até 6 estações; raio máximo 300 km""}}","{""organization"": ""INMET"", ""dataset"": ""Dados Históricos Anuais - estações automáticas"", ""version"": ""2026"", ""retrieved_at"": ""2026-10-01"", ""reference_url"": ""https://portal.inmet.gov.br/uploads/dadoshistoricos/2026.zip"", ""method"": ""agregação anual observada por estação + IDW municipal em EPSG:31985; p=2; 3-6 estações; raio <=300 km; controle mínimo de completude"", ""verified"": true}"
2612802,2026,24.038450824982537,218.92950914705278,"{""temperatura_media_c"": {""n_estacoes"": 6, ""nearest_distance_km"": 118.91, ""max_distance_km"": 247.58, ""stations"": [""ARCO VERDE"", ""SURUBIM"", ""GARANHUNS"", ""SALGUEIRO"", ""CABROBO"", ""PALMARES""], ""method"": ""IDW p=2; até 6 estações; raio máximo 300 km""}, ""precipitacao_anual_mm"": {""n_estacoes"": 6, ""nearest_distance_km"": 111.37, ""max_distance_km"": 186.31, ""stations"": [""SERRA TALHADA"", ""ARCO VERDE"", ""IBIMIRIM"", ""SANTA CRUZ DO CAPIBARIBE"", ""FLORESTA"", ""CARUARU""], ""method"": ""IDW p=2; até 6 estações; raio máximo 300 km""}}","{""organization"": ""INMET"", ""dataset"": ""Dados Históricos Anuais - estações automáticas"", ""version"": ""2026"", ""retrieved_at"": ""2026-10-01"", ""reference_url"": ""https://portal.inmet.gov.br/uploads/dadoshistoricos/2026.zip"", ""method"": ""agregação anual observada por estação + IDW municipal em EPSG:31985; p=2; 3-6 estações; raio <=300 km; controle mínimo de completude"", ""verified"": true}"
2612901,2026,23.749175696882247,474.27596275499735,"{""temperatura_media_c"": {""n_estacoes"": 4, ""nearest_distance_km"": 40.49, ""max_distance_km"": 133.29, ""stations"": [""PALMARES"", ""GARANHUNS"", ""SURUBIM"", ""ARCO VERDE""], ""method"": ""IDW p=2; até 6 estações; raio máximo 300 km""}, ""precipitacao_anual_mm"": {""n_estacoes"": 6, ""nearest_distance_km"": 40.49, ""max_distance_km"": 133.29, ""stations"": [""PALMARES"", ""CARUARU"", ""SAO JOSE DA COROA GRANDE"", ""SANTA CRUZ DO CAPIBARIBE"", ""SURUBIM"", ""ARCO VERDE""], ""method"": ""IDW p=2; até 6 estações; raio máximo 300 km""}}","{""organization"": ""INMET"", ""dataset"": ""Dados Históricos Anuais - estações automáticas"", ""version"": ""2026"", ""retrieved_at"": ""2026-10-01"", ""reference_url"": ""https://portal.inmet.gov.br/uploads/dadoshistoricos/2026.zip"", ""method"": ""agregação anual observada por estação + IDW municipal em EPSG:31985; p=2; 3-6 estações; raio <=300 km; controle mínimo de completude"", ""verified"": true}"
2613008,2026,22.49206721757564,382.6915196877311,"{""temperatura_media_c"": {""n_estacoes"": 5, ""nearest_distance_km"": 41.79, ""max_distance_km"": 297.11, ""stations"": [""GARANHUNS"", ""ARCO VERDE"", ""PALMARES"", ""SURUBIM"", ""SALGUEIRO""], ""method"": ""IDW p=2; até 6 estações; raio máximo 300 km""}, ""precipitacao_anual_mm"": {""n_estacoes"": 6, ""nearest_distance_km"": 50.64, ""max_distance_km"": 139.16, ""stations"": [""CARUARU"", ""ARCO VERDE"", ""SANTA CRUZ DO CAPIBARIBE"", ""PALMARES"", ""SURUBIM"", ""IBIMIRIM""], ""method"": ""IDW p=2; até 6 estações; raio máximo 300 km""}}","{""organization"": ""INMET"", ""dataset"": ""Dados Históricos Anuais - estações automáticas"", ""version"": ""2026"", ""retrieved_at"": ""2026-10-01"", ""reference_url"": ""https://portal.inmet.gov.br/uploads/dadoshistoricos/2026.zip"", ""method"": ""agregação anual observada por estação + IDW municipal em EPSG:31985; p=2; 3-6 estações; raio <=300 km; controle mínimo de completude"", ""verified"": true}"
2613107,2026,23.44971245541574,337.6104893684143,"{""temperatura_media_c"": {""n_estacoes"": 4, ""nearest_distance_km"": 66.75, ""max_distance_km"": 100.78, ""stations"": [""SURUBIM"", ""PALMARES"", ""GARANHUNS"", ""ARCO VERDE""], ""method"": ""IDW p=2; até 6 estações; raio máximo 300 km""}, ""precipitacao_anual_mm"": {""n_estacoes"": 6, ""nearest_distance_km"": 13.54, ""max_distance_km"": 125.75, ""stations"": [""CARUARU"", ""SANTA CRUZ DO CAPIBARIBE"", ""SURUBIM"", ""PALMARES"", ""ARCO VERDE"", ""SAO JOSE DA COROA GRANDE""], ""method"": ""IDW p=2; até 6 estações; raio máximo 300 km""}}","{""organization"": ""INMET"", ""dataset"": ""Dados Históricos Anuais - estações automáticas"", ""version"": ""2026"", ""retrieved_at"": ""2026-10-01"", ""reference_url"": ""https://portal.inmet.gov.br/uploads/dadoshistoricos/2026.zip"", ""method"": ""agregação anual observada por estação + IDW municipal em EPSG:31985; p=2; 3-6 estações; raio <=300 km; controle mínimo de completude"", ""verified"": true}"
2613206,2026,21.617233158494734,410.04239714111304,"{""temperatura_media_c"": {""n_estacoes"": 4, ""nearest_distance_km"": 13.2, ""max_distance_km"": 131.85, ""stations"": [""GARANHUNS"", ""ARCO VERDE"", ""PALMARES"", ""SURUBIM""], ""method"": ""IDW p=2; até 6 estações; raio máximo 300 km""}, ""precipitacao_anual_mm"": {""n_estacoes"": 6, ""nearest_distance_km"": 69.61, ""max_distance_km"": 134.79, ""stations"": [""CARUARU"", ""ARCO VERDE"", ""PALMARES"", ""SANTA CRUZ DO CAPIBARIBE"", ""SURUBIM"", ""SAO JOSE DA COROA GRANDE""], ""method"": ""IDW p=2; até 6 estações; raio máximo 300 km""}}","{""organization"": ""INMET"", ""dataset"": ""Dados Históricos Anuais - estações automáticas"", ""version"": ""2026"", ""retrieved_at"": ""2026-10-01"", ""reference_url"": ""https://portal.inmet.gov.br/uploads/dadoshistoricos/2026.zip"", ""method"": ""agregação anual observada por estação + IDW municipal em EPSG:31985; p=2; 3-6 estações; raio <=300 km; controle mínimo de completude"", ""verified"": true}"
2613305,2026,24.069452530752564,412.3010308919367,"{""temperatura_media_c"": {""n_estacoes"": 4, ""nearest_distance_km"": 38.26, ""max_distance_km"": 133.77, ""stations"": [""PALMARES"", ""SURUBIM"", ""GARANHUNS"", ""ARCO VERDE""], ""method"": ""IDW p=2; até 6 estações; raio máximo 300 km""}, ""precipitacao_anual_mm"": {""n_estacoes"": 6, ""nearest_distance_km"": 23.21, ""max_distance_km"": 110.18, ""stations"": [""CARUARU"", ""PALMARES"", ""SURUBIM"", ""SANTA CRUZ DO CAPIBARIBE"", ""SAO JOSE DA COROA GRANDE"", ""RECIFE""], ""method"": ""IDW p=2; até 6 estações; raio máximo 300 km""}}","{""organization"": ""INMET"", ""dataset"": ""Dados Históricos Anuais - estações automáticas"", ""version"": ""2026"", ""retrieved_at"": ""2026-10-01"", ""reference_url"": ""https://portal.inmet.gov.br/uploads/dadoshistoricos/2026.zip"", ""method"": ""agregação anual observada por estação + IDW municipal em EPSG:31985; p=2; 3-6 estações; raio <=300 km; controle mínimo de completude"", ""verified"": true}"
2613404,2026,24.238595631507696,83.08837481660358,"{""temperatura_media_c"": {""n_estacoes"": 4, ""nearest_distance_km"": 47.54, ""max_distance_km"": 211.56, ""stations"": [""PALMARES"", ""SURUBIM"", ""GARANHUNS"", ""ARCO VERDE""], ""method"": ""IDW p=2; até 6 estações; raio máximo 300 km""}, ""precipitacao_anual_mm"": {""n_estacoes"": 6, ""nearest_distance_km"": 4.21, ""max_distance_km"": 131.38, ""stations"": [""SAO JOSE DA COROA GRANDE"", ""PALMARES"", ""RECIFE"", ""CARUARU"", ""ITAPISSUMA"", ""SURUBIM""], ""method"": ""IDW p=2; até 6 estações; raio máximo 300 km""}}","{""organization"": ""INMET"", ""dataset"": ""Dados Históricos Anuais - estações automáticas"", ""version"": ""2026"", ""retrieved_at"": ""2026-10-01"", ""reference_url"": ""https://portal.inmet.gov.br/uploads/dadoshistoricos/2026.zip"", ""method"": ""agregação anual observada por estação + IDW municipal em EPSG:31985; p=2; 3-6 estações; raio <=300 km; controle mínimo de completude"", ""verified"": true}"
2613503,2026,26.178340523979585,241.38080375170506,"{""temperatura_media_c"": {""n_estacoes"": 4, ""nearest_distance_km"": 44.32, ""max_distance_km"": 274.46, ""stations"": [""SALGUEIRO"", ""CABROBO"", ""ARCO VERDE"", ""GARANHUNS""], ""method"": ""IDW p=2; até 6 estações; raio máximo 300 km""}, ""precipitacao_anual_mm"": {""n_estacoes"": 6, ""nearest_distance_km"": 44.32, ""max_distance_km"": 278.77, ""stations"": [""SALGUEIRO"", ""SERRA TALHADA"", ""FLORESTA"", ""IBIMIRIM"", ""ARCO VERDE"", ""SANTA CRUZ DO CAPIBARIBE""], ""method"": ""IDW p=2; até 6 estações; raio máximo 300 km""}}","{""organization"": ""INMET"", ""dataset"": ""Dados Históricos Anuais - estações automáticas"", ""version"": ""2026"", ""retrieved_at"": ""2026-10-01"", ""reference_url"": ""https://portal.inmet.gov.br/uploads/dadoshistoricos/2026.zip"", ""method"": ""agregação anual observada por estação + IDW municipal em EPSG:31985; p=2; 3-6 estações; raio <=300 km; controle mínimo de completude"", ""verified"": true}"
2613602,2026,23.84490175343106,285.78311104841697,"{""temperatura_media_c"": {""n_estacoes"": 6, ""nearest_distance_km"": 103.43, ""max_distance_km"": 250.74, ""stations"": [""ARCO VERDE"", ""SURUBIM"", ""GARANHUNS"", ""SALGUEIRO"", ""PALMARES"", ""CABROBO""], ""method"": ""IDW p=2; até 6 estações; raio máximo 300 km""}, ""precipitacao_anual_mm"": {""n_estacoes"": 6, ""nearest_distance_km"": 103.43, ""max_distance_km"": 167.53, ""stations"": [""ARCO VERDE"", ""IBIMIRIM"", ""SERRA TALHADA"", ""SANTA CRUZ DO CAPIBARIBE"", ""CARUARU"", ""SURUBIM""], ""method"": ""IDW p=2; até 6 estações; raio máximo 300 km""}}","{""organization"": ""INMET"", ""dataset"": ""Dados Históricos Anuais - estações automáticas"", ""version"": ""2026"", ""retrieved_at"": ""2026-10-01"", ""reference_url"": ""https://portal.inmet.gov.br/uploads/dadoshistoricos/2026.zip"", ""method"": ""agregação anual observada por estação + IDW municipal em EPSG:31985; p=2; 3-6 estações; raio <=300 km; controle mínimo de completude"", ""verified"": true}"
2613701,2026,24.039384363121354,611.0910335369117,"{""temperatura_media_c"": {""n_estacoes"": 4, ""nearest_distance_km"": 78.29, ""max_distance_km"": 219.99, ""stations"": [""SURUBIM"", ""PALMARES"", ""GARANHUNS"", ""ARCO VERDE""], ""method"": ""IDW p=2; até 6 estações; raio máximo 300 km""}, ""precipitacao_anual_mm"": {""n_estacoes"": 6, ""nearest_distance_km"": 17.64, ""max_distance_km"": 95.63, ""stations"": [""RECIFE"", ""ITAPISSUMA"", ""ALIANCA"", ""SURUBIM"", ""PALMARES"", ""SAO JOSE DA COROA GRANDE""], ""method"": ""IDW p=2; até 6 estações; raio máximo 300 km""}}","{""organization"": ""INMET"", ""dataset"": ""Dados Históricos Anuais - estações automáticas"", ""version"": ""2026"", ""retrieved_at"": ""2026-10-01"", ""reference_url"": ""https://portal.inmet.gov.br/uploads/dadoshistoricos/2026.zip"", ""method"": ""agregação anual observada por estação + IDW municipal em EPSG:31985; p=2; 3-6 estações; raio <=300 km; controle mínimo de completude"", ""verified"": true}"
2613800,2026,24.06033615933482,241.02125031398813,"{""temperatura_media_c"": {""n_estacoes"": 4, ""nearest_distance_km"": 42.23, ""max_distance_km"": 195.59, ""stations"": [""SURUBIM"", ""PALMARES"", ""GARANHUNS"", ""ARCO VERDE""], ""method"": ""IDW p=2; até 6 estações; raio máximo 300 km""}, ""precipitacao_anual_mm"": {""n_estacoes"": 6, ""nearest_distance_km"": 28.12, ""max_distance_km"": 102.07, ""stations"": [""ALIANCA"", ""SURUBIM"", ""ITAPISSUMA"", ""RECIFE"", ""SANTA CRUZ DO CAPIBARIBE"", ""CARUARU""], ""method"": ""IDW p=2; até 6 estações; raio máximo 300 km""}}","{""organization"": ""INMET"", ""dataset"": ""Dados Históricos Anuais - estações automáticas"", ""version"": ""2026"", ""retrieved_at"": ""2026-10-01"", ""reference_url"": ""https://portal.inmet.gov.br/uploads/dadoshistoricos/2026.zip"", ""method"": ""agregação anual observada por estação + IDW municipal em EPSG:31985; p=2; 3-6 estações; raio <=300 km; controle mínimo de completude"", ""verified"": true}"
2613909,2026,25.651310433136572,18.73792178814902,"{""temperatura_media_c"": {""n_estacoes"": 5, ""nearest_distance_km"": 80.47, ""max_distance_km"": 285.84, ""stations"": [""SALGUEIRO"", ""CABROBO"", ""ARCO VERDE"", ""GARANHUNS"", ""SURUBIM""], ""method"": ""IDW p=2; até 6 estações; raio máximo 300 km""}, ""precipitacao_anual_mm"": {""n_estacoes"": 6, ""nearest_distance_km"": 12.29, ""max_distance_km"": 237.13, ""stations"": [""SERRA TALHADA"", ""FLORESTA"", ""SALGUEIRO"", ""IBIMIRIM"", ""ARCO VERDE"", ""SANTA CRUZ DO CAPIBARIBE""], ""method"": ""IDW p=2; até 6 estações; raio máximo 300 km""}}","{""organization"": ""INMET"", ""dataset"": ""Dados Históricos Anuais - estações automáticas"", ""version"": ""2026"", ""retrieved_at"": ""2026-10-01"", ""reference_url"": ""https://portal.inmet.gov.br/uploads/dadoshistoricos/2026.zip"", ""method"": ""agregação anual observada por estação + IDW municipal em EPSG:31985; p=2; 3-6 estações; raio <=300 km; controle mínimo de completude"", ""verified"": true}"
2614006,2026,26.3911610030331,396.33191300447265,"{""temperatura_media_c"": {""n_estacoes"": 3, ""nearest_distance_km"": 39.2, ""max_distance_km"": 265.34, ""stations"": [""SALGUEIRO"", ""CABROBO"", ""ARCO VERDE""], ""method"": ""IDW p=2; até 6 estações; raio máximo 300 km""}, ""precipitacao_anual_mm"": {""n_estacoes"": 5, ""nearest_distance_km"": 39.2, ""max_distance_km"": 265.34, ""stations"": [""SALGUEIRO"", ""SERRA TALHADA"", ""FLORESTA"", ""IBIMIRIM"", ""ARCO VERDE""], ""method"": ""IDW p=2; até 6 estações; raio máximo 300 km""}}","{""organization"": ""INMET"", ""dataset"": ""Dados Históricos Anuais - estações automáticas"", ""version"": ""2026"", ""retrieved_at"": ""2026-10-01"", ""reference_url"": ""https://portal.inmet.gov.br/uploads/dadoshistoricos/2026.zip"", ""method"": ""agregação anual observada por estação + IDW municipal em EPSG:31985; p=2; 3-6 estações; raio <=300 km; controle mínimo de completude"", ""verified"": true}"
2614105,2026,23.360364982441723,411.3394933432836,"{""temperatura_media_c"": {""n_estacoes"": 6, ""nearest_distance_km"": 39.72, ""max_distance_km"": 221.15, ""stations"": [""ARCO VERDE"", ""GARANHUNS"", ""SURUBIM"", ""SALGUEIRO"", ""PALMARES"", ""CABROBO""], ""method"": ""IDW p=2; até 6 estações; raio máximo 300 km""}, ""precipitacao_anual_mm"": {""n_estacoes"": 6, ""nearest_distance_km"": 39.72, ""max_distance_km"": 145.32, ""stations"": [""ARCO VERDE"", ""IBIMIRIM"", ""SERRA TALHADA"", ""SANTA CRUZ DO CAPIBARIBE"", ""FLORESTA"", ""CARUARU""], ""method"": ""IDW p=2; até 6 estações; raio máximo 300 km""}}","{""organization"": ""INMET"", ""dataset"": ""Dados Históricos Anuais - estações automáticas"", ""version"": ""2026"", ""retrieved_at"": ""2026-10-01"", ""reference_url"": ""https://portal.inmet.gov.br/uploads/dadoshistoricos/2026.zip"", ""method"": ""agregação anual observada por estação + IDW municipal em EPSG:31985; p=2; 3-6 estações; raio <=300 km; controle mínimo de completude"", ""verified"": true}"
2614204,2026,24.28033783381157,372.777925654781,"{""temperatura_media_c"": {""n_estacoes"": 4, ""nearest_distance_km"": 44.85, ""max_distance_km"": 208.17, ""stations"": [""PALMARES"", ""SURUBIM"", ""GARANHUNS"", ""ARCO VERDE""], ""method"": ""IDW p=2; até 6 estações; raio máximo 300 km""}, ""precipitacao_anual_mm"": {""n_estacoes"": 6, ""nearest_distance_km"": 34.83, ""max_distance_km"": 105.64, ""stations"": [""SAO JOSE DA COROA GRANDE"", ""PALMARES"", ""RECIFE"", ""ITAPISSUMA"", ""CARUARU"", ""SURUBIM""], ""method"": ""IDW p=2; até 6 estações; raio máximo 300 km""}}","{""organization"": ""INMET"", ""dataset"": ""Dados Históricos Anuais - estações automáticas"", ""version"": ""2026"", ""retrieved_at"": ""2026-10-01"", ""reference_url"": ""https://portal.inmet.gov.br/uploads/dadoshistoricos/2026.zip"", ""method"": ""agregação anual observada por estação + IDW municipal em EPSG:31985; p=2; 3-6 estações; raio <=300 km; controle mínimo de completude"", ""verified"": true}"
2614303,2026,26.40918673388505,338.5574183475521,"{""temperatura_media_c"": {""n_estacoes"": 3, ""nearest_distance_km"": 68.05, ""max_distance_km"": 287.63, ""stations"": [""SALGUEIRO"", ""CABROBO"", ""ARCO VERDE""], ""method"": ""IDW p=2; até 6 estações; raio máximo 300 km""}, ""precipitacao_anual_mm"": {""n_estacoes"": 5, ""nearest_distance_km"": 68.05, ""max_distance_km"": 287.63, ""stations"": [""SALGUEIRO"", ""SERRA TALHADA"", ""FLORESTA"", ""IBIMIRIM"", ""ARCO VERDE""], ""method"": ""IDW p=2; até 6 estações; raio máximo 300 km""}}","{""organization"": ""INMET"", ""dataset"": ""Dados Históricos Anuais - estações automáticas"", ""version"": ""2026"", ""retrieved_at"": ""2026-10-01"", ""reference_url"": ""https://portal.inmet.gov.br/uploads/dadoshistoricos/2026.zip"", ""method"": ""agregação anual observada por estação + IDW municipal em EPSG:31985; p=2; 3-6 estações; raio <=300 km; controle mínimo de completude"", ""verified"": true}"
2614402,2026,24.197793799431476,199.36745473670683,"{""temperatura_media_c"": {""n_estacoes"": 6, ""nearest_distance_km"": 114.85, ""max_distance_km"": 259.32, ""stations"": [""ARCO VERDE"", ""SALGUEIRO"", ""GARANHUNS"", ""SURUBIM"", ""CABROBO"", ""PALMARES""], ""method"": ""IDW p=2; até 6 estações; raio máximo 300 km""}, ""precipitacao_anual_mm"": {""n_estacoes"": 6, ""nearest_distance_km"": 82.18, ""max_distance_km"": 168.39, ""stations"": [""SERRA TALHADA"", ""IBIMIRIM"", ""ARCO VERDE"", ""FLORESTA"", ""SANTA CRUZ DO CAPIBARIBE"", ""SALGUEIRO""], ""method"": ""IDW p=2; até 6 estações; raio máximo 300 km""}}","{""organization"": ""INMET"", ""dataset"": ""Dados Históricos Anuais - estações automáticas"", ""version"": ""2026"", ""retrieved_at"": ""2026-10-01"", ""reference_url"": ""https://portal.inmet.gov.br/uploads/dadoshistoricos/2026.zip"", ""method"": ""agregação anual observada por estação + IDW municipal em EPSG:31985; p=2; 3-6 estações; raio <=300 km; controle mínimo de completude"", ""verified"": true}"
2614501,2026,24.162617753847883,414.1477606391223,"{""temperatura_media_c"": {""n_estacoes"": 4, ""nearest_distance_km"": 6.74, ""max_distance_km"": 155.6, ""stations"": [""SURUBIM"", ""PALMARES"", ""GARANHUNS"", ""ARCO VERDE""], ""method"": ""IDW p=2; até 6 estações; raio máximo 300 km""}, ""precipitacao_anual_mm"": {""n_estacoes"": 6, ""nearest_distance_km"": 6.74, ""max_distance_km"": 90.48, ""stations"": [""SURUBIM"", ""SANTA CRUZ DO CAPIBARIBE"", ""CARUARU"", ""ALIANCA"", ""PALMARES"", ""RECIFE""], ""method"": ""IDW p=2; até 6 estações; raio máximo 300 km""}}","{""organization"": ""INMET"", ""dataset"": ""Dados Históricos Anuais - estações automáticas"", ""version"": ""2026"", ""retrieved_at"": ""2026-10-01"", ""reference_url"": ""https://portal.inmet.gov.br/uploads/dadoshistoricos/2026.zip"", ""method"": ""agregação anual observada por estação + IDW municipal em EPSG:31985; p=2; 3-6 estações; raio <=300 km; controle mínimo de completude"", ""verified"": true}"
2614600,2026,24.02458745626785,227.0629165273852,"{""temperatura_media_c"": {""n_estacoes"": 6, ""nearest_distance_km"": 107.52, ""max_distance_km"": 246.26, ""stations"": [""ARCO VERDE"", ""SALGUEIRO"", ""GARANHUNS"", ""SURUBIM"", ""CABROBO"", ""PALMARES""], ""method"": ""IDW p=2; até 6 estações; raio máximo 300 km""}, ""precipitacao_anual_mm"": {""n_estacoes"": 6, ""nearest_distance_km"": 96.08, ""max_distance_km"": 183.2, ""stations"": [""SERRA TALHADA"", ""IBIMIRIM"", ""ARCO VERDE"", ""SANTA CRUZ DO CAPIBARIBE"", ""FLORESTA"", ""SALGUEIRO""], ""method"": ""IDW p=2; até 6 estações; raio máximo 300 km""}}","{""organization"": ""INMET"", ""dataset"": ""Dados Históricos Anuais - estações automáticas"", ""version"": ""2026"", ""retrieved_at"": ""2026-10-01"", ""reference_url"": ""https://portal.inmet.gov.br/uploads/dadoshistoricos/2026.zip"", ""method"": ""agregação anual observada por estação + IDW municipal em EPSG:31985; p=2; 3-6 estações; raio <=300 km; controle mínimo de completude"", ""verified"": true}"
2614709,2026,23.170649789954005,316.7750395171567,"{""temperatura_media_c"": {""n_estacoes"": 4, ""nearest_distance_km"": 67.01, ""max_distance_km"": 87.16, ""stations"": [""GARANHUNS"", ""SURUBIM"", ""PALMARES"", ""ARCO VERDE""], ""method"": ""IDW p=2; até 6 estações; raio máximo 300 km""}, ""precipitacao_anual_mm"": {""n_estacoes"": 6, ""nearest_distance_km"": 26.68, ""max_distance_km"": 136.7, ""stations"": [""CARUARU"", ""SANTA CRUZ DO CAPIBARIBE"", ""SURUBIM"", ""PALMARES"", ""ARCO VERDE"", ""SAO JOSE DA COROA GRANDE""], ""method"": ""IDW p=2; até 6 estações; raio máximo 300 km""}}","{""organization"": ""INMET"", ""dataset"": ""Dados Históricos Anuais - estações automáticas"", ""version"": ""2026"", ""retrieved_at"": ""2026-10-01"", ""reference_url"": ""https://portal.inmet.gov.br/uploads/dadoshistoricos/2026.zip"", ""method"": ""agregação anual observada por estação + IDW municipal em EPSG:31985; p=2; 3-6 estações; raio <=300 km; controle mínimo de completude"", ""verified"": true}"
2614808,2026,24.607679078126324,168.93775961422853,"{""temperatura_media_c"": {""n_estacoes"": 6, ""nearest_distance_km"": 126.72, ""max_distance_km"": 280.88, ""stations"": [""ARCO VERDE"", ""CABROBO"", ""SALGUEIRO"", ""GARANHUNS"", ""PALMARES"", ""SURUBIM""], ""method"": ""IDW p=2; até 6 estações; raio máximo 300 km""}, ""precipitacao_anual_mm"": {""n_estacoes"": 6, ""nearest_distance_km"": 63.92, ""max_distance_km"": 232.7, ""stations"": [""IBIMIRIM"", ""FLORESTA"", ""SERRA TALHADA"", ""ARCO VERDE"", ""SALGUEIRO"", ""SANTA CRUZ DO CAPIBARIBE""], ""method"": ""IDW p=2; até 6 estações; raio máximo 300 km""}}","{""organization"": ""INMET"", ""dataset"": ""Dados Históricos Anuais - estações automáticas"", ""version"": ""2026"", ""retrieved_at"": ""2026-10-01"", ""reference_url"": ""https://portal.inmet.gov.br/uploads/dadoshistoricos/2026.zip"", ""method"": ""agregação anual observada por estação + IDW municipal em EPSG:31985; p=2; 3-6 estações; raio <=300 km; controle mínimo de completude"", ""verified"": true}"
2614857,2026,24.330964446825845,214.4014846353906,"{""temperatura_media_c"": {""n_estacoes"": 4, ""nearest_distance_km"": 38.23, ""max_distance_km"": 204.12, ""stations"": [""PALMARES"", ""SURUBIM"", ""GARANHUNS"", ""ARCO VERDE""], ""method"": ""IDW p=2; até 6 estações; raio máximo 300 km""}, ""precipitacao_anual_mm"": {""n_estacoes"": 6, ""nearest_distance_km"": 17.69, ""max_distance_km"": 117.49, ""stations"": [""SAO JOSE DA COROA GRANDE"", ""PALMARES"", ""RECIFE"", ""CARUARU"", ""ITAPISSUMA"", ""SURUBIM""], ""method"": ""IDW p=2; até 6 estações; raio máximo 300 km""}}","{""organization"": ""INMET"", ""dataset"": ""Dados Históricos Anuais - estações automáticas"", ""version"": ""2026"", ""retrieved_at"": ""2026-10-01"", ""reference_url"": ""https://portal.inmet.gov.br/uploads/dadoshistoricos/2026.zip"", ""method"": ""agregação anual observada por estação + IDW municipal em EPSG:31985; p=2; 3-6 estações; raio <=300 km; controle mínimo de completude"", ""verified"": true}"
2615003,2026,23.943845200176188,97.42239390117535,"{""temperatura_media_c"": {""n_estacoes"": 4, ""nearest_distance_km"": 37.67, ""max_distance_km"": 122.07, ""stations"": [""SURUBIM"", ""PALMARES"", ""ARCO VERDE"", ""GARANHUNS""], ""method"": ""IDW p=2; até 6 estações; raio máximo 300 km""}, ""precipitacao_anual_mm"": {""n_estacoes"": 6, ""nearest_distance_km"": 13.86, ""max_distance_km"": 119.71, ""stations"": [""SANTA CRUZ DO CAPIBARIBE"", ""SURUBIM"", ""CARUARU"", ""ALIANCA"", ""PALMARES"", ""ARCO VERDE""], ""method"": ""IDW p=2; até 6 estações; raio máximo 300 km""}}","{""organization"": ""INMET"", ""dataset"": ""Dados Históricos Anuais - estações automáticas"", ""version"": ""2026"", ""retrieved_at"": ""2026-10-01"", ""reference_url"": ""https://portal.inmet.gov.br/uploads/dadoshistoricos/2026.zip"", ""method"": ""agregação anual observada por estação + IDW municipal em EPSG:31985; p=2; 3-6 estações; raio <=300 km; controle mínimo de completude"", ""verified"": true}"
2615102,2026,21.788887038918766,412.8918590095646,"{""temperatura_media_c"": {""n_estacoes"": 5, ""nearest_distance_km"": 23.88, ""max_distance_km"": 294.83, ""stations"": [""GARANHUNS"", ""ARCO VERDE"", ""PALMARES"", ""SURUBIM"", ""SALGUEIRO""], ""method"": ""IDW p=2; até 6 estações; raio máximo 300 km""}, ""precipitacao_anual_mm"": {""n_estacoes"": 6, ""nearest_distance_km"": 85.34, ""max_distance_km"": 164.02, ""stations"": [""ARCO VERDE"", ""CARUARU"", ""PALMARES"", ""SANTA CRUZ DO CAPIBARIBE"", ""IBIMIRIM"", ""SAO JOSE DA COROA GRANDE""], ""method"": ""IDW p=2; até 6 estações; raio máximo 300 km""}}","{""organization"": ""INMET"", ""dataset"": ""Dados Históricos Anuais - estações automáticas"", ""version"": ""2026"", ""retrieved_at"": ""2026-10-01"", ""reference_url"": ""https://portal.inmet.gov.br/uploads/dadoshistoricos/2026.zip"", ""method"": ""agregação anual observada por estação + IDW municipal em EPSG:31985; p=2; 3-6 estações; raio <=300 km; controle mínimo de completude"", ""verified"": true}"
2615201,2026,26.625719968456686,399.90673989507144,"{""temperatura_media_c"": {""n_estacoes"": 3, ""nearest_distance_km"": 35.19, ""max_distance_km"": 260.77, ""stations"": [""SALGUEIRO"", ""CABROBO"", ""ARCO VERDE""], ""method"": ""IDW p=2; até 6 estações; raio máximo 300 km""}, ""precipitacao_anual_mm"": {""n_estacoes"": 5, ""nearest_distance_km"": 35.19, ""max_distance_km"": 260.77, ""stations"": [""SALGUEIRO"", ""FLORESTA"", ""SERRA TALHADA"", ""IBIMIRIM"", ""ARCO VERDE""], ""method"": ""IDW p=2; até 6 estações; raio máximo 300 km""}}","{""organization"": ""INMET"", ""dataset"": ""Dados Históricos Anuais - estações automáticas"", ""version"": ""2026"", ""retrieved_at"": ""2026-10-01"", ""reference_url"": ""https://portal.inmet.gov.br/uploads/dadoshistoricos/2026.zip"", ""method"": ""agregação anual observada por estação + IDW municipal em EPSG:31985; p=2; 3-6 estações; raio <=300 km; controle mínimo de completude"", ""verified"": true}"
2615300,2026,24.00669283053996,153.32391022722823,"{""temperatura_media_c"": {""n_estacoes"": 4, ""nearest_distance_km"": 60.13, ""max_distance_km"": 213.78, ""stations"": [""SURUBIM"", ""PALMARES"", ""GARANHUNS"", ""ARCO VERDE""], ""method"": ""IDW p=2; até 6 estações; raio máximo 300 km""}, ""precipitacao_anual_mm"": {""n_estacoes"": 6, ""nearest_distance_km"": 14.35, ""max_distance_km"": 118.36, ""stations"": [""ALIANCA"", ""ITAPISSUMA"", ""SURUBIM"", ""RECIFE"", ""SANTA CRUZ DO CAPIBARIBE"", ""CARUARU""], ""method"": ""IDW p=2; até 6 estações; raio máximo 300 km""}}","{""organization"": ""INMET"", ""dataset"": ""Dados Históricos Anuais - estações automáticas"", ""version"": ""2026"", ""retrieved_at"": ""2026-10-01"", ""reference_url"": ""https://portal.inmet.gov.br/uploads/dadoshistoricos/2026.zip"", ""method"": ""agregação anual observada por estação + IDW municipal em EPSG:31985; p=2; 3-6 estações; raio <=300 km; controle mínimo de completude"", ""verified"": true}"
2615409,2026,23.967673808801596,176.62512600105947,"{""temperatura_media_c"": {""n_estacoes"": 4, ""nearest_distance_km"": 34.04, ""max_distance_km"": 120.38, ""stations"": [""SURUBIM"", ""PALMARES"", ""GARANHUNS"", ""ARCO VERDE""], ""method"": ""IDW p=2; até 6 estações; raio máximo 300 km""}, ""precipitacao_anual_mm"": {""n_estacoes"": 6, ""nearest_distance_km"": 19.52, ""max_distance_km"": 120.38, ""stations"": [""SANTA CRUZ DO CAPIBARIBE"", ""SURUBIM"", ""CARUARU"", ""PALMARES"", ""ALIANCA"", ""ARCO VERDE""], ""method"": ""IDW p=2; até 6 estações; raio máximo 300 km""}}","{""organization"": ""INMET"", ""dataset"": ""Dados Históricos Anuais - estações automáticas"", ""version"": ""2026"", ""retrieved_at"": ""2026-10-01"", ""reference_url"": ""https://portal.inmet.gov.br/uploads/dadoshistoricos/2026.zip"", ""method"": ""agregação anual observada por estação + IDW municipal em EPSG:31985; p=2; 3-6 estações; raio <=300 km; controle mínimo de completude"", ""verified"": true}"
2615508,2026,24.00545288698597,244.62635704485612,"{""temperatura_media_c"": {""n_estacoes"": 4, ""nearest_distance_km"": 70.03, ""max_distance_km"": 221.94, ""stations"": [""SURUBIM"", ""PALMARES"", ""GARANHUNS"", ""ARCO VERDE""], ""method"": ""IDW p=2; até 6 estações; raio máximo 300 km""}, ""precipitacao_anual_mm"": {""n_estacoes"": 6, ""nearest_distance_km"": 18.57, ""max_distance_km"": 116.2, ""stations"": [""ALIANCA"", ""ITAPISSUMA"", ""RECIFE"", ""SURUBIM"", ""PALMARES"", ""CARUARU""], ""method"": ""IDW p=2; até 6 estações; raio máximo 300 km""}}","{""organization"": ""INMET"", ""dataset"": ""Dados Históricos Anuais - estações automáticas"", ""version"": ""2026"", ""retrieved_at"": ""2026-10-01"", ""reference_url"": ""https://portal.inmet.gov.br/uploads/dadoshistoricos/2026.zip"", ""method"": ""agregação anual observada por estação + IDW municipal em EPSG:31985; p=2; 3-6 estações; raio <=300 km; controle mínimo de completude"", ""verified"": true}"
2615607,2026,,259.8958149119084,"{""temperatura_media_c"": {""n_estacoes"": 2, ""max_distance_km"": null, ""method"": ""unavailable""}, ""precipitacao_anual_mm"": {""n_estacoes"": 4, ""nearest_distance_km"": 138.03, ""max_distance_km"": 299.07, ""stations"": [""SALGUEIRO"", ""FLORESTA"", ""SERRA TALHADA"", ""IBIMIRIM""], ""method"": ""IDW p=2; até 6 estações; raio máximo 300 km""}}","{""organization"": ""INMET"", ""dataset"": ""Dados Históricos Anuais - estações automáticas"", ""version"": ""2026"", ""retrieved_at"": ""2026-10-01"", ""reference_url"": ""https://portal.inmet.gov.br/uploads/dadoshistoricos/2026.zip"", ""method"": ""agregação anual observada por estação + IDW municipal em EPSG:31985; p=2; 3-6 estações; raio <=300 km; controle mínimo de completude"", ""verified"": true}"
2615706,2026,24.899672131940964,62.31506910448536,"{""temperatura_media_c"": {""n_estacoes"": 6, ""nearest_distance_km"": 116.32, ""max_distance_km"": 290.26, ""stations"": [""SALGUEIRO"", ""ARCO VERDE"", ""CABROBO"", ""GARANHUNS"", ""SURUBIM"", ""PALMARES""], ""method"": ""IDW p=2; até 6 estações; raio máximo 300 km""}, ""precipitacao_anual_mm"": {""n_estacoes"": 6, ""nearest_distance_km"": 27.8, ""max_distance_km"": 203.75, ""stations"": [""SERRA TALHADA"", ""IBIMIRIM"", ""FLORESTA"", ""SALGUEIRO"", ""ARCO VERDE"", ""SANTA CRUZ DO CAPIBARIBE""], ""method"": ""IDW p=2; até 6 estações; raio máximo 300 km""}}","{""organization"": ""INMET"", ""dataset"": ""Dados Históricos Anuais - estações automáticas"", ""version"": ""2026"", ""retrieved_at"": ""2026-10-01"", ""reference_url"": ""https://portal.inmet.gov.br/uploads/dadoshistoricos/2026.zip"", ""method"": ""agregação anual observada por estação + IDW municipal em EPSG:31985; p=2; 3-6 estações; raio <=300 km; controle mínimo de completude"", ""verified"": true}"
2615805,2026,23.22530484911069,438.16087148921895,"{""temperatura_media_c"": {""n_estacoes"": 6, ""nearest_distance_km"": 37.2, ""max_distance_km"": 225.76, ""stations"": [""ARCO VERDE"", ""GARANHUNS"", ""PALMARES"", ""SURUBIM"", ""SALGUEIRO"", ""CABROBO""], ""method"": ""IDW p=2; até 6 estações; raio máximo 300 km""}, ""precipitacao_anual_mm"": {""n_estacoes"": 6, ""nearest_distance_km"": 37.2, ""max_distance_km"": 144.28, ""stations"": [""ARCO VERDE"", ""IBIMIRIM"", ""SERRA TALHADA"", ""SANTA CRUZ DO CAPIBARIBE"", ""CARUARU"", ""FLORESTA""], ""method"": ""IDW p=2; até 6 estações; raio máximo 300 km""}}","{""organization"": ""INMET"", ""dataset"": ""Dados Históricos Anuais - estações automáticas"", ""version"": ""2026"", ""retrieved_at"": ""2026-10-01"", ""reference_url"": ""https://portal.inmet.gov.br/uploads/dadoshistoricos/2026.zip"", ""method"": ""agregação anual observada por estação + IDW municipal em EPSG:31985; p=2; 3-6 estações; raio <=300 km; controle mínimo de completude"", ""verified"": true}"
2615904,2026,23.716503505095144,309.59388400430106,"{""temperatura_media_c"": {""n_estacoes"": 6, ""nearest_distance_km"": 85.95, ""max_distance_km"": 244.5, ""stations"": [""ARCO VERDE"", ""GARANHUNS"", ""SURUBIM"", ""SALGUEIRO"", ""PALMARES"", ""CABROBO""], ""method"": ""IDW p=2; até 6 estações; raio máximo 300 km""}, ""precipitacao_anual_mm"": {""n_estacoes"": 6, ""nearest_distance_km"": 85.95, ""max_distance_km"": 163.66, ""stations"": [""ARCO VERDE"", ""IBIMIRIM"", ""SERRA TALHADA"", ""SANTA CRUZ DO CAPIBARIBE"", ""CARUARU"", ""SURUBIM""], ""method"": ""IDW p=2; até 6 estações; raio máximo 300 km""}}","{""organization"": ""INMET"", ""dataset"": ""Dados Históricos Anuais - estações automáticas"", ""version"": ""2026"", ""retrieved_at"": ""2026-10-01"", ""reference_url"": ""https://portal.inmet.gov.br/uploads/dadoshistoricos/2026.zip"", ""method"": ""agregação anual observada por estação + IDW municipal em EPSG:31985; p=2; 3-6 estações; raio <=300 km; controle mínimo de completude"", ""verified"": true}"
2616001,2026,22.84374096530243,535.1118430396917,"{""temperatura_media_c"": {""n_estacoes"": 6, ""nearest_distance_km"": 34.14, ""max_distance_km"": 277.56, ""stations"": [""ARCO VERDE"", ""GARANHUNS"", ""PALMARES"", ""SURUBIM"", ""SALGUEIRO"", ""CABROBO""], ""method"": ""IDW p=2; até 6 estações; raio máximo 300 km""}, ""precipitacao_anual_mm"": {""n_estacoes"": 6, ""nearest_distance_km"": 34.14, ""max_distance_km"": 140.91, ""stations"": [""ARCO VERDE"", ""CARUARU"", ""SANTA CRUZ DO CAPIBARIBE"", ""IBIMIRIM"", ""PALMARES"", ""SURUBIM""], ""method"": ""IDW p=2; até 6 estações; raio máximo 300 km""}}","{""organization"": ""INMET"", ""dataset"": ""Dados Históricos Anuais - estações automáticas"", ""version"": ""2026"", ""retrieved_at"": ""2026-10-01"", ""reference_url"": ""https://portal.inmet.gov.br/uploads/dadoshistoricos/2026.zip"", ""method"": ""agregação anual observada por estação + IDW municipal em EPSG:31985; p=2; 3-6 estações; raio <=300 km; controle mínimo de completude"", ""verified"": true}"
2616100,2026,26.243584595459446,448.0882929077292,"{""temperatura_media_c"": {""n_estacoes"": 4, ""nearest_distance_km"": 14.97, ""max_distance_km"": 294.54, ""stations"": [""SALGUEIRO"", ""CABROBO"", ""ARCO VERDE"", ""GARANHUNS""], ""method"": ""IDW p=2; até 6 estações; raio máximo 300 km""}, ""precipitacao_anual_mm"": {""n_estacoes"": 5, ""nearest_distance_km"": 14.97, ""max_distance_km"": 219.74, ""stations"": [""SALGUEIRO"", ""SERRA TALHADA"", ""FLORESTA"", ""IBIMIRIM"", ""ARCO VERDE""], ""method"": ""IDW p=2; até 6 estações; raio máximo 300 km""}}","{""organization"": ""INMET"", ""dataset"": ""Dados Históricos Anuais - estações automáticas"", ""version"": ""2026"", ""retrieved_at"": ""2026-10-01"", ""reference_url"": ""https://portal.inmet.gov.br/uploads/dadoshistoricos/2026.zip"", ""method"": ""agregação anual observada por estação + IDW municipal em EPSG:31985; p=2; 3-6 estações; raio <=300 km; controle mínimo de completude"", ""verified"": true}"
2616183,2026,24.160860939365808,407.6095132887733,"{""temperatura_media_c"": {""n_estacoes"": 4, ""nearest_distance_km"": 7.7, ""max_distance_km"": 154.95, ""stations"": [""SURUBIM"", ""PALMARES"", ""GARANHUNS"", ""ARCO VERDE""], ""method"": ""IDW p=2; até 6 estações; raio máximo 300 km""}, ""precipitacao_anual_mm"": {""n_estacoes"": 6, ""nearest_distance_km"": 7.7, ""max_distance_km"": 100.99, ""stations"": [""SURUBIM"", ""SANTA CRUZ DO CAPIBARIBE"", ""ALIANCA"", ""CARUARU"", ""RECIFE"", ""ITAPISSUMA""], ""method"": ""IDW p=2; até 6 estações; raio máximo 300 km""}}","{""organization"": ""INMET"", ""dataset"": ""Dados Históricos Anuais - estações automáticas"", ""version"": ""2026"", ""retrieved_at"": ""2026-10-01"", ""reference_url"": ""https://portal.inmet.gov.br/uploads/dadoshistoricos/2026.zip"", ""method"": ""agregação anual observada por estação + IDW municipal em EPSG:31985; p=2; 3-6 estações; raio <=300 km; controle mínimo de completude"", ""verified"": true}"
2616209,2026,24.09252417694575,291.2368881101572,"{""temperatura_media_c"": {""n_estacoes"": 4, ""nearest_distance_km"": 21.84, ""max_distance_km"": 132.87, ""stations"": [""SURUBIM"", ""PALMARES"", ""GARANHUNS"", ""ARCO VERDE""], ""method"": ""IDW p=2; até 6 estações; raio máximo 300 km""}, ""precipitacao_anual_mm"": {""n_estacoes"": 6, ""nearest_distance_km"": 21.84, ""max_distance_km"": 115.4, ""stations"": [""SURUBIM"", ""SANTA CRUZ DO CAPIBARIBE"", ""CARUARU"", ""ALIANCA"", ""PALMARES"", ""RECIFE""], ""method"": ""IDW p=2; até 6 estações; raio máximo 300 km""}}","{""organization"": ""INMET"", ""dataset"": ""Dados Históricos Anuais - estações automáticas"", ""version"": ""2026"", ""retrieved_at"": ""2026-10-01"", ""reference_url"": ""https://portal.inmet.gov.br/uploads/dadoshistoricos/2026.zip"", ""method"": ""agregação anual observada por estação + IDW municipal em EPSG:31985; p=2; 3-6 estações; raio <=300 km; controle mínimo de completude"", ""verified"": true}"
2616308,2026,24.03699533502061,166.3386644505974,"{""temperatura_media_c"": {""n_estacoes"": 4, ""nearest_distance_km"": 51.91, ""max_distance_km"": 206.1, ""stations"": [""SURUBIM"", ""PALMARES"", ""GARANHUNS"", ""ARCO VERDE""], ""method"": ""IDW p=2; até 6 estações; raio máximo 300 km""}, ""precipitacao_anual_mm"": {""n_estacoes"": 6, ""nearest_distance_km"": 14.57, ""max_distance_km"": 106.89, ""stations"": [""ALIANCA"", ""SURUBIM"", ""ITAPISSUMA"", ""RECIFE"", ""SANTA CRUZ DO CAPIBARIBE"", ""CARUARU""], ""method"": ""IDW p=2; até 6 estações; raio máximo 300 km""}}","{""organization"": ""INMET"", ""dataset"": ""Dados Históricos Anuais - estações automáticas"", ""version"": ""2026"", ""retrieved_at"": ""2026-10-01"", ""reference_url"": ""https://portal.inmet.gov.br/uploads/dadoshistoricos/2026.zip"", ""method"": ""agregação anual observada por estação + IDW municipal em EPSG:31985; p=2; 3-6 estações; raio <=300 km; controle mínimo de completude"", ""verified"": true}"
2616407,2026,24.111663284762287,475.4157362947748,"{""temperatura_media_c"": {""n_estacoes"": 4, ""nearest_distance_km"": 64.98, ""max_distance_km"": 197.5, ""stations"": [""PALMARES"", ""SURUBIM"", ""GARANHUNS"", ""ARCO VERDE""], ""method"": ""IDW p=2; até 6 estações; raio máximo 300 km""}, ""precipitacao_anual_mm"": {""n_estacoes"": 6, ""nearest_distance_km"": 40.55, ""max_distance_km"": 82.78, ""stations"": [""RECIFE"", ""ITAPISSUMA"", ""ALIANCA"", ""PALMARES"", ""SURUBIM"", ""SAO JOSE DA COROA GRANDE""], ""method"": ""IDW p=2; até 6 estações; raio máximo 300 km""}}","{""organization"": ""INMET"", ""dataset"": ""Dados Históricos Anuais - estações automáticas"", ""version"": ""2026"", ""retrieved_at"": ""2026-10-01"", ""reference_url"": ""https://portal.inmet.gov.br/uploads/dadoshistoricos/2026.zip"", ""method"": ""agregação anual observada por estação + IDW municipal em EPSG:31985; p=2; 3-6 estações; raio <=300 km; controle mínimo de completude"", ""verified"": true}"
2616506,2026,24.419010862521983,591.1167022381572,"{""temperatura_media_c"": {""n_estacoes"": 4, ""nearest_distance_km"": 20.98, ""max_distance_km"": 160.85, ""stations"": [""PALMARES"", ""GARANHUNS"", ""SURUBIM"", ""ARCO VERDE""], ""method"": ""IDW p=2; até 6 estações; raio máximo 300 km""}, ""precipitacao_anual_mm"": {""n_estacoes"": 6, ""nearest_distance_km"": 20.98, ""max_distance_km"": 119.5, ""stations"": [""PALMARES"", ""SAO JOSE DA COROA GRANDE"", ""CARUARU"", ""SURUBIM"", ""SANTA CRUZ DO CAPIBARIBE"", ""RECIFE""], ""method"": ""IDW p=2; até 6 estações; raio máximo 300 km""}}","{""organization"": ""INMET"", ""dataset"": ""Dados Históricos Anuais - estações automáticas"", ""version"": ""2026"", ""retrieved_at"": ""2026-10-01"", ""reference_url"": ""https://portal.inmet.gov.br/uploads/dadoshistoricos/2026.zip"", ""method"": ""agregação anual observada por estação + IDW municipal em EPSG:31985; p=2; 3-6 estações; raio <=300 km; controle mínimo de completude"", ""verified"": true}"
