municipio_ibge,ano,temperatura_media_c,precipitacao_anual_mm,climate_diagnostics,climate_provenance
2600054,2012,-69.50415364178214,-1586758.064228144,"{""temperatura_media_c"": {""n_estacoes"": 6, ""nearest_distance_km"": 20.92, ""max_distance_km"": 235.36, ""stations"": [""RECIFE"", ""SURUBIM"", ""PALMARES"", ""CARUARU"", ""GARANHUNS"", ""ARCO VERDE""], ""method"": ""IDW p=2; até 6 estações; raio máximo 300 km""}, ""precipitacao_anual_mm"": {""n_estacoes"": 6, ""nearest_distance_km"": 20.92, ""max_distance_km"": 235.36, ""stations"": [""RECIFE"", ""SURUBIM"", ""PALMARES"", ""CARUARU"", ""GARANHUNS"", ""ARCO VERDE""], ""method"": ""IDW p=2; até 6 estações; raio máximo 300 km""}}","{""organization"": ""INMET"", ""dataset"": ""Dados Históricos Anuais - estações automáticas"", ""version"": ""2012"", ""retrieved_at"": ""2026-10-01"", ""reference_url"": ""https://portal.inmet.gov.br/uploads/dadoshistoricos/2012.zip"", ""method"": ""agregação anual observada por estação + IDW municipal em EPSG:31985; p=2; 3-6 estações; raio <=300 km; controle mínimo de completude"", ""verified"": true}"
2600104,2012,-33.090131090813536,-512530.5162807308,"{""temperatura_media_c"": {""n_estacoes"": 6, ""nearest_distance_km"": 78.43, ""max_distance_km"": 188.77, ""stations"": [""SERRA TALHADA"", ""IBIMIRIM"", ""ARCO VERDE"", ""FLORESTA"", ""GARANHUNS"", ""CARUARU""], ""method"": ""IDW p=2; até 6 estações; raio máximo 300 km""}, ""precipitacao_anual_mm"": {""n_estacoes"": 6, ""nearest_distance_km"": 78.43, ""max_distance_km"": 188.77, ""stations"": [""SERRA TALHADA"", ""IBIMIRIM"", ""ARCO VERDE"", ""FLORESTA"", ""GARANHUNS"", ""CARUARU""], ""method"": ""IDW p=2; até 6 estações; raio máximo 300 km""}}","{""organization"": ""INMET"", ""dataset"": ""Dados Históricos Anuais - estações automáticas"", ""version"": ""2012"", ""retrieved_at"": ""2026-10-01"", ""reference_url"": ""https://portal.inmet.gov.br/uploads/dadoshistoricos/2012.zip"", ""method"": ""agregação anual observada por estação + IDW municipal em EPSG:31985; p=2; 3-6 estações; raio <=300 km; controle mínimo de completude"", ""verified"": true}"
2600203,2012,0.2798707643717649,-240687.23638969826,"{""temperatura_media_c"": {""n_estacoes"": 4, ""nearest_distance_km"": 103.13, ""max_distance_km"": 268.33, ""stations"": [""PETROLINA"", ""OURICURI"", ""CABROBO"", ""FLORESTA""], ""method"": ""IDW p=2; até 6 estações; raio máximo 300 km""}, ""precipitacao_anual_mm"": {""n_estacoes"": 4, ""nearest_distance_km"": 103.13, ""max_distance_km"": 268.33, ""stations"": [""PETROLINA"", ""OURICURI"", ""CABROBO"", ""FLORESTA""], ""method"": ""IDW p=2; até 6 estações; raio máximo 300 km""}}","{""organization"": ""INMET"", ""dataset"": ""Dados Históricos Anuais - estações automáticas"", ""version"": ""2012"", ""retrieved_at"": ""2026-10-01"", ""reference_url"": ""https://portal.inmet.gov.br/uploads/dadoshistoricos/2012.zip"", ""method"": ""agregação anual observada por estação + IDW municipal em EPSG:31985; p=2; 3-6 estações; raio <=300 km; controle mínimo de completude"", ""verified"": true}"
2600302,2012,15.796445774163583,-1223520.2231070201,"{""temperatura_media_c"": {""n_estacoes"": 6, ""nearest_distance_km"": 24.82, ""max_distance_km"": 125.59, ""stations"": [""CARUARU"", ""PALMARES"", ""SURUBIM"", ""GARANHUNS"", ""RECIFE"", ""ARCO VERDE""], ""method"": ""IDW p=2; até 6 estações; raio máximo 300 km""}, ""precipitacao_anual_mm"": {""n_estacoes"": 6, ""nearest_distance_km"": 24.82, ""max_distance_km"": 125.59, ""stations"": [""CARUARU"", ""PALMARES"", ""SURUBIM"", ""GARANHUNS"", ""RECIFE"", ""ARCO VERDE""], ""method"": ""IDW p=2; até 6 estações; raio máximo 300 km""}}","{""organization"": ""INMET"", ""dataset"": ""Dados Históricos Anuais - estações automáticas"", ""version"": ""2012"", ""retrieved_at"": ""2026-10-01"", ""reference_url"": ""https://portal.inmet.gov.br/uploads/dadoshistoricos/2012.zip"", ""method"": ""agregação anual observada por estação + IDW municipal em EPSG:31985; p=2; 3-6 estações; raio <=300 km; controle mínimo de completude"", ""verified"": true}"
2600401,2012,19.420381386949334,-263675.8335823852,"{""temperatura_media_c"": {""n_estacoes"": 6, ""nearest_distance_km"": 11.75, ""max_distance_km"": 179.87, ""stations"": [""PALMARES"", ""CARUARU"", ""RECIFE"", ""SURUBIM"", ""GARANHUNS"", ""ARCO VERDE""], ""method"": ""IDW p=2; até 6 estações; raio máximo 300 km""}, ""precipitacao_anual_mm"": {""n_estacoes"": 6, ""nearest_distance_km"": 11.75, ""max_distance_km"": 179.87, ""stations"": [""PALMARES"", ""CARUARU"", ""RECIFE"", ""SURUBIM"", ""GARANHUNS"", ""ARCO VERDE""], ""method"": ""IDW p=2; até 6 estações; raio máximo 300 km""}}","{""organization"": ""INMET"", ""dataset"": ""Dados Históricos Anuais - estações automáticas"", ""version"": ""2012"", ""retrieved_at"": ""2026-10-01"", ""reference_url"": ""https://portal.inmet.gov.br/uploads/dadoshistoricos/2012.zip"", ""method"": ""agregação anual observada por estação + IDW municipal em EPSG:31985; p=2; 3-6 estações; raio <=300 km; controle mínimo de completude"", ""verified"": true}"
2600500,2012,-12.2986772983278,-321616.4756640819,"{""temperatura_media_c"": {""n_estacoes"": 6, ""nearest_distance_km"": 63.15, ""max_distance_km"": 179.09, ""stations"": [""GARANHUNS"", ""ARCO VERDE"", ""IBIMIRIM"", ""CARUARU"", ""PALMARES"", ""FLORESTA""], ""method"": ""IDW p=2; até 6 estações; raio máximo 300 km""}, ""precipitacao_anual_mm"": {""n_estacoes"": 6, ""nearest_distance_km"": 63.15, ""max_distance_km"": 179.09, ""stations"": [""GARANHUNS"", ""ARCO VERDE"", ""IBIMIRIM"", ""CARUARU"", ""PALMARES"", ""FLORESTA""], ""method"": ""IDW p=2; até 6 estações; raio máximo 300 km""}}","{""organization"": ""INMET"", ""dataset"": ""Dados Históricos Anuais - estações automáticas"", ""version"": ""2012"", ""retrieved_at"": ""2026-10-01"", ""reference_url"": ""https://portal.inmet.gov.br/uploads/dadoshistoricos/2012.zip"", ""method"": ""agregação anual observada por estação + IDW municipal em EPSG:31985; p=2; 3-6 estações; raio <=300 km; controle mínimo de completude"", ""verified"": true}"
2600609,2012,10.829263051350347,-750169.7582446241,"{""temperatura_media_c"": {""n_estacoes"": 6, ""nearest_distance_km"": 37.17, ""max_distance_km"": 132.24, ""stations"": [""ARCO VERDE"", ""GARANHUNS"", ""CARUARU"", ""IBIMIRIM"", ""SURUBIM"", ""PALMARES""], ""method"": ""IDW p=2; até 6 estações; raio máximo 300 km""}, ""precipitacao_anual_mm"": {""n_estacoes"": 6, ""nearest_distance_km"": 37.17, ""max_distance_km"": 132.24, ""stations"": [""ARCO VERDE"", ""GARANHUNS"", ""CARUARU"", ""IBIMIRIM"", ""SURUBIM"", ""PALMARES""], ""method"": ""IDW p=2; até 6 estações; raio máximo 300 km""}}","{""organization"": ""INMET"", ""dataset"": ""Dados Históricos Anuais - estações automáticas"", ""version"": ""2012"", ""retrieved_at"": ""2026-10-01"", ""reference_url"": ""https://portal.inmet.gov.br/uploads/dadoshistoricos/2012.zip"", ""method"": ""agregação anual observada por estação + IDW municipal em EPSG:31985; p=2; 3-6 estações; raio <=300 km; controle mínimo de completude"", ""verified"": true}"
2600708,2012,-26.88140865913991,-4589087.253256188,"{""temperatura_media_c"": {""n_estacoes"": 6, ""nearest_distance_km"": 56.7, ""max_distance_km"": 227.27, ""stations"": [""RECIFE"", ""SURUBIM"", ""CARUARU"", ""PALMARES"", ""GARANHUNS"", ""ARCO VERDE""], ""method"": ""IDW p=2; até 6 estações; raio máximo 300 km""}, ""precipitacao_anual_mm"": {""n_estacoes"": 6, ""nearest_distance_km"": 56.7, ""max_distance_km"": 227.27, ""stations"": [""RECIFE"", ""SURUBIM"", ""CARUARU"", ""PALMARES"", ""GARANHUNS"", ""ARCO VERDE""], ""method"": ""IDW p=2; até 6 estações; raio máximo 300 km""}}","{""organization"": ""INMET"", ""dataset"": ""Dados Históricos Anuais - estações automáticas"", ""version"": ""2012"", ""retrieved_at"": ""2026-10-01"", ""reference_url"": ""https://portal.inmet.gov.br/uploads/dadoshistoricos/2012.zip"", ""method"": ""agregação anual observada por estação + IDW municipal em EPSG:31985; p=2; 3-6 estações; raio <=300 km; controle mínimo de completude"", ""verified"": true}"
2600807,2012,15.32992332395128,-1316663.4870519573,"{""temperatura_media_c"": {""n_estacoes"": 6, ""nearest_distance_km"": 30.8, ""max_distance_km"": 134.38, ""stations"": [""CARUARU"", ""PALMARES"", ""GARANHUNS"", ""SURUBIM"", ""ARCO VERDE"", ""RECIFE""], ""method"": ""IDW p=2; até 6 estações; raio máximo 300 km""}, ""precipitacao_anual_mm"": {""n_estacoes"": 6, ""nearest_distance_km"": 30.8, ""max_distance_km"": 134.38, ""stations"": [""CARUARU"", ""PALMARES"", ""GARANHUNS"", ""SURUBIM"", ""ARCO VERDE"", ""RECIFE""], ""method"": ""IDW p=2; até 6 estações; raio máximo 300 km""}}","{""organization"": ""INMET"", ""dataset"": ""Dados Históricos Anuais - estações automáticas"", ""version"": ""2012"", ""retrieved_at"": ""2026-10-01"", ""reference_url"": ""https://portal.inmet.gov.br/uploads/dadoshistoricos/2012.zip"", ""method"": ""agregação anual observada por estação + IDW municipal em EPSG:31985; p=2; 3-6 estações; raio <=300 km; controle mínimo de completude"", ""verified"": true}"
2600906,2012,5.045917977656968,-2082660.0785366164,"{""temperatura_media_c"": {""n_estacoes"": 6, ""nearest_distance_km"": 35.17, ""max_distance_km"": 178.47, ""stations"": [""PALMARES"", ""CARUARU"", ""RECIFE"", ""SURUBIM"", ""GARANHUNS"", ""ARCO VERDE""], ""method"": ""IDW p=2; até 6 estações; raio máximo 300 km""}, ""precipitacao_anual_mm"": {""n_estacoes"": 6, ""nearest_distance_km"": 35.17, ""max_distance_km"": 178.47, ""stations"": [""PALMARES"", ""CARUARU"", ""RECIFE"", ""SURUBIM"", ""GARANHUNS"", ""ARCO VERDE""], ""method"": ""IDW p=2; até 6 estações; raio máximo 300 km""}}","{""organization"": ""INMET"", ""dataset"": ""Dados Históricos Anuais - estações automáticas"", ""version"": ""2012"", ""retrieved_at"": ""2026-10-01"", ""reference_url"": ""https://portal.inmet.gov.br/uploads/dadoshistoricos/2012.zip"", ""method"": ""agregação anual observada por estação + IDW municipal em EPSG:31985; p=2; 3-6 estações; raio <=300 km; controle mínimo de completude"", ""verified"": true}"
2601003,2012,14.580532476209548,-481478.1112508707,"{""temperatura_media_c"": {""n_estacoes"": 6, ""nearest_distance_km"": 24.07, ""max_distance_km"": 163.77, ""stations"": [""GARANHUNS"", ""CARUARU"", ""PALMARES"", ""ARCO VERDE"", ""SURUBIM"", ""IBIMIRIM""], ""method"": ""IDW p=2; até 6 estações; raio máximo 300 km""}, ""precipitacao_anual_mm"": {""n_estacoes"": 6, ""nearest_distance_km"": 24.07, ""max_distance_km"": 163.77, ""stations"": [""GARANHUNS"", ""CARUARU"", ""PALMARES"", ""ARCO VERDE"", ""SURUBIM"", ""IBIMIRIM""], ""method"": ""IDW p=2; até 6 estações; raio máximo 300 km""}}","{""organization"": ""INMET"", ""dataset"": ""Dados Históricos Anuais - estações automáticas"", ""version"": ""2012"", ""retrieved_at"": ""2026-10-01"", ""reference_url"": ""https://portal.inmet.gov.br/uploads/dadoshistoricos/2012.zip"", ""method"": ""agregação anual observada por estação + IDW municipal em EPSG:31985; p=2; 3-6 estações; raio <=300 km; controle mínimo de completude"", ""verified"": true}"
2601052,2012,-55.18310447532265,-2439382.063999409,"{""temperatura_media_c"": {""n_estacoes"": 6, ""nearest_distance_km"": 32.11, ""max_distance_km"": 231.98, ""stations"": [""RECIFE"", ""SURUBIM"", ""PALMARES"", ""CARUARU"", ""GARANHUNS"", ""ARCO VERDE""], ""method"": ""IDW p=2; até 6 estações; raio máximo 300 km""}, ""precipitacao_anual_mm"": {""n_estacoes"": 6, ""nearest_distance_km"": 32.11, ""max_distance_km"": 231.98, ""stations"": [""RECIFE"", ""SURUBIM"", ""PALMARES"", ""CARUARU"", ""GARANHUNS"", ""ARCO VERDE""], ""method"": ""IDW p=2; até 6 estações; raio máximo 300 km""}}","{""organization"": ""INMET"", ""dataset"": ""Dados Históricos Anuais - estações automáticas"", ""version"": ""2012"", ""retrieved_at"": ""2026-10-01"", ""reference_url"": ""https://portal.inmet.gov.br/uploads/dadoshistoricos/2012.zip"", ""method"": ""agregação anual observada por estação + IDW municipal em EPSG:31985; p=2; 3-6 estações; raio <=300 km; controle mínimo de completude"", ""verified"": true}"
2601102,2012,10.81142179925513,-140697.41013337544,"{""temperatura_media_c"": {""n_estacoes"": 5, ""nearest_distance_km"": 52.64, ""max_distance_km"": 246.01, ""stations"": [""OURICURI"", ""CABROBO"", ""PETROLINA"", ""FLORESTA"", ""SERRA TALHADA""], ""method"": ""IDW p=2; até 6 estações; raio máximo 300 km""}, ""precipitacao_anual_mm"": {""n_estacoes"": 5, ""nearest_distance_km"": 52.64, ""max_distance_km"": 246.01, ""stations"": [""OURICURI"", ""CABROBO"", ""PETROLINA"", ""FLORESTA"", ""SERRA TALHADA""], ""method"": ""IDW p=2; até 6 estações; raio máximo 300 km""}}","{""organization"": ""INMET"", ""dataset"": ""Dados Históricos Anuais - estações automáticas"", ""version"": ""2012"", ""retrieved_at"": ""2026-10-01"", ""reference_url"": ""https://portal.inmet.gov.br/uploads/dadoshistoricos/2012.zip"", ""method"": ""agregação anual observada por estação + IDW municipal em EPSG:31985; p=2; 3-6 estações; raio <=300 km; controle mínimo de completude"", ""verified"": true}"
2601201,2012,15.793649895789796,-120514.25807173265,"{""temperatura_media_c"": {""n_estacoes"": 6, ""nearest_distance_km"": 8.81, ""max_distance_km"": 149.79, ""stations"": [""ARCO VERDE"", ""IBIMIRIM"", ""GARANHUNS"", ""CARUARU"", ""SURUBIM"", ""SERRA TALHADA""], ""method"": ""IDW p=2; até 6 estações; raio máximo 300 km""}, ""precipitacao_anual_mm"": {""n_estacoes"": 6, ""nearest_distance_km"": 8.81, ""max_distance_km"": 149.79, ""stations"": [""ARCO VERDE"", ""IBIMIRIM"", ""GARANHUNS"", ""CARUARU"", ""SURUBIM"", ""SERRA TALHADA""], ""method"": ""IDW p=2; até 6 estações; raio máximo 300 km""}}","{""organization"": ""INMET"", ""dataset"": ""Dados Históricos Anuais - estações automáticas"", ""version"": ""2012"", ""retrieved_at"": ""2026-10-01"", ""reference_url"": ""https://portal.inmet.gov.br/uploads/dadoshistoricos/2012.zip"", ""method"": ""agregação anual observada por estação + IDW municipal em EPSG:31985; p=2; 3-6 estações; raio <=300 km; controle mínimo de completude"", ""verified"": true}"
2601300,2012,13.339857455874734,-1596045.0973563574,"{""temperatura_media_c"": {""n_estacoes"": 6, ""nearest_distance_km"": 28.55, ""max_distance_km"": 160.04, ""stations"": [""PALMARES"", ""CARUARU"", ""SURUBIM"", ""RECIFE"", ""GARANHUNS"", ""ARCO VERDE""], ""method"": ""IDW p=2; até 6 estações; raio máximo 300 km""}, ""precipitacao_anual_mm"": {""n_estacoes"": 6, ""nearest_distance_km"": 28.55, ""max_distance_km"": 160.04, ""stations"": [""PALMARES"", ""CARUARU"", ""SURUBIM"", ""RECIFE"", ""GARANHUNS"", ""ARCO VERDE""], ""method"": ""IDW p=2; até 6 estações; raio máximo 300 km""}}","{""organization"": ""INMET"", ""dataset"": ""Dados Históricos Anuais - estações automáticas"", ""version"": ""2012"", ""retrieved_at"": ""2026-10-01"", ""reference_url"": ""https://portal.inmet.gov.br/uploads/dadoshistoricos/2012.zip"", ""method"": ""agregação anual observada por estação + IDW municipal em EPSG:31985; p=2; 3-6 estações; raio <=300 km; controle mínimo de completude"", ""verified"": true}"
2601409,2012,8.18361716808763,-1084239.833301875,"{""temperatura_media_c"": {""n_estacoes"": 6, ""nearest_distance_km"": 38.08, ""max_distance_km"": 205.98, ""stations"": [""PALMARES"", ""RECIFE"", ""CARUARU"", ""SURUBIM"", ""GARANHUNS"", ""ARCO VERDE""], ""method"": ""IDW p=2; até 6 estações; raio máximo 300 km""}, ""precipitacao_anual_mm"": {""n_estacoes"": 6, ""nearest_distance_km"": 38.08, ""max_distance_km"": 205.98, ""stations"": [""PALMARES"", ""RECIFE"", ""CARUARU"", ""SURUBIM"", ""GARANHUNS"", ""ARCO VERDE""], ""method"": ""IDW p=2; até 6 estações; raio máximo 300 km""}}","{""organization"": ""INMET"", ""dataset"": ""Dados Históricos Anuais - estações automáticas"", ""version"": ""2012"", ""retrieved_at"": ""2026-10-01"", ""reference_url"": ""https://portal.inmet.gov.br/uploads/dadoshistoricos/2012.zip"", ""method"": ""agregação anual observada por estação + IDW municipal em EPSG:31985; p=2; 3-6 estações; raio <=300 km; controle mínimo de completude"", ""verified"": true}"
2601508,2012,16.049894798350202,-1026724.1484134631,"{""temperatura_media_c"": {""n_estacoes"": 6, ""nearest_distance_km"": 28.04, ""max_distance_km"": 141.38, ""stations"": [""PALMARES"", ""CARUARU"", ""GARANHUNS"", ""SURUBIM"", ""RECIFE"", ""ARCO VERDE""], ""method"": ""IDW p=2; até 6 estações; raio máximo 300 km""}, ""precipitacao_anual_mm"": {""n_estacoes"": 6, ""nearest_distance_km"": 28.04, ""max_distance_km"": 141.38, ""stations"": [""PALMARES"", ""CARUARU"", ""GARANHUNS"", ""SURUBIM"", ""RECIFE"", ""ARCO VERDE""], ""method"": ""IDW p=2; até 6 estações; raio máximo 300 km""}}","{""organization"": ""INMET"", ""dataset"": ""Dados Históricos Anuais - estações automáticas"", ""version"": ""2012"", ""retrieved_at"": ""2026-10-01"", ""reference_url"": ""https://portal.inmet.gov.br/uploads/dadoshistoricos/2012.zip"", ""method"": ""agregação anual observada por estação + IDW municipal em EPSG:31985; p=2; 3-6 estações; raio <=300 km; controle mínimo de completude"", ""verified"": true}"
2601607,2012,-85.71672130521691,-988619.3836330205,"{""temperatura_media_c"": {""n_estacoes"": 6, ""nearest_distance_km"": 37.81, ""max_distance_km"": 189.34, ""stations"": [""CABROBO"", ""FLORESTA"", ""SERRA TALHADA"", ""IBIMIRIM"", ""OURICURI"", ""PETROLINA""], ""method"": ""IDW p=2; até 6 estações; raio máximo 300 km""}, ""precipitacao_anual_mm"": {""n_estacoes"": 6, ""nearest_distance_km"": 37.81, ""max_distance_km"": 189.34, ""stations"": [""CABROBO"", ""FLORESTA"", ""SERRA TALHADA"", ""IBIMIRIM"", ""OURICURI"", ""PETROLINA""], ""method"": ""IDW p=2; até 6 estações; raio máximo 300 km""}}","{""organization"": ""INMET"", ""dataset"": ""Dados Históricos Anuais - estações automáticas"", ""version"": ""2012"", ""retrieved_at"": ""2026-10-01"", ""reference_url"": ""https://portal.inmet.gov.br/uploads/dadoshistoricos/2012.zip"", ""method"": ""agregação anual observada por estação + IDW municipal em EPSG:31985; p=2; 3-6 estações; raio <=300 km; controle mínimo de completude"", ""verified"": true}"
2601706,2012,13.901187745321396,-2047390.3863017068,"{""temperatura_media_c"": {""n_estacoes"": 6, ""nearest_distance_km"": 46.33, ""max_distance_km"": 146.81, ""stations"": [""CARUARU"", ""GARANHUNS"", ""ARCO VERDE"", ""SURUBIM"", ""PALMARES"", ""IBIMIRIM""], ""method"": ""IDW p=2; até 6 estações; raio máximo 300 km""}, ""precipitacao_anual_mm"": {""n_estacoes"": 6, ""nearest_distance_km"": 46.33, ""max_distance_km"": 146.81, ""stations"": [""CARUARU"", ""GARANHUNS"", ""ARCO VERDE"", ""SURUBIM"", ""PALMARES"", ""IBIMIRIM""], ""method"": ""IDW p=2; até 6 estações; raio máximo 300 km""}}","{""organization"": ""INMET"", ""dataset"": ""Dados Históricos Anuais - estações automáticas"", ""version"": ""2012"", ""retrieved_at"": ""2026-10-01"", ""reference_url"": ""https://portal.inmet.gov.br/uploads/dadoshistoricos/2012.zip"", ""method"": ""agregação anual observada por estação + IDW municipal em EPSG:31985; p=2; 3-6 estações; raio <=300 km; controle mínimo de completude"", ""verified"": true}"
2601805,2012,-58.88784986827323,-744250.6438114623,"{""temperatura_media_c"": {""n_estacoes"": 6, ""nearest_distance_km"": 40.81, ""max_distance_km"": 179.43, ""stations"": [""IBIMIRIM"", ""SERRA TALHADA"", ""FLORESTA"", ""ARCO VERDE"", ""CABROBO"", ""GARANHUNS""], ""method"": ""IDW p=2; até 6 estações; raio máximo 300 km""}, ""precipitacao_anual_mm"": {""n_estacoes"": 6, ""nearest_distance_km"": 40.81, ""max_distance_km"": 179.43, ""stations"": [""IBIMIRIM"", ""SERRA TALHADA"", ""FLORESTA"", ""ARCO VERDE"", ""CABROBO"", ""GARANHUNS""], ""method"": ""IDW p=2; até 6 estações; raio máximo 300 km""}}","{""organization"": ""INMET"", ""dataset"": ""Dados Históricos Anuais - estações automáticas"", ""version"": ""2012"", ""retrieved_at"": ""2026-10-01"", ""reference_url"": ""https://portal.inmet.gov.br/uploads/dadoshistoricos/2012.zip"", ""method"": ""agregação anual observada por estação + IDW municipal em EPSG:31985; p=2; 3-6 estações; raio <=300 km; controle mínimo de completude"", ""verified"": true}"
2601904,2012,14.784540522493973,-2727738.679002951,"{""temperatura_media_c"": {""n_estacoes"": 6, ""nearest_distance_km"": 22.55, ""max_distance_km"": 145.21, ""stations"": [""CARUARU"", ""SURUBIM"", ""PALMARES"", ""RECIFE"", ""GARANHUNS"", ""ARCO VERDE""], ""method"": ""IDW p=2; até 6 estações; raio máximo 300 km""}, ""precipitacao_anual_mm"": {""n_estacoes"": 6, ""nearest_distance_km"": 22.55, ""max_distance_km"": 145.21, ""stations"": [""CARUARU"", ""SURUBIM"", ""PALMARES"", ""RECIFE"", ""GARANHUNS"", ""ARCO VERDE""], ""method"": ""IDW p=2; até 6 estações; raio máximo 300 km""}}","{""organization"": ""INMET"", ""dataset"": ""Dados Históricos Anuais - estações automáticas"", ""version"": ""2012"", ""retrieved_at"": ""2026-10-01"", ""reference_url"": ""https://portal.inmet.gov.br/uploads/dadoshistoricos/2012.zip"", ""method"": ""agregação anual observada por estação + IDW municipal em EPSG:31985; p=2; 3-6 estações; raio <=300 km; controle mínimo de completude"", ""verified"": true}"
2602001,2012,14.594180152552187,-106726.66100406379,"{""temperatura_media_c"": {""n_estacoes"": 6, ""nearest_distance_km"": 29.59, ""max_distance_km"": 267.01, ""stations"": [""OURICURI"", ""CABROBO"", ""FLORESTA"", ""SERRA TALHADA"", ""PETROLINA"", ""IBIMIRIM""], ""method"": ""IDW p=2; até 6 estações; raio máximo 300 km""}, ""precipitacao_anual_mm"": {""n_estacoes"": 6, ""nearest_distance_km"": 29.59, ""max_distance_km"": 267.01, ""stations"": [""OURICURI"", ""CABROBO"", ""FLORESTA"", ""SERRA TALHADA"", ""PETROLINA"", ""IBIMIRIM""], ""method"": ""IDW p=2; até 6 estações; raio máximo 300 km""}}","{""organization"": ""INMET"", ""dataset"": ""Dados Históricos Anuais - estações automáticas"", ""version"": ""2012"", ""retrieved_at"": ""2026-10-01"", ""reference_url"": ""https://portal.inmet.gov.br/uploads/dadoshistoricos/2012.zip"", ""method"": ""agregação anual observada por estação + IDW municipal em EPSG:31985; p=2; 3-6 estações; raio <=300 km; controle mínimo de completude"", ""verified"": true}"
2602100,2012,10.991640666750943,-581587.8122760807,"{""temperatura_media_c"": {""n_estacoes"": 6, ""nearest_distance_km"": 38.83, ""max_distance_km"": 180.14, ""stations"": [""GARANHUNS"", ""ARCO VERDE"", ""CARUARU"", ""PALMARES"", ""IBIMIRIM"", ""SURUBIM""], ""method"": ""IDW p=2; até 6 estações; raio máximo 300 km""}, ""precipitacao_anual_mm"": {""n_estacoes"": 6, ""nearest_distance_km"": 38.83, ""max_distance_km"": 180.14, ""stations"": [""GARANHUNS"", ""ARCO VERDE"", ""CARUARU"", ""PALMARES"", ""IBIMIRIM"", ""SURUBIM""], ""method"": ""IDW p=2; até 6 estações; raio máximo 300 km""}}","{""organization"": ""INMET"", ""dataset"": ""Dados Históricos Anuais - estações automáticas"", ""version"": ""2012"", ""retrieved_at"": ""2026-10-01"", ""reference_url"": ""https://portal.inmet.gov.br/uploads/dadoshistoricos/2012.zip"", ""method"": ""agregação anual observada por estação + IDW municipal em EPSG:31985; p=2; 3-6 estações; raio <=300 km; controle mínimo de completude"", ""verified"": true}"
2602209,2012,10.919547406851022,-11202093.972323788,"{""temperatura_media_c"": {""n_estacoes"": 6, ""nearest_distance_km"": 23.57, ""max_distance_km"": 179.12, ""stations"": [""SURUBIM"", ""CARUARU"", ""RECIFE"", ""PALMARES"", ""GARANHUNS"", ""ARCO VERDE""], ""method"": ""IDW p=2; até 6 estações; raio máximo 300 km""}, ""precipitacao_anual_mm"": {""n_estacoes"": 6, ""nearest_distance_km"": 23.57, ""max_distance_km"": 179.12, ""stations"": [""SURUBIM"", ""CARUARU"", ""RECIFE"", ""PALMARES"", ""GARANHUNS"", ""ARCO VERDE""], ""method"": ""IDW p=2; até 6 estações; raio máximo 300 km""}}","{""organization"": ""INMET"", ""dataset"": ""Dados Históricos Anuais - estações automáticas"", ""version"": ""2012"", ""retrieved_at"": ""2026-10-01"", ""reference_url"": ""https://portal.inmet.gov.br/uploads/dadoshistoricos/2012.zip"", ""method"": ""agregação anual observada por estação + IDW municipal em EPSG:31985; p=2; 3-6 estações; raio <=300 km; controle mínimo de completude"", ""verified"": true}"
2602308,2012,15.842282513777889,-1109478.041600352,"{""temperatura_media_c"": {""n_estacoes"": 6, ""nearest_distance_km"": 24.37, ""max_distance_km"": 151.95, ""stations"": [""PALMARES"", ""CARUARU"", ""SURUBIM"", ""RECIFE"", ""GARANHUNS"", ""ARCO VERDE""], ""method"": ""IDW p=2; até 6 estações; raio máximo 300 km""}, ""precipitacao_anual_mm"": {""n_estacoes"": 6, ""nearest_distance_km"": 24.37, ""max_distance_km"": 151.95, ""stations"": [""PALMARES"", ""CARUARU"", ""SURUBIM"", ""RECIFE"", ""GARANHUNS"", ""ARCO VERDE""], ""method"": ""IDW p=2; até 6 estações; raio máximo 300 km""}}","{""organization"": ""INMET"", ""dataset"": ""Dados Históricos Anuais - estações automáticas"", ""version"": ""2012"", ""retrieved_at"": ""2026-10-01"", ""reference_url"": ""https://portal.inmet.gov.br/uploads/dadoshistoricos/2012.zip"", ""method"": ""agregação anual observada por estação + IDW municipal em EPSG:31985; p=2; 3-6 estações; raio <=300 km; controle mínimo de completude"", ""verified"": true}"
2602407,2012,14.76106866693118,-185457.65181280786,"{""temperatura_media_c"": {""n_estacoes"": 6, ""nearest_distance_km"": 13.82, ""max_distance_km"": 154.59, ""stations"": [""GARANHUNS"", ""ARCO VERDE"", ""CARUARU"", ""PALMARES"", ""IBIMIRIM"", ""SURUBIM""], ""method"": ""IDW p=2; até 6 estações; raio máximo 300 km""}, ""precipitacao_anual_mm"": {""n_estacoes"": 6, ""nearest_distance_km"": 13.82, ""max_distance_km"": 154.59, ""stations"": [""GARANHUNS"", ""ARCO VERDE"", ""CARUARU"", ""PALMARES"", ""IBIMIRIM"", ""SURUBIM""], ""method"": ""IDW p=2; até 6 estações; raio máximo 300 km""}}","{""organization"": ""INMET"", ""dataset"": ""Dados Históricos Anuais - estações automáticas"", ""version"": ""2012"", ""retrieved_at"": ""2026-10-01"", ""reference_url"": ""https://portal.inmet.gov.br/uploads/dadoshistoricos/2012.zip"", ""method"": ""agregação anual observada por estação + IDW municipal em EPSG:31985; p=2; 3-6 estações; raio <=300 km; controle mínimo de completude"", ""verified"": true}"
2602506,2012,-0.19346194072975934,-1939754.5363808763,"{""temperatura_media_c"": {""n_estacoes"": 6, ""nearest_distance_km"": 122.6, ""max_distance_km"": 196.47, ""stations"": [""ARCO VERDE"", ""SERRA TALHADA"", ""IBIMIRIM"", ""SURUBIM"", ""CARUARU"", ""GARANHUNS""], ""method"": ""IDW p=2; até 6 estações; raio máximo 300 km""}, ""precipitacao_anual_mm"": {""n_estacoes"": 6, ""nearest_distance_km"": 122.6, ""max_distance_km"": 196.47, ""stations"": [""ARCO VERDE"", ""SERRA TALHADA"", ""IBIMIRIM"", ""SURUBIM"", ""CARUARU"", ""GARANHUNS""], ""method"": ""IDW p=2; até 6 estações; raio máximo 300 km""}}","{""organization"": ""INMET"", ""dataset"": ""Dados Históricos Anuais - estações automáticas"", ""version"": ""2012"", ""retrieved_at"": ""2026-10-01"", ""reference_url"": ""https://portal.inmet.gov.br/uploads/dadoshistoricos/2012.zip"", ""method"": ""agregação anual observada por estação + IDW municipal em EPSG:31985; p=2; 3-6 estações; raio <=300 km; controle mínimo de completude"", ""verified"": true}"
2602605,2012,14.75256230429949,-3084380.7464543306,"{""temperatura_media_c"": {""n_estacoes"": 6, ""nearest_distance_km"": 37.14, ""max_distance_km"": 145.82, ""stations"": [""CARUARU"", ""SURUBIM"", ""GARANHUNS"", ""ARCO VERDE"", ""PALMARES"", ""RECIFE""], ""method"": ""IDW p=2; até 6 estações; raio máximo 300 km""}, ""precipitacao_anual_mm"": {""n_estacoes"": 6, ""nearest_distance_km"": 37.14, ""max_distance_km"": 145.82, ""stations"": [""CARUARU"", ""SURUBIM"", ""GARANHUNS"", ""ARCO VERDE"", ""PALMARES"", ""RECIFE""], ""method"": ""IDW p=2; até 6 estações; raio máximo 300 km""}}","{""organization"": ""INMET"", ""dataset"": ""Dados Históricos Anuais - estações automáticas"", ""version"": ""2012"", ""retrieved_at"": ""2026-10-01"", ""reference_url"": ""https://portal.inmet.gov.br/uploads/dadoshistoricos/2012.zip"", ""method"": ""agregação anual observada por estação + IDW municipal em EPSG:31985; p=2; 3-6 estações; raio <=300 km; controle mínimo de completude"", ""verified"": true}"
2602704,2012,-14.910051959546385,-6151297.0783228725,"{""temperatura_media_c"": {""n_estacoes"": 6, ""nearest_distance_km"": 50.74, ""max_distance_km"": 205.81, ""stations"": [""SURUBIM"", ""RECIFE"", ""CARUARU"", ""PALMARES"", ""GARANHUNS"", ""ARCO VERDE""], ""method"": ""IDW p=2; até 6 estações; raio máximo 300 km""}, ""precipitacao_anual_mm"": {""n_estacoes"": 6, ""nearest_distance_km"": 50.74, ""max_distance_km"": 205.81, ""stations"": [""SURUBIM"", ""RECIFE"", ""CARUARU"", ""PALMARES"", ""GARANHUNS"", ""ARCO VERDE""], ""method"": ""IDW p=2; até 6 estações; raio máximo 300 km""}}","{""organization"": ""INMET"", ""dataset"": ""Dados Históricos Anuais - estações automáticas"", ""version"": ""2012"", ""retrieved_at"": ""2026-10-01"", ""reference_url"": ""https://portal.inmet.gov.br/uploads/dadoshistoricos/2012.zip"", ""method"": ""agregação anual observada por estação + IDW municipal em EPSG:31985; p=2; 3-6 estações; raio <=300 km; controle mínimo de completude"", ""verified"": true}"
2602803,2012,1.0722326699731068,-201366.10891354256,"{""temperatura_media_c"": {""n_estacoes"": 6, ""nearest_distance_km"": 26.05, ""max_distance_km"": 161.66, ""stations"": [""ARCO VERDE"", ""IBIMIRIM"", ""GARANHUNS"", ""CARUARU"", ""SERRA TALHADA"", ""FLORESTA""], ""method"": ""IDW p=2; até 6 estações; raio máximo 300 km""}, ""precipitacao_anual_mm"": {""n_estacoes"": 6, ""nearest_distance_km"": 26.05, ""max_distance_km"": 161.66, ""stations"": [""ARCO VERDE"", ""IBIMIRIM"", ""GARANHUNS"", ""CARUARU"", ""SERRA TALHADA"", ""FLORESTA""], ""method"": ""IDW p=2; até 6 estações; raio máximo 300 km""}}","{""organization"": ""INMET"", ""dataset"": ""Dados Históricos Anuais - estações automáticas"", ""version"": ""2012"", ""retrieved_at"": ""2026-10-01"", ""reference_url"": ""https://portal.inmet.gov.br/uploads/dadoshistoricos/2012.zip"", ""method"": ""agregação anual observada por estação + IDW municipal em EPSG:31985; p=2; 3-6 estações; raio <=300 km; controle mínimo de completude"", ""verified"": true}"
2602902,2012,-56.006239700109376,-1656899.0890421793,"{""temperatura_media_c"": {""n_estacoes"": 6, ""nearest_distance_km"": 27.1, ""max_distance_km"": 220.86, ""stations"": [""RECIFE"", ""PALMARES"", ""SURUBIM"", ""CARUARU"", ""GARANHUNS"", ""ARCO VERDE""], ""method"": ""IDW p=2; até 6 estações; raio máximo 300 km""}, ""precipitacao_anual_mm"": {""n_estacoes"": 6, ""nearest_distance_km"": 27.1, ""max_distance_km"": 220.86, ""stations"": [""RECIFE"", ""PALMARES"", ""SURUBIM"", ""CARUARU"", ""GARANHUNS"", ""ARCO VERDE""], ""method"": ""IDW p=2; até 6 estações; raio máximo 300 km""}}","{""organization"": ""INMET"", ""dataset"": ""Dados Históricos Anuais - estações automáticas"", ""version"": ""2012"", ""retrieved_at"": ""2026-10-01"", ""reference_url"": ""https://portal.inmet.gov.br/uploads/dadoshistoricos/2012.zip"", ""method"": ""agregação anual observada por estação + IDW municipal em EPSG:31985; p=2; 3-6 estações; raio <=300 km; controle mínimo de completude"", ""verified"": true}"
2603009,2012,14.68177240343742,-109452.19955157577,"{""temperatura_media_c"": {""n_estacoes"": 6, ""nearest_distance_km"": 13.08, ""max_distance_km"": 179.46, ""stations"": [""CABROBO"", ""FLORESTA"", ""OURICURI"", ""SERRA TALHADA"", ""PETROLINA"", ""IBIMIRIM""], ""method"": ""IDW p=2; até 6 estações; raio máximo 300 km""}, ""precipitacao_anual_mm"": {""n_estacoes"": 6, ""nearest_distance_km"": 13.08, ""max_distance_km"": 179.46, ""stations"": [""CABROBO"", ""FLORESTA"", ""OURICURI"", ""SERRA TALHADA"", ""PETROLINA"", ""IBIMIRIM""], ""method"": ""IDW p=2; até 6 estações; raio máximo 300 km""}}","{""organization"": ""INMET"", ""dataset"": ""Dados Históricos Anuais - estações automáticas"", ""version"": ""2012"", ""retrieved_at"": ""2026-10-01"", ""reference_url"": ""https://portal.inmet.gov.br/uploads/dadoshistoricos/2012.zip"", ""method"": ""agregação anual observada por estação + IDW municipal em EPSG:31985; p=2; 3-6 estações; raio <=300 km; controle mínimo de completude"", ""verified"": true}"
2603108,2012,14.569035492812551,-1424941.8651997107,"{""temperatura_media_c"": {""n_estacoes"": 6, ""nearest_distance_km"": 43.48, ""max_distance_km"": 154.16, ""stations"": [""CARUARU"", ""GARANHUNS"", ""PALMARES"", ""ARCO VERDE"", ""SURUBIM"", ""RECIFE""], ""method"": ""IDW p=2; até 6 estações; raio máximo 300 km""}, ""precipitacao_anual_mm"": {""n_estacoes"": 6, ""nearest_distance_km"": 43.48, ""max_distance_km"": 154.16, ""stations"": [""CARUARU"", ""GARANHUNS"", ""PALMARES"", ""ARCO VERDE"", ""SURUBIM"", ""RECIFE""], ""method"": ""IDW p=2; até 6 estações; raio máximo 300 km""}}","{""organization"": ""INMET"", ""dataset"": ""Dados Históricos Anuais - estações automáticas"", ""version"": ""2012"", ""retrieved_at"": ""2026-10-01"", ""reference_url"": ""https://portal.inmet.gov.br/uploads/dadoshistoricos/2012.zip"", ""method"": ""agregação anual observada por estação + IDW municipal em EPSG:31985; p=2; 3-6 estações; raio <=300 km; controle mínimo de completude"", ""verified"": true}"
2603207,2012,13.493208761989894,-350968.54295978113,"{""temperatura_media_c"": {""n_estacoes"": 6, ""nearest_distance_km"": 21.41, ""max_distance_km"": 143.27, ""stations"": [""GARANHUNS"", ""ARCO VERDE"", ""CARUARU"", ""IBIMIRIM"", ""PALMARES"", ""SURUBIM""], ""method"": ""IDW p=2; até 6 estações; raio máximo 300 km""}, ""precipitacao_anual_mm"": {""n_estacoes"": 6, ""nearest_distance_km"": 21.41, ""max_distance_km"": 143.27, ""stations"": [""GARANHUNS"", ""ARCO VERDE"", ""CARUARU"", ""IBIMIRIM"", ""PALMARES"", ""SURUBIM""], ""method"": ""IDW p=2; até 6 estações; raio máximo 300 km""}}","{""organization"": ""INMET"", ""dataset"": ""Dados Históricos Anuais - estações automáticas"", ""version"": ""2012"", ""retrieved_at"": ""2026-10-01"", ""reference_url"": ""https://portal.inmet.gov.br/uploads/dadoshistoricos/2012.zip"", ""method"": ""agregação anual observada por estação + IDW municipal em EPSG:31985; p=2; 3-6 estações; raio <=300 km; controle mínimo de completude"", ""verified"": true}"
2603306,2012,14.457746001272413,-595172.5585285735,"{""temperatura_media_c"": {""n_estacoes"": 6, ""nearest_distance_km"": 25.75, ""max_distance_km"": 155.58, ""stations"": [""GARANHUNS"", ""CARUARU"", ""PALMARES"", ""ARCO VERDE"", ""SURUBIM"", ""IBIMIRIM""], ""method"": ""IDW p=2; até 6 estações; raio máximo 300 km""}, ""precipitacao_anual_mm"": {""n_estacoes"": 6, ""nearest_distance_km"": 25.75, ""max_distance_km"": 155.58, ""stations"": [""GARANHUNS"", ""CARUARU"", ""PALMARES"", ""ARCO VERDE"", ""SURUBIM"", ""IBIMIRIM""], ""method"": ""IDW p=2; até 6 estações; raio máximo 300 km""}}","{""organization"": ""INMET"", ""dataset"": ""Dados Históricos Anuais - estações automáticas"", ""version"": ""2012"", ""retrieved_at"": ""2026-10-01"", ""reference_url"": ""https://portal.inmet.gov.br/uploads/dadoshistoricos/2012.zip"", ""method"": ""agregação anual observada por estação + IDW municipal em EPSG:31985; p=2; 3-6 estações; raio <=300 km; controle mínimo de completude"", ""verified"": true}"
2603405,2012,-5.457210577156173,-277747.8050781845,"{""temperatura_media_c"": {""n_estacoes"": 6, ""nearest_distance_km"": 24.55, ""max_distance_km"": 201.47, ""stations"": [""SERRA TALHADA"", ""IBIMIRIM"", ""FLORESTA"", ""ARCO VERDE"", ""CABROBO"", ""GARANHUNS""], ""method"": ""IDW p=2; até 6 estações; raio máximo 300 km""}, ""precipitacao_anual_mm"": {""n_estacoes"": 6, ""nearest_distance_km"": 24.55, ""max_distance_km"": 201.47, ""stations"": [""SERRA TALHADA"", ""IBIMIRIM"", ""FLORESTA"", ""ARCO VERDE"", ""CABROBO"", ""GARANHUNS""], ""method"": ""IDW p=2; até 6 estações; raio máximo 300 km""}}","{""organization"": ""INMET"", ""dataset"": ""Dados Históricos Anuais - estações automáticas"", ""version"": ""2012"", ""retrieved_at"": ""2026-10-01"", ""reference_url"": ""https://portal.inmet.gov.br/uploads/dadoshistoricos/2012.zip"", ""method"": ""agregação anual observada por estação + IDW municipal em EPSG:31985; p=2; 3-6 estações; raio <=300 km; controle mínimo de completude"", ""verified"": true}"
2603454,2012,-80.06358715217804,-1065524.5200269402,"{""temperatura_media_c"": {""n_estacoes"": 6, ""nearest_distance_km"": 8.96, ""max_distance_km"": 235.13, ""stations"": [""RECIFE"", ""SURUBIM"", ""PALMARES"", ""CARUARU"", ""GARANHUNS"", ""ARCO VERDE""], ""method"": ""IDW p=2; até 6 estações; raio máximo 300 km""}, ""precipitacao_anual_mm"": {""n_estacoes"": 6, ""nearest_distance_km"": 8.96, ""max_distance_km"": 235.13, ""stations"": [""RECIFE"", ""SURUBIM"", ""PALMARES"", ""CARUARU"", ""GARANHUNS"", ""ARCO VERDE""], ""method"": ""IDW p=2; até 6 estações; raio máximo 300 km""}}","{""organization"": ""INMET"", ""dataset"": ""Dados Históricos Anuais - estações automáticas"", ""version"": ""2012"", ""retrieved_at"": ""2026-10-01"", ""reference_url"": ""https://portal.inmet.gov.br/uploads/dadoshistoricos/2012.zip"", ""method"": ""agregação anual observada por estação + IDW municipal em EPSG:31985; p=2; 3-6 estações; raio <=300 km; controle mínimo de completude"", ""verified"": true}"
2603504,2012,14.496664016039857,-1873212.3735507908,"{""temperatura_media_c"": {""n_estacoes"": 6, ""nearest_distance_km"": 26.73, ""max_distance_km"": 144.81, ""stations"": [""CARUARU"", ""PALMARES"", ""SURUBIM"", ""RECIFE"", ""GARANHUNS"", ""ARCO VERDE""], ""method"": ""IDW p=2; até 6 estações; raio máximo 300 km""}, ""precipitacao_anual_mm"": {""n_estacoes"": 6, ""nearest_distance_km"": 26.73, ""max_distance_km"": 144.81, ""stations"": [""CARUARU"", ""PALMARES"", ""SURUBIM"", ""RECIFE"", ""GARANHUNS"", ""ARCO VERDE""], ""method"": ""IDW p=2; até 6 estações; raio máximo 300 km""}}","{""organization"": ""INMET"", ""dataset"": ""Dados Históricos Anuais - estações automáticas"", ""version"": ""2012"", ""retrieved_at"": ""2026-10-01"", ""reference_url"": ""https://portal.inmet.gov.br/uploads/dadoshistoricos/2012.zip"", ""method"": ""agregação anual observada por estação + IDW municipal em EPSG:31985; p=2; 3-6 estações; raio <=300 km; controle mínimo de completude"", ""verified"": true}"
2603603,2012,-12.492725872165737,-5868147.175362592,"{""temperatura_media_c"": {""n_estacoes"": 6, ""nearest_distance_km"": 70.7, ""max_distance_km"": 225.03, ""stations"": [""SURUBIM"", ""RECIFE"", ""CARUARU"", ""PALMARES"", ""GARANHUNS"", ""ARCO VERDE""], ""method"": ""IDW p=2; até 6 estações; raio máximo 300 km""}, ""precipitacao_anual_mm"": {""n_estacoes"": 6, ""nearest_distance_km"": 70.7, ""max_distance_km"": 225.03, ""stations"": [""SURUBIM"", ""RECIFE"", ""CARUARU"", ""PALMARES"", ""GARANHUNS"", ""ARCO VERDE""], ""method"": ""IDW p=2; até 6 estações; raio máximo 300 km""}}","{""organization"": ""INMET"", ""dataset"": ""Dados Históricos Anuais - estações automáticas"", ""version"": ""2012"", ""retrieved_at"": ""2026-10-01"", ""reference_url"": ""https://portal.inmet.gov.br/uploads/dadoshistoricos/2012.zip"", ""method"": ""agregação anual observada por estação + IDW municipal em EPSG:31985; p=2; 3-6 estações; raio <=300 km; controle mínimo de completude"", ""verified"": true}"
2603702,2012,14.11614479202737,-785126.5453728993,"{""temperatura_media_c"": {""n_estacoes"": 6, ""nearest_distance_km"": 35.03, ""max_distance_km"": 162.83, ""stations"": [""GARANHUNS"", ""PALMARES"", ""CARUARU"", ""ARCO VERDE"", ""SURUBIM"", ""RECIFE""], ""method"": ""IDW p=2; até 6 estações; raio máximo 300 km""}, ""precipitacao_anual_mm"": {""n_estacoes"": 6, ""nearest_distance_km"": 35.03, ""max_distance_km"": 162.83, ""stations"": [""GARANHUNS"", ""PALMARES"", ""CARUARU"", ""ARCO VERDE"", ""SURUBIM"", ""RECIFE""], ""method"": ""IDW p=2; até 6 estações; raio máximo 300 km""}}","{""organization"": ""INMET"", ""dataset"": ""Dados Históricos Anuais - estações automáticas"", ""version"": ""2012"", ""retrieved_at"": ""2026-10-01"", ""reference_url"": ""https://portal.inmet.gov.br/uploads/dadoshistoricos/2012.zip"", ""method"": ""agregação anual observada por estação + IDW municipal em EPSG:31985; p=2; 3-6 estações; raio <=300 km; controle mínimo de completude"", ""verified"": true}"
2603801,2012,13.094195012887223,-534210.1108874383,"{""temperatura_media_c"": {""n_estacoes"": 6, ""nearest_distance_km"": 26.93, ""max_distance_km"": 129.24, ""stations"": [""GARANHUNS"", ""ARCO VERDE"", ""CARUARU"", ""PALMARES"", ""IBIMIRIM"", ""SURUBIM""], ""method"": ""IDW p=2; até 6 estações; raio máximo 300 km""}, ""precipitacao_anual_mm"": {""n_estacoes"": 6, ""nearest_distance_km"": 26.93, ""max_distance_km"": 129.24, ""stations"": [""GARANHUNS"", ""ARCO VERDE"", ""CARUARU"", ""PALMARES"", ""IBIMIRIM"", ""SURUBIM""], ""method"": ""IDW p=2; até 6 estações; raio máximo 300 km""}}","{""organization"": ""INMET"", ""dataset"": ""Dados Históricos Anuais - estações automáticas"", ""version"": ""2012"", ""retrieved_at"": ""2026-10-01"", ""reference_url"": ""https://portal.inmet.gov.br/uploads/dadoshistoricos/2012.zip"", ""method"": ""agregação anual observada por estação + IDW municipal em EPSG:31985; p=2; 3-6 estações; raio <=300 km; controle mínimo de completude"", ""verified"": true}"
2603900,2012,-32.88498463559067,-513994.600144803,"{""temperatura_media_c"": {""n_estacoes"": 6, ""nearest_distance_km"": 65.18, ""max_distance_km"": 192.35, ""stations"": [""SERRA TALHADA"", ""IBIMIRIM"", ""ARCO VERDE"", ""FLORESTA"", ""GARANHUNS"", ""CABROBO""], ""method"": ""IDW p=2; até 6 estações; raio máximo 300 km""}, ""precipitacao_anual_mm"": {""n_estacoes"": 6, ""nearest_distance_km"": 65.18, ""max_distance_km"": 192.35, ""stations"": [""SERRA TALHADA"", ""IBIMIRIM"", ""ARCO VERDE"", ""FLORESTA"", ""GARANHUNS"", ""CABROBO""], ""method"": ""IDW p=2; até 6 estações; raio máximo 300 km""}}","{""organization"": ""INMET"", ""dataset"": ""Dados Históricos Anuais - estações automáticas"", ""version"": ""2012"", ""retrieved_at"": ""2026-10-01"", ""reference_url"": ""https://portal.inmet.gov.br/uploads/dadoshistoricos/2012.zip"", ""method"": ""agregação anual observada por estação + IDW municipal em EPSG:31985; p=2; 3-6 estações; raio <=300 km; controle mínimo de completude"", ""verified"": true}"
2603926,2012,-191.35302500140352,-1913426.0842549505,"{""temperatura_media_c"": {""n_estacoes"": 6, ""nearest_distance_km"": 25.53, ""max_distance_km"": 181.01, ""stations"": [""FLORESTA"", ""CABROBO"", ""SERRA TALHADA"", ""IBIMIRIM"", ""OURICURI"", ""ARCO VERDE""], ""method"": ""IDW p=2; até 6 estações; raio máximo 300 km""}, ""precipitacao_anual_mm"": {""n_estacoes"": 6, ""nearest_distance_km"": 25.53, ""max_distance_km"": 181.01, ""stations"": [""FLORESTA"", ""CABROBO"", ""SERRA TALHADA"", ""IBIMIRIM"", ""OURICURI"", ""ARCO VERDE""], ""method"": ""IDW p=2; até 6 estações; raio máximo 300 km""}}","{""organization"": ""INMET"", ""dataset"": ""Dados Históricos Anuais - estações automáticas"", ""version"": ""2012"", ""retrieved_at"": ""2026-10-01"", ""reference_url"": ""https://portal.inmet.gov.br/uploads/dadoshistoricos/2012.zip"", ""method"": ""agregação anual observada por estação + IDW municipal em EPSG:31985; p=2; 3-6 estações; raio <=300 km; controle mínimo de completude"", ""verified"": true}"
2604007,2012,-24.371586164491188,-5013538.078808748,"{""temperatura_media_c"": {""n_estacoes"": 6, ""nearest_distance_km"": 46.51, ""max_distance_km"": 206.98, ""stations"": [""RECIFE"", ""SURUBIM"", ""CARUARU"", ""PALMARES"", ""GARANHUNS"", ""ARCO VERDE""], ""method"": ""IDW p=2; até 6 estações; raio máximo 300 km""}, ""precipitacao_anual_mm"": {""n_estacoes"": 6, ""nearest_distance_km"": 46.51, ""max_distance_km"": 206.98, ""stations"": [""RECIFE"", ""SURUBIM"", ""CARUARU"", ""PALMARES"", ""GARANHUNS"", ""ARCO VERDE""], ""method"": ""IDW p=2; até 6 estações; raio máximo 300 km""}}","{""organization"": ""INMET"", ""dataset"": ""Dados Históricos Anuais - estações automáticas"", ""version"": ""2012"", ""retrieved_at"": ""2026-10-01"", ""reference_url"": ""https://portal.inmet.gov.br/uploads/dadoshistoricos/2012.zip"", ""method"": ""agregação anual observada por estação + IDW municipal em EPSG:31985; p=2; 3-6 estações; raio <=300 km; controle mínimo de completude"", ""verified"": true}"
2604106,2012,18.111789651453687,-383801.97265646973,"{""temperatura_media_c"": {""n_estacoes"": 6, ""nearest_distance_km"": 7.03, ""max_distance_km"": 120.56, ""stations"": [""CARUARU"", ""SURUBIM"", ""PALMARES"", ""GARANHUNS"", ""RECIFE"", ""ARCO VERDE""], ""method"": ""IDW p=2; até 6 estações; raio máximo 300 km""}, ""precipitacao_anual_mm"": {""n_estacoes"": 6, ""nearest_distance_km"": 7.03, ""max_distance_km"": 120.56, ""stations"": [""CARUARU"", ""SURUBIM"", ""PALMARES"", ""GARANHUNS"", ""RECIFE"", ""ARCO VERDE""], ""method"": ""IDW p=2; até 6 estações; raio máximo 300 km""}}","{""organization"": ""INMET"", ""dataset"": ""Dados Históricos Anuais - estações automáticas"", ""version"": ""2012"", ""retrieved_at"": ""2026-10-01"", ""reference_url"": ""https://portal.inmet.gov.br/uploads/dadoshistoricos/2012.zip"", ""method"": ""agregação anual observada por estação + IDW municipal em EPSG:31985; p=2; 3-6 estações; raio <=300 km; controle mínimo de completude"", ""verified"": true}"
2604155,2012,16.611078843484318,-13579349.026678035,"{""temperatura_media_c"": {""n_estacoes"": 6, ""nearest_distance_km"": 12.15, ""max_distance_km"": 167.17, ""stations"": [""SURUBIM"", ""CARUARU"", ""RECIFE"", ""PALMARES"", ""GARANHUNS"", ""ARCO VERDE""], ""method"": ""IDW p=2; até 6 estações; raio máximo 300 km""}, ""precipitacao_anual_mm"": {""n_estacoes"": 6, ""nearest_distance_km"": 12.15, ""max_distance_km"": 167.17, ""stations"": [""SURUBIM"", ""CARUARU"", ""RECIFE"", ""PALMARES"", ""GARANHUNS"", ""ARCO VERDE""], ""method"": ""IDW p=2; até 6 estações; raio máximo 300 km""}}","{""organization"": ""INMET"", ""dataset"": ""Dados Históricos Anuais - estações automáticas"", ""version"": ""2012"", ""retrieved_at"": ""2026-10-01"", ""reference_url"": ""https://portal.inmet.gov.br/uploads/dadoshistoricos/2012.zip"", ""method"": ""agregação anual observada por estação + IDW municipal em EPSG:31985; p=2; 3-6 estações; raio <=300 km; controle mínimo de completude"", ""verified"": true}"
2604205,2012,18.2627324350401,-537688.4805704745,"{""temperatura_media_c"": {""n_estacoes"": 6, ""nearest_distance_km"": 17.92, ""max_distance_km"": 151.87, ""stations"": [""PALMARES"", ""CARUARU"", ""GARANHUNS"", ""SURUBIM"", ""RECIFE"", ""ARCO VERDE""], ""method"": ""IDW p=2; até 6 estações; raio máximo 300 km""}, ""precipitacao_anual_mm"": {""n_estacoes"": 6, ""nearest_distance_km"": 17.92, ""max_distance_km"": 151.87, ""stations"": [""PALMARES"", ""CARUARU"", ""GARANHUNS"", ""SURUBIM"", ""RECIFE"", ""ARCO VERDE""], ""method"": ""IDW p=2; até 6 estações; raio máximo 300 km""}}","{""organization"": ""INMET"", ""dataset"": ""Dados Históricos Anuais - estações automáticas"", ""version"": ""2012"", ""retrieved_at"": ""2026-10-01"", ""reference_url"": ""https://portal.inmet.gov.br/uploads/dadoshistoricos/2012.zip"", ""method"": ""agregação anual observada por estação + IDW municipal em EPSG:31985; p=2; 3-6 estações; raio <=300 km; controle mínimo de completude"", ""verified"": true}"
2604304,2012,-31.56758975894808,-512219.803878267,"{""temperatura_media_c"": {""n_estacoes"": 6, ""nearest_distance_km"": 85.31, ""max_distance_km"": 231.98, ""stations"": [""CABROBO"", ""OURICURI"", ""SERRA TALHADA"", ""FLORESTA"", ""IBIMIRIM"", ""PETROLINA""], ""method"": ""IDW p=2; até 6 estações; raio máximo 300 km""}, ""precipitacao_anual_mm"": {""n_estacoes"": 6, ""nearest_distance_km"": 85.31, ""max_distance_km"": 231.98, ""stations"": [""CABROBO"", ""OURICURI"", ""SERRA TALHADA"", ""FLORESTA"", ""IBIMIRIM"", ""PETROLINA""], ""method"": ""IDW p=2; até 6 estações; raio máximo 300 km""}}","{""organization"": ""INMET"", ""dataset"": ""Dados Históricos Anuais - estações automáticas"", ""version"": ""2012"", ""retrieved_at"": ""2026-10-01"", ""reference_url"": ""https://portal.inmet.gov.br/uploads/dadoshistoricos/2012.zip"", ""method"": ""agregação anual observada por estação + IDW municipal em EPSG:31985; p=2; 3-6 estações; raio <=300 km; controle mínimo de completude"", ""verified"": true}"
2604403,2012,-49.20086533315326,-2650494.9220558596,"{""temperatura_media_c"": {""n_estacoes"": 6, ""nearest_distance_km"": 29.71, ""max_distance_km"": 210.47, ""stations"": [""RECIFE"", ""SURUBIM"", ""PALMARES"", ""CARUARU"", ""GARANHUNS"", ""ARCO VERDE""], ""method"": ""IDW p=2; até 6 estações; raio máximo 300 km""}, ""precipitacao_anual_mm"": {""n_estacoes"": 6, ""nearest_distance_km"": 29.71, ""max_distance_km"": 210.47, ""stations"": [""RECIFE"", ""SURUBIM"", ""PALMARES"", ""CARUARU"", ""GARANHUNS"", ""ARCO VERDE""], ""method"": ""IDW p=2; até 6 estações; raio máximo 300 km""}}","{""organization"": ""INMET"", ""dataset"": ""Dados Históricos Anuais - estações automáticas"", ""version"": ""2012"", ""retrieved_at"": ""2026-10-01"", ""reference_url"": ""https://portal.inmet.gov.br/uploads/dadoshistoricos/2012.zip"", ""method"": ""agregação anual observada por estação + IDW municipal em EPSG:31985; p=2; 3-6 estações; raio <=300 km; controle mínimo de completude"", ""verified"": true}"
2604502,2012,-1.126875991852234,-3542441.401816395,"{""temperatura_media_c"": {""n_estacoes"": 6, ""nearest_distance_km"": 49.44, ""max_distance_km"": 178.71, ""stations"": [""PALMARES"", ""SURUBIM"", ""CARUARU"", ""RECIFE"", ""GARANHUNS"", ""ARCO VERDE""], ""method"": ""IDW p=2; até 6 estações; raio máximo 300 km""}, ""precipitacao_anual_mm"": {""n_estacoes"": 6, ""nearest_distance_km"": 49.44, ""max_distance_km"": 178.71, ""stations"": [""PALMARES"", ""SURUBIM"", ""CARUARU"", ""RECIFE"", ""GARANHUNS"", ""ARCO VERDE""], ""method"": ""IDW p=2; até 6 estações; raio máximo 300 km""}}","{""organization"": ""INMET"", ""dataset"": ""Dados Históricos Anuais - estações automáticas"", ""version"": ""2012"", ""retrieved_at"": ""2026-10-01"", ""reference_url"": ""https://portal.inmet.gov.br/uploads/dadoshistoricos/2012.zip"", ""method"": ""agregação anual observada por estação + IDW municipal em EPSG:31985; p=2; 3-6 estações; raio <=300 km; controle mínimo de completude"", ""verified"": true}"
2604601,2012,-34.46600097989372,-3821223.8367962507,"{""temperatura_media_c"": {""n_estacoes"": 6, ""nearest_distance_km"": 53.45, ""max_distance_km"": 237.12, ""stations"": [""RECIFE"", ""SURUBIM"", ""CARUARU"", ""PALMARES"", ""GARANHUNS"", ""ARCO VERDE""], ""method"": ""IDW p=2; até 6 estações; raio máximo 300 km""}, ""precipitacao_anual_mm"": {""n_estacoes"": 6, ""nearest_distance_km"": 53.45, ""max_distance_km"": 237.12, ""stations"": [""RECIFE"", ""SURUBIM"", ""CARUARU"", ""PALMARES"", ""GARANHUNS"", ""ARCO VERDE""], ""method"": ""IDW p=2; até 6 estações; raio máximo 300 km""}}","{""organization"": ""INMET"", ""dataset"": ""Dados Históricos Anuais - estações automáticas"", ""version"": ""2012"", ""retrieved_at"": ""2026-10-01"", ""reference_url"": ""https://portal.inmet.gov.br/uploads/dadoshistoricos/2012.zip"", ""method"": ""agregação anual observada por estação + IDW municipal em EPSG:31985; p=2; 3-6 estações; raio <=300 km; controle mínimo de completude"", ""verified"": true}"
2604700,2012,13.934414541624804,-483879.6469274399,"{""temperatura_media_c"": {""n_estacoes"": 6, ""nearest_distance_km"": 28.72, ""max_distance_km"": 165.53, ""stations"": [""GARANHUNS"", ""PALMARES"", ""CARUARU"", ""ARCO VERDE"", ""SURUBIM"", ""IBIMIRIM""], ""method"": ""IDW p=2; até 6 estações; raio máximo 300 km""}, ""precipitacao_anual_mm"": {""n_estacoes"": 6, ""nearest_distance_km"": 28.72, ""max_distance_km"": 165.53, ""stations"": [""GARANHUNS"", ""PALMARES"", ""CARUARU"", ""ARCO VERDE"", ""SURUBIM"", ""IBIMIRIM""], ""method"": ""IDW p=2; até 6 estações; raio máximo 300 km""}}","{""organization"": ""INMET"", ""dataset"": ""Dados Históricos Anuais - estações automáticas"", ""version"": ""2012"", ""retrieved_at"": ""2026-10-01"", ""reference_url"": ""https://portal.inmet.gov.br/uploads/dadoshistoricos/2012.zip"", ""method"": ""agregação anual observada por estação + IDW municipal em EPSG:31985; p=2; 3-6 estações; raio <=300 km; controle mínimo de completude"", ""verified"": true}"
2604809,2012,12.171648070277367,-1376681.4665465346,"{""temperatura_media_c"": {""n_estacoes"": 6, ""nearest_distance_km"": 26.15, ""max_distance_km"": 171.21, ""stations"": [""PALMARES"", ""CARUARU"", ""SURUBIM"", ""RECIFE"", ""GARANHUNS"", ""ARCO VERDE""], ""method"": ""IDW p=2; até 6 estações; raio máximo 300 km""}, ""precipitacao_anual_mm"": {""n_estacoes"": 6, ""nearest_distance_km"": 26.15, ""max_distance_km"": 171.21, ""stations"": [""PALMARES"", ""CARUARU"", ""SURUBIM"", ""RECIFE"", ""GARANHUNS"", ""ARCO VERDE""], ""method"": ""IDW p=2; até 6 estações; raio máximo 300 km""}}","{""organization"": ""INMET"", ""dataset"": ""Dados Históricos Anuais - estações automáticas"", ""version"": ""2012"", ""retrieved_at"": ""2026-10-01"", ""reference_url"": ""https://portal.inmet.gov.br/uploads/dadoshistoricos/2012.zip"", ""method"": ""agregação anual observada por estação + IDW municipal em EPSG:31985; p=2; 3-6 estações; raio <=300 km; controle mínimo de completude"", ""verified"": true}"
2604908,2012,13.549674893378112,-8784996.734168775,"{""temperatura_media_c"": {""n_estacoes"": 6, ""nearest_distance_km"": 23.96, ""max_distance_km"": 156.02, ""stations"": [""SURUBIM"", ""CARUARU"", ""PALMARES"", ""RECIFE"", ""GARANHUNS"", ""ARCO VERDE""], ""method"": ""IDW p=2; até 6 estações; raio máximo 300 km""}, ""precipitacao_anual_mm"": {""n_estacoes"": 6, ""nearest_distance_km"": 23.96, ""max_distance_km"": 156.02, ""stations"": [""SURUBIM"", ""CARUARU"", ""PALMARES"", ""RECIFE"", ""GARANHUNS"", ""ARCO VERDE""], ""method"": ""IDW p=2; até 6 estações; raio máximo 300 km""}}","{""organization"": ""INMET"", ""dataset"": ""Dados Históricos Anuais - estações automáticas"", ""version"": ""2012"", ""retrieved_at"": ""2026-10-01"", ""reference_url"": ""https://portal.inmet.gov.br/uploads/dadoshistoricos/2012.zip"", ""method"": ""agregação anual observada por estação + IDW municipal em EPSG:31985; p=2; 3-6 estações; raio <=300 km; controle mínimo de completude"", ""verified"": true}"
2605004,2012,14.987497440391465,-1303590.974517674,"{""temperatura_media_c"": {""n_estacoes"": 6, ""nearest_distance_km"": 38.87, ""max_distance_km"": 128.35, ""stations"": [""CARUARU"", ""PALMARES"", ""GARANHUNS"", ""SURUBIM"", ""RECIFE"", ""ARCO VERDE""], ""method"": ""IDW p=2; até 6 estações; raio máximo 300 km""}, ""precipitacao_anual_mm"": {""n_estacoes"": 6, ""nearest_distance_km"": 38.87, ""max_distance_km"": 128.35, ""stations"": [""CARUARU"", ""PALMARES"", ""GARANHUNS"", ""SURUBIM"", ""RECIFE"", ""ARCO VERDE""], ""method"": ""IDW p=2; até 6 estações; raio máximo 300 km""}}","{""organization"": ""INMET"", ""dataset"": ""Dados Históricos Anuais - estações automáticas"", ""version"": ""2012"", ""retrieved_at"": ""2026-10-01"", ""reference_url"": ""https://portal.inmet.gov.br/uploads/dadoshistoricos/2012.zip"", ""method"": ""agregação anual observada por estação + IDW municipal em EPSG:31985; p=2; 3-6 estações; raio <=300 km; controle mínimo de completude"", ""verified"": true}"
2605103,2012,-54.641695567558656,-703839.5706424941,"{""temperatura_media_c"": {""n_estacoes"": 6, ""nearest_distance_km"": 37.37, ""max_distance_km"": 184.22, ""stations"": [""IBIMIRIM"", ""ARCO VERDE"", ""SERRA TALHADA"", ""FLORESTA"", ""GARANHUNS"", ""CABROBO""], ""method"": ""IDW p=2; até 6 estações; raio máximo 300 km""}, ""precipitacao_anual_mm"": {""n_estacoes"": 6, ""nearest_distance_km"": 37.37, ""max_distance_km"": 184.22, ""stations"": [""IBIMIRIM"", ""ARCO VERDE"", ""SERRA TALHADA"", ""FLORESTA"", ""GARANHUNS"", ""CABROBO""], ""method"": ""IDW p=2; até 6 estações; raio máximo 300 km""}}","{""organization"": ""INMET"", ""dataset"": ""Dados Históricos Anuais - estações automáticas"", ""version"": ""2012"", ""retrieved_at"": ""2026-10-01"", ""reference_url"": ""https://portal.inmet.gov.br/uploads/dadoshistoricos/2012.zip"", ""method"": ""agregação anual observada por estação + IDW municipal em EPSG:31985; p=2; 3-6 estações; raio <=300 km; controle mínimo de completude"", ""verified"": true}"
2605152,2012,2.7171606213077593,-216532.2782015727,"{""temperatura_media_c"": {""n_estacoes"": 5, ""nearest_distance_km"": 89.26, ""max_distance_km"": 264.72, ""stations"": [""OURICURI"", ""PETROLINA"", ""CABROBO"", ""FLORESTA"", ""SERRA TALHADA""], ""method"": ""IDW p=2; até 6 estações; raio máximo 300 km""}, ""precipitacao_anual_mm"": {""n_estacoes"": 5, ""nearest_distance_km"": 89.26, ""max_distance_km"": 264.72, ""stations"": [""OURICURI"", ""PETROLINA"", ""CABROBO"", ""FLORESTA"", ""SERRA TALHADA""], ""method"": ""IDW p=2; até 6 estações; raio máximo 300 km""}}","{""organization"": ""INMET"", ""dataset"": ""Dados Históricos Anuais - estações automáticas"", ""version"": ""2012"", ""retrieved_at"": ""2026-10-01"", ""reference_url"": ""https://portal.inmet.gov.br/uploads/dadoshistoricos/2012.zip"", ""method"": ""agregação anual observada por estação + IDW municipal em EPSG:31985; p=2; 3-6 estações; raio <=300 km; controle mínimo de completude"", ""verified"": true}"
2605202,2012,-15.630739185089427,-2056096.2762122895,"{""temperatura_media_c"": {""n_estacoes"": 6, ""nearest_distance_km"": 46.85, ""max_distance_km"": 200.62, ""stations"": [""PALMARES"", ""RECIFE"", ""CARUARU"", ""SURUBIM"", ""GARANHUNS"", ""ARCO VERDE""], ""method"": ""IDW p=2; até 6 estações; raio máximo 300 km""}, ""precipitacao_anual_mm"": {""n_estacoes"": 6, ""nearest_distance_km"": 46.85, ""max_distance_km"": 200.62, ""stations"": [""PALMARES"", ""RECIFE"", ""CARUARU"", ""SURUBIM"", ""GARANHUNS"", ""ARCO VERDE""], ""method"": ""IDW p=2; até 6 estações; raio máximo 300 km""}}","{""organization"": ""INMET"", ""dataset"": ""Dados Históricos Anuais - estações automáticas"", ""version"": ""2012"", ""retrieved_at"": ""2026-10-01"", ""reference_url"": ""https://portal.inmet.gov.br/uploads/dadoshistoricos/2012.zip"", ""method"": ""agregação anual observada por estação + IDW municipal em EPSG:31985; p=2; 3-6 estações; raio <=300 km; controle mínimo de completude"", ""verified"": true}"
2605301,2012,-0.56809900530291,-240194.30401961177,"{""temperatura_media_c"": {""n_estacoes"": 6, ""nearest_distance_km"": 56.76, ""max_distance_km"": 251.13, ""stations"": [""OURICURI"", ""CABROBO"", ""SERRA TALHADA"", ""FLORESTA"", ""PETROLINA"", ""IBIMIRIM""], ""method"": ""IDW p=2; até 6 estações; raio máximo 300 km""}, ""precipitacao_anual_mm"": {""n_estacoes"": 6, ""nearest_distance_km"": 56.76, ""max_distance_km"": 251.13, ""stations"": [""OURICURI"", ""CABROBO"", ""SERRA TALHADA"", ""FLORESTA"", ""PETROLINA"", ""IBIMIRIM""], ""method"": ""IDW p=2; até 6 estações; raio máximo 300 km""}}","{""organization"": ""INMET"", ""dataset"": ""Dados Históricos Anuais - estações automáticas"", ""version"": ""2012"", ""retrieved_at"": ""2026-10-01"", ""reference_url"": ""https://portal.inmet.gov.br/uploads/dadoshistoricos/2012.zip"", ""method"": ""agregação anual observada por estação + IDW municipal em EPSG:31985; p=2; 3-6 estações; raio <=300 km; controle mínimo de completude"", ""verified"": true}"
2605400,2012,-15.569937220242043,-5475384.990209428,"{""temperatura_media_c"": {""n_estacoes"": 6, ""nearest_distance_km"": 47.33, ""max_distance_km"": 194.48, ""stations"": [""SURUBIM"", ""RECIFE"", ""CARUARU"", ""PALMARES"", ""GARANHUNS"", ""ARCO VERDE""], ""method"": ""IDW p=2; até 6 estações; raio máximo 300 km""}, ""precipitacao_anual_mm"": {""n_estacoes"": 6, ""nearest_distance_km"": 47.33, ""max_distance_km"": 194.48, ""stations"": [""SURUBIM"", ""RECIFE"", ""CARUARU"", ""PALMARES"", ""GARANHUNS"", ""ARCO VERDE""], ""method"": ""IDW p=2; até 6 estações; raio máximo 300 km""}}","{""organization"": ""INMET"", ""dataset"": ""Dados Históricos Anuais - estações automáticas"", ""version"": ""2012"", ""retrieved_at"": ""2026-10-01"", ""reference_url"": ""https://portal.inmet.gov.br/uploads/dadoshistoricos/2012.zip"", ""method"": ""agregação anual observada por estação + IDW municipal em EPSG:31985; p=2; 3-6 estações; raio <=300 km; controle mínimo de completude"", ""verified"": true}"
2605459,2012,,,"{""temperatura_media_c"": {""n_estacoes"": 0, ""max_distance_km"": null, ""method"": ""unavailable""}, ""precipitacao_anual_mm"": {""n_estacoes"": 0, ""max_distance_km"": null, ""method"": ""unavailable""}}","{""organization"": ""INMET"", ""dataset"": ""Dados Históricos Anuais - estações automáticas"", ""version"": ""2012"", ""retrieved_at"": ""2026-10-01"", ""reference_url"": ""https://portal.inmet.gov.br/uploads/dadoshistoricos/2012.zip"", ""method"": ""agregação anual observada por estação + IDW municipal em EPSG:31985; p=2; 3-6 estações; raio <=300 km; controle mínimo de completude"", ""verified"": true}"
2605509,2012,-17.293811564683995,-5380991.926151018,"{""temperatura_media_c"": {""n_estacoes"": 6, ""nearest_distance_km"": 71.53, ""max_distance_km"": 228.02, ""stations"": [""RECIFE"", ""SURUBIM"", ""CARUARU"", ""PALMARES"", ""GARANHUNS"", ""ARCO VERDE""], ""method"": ""IDW p=2; até 6 estações; raio máximo 300 km""}, ""precipitacao_anual_mm"": {""n_estacoes"": 6, ""nearest_distance_km"": 71.53, ""max_distance_km"": 228.02, ""stations"": [""RECIFE"", ""SURUBIM"", ""CARUARU"", ""PALMARES"", ""GARANHUNS"", ""ARCO VERDE""], ""method"": ""IDW p=2; até 6 estações; raio máximo 300 km""}}","{""organization"": ""INMET"", ""dataset"": ""Dados Históricos Anuais - estações automáticas"", ""version"": ""2012"", ""retrieved_at"": ""2026-10-01"", ""reference_url"": ""https://portal.inmet.gov.br/uploads/dadoshistoricos/2012.zip"", ""method"": ""agregação anual observada por estação + IDW municipal em EPSG:31985; p=2; 3-6 estações; raio <=300 km; controle mínimo de completude"", ""verified"": true}"
2605608,2012,-27.845750110461996,-471985.0085760432,"{""temperatura_media_c"": {""n_estacoes"": 6, ""nearest_distance_km"": 44.28, ""max_distance_km"": 188.07, ""stations"": [""SERRA TALHADA"", ""IBIMIRIM"", ""ARCO VERDE"", ""FLORESTA"", ""CABROBO"", ""GARANHUNS""], ""method"": ""IDW p=2; até 6 estações; raio máximo 300 km""}, ""precipitacao_anual_mm"": {""n_estacoes"": 6, ""nearest_distance_km"": 44.28, ""max_distance_km"": 188.07, ""stations"": [""SERRA TALHADA"", ""IBIMIRIM"", ""ARCO VERDE"", ""FLORESTA"", ""CABROBO"", ""GARANHUNS""], ""method"": ""IDW p=2; até 6 estações; raio máximo 300 km""}}","{""organization"": ""INMET"", ""dataset"": ""Dados Históricos Anuais - estações automáticas"", ""version"": ""2012"", ""retrieved_at"": ""2026-10-01"", ""reference_url"": ""https://portal.inmet.gov.br/uploads/dadoshistoricos/2012.zip"", ""method"": ""agregação anual observada por estação + IDW municipal em EPSG:31985; p=2; 3-6 estações; raio <=300 km; controle mínimo de completude"", ""verified"": true}"
2605707,2012,-175.60736574334763,-1773117.864711265,"{""temperatura_media_c"": {""n_estacoes"": 6, ""nearest_distance_km"": 30.87, ""max_distance_km"": 203.34, ""stations"": [""FLORESTA"", ""IBIMIRIM"", ""SERRA TALHADA"", ""CABROBO"", ""ARCO VERDE"", ""GARANHUNS""], ""method"": ""IDW p=2; até 6 estações; raio máximo 300 km""}, ""precipitacao_anual_mm"": {""n_estacoes"": 6, ""nearest_distance_km"": 30.87, ""max_distance_km"": 203.34, ""stations"": [""FLORESTA"", ""IBIMIRIM"", ""SERRA TALHADA"", ""CABROBO"", ""ARCO VERDE"", ""GARANHUNS""], ""method"": ""IDW p=2; até 6 estações; raio máximo 300 km""}}","{""organization"": ""INMET"", ""dataset"": ""Dados Históricos Anuais - estações automáticas"", ""version"": ""2012"", ""retrieved_at"": ""2026-10-01"", ""reference_url"": ""https://portal.inmet.gov.br/uploads/dadoshistoricos/2012.zip"", ""method"": ""agregação anual observada por estação + IDW municipal em EPSG:31985; p=2; 3-6 estações; raio <=300 km; controle mínimo de completude"", ""verified"": true}"
2605806,2012,16.678936287129265,-11827989.579749852,"{""temperatura_media_c"": {""n_estacoes"": 6, ""nearest_distance_km"": 14.64, ""max_distance_km"": 142.6, ""stations"": [""SURUBIM"", ""CARUARU"", ""PALMARES"", ""RECIFE"", ""GARANHUNS"", ""ARCO VERDE""], ""method"": ""IDW p=2; até 6 estações; raio máximo 300 km""}, ""precipitacao_anual_mm"": {""n_estacoes"": 6, ""nearest_distance_km"": 14.64, ""max_distance_km"": 142.6, ""stations"": [""SURUBIM"", ""CARUARU"", ""PALMARES"", ""RECIFE"", ""GARANHUNS"", ""ARCO VERDE""], ""method"": ""IDW p=2; até 6 estações; raio máximo 300 km""}}","{""organization"": ""INMET"", ""dataset"": ""Dados Históricos Anuais - estações automáticas"", ""version"": ""2012"", ""retrieved_at"": ""2026-10-01"", ""reference_url"": ""https://portal.inmet.gov.br/uploads/dadoshistoricos/2012.zip"", ""method"": ""agregação anual observada por estação + IDW municipal em EPSG:31985; p=2; 3-6 estações; raio <=300 km; controle mínimo de completude"", ""verified"": true}"
2605905,2012,14.918340032378625,-649291.1290307055,"{""temperatura_media_c"": {""n_estacoes"": 6, ""nearest_distance_km"": 20.21, ""max_distance_km"": 187.63, ""stations"": [""PALMARES"", ""CARUARU"", ""RECIFE"", ""SURUBIM"", ""GARANHUNS"", ""ARCO VERDE""], ""method"": ""IDW p=2; até 6 estações; raio máximo 300 km""}, ""precipitacao_anual_mm"": {""n_estacoes"": 6, ""nearest_distance_km"": 20.21, ""max_distance_km"": 187.63, ""stations"": [""PALMARES"", ""CARUARU"", ""RECIFE"", ""SURUBIM"", ""GARANHUNS"", ""ARCO VERDE""], ""method"": ""IDW p=2; até 6 estações; raio máximo 300 km""}}","{""organization"": ""INMET"", ""dataset"": ""Dados Históricos Anuais - estações automáticas"", ""version"": ""2012"", ""retrieved_at"": ""2026-10-01"", ""reference_url"": ""https://portal.inmet.gov.br/uploads/dadoshistoricos/2012.zip"", ""method"": ""agregação anual observada por estação + IDW municipal em EPSG:31985; p=2; 3-6 estações; raio <=300 km; controle mínimo de completude"", ""verified"": true}"
2606002,2012,15.376582096636108,-74398.761048284,"{""temperatura_media_c"": {""n_estacoes"": 6, ""nearest_distance_km"": 2.55, ""max_distance_km"": 143.75, ""stations"": [""GARANHUNS"", ""ARCO VERDE"", ""CARUARU"", ""PALMARES"", ""IBIMIRIM"", ""SURUBIM""], ""method"": ""IDW p=2; até 6 estações; raio máximo 300 km""}, ""precipitacao_anual_mm"": {""n_estacoes"": 6, ""nearest_distance_km"": 2.55, ""max_distance_km"": 143.75, ""stations"": [""GARANHUNS"", ""ARCO VERDE"", ""CARUARU"", ""PALMARES"", ""IBIMIRIM"", ""SURUBIM""], ""method"": ""IDW p=2; até 6 estações; raio máximo 300 km""}}","{""organization"": ""INMET"", ""dataset"": ""Dados Históricos Anuais - estações automáticas"", ""version"": ""2012"", ""retrieved_at"": ""2026-10-01"", ""reference_url"": ""https://portal.inmet.gov.br/uploads/dadoshistoricos/2012.zip"", ""method"": ""agregação anual observada por estação + IDW municipal em EPSG:31985; p=2; 3-6 estações; raio <=300 km; controle mínimo de completude"", ""verified"": true}"
2606101,2012,-24.822023901305602,-4243684.626983568,"{""temperatura_media_c"": {""n_estacoes"": 6, ""nearest_distance_km"": 42.11, ""max_distance_km"": 197.63, ""stations"": [""RECIFE"", ""SURUBIM"", ""CARUARU"", ""PALMARES"", ""GARANHUNS"", ""ARCO VERDE""], ""method"": ""IDW p=2; até 6 estações; raio máximo 300 km""}, ""precipitacao_anual_mm"": {""n_estacoes"": 6, ""nearest_distance_km"": 42.11, ""max_distance_km"": 197.63, ""stations"": [""RECIFE"", ""SURUBIM"", ""CARUARU"", ""PALMARES"", ""GARANHUNS"", ""ARCO VERDE""], ""method"": ""IDW p=2; até 6 estações; raio máximo 300 km""}}","{""organization"": ""INMET"", ""dataset"": ""Dados Históricos Anuais - estações automáticas"", ""version"": ""2012"", ""retrieved_at"": ""2026-10-01"", ""reference_url"": ""https://portal.inmet.gov.br/uploads/dadoshistoricos/2012.zip"", ""method"": ""agregação anual observada por estação + IDW municipal em EPSG:31985; p=2; 3-6 estações; raio <=300 km; controle mínimo de completude"", ""verified"": true}"
2606200,2012,-42.909454251957236,-3024384.0386349405,"{""temperatura_media_c"": {""n_estacoes"": 6, ""nearest_distance_km"": 51.17, ""max_distance_km"": 253.09, ""stations"": [""RECIFE"", ""SURUBIM"", ""CARUARU"", ""PALMARES"", ""GARANHUNS"", ""ARCO VERDE""], ""method"": ""IDW p=2; até 6 estações; raio máximo 300 km""}, ""precipitacao_anual_mm"": {""n_estacoes"": 6, ""nearest_distance_km"": 51.17, ""max_distance_km"": 253.09, ""stations"": [""RECIFE"", ""SURUBIM"", ""CARUARU"", ""PALMARES"", ""GARANHUNS"", ""ARCO VERDE""], ""method"": ""IDW p=2; até 6 estações; raio máximo 300 km""}}","{""organization"": ""INMET"", ""dataset"": ""Dados Históricos Anuais - estações automáticas"", ""version"": ""2012"", ""retrieved_at"": ""2026-10-01"", ""reference_url"": ""https://portal.inmet.gov.br/uploads/dadoshistoricos/2012.zip"", ""method"": ""agregação anual observada por estação + IDW municipal em EPSG:31985; p=2; 3-6 estações; raio <=300 km; controle mínimo de completude"", ""verified"": true}"
2606309,2012,1.974969868175209,-218006.5634651877,"{""temperatura_media_c"": {""n_estacoes"": 6, ""nearest_distance_km"": 46.42, ""max_distance_km"": 233.68, ""stations"": [""OURICURI"", ""CABROBO"", ""FLORESTA"", ""SERRA TALHADA"", ""PETROLINA"", ""IBIMIRIM""], ""method"": ""IDW p=2; até 6 estações; raio máximo 300 km""}, ""precipitacao_anual_mm"": {""n_estacoes"": 6, ""nearest_distance_km"": 46.42, ""max_distance_km"": 233.68, ""stations"": [""OURICURI"", ""CABROBO"", ""FLORESTA"", ""SERRA TALHADA"", ""PETROLINA"", ""IBIMIRIM""], ""method"": ""IDW p=2; até 6 estações; raio máximo 300 km""}}","{""organization"": ""INMET"", ""dataset"": ""Dados Históricos Anuais - estações automáticas"", ""version"": ""2012"", ""retrieved_at"": ""2026-10-01"", ""reference_url"": ""https://portal.inmet.gov.br/uploads/dadoshistoricos/2012.zip"", ""method"": ""agregação anual observada por estação + IDW municipal em EPSG:31985; p=2; 3-6 estações; raio <=300 km; controle mínimo de completude"", ""verified"": true}"
2606408,2012,5.177846004829607,-4277526.5909755705,"{""temperatura_media_c"": {""n_estacoes"": 6, ""nearest_distance_km"": 46.75, ""max_distance_km"": 169.37, ""stations"": [""CARUARU"", ""SURUBIM"", ""PALMARES"", ""RECIFE"", ""GARANHUNS"", ""ARCO VERDE""], ""method"": ""IDW p=2; até 6 estações; raio máximo 300 km""}, ""precipitacao_anual_mm"": {""n_estacoes"": 6, ""nearest_distance_km"": 46.75, ""max_distance_km"": 169.37, ""stations"": [""CARUARU"", ""SURUBIM"", ""PALMARES"", ""RECIFE"", ""GARANHUNS"", ""ARCO VERDE""], ""method"": ""IDW p=2; até 6 estações; raio máximo 300 km""}}","{""organization"": ""INMET"", ""dataset"": ""Dados Históricos Anuais - estações automáticas"", ""version"": ""2012"", ""retrieved_at"": ""2026-10-01"", ""reference_url"": ""https://portal.inmet.gov.br/uploads/dadoshistoricos/2012.zip"", ""method"": ""agregação anual observada por estação + IDW municipal em EPSG:31985; p=2; 3-6 estações; raio <=300 km; controle mínimo de completude"", ""verified"": true}"
2606507,2012,6.240463792213382,-730889.2713193465,"{""temperatura_media_c"": {""n_estacoes"": 6, ""nearest_distance_km"": 51.85, ""max_distance_km"": 189.14, ""stations"": [""GARANHUNS"", ""ARCO VERDE"", ""IBIMIRIM"", ""CARUARU"", ""PALMARES"", ""SURUBIM""], ""method"": ""IDW p=2; até 6 estações; raio máximo 300 km""}, ""precipitacao_anual_mm"": {""n_estacoes"": 6, ""nearest_distance_km"": 51.85, ""max_distance_km"": 189.14, ""stations"": [""GARANHUNS"", ""ARCO VERDE"", ""IBIMIRIM"", ""CARUARU"", ""PALMARES"", ""SURUBIM""], ""method"": ""IDW p=2; até 6 estações; raio máximo 300 km""}}","{""organization"": ""INMET"", ""dataset"": ""Dados Históricos Anuais - estações automáticas"", ""version"": ""2012"", ""retrieved_at"": ""2026-10-01"", ""reference_url"": ""https://portal.inmet.gov.br/uploads/dadoshistoricos/2012.zip"", ""method"": ""agregação anual observada por estação + IDW municipal em EPSG:31985; p=2; 3-6 estações; raio <=300 km; controle mínimo de completude"", ""verified"": true}"
2606606,2012,-72.65874313362654,-862823.7898807606,"{""temperatura_media_c"": {""n_estacoes"": 6, ""nearest_distance_km"": 14.67, ""max_distance_km"": 183.26, ""stations"": [""IBIMIRIM"", ""ARCO VERDE"", ""SERRA TALHADA"", ""FLORESTA"", ""GARANHUNS"", ""CARUARU""], ""method"": ""IDW p=2; até 6 estações; raio máximo 300 km""}, ""precipitacao_anual_mm"": {""n_estacoes"": 6, ""nearest_distance_km"": 14.67, ""max_distance_km"": 183.26, ""stations"": [""IBIMIRIM"", ""ARCO VERDE"", ""SERRA TALHADA"", ""FLORESTA"", ""GARANHUNS"", ""CARUARU""], ""method"": ""IDW p=2; até 6 estações; raio máximo 300 km""}}","{""organization"": ""INMET"", ""dataset"": ""Dados Históricos Anuais - estações automáticas"", ""version"": ""2012"", ""retrieved_at"": ""2026-10-01"", ""reference_url"": ""https://portal.inmet.gov.br/uploads/dadoshistoricos/2012.zip"", ""method"": ""agregação anual observada por estação + IDW municipal em EPSG:31985; p=2; 3-6 estações; raio <=300 km; controle mínimo de completude"", ""verified"": true}"
2606705,2012,14.36190327102254,-1231571.661732565,"{""temperatura_media_c"": {""n_estacoes"": 6, ""nearest_distance_km"": 45.84, ""max_distance_km"": 150.0, ""stations"": [""GARANHUNS"", ""CARUARU"", ""PALMARES"", ""SURUBIM"", ""ARCO VERDE"", ""RECIFE""], ""method"": ""IDW p=2; até 6 estações; raio máximo 300 km""}, ""precipitacao_anual_mm"": {""n_estacoes"": 6, ""nearest_distance_km"": 45.84, ""max_distance_km"": 150.0, ""stations"": [""GARANHUNS"", ""CARUARU"", ""PALMARES"", ""SURUBIM"", ""ARCO VERDE"", ""RECIFE""], ""method"": ""IDW p=2; até 6 estações; raio máximo 300 km""}}","{""organization"": ""INMET"", ""dataset"": ""Dados Históricos Anuais - estações automáticas"", ""version"": ""2012"", ""retrieved_at"": ""2026-10-01"", ""reference_url"": ""https://portal.inmet.gov.br/uploads/dadoshistoricos/2012.zip"", ""method"": ""agregação anual observada por estação + IDW municipal em EPSG:31985; p=2; 3-6 estações; raio <=300 km; controle mínimo de completude"", ""verified"": true}"
2606804,2012,-64.93599423603422,-1804301.5826104668,"{""temperatura_media_c"": {""n_estacoes"": 6, ""nearest_distance_km"": 26.73, ""max_distance_km"": 243.44, ""stations"": [""RECIFE"", ""SURUBIM"", ""PALMARES"", ""CARUARU"", ""GARANHUNS"", ""ARCO VERDE""], ""method"": ""IDW p=2; até 6 estações; raio máximo 300 km""}, ""precipitacao_anual_mm"": {""n_estacoes"": 6, ""nearest_distance_km"": 26.73, ""max_distance_km"": 243.44, ""stations"": [""RECIFE"", ""SURUBIM"", ""PALMARES"", ""CARUARU"", ""GARANHUNS"", ""ARCO VERDE""], ""method"": ""IDW p=2; até 6 estações; raio máximo 300 km""}}","{""organization"": ""INMET"", ""dataset"": ""Dados Históricos Anuais - estações automáticas"", ""version"": ""2012"", ""retrieved_at"": ""2026-10-01"", ""reference_url"": ""https://portal.inmet.gov.br/uploads/dadoshistoricos/2012.zip"", ""method"": ""agregação anual observada por estação + IDW municipal em EPSG:31985; p=2; 3-6 estações; raio <=300 km; controle mínimo de completude"", ""verified"": true}"
2606903,2012,-28.52298222089639,-468777.3846111345,"{""temperatura_media_c"": {""n_estacoes"": 6, ""nearest_distance_km"": 72.52, ""max_distance_km"": 162.37, ""stations"": [""ARCO VERDE"", ""IBIMIRIM"", ""SERRA TALHADA"", ""GARANHUNS"", ""FLORESTA"", ""CARUARU""], ""method"": ""IDW p=2; até 6 estações; raio máximo 300 km""}, ""precipitacao_anual_mm"": {""n_estacoes"": 6, ""nearest_distance_km"": 72.52, ""max_distance_km"": 162.37, ""stations"": [""ARCO VERDE"", ""IBIMIRIM"", ""SERRA TALHADA"", ""GARANHUNS"", ""FLORESTA"", ""CARUARU""], ""method"": ""IDW p=2; até 6 estações; raio máximo 300 km""}}","{""organization"": ""INMET"", ""dataset"": ""Dados Históricos Anuais - estações automáticas"", ""version"": ""2012"", ""retrieved_at"": ""2026-10-01"", ""reference_url"": ""https://portal.inmet.gov.br/uploads/dadoshistoricos/2012.zip"", ""method"": ""agregação anual observada por estação + IDW municipal em EPSG:31985; p=2; 3-6 estações; raio <=300 km; controle mínimo de completude"", ""verified"": true}"
2607000,2012,-77.1347967463335,-902414.0277490332,"{""temperatura_media_c"": {""n_estacoes"": 6, ""nearest_distance_km"": 36.35, ""max_distance_km"": 165.7, ""stations"": [""IBIMIRIM"", ""FLORESTA"", ""ARCO VERDE"", ""SERRA TALHADA"", ""GARANHUNS"", ""CABROBO""], ""method"": ""IDW p=2; até 6 estações; raio máximo 300 km""}, ""precipitacao_anual_mm"": {""n_estacoes"": 6, ""nearest_distance_km"": 36.35, ""max_distance_km"": 165.7, ""stations"": [""IBIMIRIM"", ""FLORESTA"", ""ARCO VERDE"", ""SERRA TALHADA"", ""GARANHUNS"", ""CABROBO""], ""method"": ""IDW p=2; até 6 estações; raio máximo 300 km""}}","{""organization"": ""INMET"", ""dataset"": ""Dados Históricos Anuais - estações automáticas"", ""version"": ""2012"", ""retrieved_at"": ""2026-10-01"", ""reference_url"": ""https://portal.inmet.gov.br/uploads/dadoshistoricos/2012.zip"", ""method"": ""agregação anual observada por estação + IDW municipal em EPSG:31985; p=2; 3-6 estações; raio <=300 km; controle mínimo de completude"", ""verified"": true}"
2607109,2012,-29.09626726067533,-474444.1620550573,"{""temperatura_media_c"": {""n_estacoes"": 6, ""nearest_distance_km"": 86.17, ""max_distance_km"": 168.22, ""stations"": [""ARCO VERDE"", ""IBIMIRIM"", ""SERRA TALHADA"", ""FLORESTA"", ""GARANHUNS"", ""CARUARU""], ""method"": ""IDW p=2; até 6 estações; raio máximo 300 km""}, ""precipitacao_anual_mm"": {""n_estacoes"": 6, ""nearest_distance_km"": 86.17, ""max_distance_km"": 168.22, ""stations"": [""ARCO VERDE"", ""IBIMIRIM"", ""SERRA TALHADA"", ""FLORESTA"", ""GARANHUNS"", ""CARUARU""], ""method"": ""IDW p=2; até 6 estações; raio máximo 300 km""}}","{""organization"": ""INMET"", ""dataset"": ""Dados Históricos Anuais - estações automáticas"", ""version"": ""2012"", ""retrieved_at"": ""2026-10-01"", ""reference_url"": ""https://portal.inmet.gov.br/uploads/dadoshistoricos/2012.zip"", ""method"": ""agregação anual observada por estação + IDW municipal em EPSG:31985; p=2; 3-6 estações; raio <=300 km; controle mínimo de completude"", ""verified"": true}"
2607208,2012,-30.158560562186896,-1817827.023007798,"{""temperatura_media_c"": {""n_estacoes"": 6, ""nearest_distance_km"": 44.18, ""max_distance_km"": 219.88, ""stations"": [""RECIFE"", ""PALMARES"", ""CARUARU"", ""SURUBIM"", ""GARANHUNS"", ""ARCO VERDE""], ""method"": ""IDW p=2; até 6 estações; raio máximo 300 km""}, ""precipitacao_anual_mm"": {""n_estacoes"": 6, ""nearest_distance_km"": 44.18, ""max_distance_km"": 219.88, ""stations"": [""RECIFE"", ""PALMARES"", ""CARUARU"", ""SURUBIM"", ""GARANHUNS"", ""ARCO VERDE""], ""method"": ""IDW p=2; até 6 estações; raio máximo 300 km""}}","{""organization"": ""INMET"", ""dataset"": ""Dados Históricos Anuais - estações automáticas"", ""version"": ""2012"", ""retrieved_at"": ""2026-10-01"", ""reference_url"": ""https://portal.inmet.gov.br/uploads/dadoshistoricos/2012.zip"", ""method"": ""agregação anual observada por estação + IDW municipal em EPSG:31985; p=2; 3-6 estações; raio <=300 km; controle mínimo de completude"", ""verified"": true}"
2607307,2012,10.340801934708445,-144319.4900905834,"{""temperatura_media_c"": {""n_estacoes"": 6, ""nearest_distance_km"": 45.0, ""max_distance_km"": 299.57, ""stations"": [""OURICURI"", ""CABROBO"", ""PETROLINA"", ""FLORESTA"", ""SERRA TALHADA"", ""IBIMIRIM""], ""method"": ""IDW p=2; até 6 estações; raio máximo 300 km""}, ""precipitacao_anual_mm"": {""n_estacoes"": 6, ""nearest_distance_km"": 45.0, ""max_distance_km"": 299.57, ""stations"": [""OURICURI"", ""CABROBO"", ""PETROLINA"", ""FLORESTA"", ""SERRA TALHADA"", ""IBIMIRIM""], ""method"": ""IDW p=2; até 6 estações; raio máximo 300 km""}}","{""organization"": ""INMET"", ""dataset"": ""Dados Históricos Anuais - estações automáticas"", ""version"": ""2012"", ""retrieved_at"": ""2026-10-01"", ""reference_url"": ""https://portal.inmet.gov.br/uploads/dadoshistoricos/2012.zip"", ""method"": ""agregação anual observada por estação + IDW municipal em EPSG:31985; p=2; 3-6 estações; raio <=300 km; controle mínimo de completude"", ""verified"": true}"
2607406,2012,-214.24598800969937,-2114555.2358493577,"{""temperatura_media_c"": {""n_estacoes"": 6, ""nearest_distance_km"": 23.55, ""max_distance_km"": 185.4, ""stations"": [""FLORESTA"", ""CABROBO"", ""SERRA TALHADA"", ""IBIMIRIM"", ""OURICURI"", ""ARCO VERDE""], ""method"": ""IDW p=2; até 6 estações; raio máximo 300 km""}, ""precipitacao_anual_mm"": {""n_estacoes"": 6, ""nearest_distance_km"": 23.55, ""max_distance_km"": 185.4, ""stations"": [""FLORESTA"", ""CABROBO"", ""SERRA TALHADA"", ""IBIMIRIM"", ""OURICURI"", ""ARCO VERDE""], ""method"": ""IDW p=2; até 6 estações; raio máximo 300 km""}}","{""organization"": ""INMET"", ""dataset"": ""Dados Históricos Anuais - estações automáticas"", ""version"": ""2012"", ""retrieved_at"": ""2026-10-01"", ""reference_url"": ""https://portal.inmet.gov.br/uploads/dadoshistoricos/2012.zip"", ""method"": ""agregação anual observada por estação + IDW municipal em EPSG:31985; p=2; 3-6 estações; raio <=300 km; controle mínimo de completude"", ""verified"": true}"
2607505,2012,-30.777863677638834,-485950.9132444051,"{""temperatura_media_c"": {""n_estacoes"": 6, ""nearest_distance_km"": 67.12, ""max_distance_km"": 166.52, ""stations"": [""ARCO VERDE"", ""IBIMIRIM"", ""GARANHUNS"", ""FLORESTA"", ""SERRA TALHADA"", ""CARUARU""], ""method"": ""IDW p=2; até 6 estações; raio máximo 300 km""}, ""precipitacao_anual_mm"": {""n_estacoes"": 6, ""nearest_distance_km"": 67.12, ""max_distance_km"": 166.52, ""stations"": [""ARCO VERDE"", ""IBIMIRIM"", ""GARANHUNS"", ""FLORESTA"", ""SERRA TALHADA"", ""CARUARU""], ""method"": ""IDW p=2; até 6 estações; raio máximo 300 km""}}","{""organization"": ""INMET"", ""dataset"": ""Dados Históricos Anuais - estações automáticas"", ""version"": ""2012"", ""retrieved_at"": ""2026-10-01"", ""reference_url"": ""https://portal.inmet.gov.br/uploads/dadoshistoricos/2012.zip"", ""method"": ""agregação anual observada por estação + IDW municipal em EPSG:31985; p=2; 3-6 estações; raio <=300 km; controle mínimo de completude"", ""verified"": true}"
2607604,2012,-59.393035934718434,-2019745.3159497415,"{""temperatura_media_c"": {""n_estacoes"": 6, ""nearest_distance_km"": 35.11, ""max_distance_km"": 256.45, ""stations"": [""RECIFE"", ""SURUBIM"", ""PALMARES"", ""CARUARU"", ""GARANHUNS"", ""ARCO VERDE""], ""method"": ""IDW p=2; até 6 estações; raio máximo 300 km""}, ""precipitacao_anual_mm"": {""n_estacoes"": 6, ""nearest_distance_km"": 35.11, ""max_distance_km"": 256.45, ""stations"": [""RECIFE"", ""SURUBIM"", ""PALMARES"", ""CARUARU"", ""GARANHUNS"", ""ARCO VERDE""], ""method"": ""IDW p=2; até 6 estações; raio máximo 300 km""}}","{""organization"": ""INMET"", ""dataset"": ""Dados Históricos Anuais - estações automáticas"", ""version"": ""2012"", ""retrieved_at"": ""2026-10-01"", ""reference_url"": ""https://portal.inmet.gov.br/uploads/dadoshistoricos/2012.zip"", ""method"": ""agregação anual observada por estação + IDW municipal em EPSG:31985; p=2; 3-6 estações; raio <=300 km; controle mínimo de completude"", ""verified"": true}"
2607653,2012,-23.512039953207147,-4586348.950317682,"{""temperatura_media_c"": {""n_estacoes"": 6, ""nearest_distance_km"": 70.1, ""max_distance_km"": 240.31, ""stations"": [""RECIFE"", ""SURUBIM"", ""CARUARU"", ""PALMARES"", ""GARANHUNS"", ""ARCO VERDE""], ""method"": ""IDW p=2; até 6 estações; raio máximo 300 km""}, ""precipitacao_anual_mm"": {""n_estacoes"": 6, ""nearest_distance_km"": 70.1, ""max_distance_km"": 240.31, ""stations"": [""RECIFE"", ""SURUBIM"", ""CARUARU"", ""PALMARES"", ""GARANHUNS"", ""ARCO VERDE""], ""method"": ""IDW p=2; até 6 estações; raio máximo 300 km""}}","{""organization"": ""INMET"", ""dataset"": ""Dados Históricos Anuais - estações automáticas"", ""version"": ""2012"", ""retrieved_at"": ""2026-10-01"", ""reference_url"": ""https://portal.inmet.gov.br/uploads/dadoshistoricos/2012.zip"", ""method"": ""agregação anual observada por estação + IDW municipal em EPSG:31985; p=2; 3-6 estações; raio <=300 km; controle mínimo de completude"", ""verified"": true}"
2607703,2012,1.189455900705536,-2254558.8812264903,"{""temperatura_media_c"": {""n_estacoes"": 6, ""nearest_distance_km"": 113.18, ""max_distance_km"": 181.92, ""stations"": [""ARCO VERDE"", ""IBIMIRIM"", ""SERRA TALHADA"", ""SURUBIM"", ""CARUARU"", ""GARANHUNS""], ""method"": ""IDW p=2; até 6 estações; raio máximo 300 km""}, ""precipitacao_anual_mm"": {""n_estacoes"": 6, ""nearest_distance_km"": 113.18, ""max_distance_km"": 181.92, ""stations"": [""ARCO VERDE"", ""IBIMIRIM"", ""SERRA TALHADA"", ""SURUBIM"", ""CARUARU"", ""GARANHUNS""], ""method"": ""IDW p=2; até 6 estações; raio máximo 300 km""}}","{""organization"": ""INMET"", ""dataset"": ""Dados Históricos Anuais - estações automáticas"", ""version"": ""2012"", ""retrieved_at"": ""2026-10-01"", ""reference_url"": ""https://portal.inmet.gov.br/uploads/dadoshistoricos/2012.zip"", ""method"": ""agregação anual observada por estação + IDW municipal em EPSG:31985; p=2; 3-6 estações; raio <=300 km; controle mínimo de completude"", ""verified"": true}"
2607752,2012,-57.957248588703365,-2138689.901644825,"{""temperatura_media_c"": {""n_estacoes"": 6, ""nearest_distance_km"": 35.22, ""max_distance_km"": 251.39, ""stations"": [""RECIFE"", ""SURUBIM"", ""PALMARES"", ""CARUARU"", ""GARANHUNS"", ""ARCO VERDE""], ""method"": ""IDW p=2; até 6 estações; raio máximo 300 km""}, ""precipitacao_anual_mm"": {""n_estacoes"": 6, ""nearest_distance_km"": 35.22, ""max_distance_km"": 251.39, ""stations"": [""RECIFE"", ""SURUBIM"", ""PALMARES"", ""CARUARU"", ""GARANHUNS"", ""ARCO VERDE""], ""method"": ""IDW p=2; até 6 estações; raio máximo 300 km""}}","{""organization"": ""INMET"", ""dataset"": ""Dados Históricos Anuais - estações automáticas"", ""version"": ""2012"", ""retrieved_at"": ""2026-10-01"", ""reference_url"": ""https://portal.inmet.gov.br/uploads/dadoshistoricos/2012.zip"", ""method"": ""agregação anual observada por estação + IDW municipal em EPSG:31985; p=2; 3-6 estações; raio <=300 km; controle mínimo de completude"", ""verified"": true}"
2607802,2012,-47.043583689640755,-2901819.8306815815,"{""temperatura_media_c"": {""n_estacoes"": 6, ""nearest_distance_km"": 42.02, ""max_distance_km"": 240.31, ""stations"": [""RECIFE"", ""SURUBIM"", ""CARUARU"", ""PALMARES"", ""GARANHUNS"", ""ARCO VERDE""], ""method"": ""IDW p=2; até 6 estações; raio máximo 300 km""}, ""precipitacao_anual_mm"": {""n_estacoes"": 6, ""nearest_distance_km"": 42.02, ""max_distance_km"": 240.31, ""stations"": [""RECIFE"", ""SURUBIM"", ""CARUARU"", ""PALMARES"", ""GARANHUNS"", ""ARCO VERDE""], ""method"": ""IDW p=2; até 6 estações; raio máximo 300 km""}}","{""organization"": ""INMET"", ""dataset"": ""Dados Históricos Anuais - estações automáticas"", ""version"": ""2012"", ""retrieved_at"": ""2026-10-01"", ""reference_url"": ""https://portal.inmet.gov.br/uploads/dadoshistoricos/2012.zip"", ""method"": ""agregação anual observada por estação + IDW municipal em EPSG:31985; p=2; 3-6 estações; raio <=300 km; controle mínimo de completude"", ""verified"": true}"
2607901,2012,-78.00509915426828,-1109552.5814353283,"{""temperatura_media_c"": {""n_estacoes"": 6, ""nearest_distance_km"": 11.37, ""max_distance_km"": 231.25, ""stations"": [""RECIFE"", ""PALMARES"", ""SURUBIM"", ""CARUARU"", ""GARANHUNS"", ""ARCO VERDE""], ""method"": ""IDW p=2; até 6 estações; raio máximo 300 km""}, ""precipitacao_anual_mm"": {""n_estacoes"": 6, ""nearest_distance_km"": 11.37, ""max_distance_km"": 231.25, ""stations"": [""RECIFE"", ""PALMARES"", ""SURUBIM"", ""CARUARU"", ""GARANHUNS"", ""ARCO VERDE""], ""method"": ""IDW p=2; até 6 estações; raio máximo 300 km""}}","{""organization"": ""INMET"", ""dataset"": ""Dados Históricos Anuais - estações automáticas"", ""version"": ""2012"", ""retrieved_at"": ""2026-10-01"", ""reference_url"": ""https://portal.inmet.gov.br/uploads/dadoshistoricos/2012.zip"", ""method"": ""agregação anual observada por estação + IDW municipal em EPSG:31985; p=2; 3-6 estações; raio <=300 km; controle mínimo de completude"", ""verified"": true}"
2607950,2012,16.345463636930944,-842544.9160870928,"{""temperatura_media_c"": {""n_estacoes"": 6, ""nearest_distance_km"": 27.74, ""max_distance_km"": 145.18, ""stations"": [""PALMARES"", ""CARUARU"", ""GARANHUNS"", ""SURUBIM"", ""RECIFE"", ""ARCO VERDE""], ""method"": ""IDW p=2; até 6 estações; raio máximo 300 km""}, ""precipitacao_anual_mm"": {""n_estacoes"": 6, ""nearest_distance_km"": 27.74, ""max_distance_km"": 145.18, ""stations"": [""PALMARES"", ""CARUARU"", ""GARANHUNS"", ""SURUBIM"", ""RECIFE"", ""ARCO VERDE""], ""method"": ""IDW p=2; até 6 estações; raio máximo 300 km""}}","{""organization"": ""INMET"", ""dataset"": ""Dados Históricos Anuais - estações automáticas"", ""version"": ""2012"", ""retrieved_at"": ""2026-10-01"", ""reference_url"": ""https://portal.inmet.gov.br/uploads/dadoshistoricos/2012.zip"", ""method"": ""agregação anual observada por estação + IDW municipal em EPSG:31985; p=2; 3-6 estações; raio <=300 km; controle mínimo de completude"", ""verified"": true}"
2608008,2012,11.653681656998192,-2645013.200489392,"{""temperatura_media_c"": {""n_estacoes"": 6, ""nearest_distance_km"": 63.7, ""max_distance_km"": 139.41, ""stations"": [""CARUARU"", ""ARCO VERDE"", ""SURUBIM"", ""GARANHUNS"", ""PALMARES"", ""IBIMIRIM""], ""method"": ""IDW p=2; até 6 estações; raio máximo 300 km""}, ""precipitacao_anual_mm"": {""n_estacoes"": 6, ""nearest_distance_km"": 63.7, ""max_distance_km"": 139.41, ""stations"": [""CARUARU"", ""ARCO VERDE"", ""SURUBIM"", ""GARANHUNS"", ""PALMARES"", ""IBIMIRIM""], ""method"": ""IDW p=2; até 6 estações; raio máximo 300 km""}}","{""organization"": ""INMET"", ""dataset"": ""Dados Históricos Anuais - estações automáticas"", ""version"": ""2012"", ""retrieved_at"": ""2026-10-01"", ""reference_url"": ""https://portal.inmet.gov.br/uploads/dadoshistoricos/2012.zip"", ""method"": ""agregação anual observada por estação + IDW municipal em EPSG:31985; p=2; 3-6 estações; raio <=300 km; controle mínimo de completude"", ""verified"": true}"
2608057,2012,-108.5466515881521,-1180748.2882675077,"{""temperatura_media_c"": {""n_estacoes"": 6, ""nearest_distance_km"": 79.5, ""max_distance_km"": 192.38, ""stations"": [""FLORESTA"", ""IBIMIRIM"", ""SERRA TALHADA"", ""CABROBO"", ""ARCO VERDE"", ""GARANHUNS""], ""method"": ""IDW p=2; até 6 estações; raio máximo 300 km""}, ""precipitacao_anual_mm"": {""n_estacoes"": 6, ""nearest_distance_km"": 79.5, ""max_distance_km"": 192.38, ""stations"": [""FLORESTA"", ""IBIMIRIM"", ""SERRA TALHADA"", ""CABROBO"", ""ARCO VERDE"", ""GARANHUNS""], ""method"": ""IDW p=2; até 6 estações; raio máximo 300 km""}}","{""organization"": ""INMET"", ""dataset"": ""Dados Históricos Anuais - estações automáticas"", ""version"": ""2012"", ""retrieved_at"": ""2026-10-01"", ""reference_url"": ""https://portal.inmet.gov.br/uploads/dadoshistoricos/2012.zip"", ""method"": ""agregação anual observada por estação + IDW municipal em EPSG:31985; p=2; 3-6 estações; raio <=300 km; controle mínimo de completude"", ""verified"": true}"
2608107,2012,11.145034483624858,-11039403.975888358,"{""temperatura_media_c"": {""n_estacoes"": 6, ""nearest_distance_km"": 22.64, ""max_distance_km"": 175.67, ""stations"": [""SURUBIM"", ""CARUARU"", ""RECIFE"", ""PALMARES"", ""GARANHUNS"", ""ARCO VERDE""], ""method"": ""IDW p=2; até 6 estações; raio máximo 300 km""}, ""precipitacao_anual_mm"": {""n_estacoes"": 6, ""nearest_distance_km"": 22.64, ""max_distance_km"": 175.67, ""stations"": [""SURUBIM"", ""CARUARU"", ""RECIFE"", ""PALMARES"", ""GARANHUNS"", ""ARCO VERDE""], ""method"": ""IDW p=2; até 6 estações; raio máximo 300 km""}}","{""organization"": ""INMET"", ""dataset"": ""Dados Históricos Anuais - estações automáticas"", ""version"": ""2012"", ""retrieved_at"": ""2026-10-01"", ""reference_url"": ""https://portal.inmet.gov.br/uploads/dadoshistoricos/2012.zip"", ""method"": ""agregação anual observada por estação + IDW municipal em EPSG:31985; p=2; 3-6 estações; raio <=300 km; controle mínimo de completude"", ""verified"": true}"
2608206,2012,19.049578557453373,-353552.3251014121,"{""temperatura_media_c"": {""n_estacoes"": 6, ""nearest_distance_km"": 11.85, ""max_distance_km"": 170.42, ""stations"": [""PALMARES"", ""CARUARU"", ""SURUBIM"", ""RECIFE"", ""GARANHUNS"", ""ARCO VERDE""], ""method"": ""IDW p=2; até 6 estações; raio máximo 300 km""}, ""precipitacao_anual_mm"": {""n_estacoes"": 6, ""nearest_distance_km"": 11.85, ""max_distance_km"": 170.42, ""stations"": [""PALMARES"", ""CARUARU"", ""SURUBIM"", ""RECIFE"", ""GARANHUNS"", ""ARCO VERDE""], ""method"": ""IDW p=2; até 6 estações; raio máximo 300 km""}}","{""organization"": ""INMET"", ""dataset"": ""Dados Históricos Anuais - estações automáticas"", ""version"": ""2012"", ""retrieved_at"": ""2026-10-01"", ""reference_url"": ""https://portal.inmet.gov.br/uploads/dadoshistoricos/2012.zip"", ""method"": ""agregação anual observada por estação + IDW municipal em EPSG:31985; p=2; 3-6 estações; raio <=300 km; controle mínimo de completude"", ""verified"": true}"
2608255,2012,14.488627262230239,-351537.18231160945,"{""temperatura_media_c"": {""n_estacoes"": 6, ""nearest_distance_km"": 18.45, ""max_distance_km"": 140.51, ""stations"": [""GARANHUNS"", ""CARUARU"", ""ARCO VERDE"", ""PALMARES"", ""SURUBIM"", ""IBIMIRIM""], ""method"": ""IDW p=2; até 6 estações; raio máximo 300 km""}, ""precipitacao_anual_mm"": {""n_estacoes"": 6, ""nearest_distance_km"": 18.45, ""max_distance_km"": 140.51, ""stations"": [""GARANHUNS"", ""CARUARU"", ""ARCO VERDE"", ""PALMARES"", ""SURUBIM"", ""IBIMIRIM""], ""method"": ""IDW p=2; até 6 estações; raio máximo 300 km""}}","{""organization"": ""INMET"", ""dataset"": ""Dados Históricos Anuais - estações automáticas"", ""version"": ""2012"", ""retrieved_at"": ""2026-10-01"", ""reference_url"": ""https://portal.inmet.gov.br/uploads/dadoshistoricos/2012.zip"", ""method"": ""agregação anual observada por estação + IDW municipal em EPSG:31985; p=2; 3-6 estações; raio <=300 km; controle mínimo de completude"", ""verified"": true}"
2608305,2012,14.303290918766912,-536880.7330617703,"{""temperatura_media_c"": {""n_estacoes"": 6, ""nearest_distance_km"": 23.94, ""max_distance_km"": 147.1, ""stations"": [""GARANHUNS"", ""CARUARU"", ""ARCO VERDE"", ""PALMARES"", ""SURUBIM"", ""IBIMIRIM""], ""method"": ""IDW p=2; até 6 estações; raio máximo 300 km""}, ""precipitacao_anual_mm"": {""n_estacoes"": 6, ""nearest_distance_km"": 23.94, ""max_distance_km"": 147.1, ""stations"": [""GARANHUNS"", ""CARUARU"", ""ARCO VERDE"", ""PALMARES"", ""SURUBIM"", ""IBIMIRIM""], ""method"": ""IDW p=2; até 6 estações; raio máximo 300 km""}}","{""organization"": ""INMET"", ""dataset"": ""Dados Históricos Anuais - estações automáticas"", ""version"": ""2012"", ""retrieved_at"": ""2026-10-01"", ""reference_url"": ""https://portal.inmet.gov.br/uploads/dadoshistoricos/2012.zip"", ""method"": ""agregação anual observada por estação + IDW municipal em EPSG:31985; p=2; 3-6 estações; raio <=300 km; controle mínimo de completude"", ""verified"": true}"
2608404,2012,14.105244649630013,-1053583.3931364277,"{""temperatura_media_c"": {""n_estacoes"": 6, ""nearest_distance_km"": 42.24, ""max_distance_km"": 151.46, ""stations"": [""GARANHUNS"", ""CARUARU"", ""PALMARES"", ""SURUBIM"", ""ARCO VERDE"", ""RECIFE""], ""method"": ""IDW p=2; até 6 estações; raio máximo 300 km""}, ""precipitacao_anual_mm"": {""n_estacoes"": 6, ""nearest_distance_km"": 42.24, ""max_distance_km"": 151.46, ""stations"": [""GARANHUNS"", ""CARUARU"", ""PALMARES"", ""SURUBIM"", ""ARCO VERDE"", ""RECIFE""], ""method"": ""IDW p=2; até 6 estações; raio máximo 300 km""}}","{""organization"": ""INMET"", ""dataset"": ""Dados Históricos Anuais - estações automáticas"", ""version"": ""2012"", ""retrieved_at"": ""2026-10-01"", ""reference_url"": ""https://portal.inmet.gov.br/uploads/dadoshistoricos/2012.zip"", ""method"": ""agregação anual observada por estação + IDW municipal em EPSG:31985; p=2; 3-6 estações; raio <=300 km; controle mínimo de completude"", ""verified"": true}"
2608453,2012,-20.59641465676833,-5355887.658853609,"{""temperatura_media_c"": {""n_estacoes"": 6, ""nearest_distance_km"": 47.47, ""max_distance_km"": 202.59, ""stations"": [""RECIFE"", ""SURUBIM"", ""CARUARU"", ""PALMARES"", ""GARANHUNS"", ""ARCO VERDE""], ""method"": ""IDW p=2; até 6 estações; raio máximo 300 km""}, ""precipitacao_anual_mm"": {""n_estacoes"": 6, ""nearest_distance_km"": 47.47, ""max_distance_km"": 202.59, ""stations"": [""RECIFE"", ""SURUBIM"", ""CARUARU"", ""PALMARES"", ""GARANHUNS"", ""ARCO VERDE""], ""method"": ""IDW p=2; até 6 estações; raio máximo 300 km""}}","{""organization"": ""INMET"", ""dataset"": ""Dados Históricos Anuais - estações automáticas"", ""version"": ""2012"", ""retrieved_at"": ""2026-10-01"", ""reference_url"": ""https://portal.inmet.gov.br/uploads/dadoshistoricos/2012.zip"", ""method"": ""agregação anual observada por estação + IDW municipal em EPSG:31985; p=2; 3-6 estações; raio <=300 km; controle mínimo de completude"", ""verified"": true}"
2608503,2012,-30.643408880823465,-4232355.268339083,"{""temperatura_media_c"": {""n_estacoes"": 6, ""nearest_distance_km"": 40.54, ""max_distance_km"": 205.17, ""stations"": [""RECIFE"", ""SURUBIM"", ""CARUARU"", ""PALMARES"", ""GARANHUNS"", ""ARCO VERDE""], ""method"": ""IDW p=2; até 6 estações; raio máximo 300 km""}, ""precipitacao_anual_mm"": {""n_estacoes"": 6, ""nearest_distance_km"": 40.54, ""max_distance_km"": 205.17, ""stations"": [""RECIFE"", ""SURUBIM"", ""CARUARU"", ""PALMARES"", ""GARANHUNS"", ""ARCO VERDE""], ""method"": ""IDW p=2; até 6 estações; raio máximo 300 km""}}","{""organization"": ""INMET"", ""dataset"": ""Dados Históricos Anuais - estações automáticas"", ""version"": ""2012"", ""retrieved_at"": ""2026-10-01"", ""reference_url"": ""https://portal.inmet.gov.br/uploads/dadoshistoricos/2012.zip"", ""method"": ""agregação anual observada por estação + IDW municipal em EPSG:31985; p=2; 3-6 estações; raio <=300 km; controle mínimo de completude"", ""verified"": true}"
2608602,2012,13.499958278521499,-439509.08868946513,"{""temperatura_media_c"": {""n_estacoes"": 6, ""nearest_distance_km"": 28.46, ""max_distance_km"": 164.22, ""stations"": [""GARANHUNS"", ""ARCO VERDE"", ""PALMARES"", ""CARUARU"", ""IBIMIRIM"", ""SURUBIM""], ""method"": ""IDW p=2; até 6 estações; raio máximo 300 km""}, ""precipitacao_anual_mm"": {""n_estacoes"": 6, ""nearest_distance_km"": 28.46, ""max_distance_km"": 164.22, ""stations"": [""GARANHUNS"", ""ARCO VERDE"", ""PALMARES"", ""CARUARU"", ""IBIMIRIM"", ""SURUBIM""], ""method"": ""IDW p=2; até 6 estações; raio máximo 300 km""}}","{""organization"": ""INMET"", ""dataset"": ""Dados Históricos Anuais - estações automáticas"", ""version"": ""2012"", ""retrieved_at"": ""2026-10-01"", ""reference_url"": ""https://portal.inmet.gov.br/uploads/dadoshistoricos/2012.zip"", ""method"": ""agregação anual observada por estação + IDW municipal em EPSG:31985; p=2; 3-6 estações; raio <=300 km; controle mínimo de completude"", ""verified"": true}"
2608701,2012,15.157298675695408,-1135632.5414901883,"{""temperatura_media_c"": {""n_estacoes"": 6, ""nearest_distance_km"": 36.12, ""max_distance_km"": 134.21, ""stations"": [""PALMARES"", ""CARUARU"", ""GARANHUNS"", ""SURUBIM"", ""RECIFE"", ""ARCO VERDE""], ""method"": ""IDW p=2; até 6 estações; raio máximo 300 km""}, ""precipitacao_anual_mm"": {""n_estacoes"": 6, ""nearest_distance_km"": 36.12, ""max_distance_km"": 134.21, ""stations"": [""PALMARES"", ""CARUARU"", ""GARANHUNS"", ""SURUBIM"", ""RECIFE"", ""ARCO VERDE""], ""method"": ""IDW p=2; até 6 estações; raio máximo 300 km""}}","{""organization"": ""INMET"", ""dataset"": ""Dados Históricos Anuais - estações automáticas"", ""version"": ""2012"", ""retrieved_at"": ""2026-10-01"", ""reference_url"": ""https://portal.inmet.gov.br/uploads/dadoshistoricos/2012.zip"", ""method"": ""agregação anual observada por estação + IDW municipal em EPSG:31985; p=2; 3-6 estações; raio <=300 km; controle mínimo de completude"", ""verified"": true}"
2608750,2012,-2.070659213039803,-260166.89890035964,"{""temperatura_media_c"": {""n_estacoes"": 6, ""nearest_distance_km"": 74.21, ""max_distance_km"": 279.43, ""stations"": [""PETROLINA"", ""OURICURI"", ""CABROBO"", ""FLORESTA"", ""SERRA TALHADA"", ""IBIMIRIM""], ""method"": ""IDW p=2; até 6 estações; raio máximo 300 km""}, ""precipitacao_anual_mm"": {""n_estacoes"": 6, ""nearest_distance_km"": 74.21, ""max_distance_km"": 279.43, ""stations"": [""PETROLINA"", ""OURICURI"", ""CABROBO"", ""FLORESTA"", ""SERRA TALHADA"", ""IBIMIRIM""], ""method"": ""IDW p=2; até 6 estações; raio máximo 300 km""}}","{""organization"": ""INMET"", ""dataset"": ""Dados Históricos Anuais - estações automáticas"", ""version"": ""2012"", ""retrieved_at"": ""2026-10-01"", ""reference_url"": ""https://portal.inmet.gov.br/uploads/dadoshistoricos/2012.zip"", ""method"": ""agregação anual observada por estação + IDW municipal em EPSG:31985; p=2; 3-6 estações; raio <=300 km; controle mínimo de completude"", ""verified"": true}"
2608800,2012,14.423134119313747,-903616.4569979516,"{""temperatura_media_c"": {""n_estacoes"": 6, ""nearest_distance_km"": 34.21, ""max_distance_km"": 158.29, ""stations"": [""GARANHUNS"", ""CARUARU"", ""PALMARES"", ""ARCO VERDE"", ""SURUBIM"", ""IBIMIRIM""], ""method"": ""IDW p=2; até 6 estações; raio máximo 300 km""}, ""precipitacao_anual_mm"": {""n_estacoes"": 6, ""nearest_distance_km"": 34.21, ""max_distance_km"": 158.29, ""stations"": [""GARANHUNS"", ""CARUARU"", ""PALMARES"", ""ARCO VERDE"", ""SURUBIM"", ""IBIMIRIM""], ""method"": ""IDW p=2; até 6 estações; raio máximo 300 km""}}","{""organization"": ""INMET"", ""dataset"": ""Dados Históricos Anuais - estações automáticas"", ""version"": ""2012"", ""retrieved_at"": ""2026-10-01"", ""reference_url"": ""https://portal.inmet.gov.br/uploads/dadoshistoricos/2012.zip"", ""method"": ""agregação anual observada por estação + IDW municipal em EPSG:31985; p=2; 3-6 estações; raio <=300 km; controle mínimo de completude"", ""verified"": true}"
2608909,2012,-3.4963132708121414,-7662321.531929791,"{""temperatura_media_c"": {""n_estacoes"": 6, ""nearest_distance_km"": 38.45, ""max_distance_km"": 191.15, ""stations"": [""SURUBIM"", ""RECIFE"", ""CARUARU"", ""PALMARES"", ""GARANHUNS"", ""ARCO VERDE""], ""method"": ""IDW p=2; até 6 estações; raio máximo 300 km""}, ""precipitacao_anual_mm"": {""n_estacoes"": 6, ""nearest_distance_km"": 38.45, ""max_distance_km"": 191.15, ""stations"": [""SURUBIM"", ""RECIFE"", ""CARUARU"", ""PALMARES"", ""GARANHUNS"", ""ARCO VERDE""], ""method"": ""IDW p=2; até 6 estações; raio máximo 300 km""}}","{""organization"": ""INMET"", ""dataset"": ""Dados Históricos Anuais - estações automáticas"", ""version"": ""2012"", ""retrieved_at"": ""2026-10-01"", ""reference_url"": ""https://portal.inmet.gov.br/uploads/dadoshistoricos/2012.zip"", ""method"": ""agregação anual observada por estação + IDW municipal em EPSG:31985; p=2; 3-6 estações; raio <=300 km; controle mínimo de completude"", ""verified"": true}"
2609006,2012,-2.6073881699470016,-7627838.179259622,"{""temperatura_media_c"": {""n_estacoes"": 6, ""nearest_distance_km"": 51.28, ""max_distance_km"": 205.42, ""stations"": [""SURUBIM"", ""RECIFE"", ""CARUARU"", ""PALMARES"", ""GARANHUNS"", ""ARCO VERDE""], ""method"": ""IDW p=2; até 6 estações; raio máximo 300 km""}, ""precipitacao_anual_mm"": {""n_estacoes"": 6, ""nearest_distance_km"": 51.28, ""max_distance_km"": 205.42, ""stations"": [""SURUBIM"", ""RECIFE"", ""CARUARU"", ""PALMARES"", ""GARANHUNS"", ""ARCO VERDE""], ""method"": ""IDW p=2; até 6 estações; raio máximo 300 km""}}","{""organization"": ""INMET"", ""dataset"": ""Dados Históricos Anuais - estações automáticas"", ""version"": ""2012"", ""retrieved_at"": ""2026-10-01"", ""reference_url"": ""https://portal.inmet.gov.br/uploads/dadoshistoricos/2012.zip"", ""method"": ""agregação anual observada por estação + IDW municipal em EPSG:31985; p=2; 3-6 estações; raio <=300 km; controle mínimo de completude"", ""verified"": true}"
2609105,2012,2.9317083451335977,-9098924.771621238,"{""temperatura_media_c"": {""n_estacoes"": 6, ""nearest_distance_km"": 35.79, ""max_distance_km"": 191.7, ""stations"": [""SURUBIM"", ""RECIFE"", ""CARUARU"", ""PALMARES"", ""GARANHUNS"", ""ARCO VERDE""], ""method"": ""IDW p=2; até 6 estações; raio máximo 300 km""}, ""precipitacao_anual_mm"": {""n_estacoes"": 6, ""nearest_distance_km"": 35.79, ""max_distance_km"": 191.7, ""stations"": [""SURUBIM"", ""RECIFE"", ""CARUARU"", ""PALMARES"", ""GARANHUNS"", ""ARCO VERDE""], ""method"": ""IDW p=2; até 6 estações; raio máximo 300 km""}}","{""organization"": ""INMET"", ""dataset"": ""Dados Históricos Anuais - estações automáticas"", ""version"": ""2012"", ""retrieved_at"": ""2026-10-01"", ""reference_url"": ""https://portal.inmet.gov.br/uploads/dadoshistoricos/2012.zip"", ""method"": ""agregação anual observada por estação + IDW municipal em EPSG:31985; p=2; 3-6 estações; raio <=300 km; controle mínimo de completude"", ""verified"": true}"
2609154,2012,-56.31506310642036,-715214.672216862,"{""temperatura_media_c"": {""n_estacoes"": 6, ""nearest_distance_km"": 45.93, ""max_distance_km"": 187.65, ""stations"": [""IBIMIRIM"", ""ARCO VERDE"", ""GARANHUNS"", ""FLORESTA"", ""SERRA TALHADA"", ""CARUARU""], ""method"": ""IDW p=2; até 6 estações; raio máximo 300 km""}, ""precipitacao_anual_mm"": {""n_estacoes"": 6, ""nearest_distance_km"": 45.93, ""max_distance_km"": 187.65, ""stations"": [""IBIMIRIM"", ""ARCO VERDE"", ""GARANHUNS"", ""FLORESTA"", ""SERRA TALHADA"", ""CARUARU""], ""method"": ""IDW p=2; até 6 estações; raio máximo 300 km""}}","{""organization"": ""INMET"", ""dataset"": ""Dados Históricos Anuais - estações automáticas"", ""version"": ""2012"", ""retrieved_at"": ""2026-10-01"", ""reference_url"": ""https://portal.inmet.gov.br/uploads/dadoshistoricos/2012.zip"", ""method"": ""agregação anual observada por estação + IDW municipal em EPSG:31985; p=2; 3-6 estações; raio <=300 km; controle mínimo de completude"", ""verified"": true}"
2609204,2012,16.281372752909668,-773579.1514419366,"{""temperatura_media_c"": {""n_estacoes"": 6, ""nearest_distance_km"": 28.28, ""max_distance_km"": 152.82, ""stations"": [""PALMARES"", ""CARUARU"", ""GARANHUNS"", ""SURUBIM"", ""RECIFE"", ""ARCO VERDE""], ""method"": ""IDW p=2; até 6 estações; raio máximo 300 km""}, ""precipitacao_anual_mm"": {""n_estacoes"": 6, ""nearest_distance_km"": 28.28, ""max_distance_km"": 152.82, ""stations"": [""PALMARES"", ""CARUARU"", ""GARANHUNS"", ""SURUBIM"", ""RECIFE"", ""ARCO VERDE""], ""method"": ""IDW p=2; até 6 estações; raio máximo 300 km""}}","{""organization"": ""INMET"", ""dataset"": ""Dados Históricos Anuais - estações automáticas"", ""version"": ""2012"", ""retrieved_at"": ""2026-10-01"", ""reference_url"": ""https://portal.inmet.gov.br/uploads/dadoshistoricos/2012.zip"", ""method"": ""agregação anual observada por estação + IDW municipal em EPSG:31985; p=2; 3-6 estações; raio <=300 km; controle mínimo de completude"", ""verified"": true}"
2609303,2012,-89.71220142484479,-1020159.225855495,"{""temperatura_media_c"": {""n_estacoes"": 6, ""nearest_distance_km"": 51.29, ""max_distance_km"": 184.93, ""stations"": [""FLORESTA"", ""SERRA TALHADA"", ""CABROBO"", ""IBIMIRIM"", ""OURICURI"", ""ARCO VERDE""], ""method"": ""IDW p=2; até 6 estações; raio máximo 300 km""}, ""precipitacao_anual_mm"": {""n_estacoes"": 6, ""nearest_distance_km"": 51.29, ""max_distance_km"": 184.93, ""stations"": [""FLORESTA"", ""SERRA TALHADA"", ""CABROBO"", ""IBIMIRIM"", ""OURICURI"", ""ARCO VERDE""], ""method"": ""IDW p=2; até 6 estações; raio máximo 300 km""}}","{""organization"": ""INMET"", ""dataset"": ""Dados Históricos Anuais - estações automáticas"", ""version"": ""2012"", ""retrieved_at"": ""2026-10-01"", ""reference_url"": ""https://portal.inmet.gov.br/uploads/dadoshistoricos/2012.zip"", ""method"": ""agregação anual observada por estação + IDW municipal em EPSG:31985; p=2; 3-6 estações; raio <=300 km; controle mínimo de completude"", ""verified"": true}"
2609402,2012,-61.5762126344115,-1712878.4208649958,"{""temperatura_media_c"": {""n_estacoes"": 6, ""nearest_distance_km"": 22.69, ""max_distance_km"": 215.69, ""stations"": [""RECIFE"", ""PALMARES"", ""SURUBIM"", ""CARUARU"", ""GARANHUNS"", ""ARCO VERDE""], ""method"": ""IDW p=2; até 6 estações; raio máximo 300 km""}, ""precipitacao_anual_mm"": {""n_estacoes"": 6, ""nearest_distance_km"": 22.69, ""max_distance_km"": 215.69, ""stations"": [""RECIFE"", ""PALMARES"", ""SURUBIM"", ""CARUARU"", ""GARANHUNS"", ""ARCO VERDE""], ""method"": ""IDW p=2; até 6 estações; raio máximo 300 km""}}","{""organization"": ""INMET"", ""dataset"": ""Dados Históricos Anuais - estações automáticas"", ""version"": ""2012"", ""retrieved_at"": ""2026-10-01"", ""reference_url"": ""https://portal.inmet.gov.br/uploads/dadoshistoricos/2012.zip"", ""method"": ""agregação anual observada por estação + IDW municipal em EPSG:31985; p=2; 3-6 estações; raio <=300 km; controle mínimo de completude"", ""verified"": true}"
2609501,2012,-30.755523378337738,-4390520.933321322,"{""temperatura_media_c"": {""n_estacoes"": 6, ""nearest_distance_km"": 46.69, ""max_distance_km"": 217.59, ""stations"": [""RECIFE"", ""SURUBIM"", ""CARUARU"", ""PALMARES"", ""GARANHUNS"", ""ARCO VERDE""], ""method"": ""IDW p=2; até 6 estações; raio máximo 300 km""}, ""precipitacao_anual_mm"": {""n_estacoes"": 6, ""nearest_distance_km"": 46.69, ""max_distance_km"": 217.59, ""stations"": [""RECIFE"", ""SURUBIM"", ""CARUARU"", ""PALMARES"", ""GARANHUNS"", ""ARCO VERDE""], ""method"": ""IDW p=2; até 6 estações; raio máximo 300 km""}}","{""organization"": ""INMET"", ""dataset"": ""Dados Históricos Anuais - estações automáticas"", ""version"": ""2012"", ""retrieved_at"": ""2026-10-01"", ""reference_url"": ""https://portal.inmet.gov.br/uploads/dadoshistoricos/2012.zip"", ""method"": ""agregação anual observada por estação + IDW municipal em EPSG:31985; p=2; 3-6 estações; raio <=300 km; controle mínimo de completude"", ""verified"": true}"
2609600,2012,-78.49967089582259,-1115989.625997124,"{""temperatura_media_c"": {""n_estacoes"": 6, ""nearest_distance_km"": 12.6, ""max_distance_km"": 248.98, ""stations"": [""RECIFE"", ""SURUBIM"", ""PALMARES"", ""CARUARU"", ""GARANHUNS"", ""ARCO VERDE""], ""method"": ""IDW p=2; até 6 estações; raio máximo 300 km""}, ""precipitacao_anual_mm"": {""n_estacoes"": 6, ""nearest_distance_km"": 12.6, ""max_distance_km"": 248.98, ""stations"": [""RECIFE"", ""SURUBIM"", ""PALMARES"", ""CARUARU"", ""GARANHUNS"", ""ARCO VERDE""], ""method"": ""IDW p=2; até 6 estações; raio máximo 300 km""}}","{""organization"": ""INMET"", ""dataset"": ""Dados Históricos Anuais - estações automáticas"", ""version"": ""2012"", ""retrieved_at"": ""2026-10-01"", ""reference_url"": ""https://portal.inmet.gov.br/uploads/dadoshistoricos/2012.zip"", ""method"": ""agregação anual observada por estação + IDW municipal em EPSG:31985; p=2; 3-6 estações; raio <=300 km; controle mínimo de completude"", ""verified"": true}"
2609709,2012,10.392836352020051,-11036465.397342008,"{""temperatura_media_c"": {""n_estacoes"": 6, ""nearest_distance_km"": 26.19, ""max_distance_km"": 181.81, ""stations"": [""SURUBIM"", ""CARUARU"", ""RECIFE"", ""PALMARES"", ""GARANHUNS"", ""ARCO VERDE""], ""method"": ""IDW p=2; até 6 estações; raio máximo 300 km""}, ""precipitacao_anual_mm"": {""n_estacoes"": 6, ""nearest_distance_km"": 26.19, ""max_distance_km"": 181.81, ""stations"": [""SURUBIM"", ""CARUARU"", ""RECIFE"", ""PALMARES"", ""GARANHUNS"", ""ARCO VERDE""], ""method"": ""IDW p=2; até 6 estações; raio máximo 300 km""}}","{""organization"": ""INMET"", ""dataset"": ""Dados Históricos Anuais - estações automáticas"", ""version"": ""2012"", ""retrieved_at"": ""2026-10-01"", ""reference_url"": ""https://portal.inmet.gov.br/uploads/dadoshistoricos/2012.zip"", ""method"": ""agregação anual observada por estação + IDW municipal em EPSG:31985; p=2; 3-6 estações; raio <=300 km; controle mínimo de completude"", ""verified"": true}"
2609808,2012,3.2173692577150432,-209687.23392950848,"{""temperatura_media_c"": {""n_estacoes"": 6, ""nearest_distance_km"": 30.89, ""max_distance_km"": 207.93, ""stations"": [""CABROBO"", ""OURICURI"", ""FLORESTA"", ""PETROLINA"", ""SERRA TALHADA"", ""IBIMIRIM""], ""method"": ""IDW p=2; até 6 estações; raio máximo 300 km""}, ""precipitacao_anual_mm"": {""n_estacoes"": 6, ""nearest_distance_km"": 30.89, ""max_distance_km"": 207.93, ""stations"": [""CABROBO"", ""OURICURI"", ""FLORESTA"", ""PETROLINA"", ""SERRA TALHADA"", ""IBIMIRIM""], ""method"": ""IDW p=2; até 6 estações; raio máximo 300 km""}}","{""organization"": ""INMET"", ""dataset"": ""Dados Históricos Anuais - estações automáticas"", ""version"": ""2012"", ""retrieved_at"": ""2026-10-01"", ""reference_url"": ""https://portal.inmet.gov.br/uploads/dadoshistoricos/2012.zip"", ""method"": ""agregação anual observada por estação + IDW municipal em EPSG:31985; p=2; 3-6 estações; raio <=300 km; controle mínimo de completude"", ""verified"": true}"
2609907,2012,20.950698551675284,-50658.11129381812,"{""temperatura_media_c"": {""n_estacoes"": 6, ""nearest_distance_km"": 11.47, ""max_distance_km"": 278.28, ""stations"": [""OURICURI"", ""CABROBO"", ""PETROLINA"", ""FLORESTA"", ""SERRA TALHADA"", ""IBIMIRIM""], ""method"": ""IDW p=2; até 6 estações; raio máximo 300 km""}, ""precipitacao_anual_mm"": {""n_estacoes"": 6, ""nearest_distance_km"": 11.47, ""max_distance_km"": 278.28, ""stations"": [""OURICURI"", ""CABROBO"", ""PETROLINA"", ""FLORESTA"", ""SERRA TALHADA"", ""IBIMIRIM""], ""method"": ""IDW p=2; até 6 estações; raio máximo 300 km""}}","{""organization"": ""INMET"", ""dataset"": ""Dados Históricos Anuais - estações automáticas"", ""version"": ""2012"", ""retrieved_at"": ""2026-10-01"", ""reference_url"": ""https://portal.inmet.gov.br/uploads/dadoshistoricos/2012.zip"", ""method"": ""agregação anual observada por estação + IDW municipal em EPSG:31985; p=2; 3-6 estações; raio <=300 km; controle mínimo de completude"", ""verified"": true}"
2610004,2012,20.541712123650306,-161503.8947465589,"{""temperatura_media_c"": {""n_estacoes"": 6, ""nearest_distance_km"": 6.9, ""max_distance_km"": 162.4, ""stations"": [""PALMARES"", ""CARUARU"", ""SURUBIM"", ""RECIFE"", ""GARANHUNS"", ""ARCO VERDE""], ""method"": ""IDW p=2; até 6 estações; raio máximo 300 km""}, ""precipitacao_anual_mm"": {""n_estacoes"": 6, ""nearest_distance_km"": 6.9, ""max_distance_km"": 162.4, ""stations"": [""PALMARES"", ""CARUARU"", ""SURUBIM"", ""RECIFE"", ""GARANHUNS"", ""ARCO VERDE""], ""method"": ""IDW p=2; até 6 estações; raio máximo 300 km""}}","{""organization"": ""INMET"", ""dataset"": ""Dados Históricos Anuais - estações automáticas"", ""version"": ""2012"", ""retrieved_at"": ""2026-10-01"", ""reference_url"": ""https://portal.inmet.gov.br/uploads/dadoshistoricos/2012.zip"", ""method"": ""agregação anual observada por estação + IDW municipal em EPSG:31985; p=2; 3-6 estações; raio <=300 km; controle mínimo de completude"", ""verified"": true}"
2610103,2012,14.348604094619922,-487298.141599593,"{""temperatura_media_c"": {""n_estacoes"": 6, ""nearest_distance_km"": 26.53, ""max_distance_km"": 167.55, ""stations"": [""GARANHUNS"", ""PALMARES"", ""CARUARU"", ""ARCO VERDE"", ""SURUBIM"", ""IBIMIRIM""], ""method"": ""IDW p=2; até 6 estações; raio máximo 300 km""}, ""precipitacao_anual_mm"": {""n_estacoes"": 6, ""nearest_distance_km"": 26.53, ""max_distance_km"": 167.55, ""stations"": [""GARANHUNS"", ""PALMARES"", ""CARUARU"", ""ARCO VERDE"", ""SURUBIM"", ""IBIMIRIM""], ""method"": ""IDW p=2; até 6 estações; raio máximo 300 km""}}","{""organization"": ""INMET"", ""dataset"": ""Dados Históricos Anuais - estações automáticas"", ""version"": ""2012"", ""retrieved_at"": ""2026-10-01"", ""reference_url"": ""https://portal.inmet.gov.br/uploads/dadoshistoricos/2012.zip"", ""method"": ""agregação anual observada por estação + IDW municipal em EPSG:31985; p=2; 3-6 estações; raio <=300 km; controle mínimo de completude"", ""verified"": true}"
2610202,2012,14.353620349997493,-1281490.8871962102,"{""temperatura_media_c"": {""n_estacoes"": 6, ""nearest_distance_km"": 48.0, ""max_distance_km"": 137.54, ""stations"": [""CARUARU"", ""PALMARES"", ""GARANHUNS"", ""SURUBIM"", ""ARCO VERDE"", ""RECIFE""], ""method"": ""IDW p=2; até 6 estações; raio máximo 300 km""}, ""precipitacao_anual_mm"": {""n_estacoes"": 6, ""nearest_distance_km"": 48.0, ""max_distance_km"": 137.54, ""stations"": [""CARUARU"", ""PALMARES"", ""GARANHUNS"", ""SURUBIM"", ""ARCO VERDE"", ""RECIFE""], ""method"": ""IDW p=2; até 6 estações; raio máximo 300 km""}}","{""organization"": ""INMET"", ""dataset"": ""Dados Históricos Anuais - estações automáticas"", ""version"": ""2012"", ""retrieved_at"": ""2026-10-01"", ""reference_url"": ""https://portal.inmet.gov.br/uploads/dadoshistoricos/2012.zip"", ""method"": ""agregação anual observada por estação + IDW municipal em EPSG:31985; p=2; 3-6 estações; raio <=300 km; controle mínimo de completude"", ""verified"": true}"
2610301,2012,12.986997247102698,-360859.5760092146,"{""temperatura_media_c"": {""n_estacoes"": 6, ""nearest_distance_km"": 23.44, ""max_distance_km"": 154.24, ""stations"": [""GARANHUNS"", ""ARCO VERDE"", ""CARUARU"", ""IBIMIRIM"", ""PALMARES"", ""SURUBIM""], ""method"": ""IDW p=2; até 6 estações; raio máximo 300 km""}, ""precipitacao_anual_mm"": {""n_estacoes"": 6, ""nearest_distance_km"": 23.44, ""max_distance_km"": 154.24, ""stations"": [""GARANHUNS"", ""ARCO VERDE"", ""CARUARU"", ""IBIMIRIM"", ""PALMARES"", ""SURUBIM""], ""method"": ""IDW p=2; até 6 estações; raio máximo 300 km""}}","{""organization"": ""INMET"", ""dataset"": ""Dados Históricos Anuais - estações automáticas"", ""version"": ""2012"", ""retrieved_at"": ""2026-10-01"", ""reference_url"": ""https://portal.inmet.gov.br/uploads/dadoshistoricos/2012.zip"", ""method"": ""agregação anual observada por estação + IDW municipal em EPSG:31985; p=2; 3-6 estações; raio <=300 km; controle mínimo de completude"", ""verified"": true}"
2610400,2012,1.874748946967103,-219688.65429663964,"{""temperatura_media_c"": {""n_estacoes"": 6, ""nearest_distance_km"": 47.85, ""max_distance_km"": 231.1, ""stations"": [""OURICURI"", ""CABROBO"", ""FLORESTA"", ""PETROLINA"", ""SERRA TALHADA"", ""IBIMIRIM""], ""method"": ""IDW p=2; até 6 estações; raio máximo 300 km""}, ""precipitacao_anual_mm"": {""n_estacoes"": 6, ""nearest_distance_km"": 47.85, ""max_distance_km"": 231.1, ""stations"": [""OURICURI"", ""CABROBO"", ""FLORESTA"", ""PETROLINA"", ""SERRA TALHADA"", ""IBIMIRIM""], ""method"": ""IDW p=2; até 6 estações; raio máximo 300 km""}}","{""organization"": ""INMET"", ""dataset"": ""Dados Históricos Anuais - estações automáticas"", ""version"": ""2012"", ""retrieved_at"": ""2026-10-01"", ""reference_url"": ""https://portal.inmet.gov.br/uploads/dadoshistoricos/2012.zip"", ""method"": ""agregação anual observada por estação + IDW municipal em EPSG:31985; p=2; 3-6 estações; raio <=300 km; controle mínimo de completude"", ""verified"": true}"
2610509,2012,4.630245457205557,-7644695.285541173,"{""temperatura_media_c"": {""n_estacoes"": 6, ""nearest_distance_km"": 33.7, ""max_distance_km"": 175.37, ""stations"": [""SURUBIM"", ""CARUARU"", ""RECIFE"", ""PALMARES"", ""GARANHUNS"", ""ARCO VERDE""], ""method"": ""IDW p=2; até 6 estações; raio máximo 300 km""}, ""precipitacao_anual_mm"": {""n_estacoes"": 6, ""nearest_distance_km"": 33.7, ""max_distance_km"": 175.37, ""stations"": [""SURUBIM"", ""CARUARU"", ""RECIFE"", ""PALMARES"", ""GARANHUNS"", ""ARCO VERDE""], ""method"": ""IDW p=2; até 6 estações; raio máximo 300 km""}}","{""organization"": ""INMET"", ""dataset"": ""Dados Históricos Anuais - estações automáticas"", ""version"": ""2012"", ""retrieved_at"": ""2026-10-01"", ""reference_url"": ""https://portal.inmet.gov.br/uploads/dadoshistoricos/2012.zip"", ""method"": ""agregação anual observada por estação + IDW municipal em EPSG:31985; p=2; 3-6 estações; raio <=300 km; controle mínimo de completude"", ""verified"": true}"
2610608,2012,-56.70597034709341,-2339874.624622164,"{""temperatura_media_c"": {""n_estacoes"": 6, ""nearest_distance_km"": 27.46, ""max_distance_km"": 220.13, ""stations"": [""RECIFE"", ""SURUBIM"", ""PALMARES"", ""CARUARU"", ""GARANHUNS"", ""ARCO VERDE""], ""method"": ""IDW p=2; até 6 estações; raio máximo 300 km""}, ""precipitacao_anual_mm"": {""n_estacoes"": 6, ""nearest_distance_km"": 27.46, ""max_distance_km"": 220.13, ""stations"": [""RECIFE"", ""SURUBIM"", ""PALMARES"", ""CARUARU"", ""GARANHUNS"", ""ARCO VERDE""], ""method"": ""IDW p=2; até 6 estações; raio máximo 300 km""}}","{""organization"": ""INMET"", ""dataset"": ""Dados Históricos Anuais - estações automáticas"", ""version"": ""2012"", ""retrieved_at"": ""2026-10-01"", ""reference_url"": ""https://portal.inmet.gov.br/uploads/dadoshistoricos/2012.zip"", ""method"": ""agregação anual observada por estação + IDW municipal em EPSG:31985; p=2; 3-6 estações; raio <=300 km; controle mínimo de completude"", ""verified"": true}"
2610707,2012,-75.43886410548593,-1255116.9747264497,"{""temperatura_media_c"": {""n_estacoes"": 6, ""nearest_distance_km"": 16.74, ""max_distance_km"": 248.62, ""stations"": [""RECIFE"", ""SURUBIM"", ""PALMARES"", ""CARUARU"", ""GARANHUNS"", ""ARCO VERDE""], ""method"": ""IDW p=2; até 6 estações; raio máximo 300 km""}, ""precipitacao_anual_mm"": {""n_estacoes"": 6, ""nearest_distance_km"": 16.74, ""max_distance_km"": 248.62, ""stations"": [""RECIFE"", ""SURUBIM"", ""PALMARES"", ""CARUARU"", ""GARANHUNS"", ""ARCO VERDE""], ""method"": ""IDW p=2; até 6 estações; raio máximo 300 km""}}","{""organization"": ""INMET"", ""dataset"": ""Dados Históricos Anuais - estações automáticas"", ""version"": ""2012"", ""retrieved_at"": ""2026-10-01"", ""reference_url"": ""https://portal.inmet.gov.br/uploads/dadoshistoricos/2012.zip"", ""method"": ""agregação anual observada por estação + IDW municipal em EPSG:31985; p=2; 3-6 estações; raio <=300 km; controle mínimo de completude"", ""verified"": true}"
2610806,2012,8.786567967581336,-568721.6250884156,"{""temperatura_media_c"": {""n_estacoes"": 6, ""nearest_distance_km"": 37.08, ""max_distance_km"": 154.61, ""stations"": [""ARCO VERDE"", ""GARANHUNS"", ""IBIMIRIM"", ""CARUARU"", ""PALMARES"", ""SURUBIM""], ""method"": ""IDW p=2; até 6 estações; raio máximo 300 km""}, ""precipitacao_anual_mm"": {""n_estacoes"": 6, ""nearest_distance_km"": 37.08, ""max_distance_km"": 154.61, ""stations"": [""ARCO VERDE"", ""GARANHUNS"", ""IBIMIRIM"", ""CARUARU"", ""PALMARES"", ""SURUBIM""], ""method"": ""IDW p=2; até 6 estações; raio máximo 300 km""}}","{""organization"": ""INMET"", ""dataset"": ""Dados Históricos Anuais - estações automáticas"", ""version"": ""2012"", ""retrieved_at"": ""2026-10-01"", ""reference_url"": ""https://portal.inmet.gov.br/uploads/dadoshistoricos/2012.zip"", ""method"": ""agregação anual observada por estação + IDW municipal em EPSG:31985; p=2; 3-6 estações; raio <=300 km; controle mínimo de completude"", ""verified"": true}"
2610905,2012,10.760614492317108,-893797.7879578841,"{""temperatura_media_c"": {""n_estacoes"": 6, ""nearest_distance_km"": 38.05, ""max_distance_km"": 132.67, ""stations"": [""ARCO VERDE"", ""GARANHUNS"", ""CARUARU"", ""IBIMIRIM"", ""SURUBIM"", ""PALMARES""], ""method"": ""IDW p=2; até 6 estações; raio máximo 300 km""}, ""precipitacao_anual_mm"": {""n_estacoes"": 6, ""nearest_distance_km"": 38.05, ""max_distance_km"": 132.67, ""stations"": [""ARCO VERDE"", ""GARANHUNS"", ""CARUARU"", ""IBIMIRIM"", ""SURUBIM"", ""PALMARES""], ""method"": ""IDW p=2; até 6 estações; raio máximo 300 km""}}","{""organization"": ""INMET"", ""dataset"": ""Dados Históricos Anuais - estações automáticas"", ""version"": ""2012"", ""retrieved_at"": ""2026-10-01"", ""reference_url"": ""https://portal.inmet.gov.br/uploads/dadoshistoricos/2012.zip"", ""method"": ""agregação anual observada por estação + IDW municipal em EPSG:31985; p=2; 3-6 estações; raio <=300 km; controle mínimo de completude"", ""verified"": true}"
2611002,2012,-155.67223698994505,-1597010.8853265683,"{""temperatura_media_c"": {""n_estacoes"": 6, ""nearest_distance_km"": 45.63, ""max_distance_km"": 199.94, ""stations"": [""FLORESTA"", ""IBIMIRIM"", ""SERRA TALHADA"", ""CABROBO"", ""ARCO VERDE"", ""GARANHUNS""], ""method"": ""IDW p=2; até 6 estações; raio máximo 300 km""}, ""precipitacao_anual_mm"": {""n_estacoes"": 6, ""nearest_distance_km"": 45.63, ""max_distance_km"": 199.94, ""stations"": [""FLORESTA"", ""IBIMIRIM"", ""SERRA TALHADA"", ""CABROBO"", ""ARCO VERDE"", ""GARANHUNS""], ""method"": ""IDW p=2; até 6 estações; raio máximo 300 km""}}","{""organization"": ""INMET"", ""dataset"": ""Dados Históricos Anuais - estações automáticas"", ""version"": ""2012"", ""retrieved_at"": ""2026-10-01"", ""reference_url"": ""https://portal.inmet.gov.br/uploads/dadoshistoricos/2012.zip"", ""method"": ""agregação anual observada por estação + IDW municipal em EPSG:31985; p=2; 3-6 estações; raio <=300 km; controle mínimo de completude"", ""verified"": true}"
2611101,2012,11.780108252718415,-144959.55380219713,"{""temperatura_media_c"": {""n_estacoes"": 5, ""nearest_distance_km"": 42.1, ""max_distance_km"": 278.76, ""stations"": [""PETROLINA"", ""OURICURI"", ""CABROBO"", ""FLORESTA"", ""SERRA TALHADA""], ""method"": ""IDW p=2; até 6 estações; raio máximo 300 km""}, ""precipitacao_anual_mm"": {""n_estacoes"": 5, ""nearest_distance_km"": 42.1, ""max_distance_km"": 278.76, ""stations"": [""PETROLINA"", ""OURICURI"", ""CABROBO"", ""FLORESTA"", ""SERRA TALHADA""], ""method"": ""IDW p=2; até 6 estações; raio máximo 300 km""}}","{""organization"": ""INMET"", ""dataset"": ""Dados Históricos Anuais - estações automáticas"", ""version"": ""2012"", ""retrieved_at"": ""2026-10-01"", ""reference_url"": ""https://portal.inmet.gov.br/uploads/dadoshistoricos/2012.zip"", ""method"": ""agregação anual observada por estação + IDW municipal em EPSG:31985; p=2; 3-6 estações; raio <=300 km; controle mínimo de completude"", ""verified"": true}"
2611200,2012,10.044452242070244,-1341992.959347524,"{""temperatura_media_c"": {""n_estacoes"": 6, ""nearest_distance_km"": 46.21, ""max_distance_km"": 135.23, ""stations"": [""ARCO VERDE"", ""GARANHUNS"", ""CARUARU"", ""SURUBIM"", ""IBIMIRIM"", ""PALMARES""], ""method"": ""IDW p=2; até 6 estações; raio máximo 300 km""}, ""precipitacao_anual_mm"": {""n_estacoes"": 6, ""nearest_distance_km"": 46.21, ""max_distance_km"": 135.23, ""stations"": [""ARCO VERDE"", ""GARANHUNS"", ""CARUARU"", ""SURUBIM"", ""IBIMIRIM"", ""PALMARES""], ""method"": ""IDW p=2; até 6 estações; raio máximo 300 km""}}","{""organization"": ""INMET"", ""dataset"": ""Dados Históricos Anuais - estações automáticas"", ""version"": ""2012"", ""retrieved_at"": ""2026-10-01"", ""reference_url"": ""https://portal.inmet.gov.br/uploads/dadoshistoricos/2012.zip"", ""method"": ""agregação anual observada por estação + IDW municipal em EPSG:31985; p=2; 3-6 estações; raio <=300 km; controle mínimo de completude"", ""verified"": true}"
2611309,2012,-13.215949572731015,-3545920.110149651,"{""temperatura_media_c"": {""n_estacoes"": 6, ""nearest_distance_km"": 49.08, ""max_distance_km"": 188.87, ""stations"": [""RECIFE"", ""PALMARES"", ""SURUBIM"", ""CARUARU"", ""GARANHUNS"", ""ARCO VERDE""], ""method"": ""IDW p=2; até 6 estações; raio máximo 300 km""}, ""precipitacao_anual_mm"": {""n_estacoes"": 6, ""nearest_distance_km"": 49.08, ""max_distance_km"": 188.87, ""stations"": [""RECIFE"", ""PALMARES"", ""SURUBIM"", ""CARUARU"", ""GARANHUNS"", ""ARCO VERDE""], ""method"": ""IDW p=2; até 6 estações; raio máximo 300 km""}}","{""organization"": ""INMET"", ""dataset"": ""Dados Históricos Anuais - estações automáticas"", ""version"": ""2012"", ""retrieved_at"": ""2026-10-01"", ""reference_url"": ""https://portal.inmet.gov.br/uploads/dadoshistoricos/2012.zip"", ""method"": ""agregação anual observada por estação + IDW municipal em EPSG:31985; p=2; 3-6 estações; raio <=300 km; controle mínimo de completude"", ""verified"": true}"
2611408,2012,-3.8981798218587507,-2404917.196997662,"{""temperatura_media_c"": {""n_estacoes"": 6, ""nearest_distance_km"": 42.33, ""max_distance_km"": 186.89, ""stations"": [""PALMARES"", ""RECIFE"", ""CARUARU"", ""SURUBIM"", ""GARANHUNS"", ""ARCO VERDE""], ""method"": ""IDW p=2; até 6 estações; raio máximo 300 km""}, ""precipitacao_anual_mm"": {""n_estacoes"": 6, ""nearest_distance_km"": 42.33, ""max_distance_km"": 186.89, ""stations"": [""PALMARES"", ""RECIFE"", ""CARUARU"", ""SURUBIM"", ""GARANHUNS"", ""ARCO VERDE""], ""method"": ""IDW p=2; até 6 estações; raio máximo 300 km""}}","{""organization"": ""INMET"", ""dataset"": ""Dados Históricos Anuais - estações automáticas"", ""version"": ""2012"", ""retrieved_at"": ""2026-10-01"", ""reference_url"": ""https://portal.inmet.gov.br/uploads/dadoshistoricos/2012.zip"", ""method"": ""agregação anual observada por estação + IDW municipal em EPSG:31985; p=2; 3-6 estações; raio <=300 km; controle mínimo de completude"", ""verified"": true}"
2611507,2012,13.930247616005987,-1109935.0419883917,"{""temperatura_media_c"": {""n_estacoes"": 6, ""nearest_distance_km"": 51.92, ""max_distance_km"": 145.84, ""stations"": [""GARANHUNS"", ""PALMARES"", ""CARUARU"", ""SURUBIM"", ""ARCO VERDE"", ""RECIFE""], ""method"": ""IDW p=2; até 6 estações; raio máximo 300 km""}, ""precipitacao_anual_mm"": {""n_estacoes"": 6, ""nearest_distance_km"": 51.92, ""max_distance_km"": 145.84, ""stations"": [""GARANHUNS"", ""PALMARES"", ""CARUARU"", ""SURUBIM"", ""ARCO VERDE"", ""RECIFE""], ""method"": ""IDW p=2; até 6 estações; raio máximo 300 km""}}","{""organization"": ""INMET"", ""dataset"": ""Dados Históricos Anuais - estações automáticas"", ""version"": ""2012"", ""retrieved_at"": ""2026-10-01"", ""reference_url"": ""https://portal.inmet.gov.br/uploads/dadoshistoricos/2012.zip"", ""method"": ""agregação anual observada por estação + IDW municipal em EPSG:31985; p=2; 3-6 estações; raio <=300 km; controle mínimo de completude"", ""verified"": true}"
2611533,2012,-26.239900371932684,-457311.3908939466,"{""temperatura_media_c"": {""n_estacoes"": 6, ""nearest_distance_km"": 55.84, ""max_distance_km"": 199.34, ""stations"": [""SERRA TALHADA"", ""IBIMIRIM"", ""ARCO VERDE"", ""FLORESTA"", ""CABROBO"", ""GARANHUNS""], ""method"": ""IDW p=2; até 6 estações; raio máximo 300 km""}, ""precipitacao_anual_mm"": {""n_estacoes"": 6, ""nearest_distance_km"": 55.84, ""max_distance_km"": 199.34, ""stations"": [""SERRA TALHADA"", ""IBIMIRIM"", ""ARCO VERDE"", ""FLORESTA"", ""CABROBO"", ""GARANHUNS""], ""method"": ""IDW p=2; até 6 estações; raio máximo 300 km""}}","{""organization"": ""INMET"", ""dataset"": ""Dados Históricos Anuais - estações automáticas"", ""version"": ""2012"", ""retrieved_at"": ""2026-10-01"", ""reference_url"": ""https://portal.inmet.gov.br/uploads/dadoshistoricos/2012.zip"", ""method"": ""agregação anual observada por estação + IDW municipal em EPSG:31985; p=2; 3-6 estações; raio <=300 km; controle mínimo de completude"", ""verified"": true}"
2611606,2012,-82.41804157610632,-964737.994576186,"{""temperatura_media_c"": {""n_estacoes"": 6, ""nearest_distance_km"": 3.64, ""max_distance_km"": 240.81, ""stations"": [""RECIFE"", ""SURUBIM"", ""PALMARES"", ""CARUARU"", ""GARANHUNS"", ""ARCO VERDE""], ""method"": ""IDW p=2; até 6 estações; raio máximo 300 km""}, ""precipitacao_anual_mm"": {""n_estacoes"": 6, ""nearest_distance_km"": 3.64, ""max_distance_km"": 240.81, ""stations"": [""RECIFE"", ""SURUBIM"", ""PALMARES"", ""CARUARU"", ""GARANHUNS"", ""ARCO VERDE""], ""method"": ""IDW p=2; até 6 estações; raio máximo 300 km""}}","{""organization"": ""INMET"", ""dataset"": ""Dados Históricos Anuais - estações automáticas"", ""version"": ""2012"", ""retrieved_at"": ""2026-10-01"", ""reference_url"": ""https://portal.inmet.gov.br/uploads/dadoshistoricos/2012.zip"", ""method"": ""agregação anual observada por estação + IDW municipal em EPSG:31985; p=2; 3-6 estações; raio <=300 km; controle mínimo de completude"", ""verified"": true}"
2611705,2012,16.007509130528756,-4493245.852029243,"{""temperatura_media_c"": {""n_estacoes"": 6, ""nearest_distance_km"": 20.5, ""max_distance_km"": 137.55, ""stations"": [""CARUARU"", ""SURUBIM"", ""PALMARES"", ""RECIFE"", ""GARANHUNS"", ""ARCO VERDE""], ""method"": ""IDW p=2; até 6 estações; raio máximo 300 km""}, ""precipitacao_anual_mm"": {""n_estacoes"": 6, ""nearest_distance_km"": 20.5, ""max_distance_km"": 137.55, ""stations"": [""CARUARU"", ""SURUBIM"", ""PALMARES"", ""RECIFE"", ""GARANHUNS"", ""ARCO VERDE""], ""method"": ""IDW p=2; até 6 estações; raio máximo 300 km""}}","{""organization"": ""INMET"", ""dataset"": ""Dados Históricos Anuais - estações automáticas"", ""version"": ""2012"", ""retrieved_at"": ""2026-10-01"", ""reference_url"": ""https://portal.inmet.gov.br/uploads/dadoshistoricos/2012.zip"", ""method"": ""agregação anual observada por estação + IDW municipal em EPSG:31985; p=2; 3-6 estações; raio <=300 km; controle mínimo de completude"", ""verified"": true}"
2611804,2012,7.764233031127085,-1206056.745041495,"{""temperatura_media_c"": {""n_estacoes"": 6, ""nearest_distance_km"": 28.52, ""max_distance_km"": 189.52, ""stations"": [""PALMARES"", ""RECIFE"", ""CARUARU"", ""SURUBIM"", ""GARANHUNS"", ""ARCO VERDE""], ""method"": ""IDW p=2; até 6 estações; raio máximo 300 km""}, ""precipitacao_anual_mm"": {""n_estacoes"": 6, ""nearest_distance_km"": 28.52, ""max_distance_km"": 189.52, ""stations"": [""PALMARES"", ""RECIFE"", ""CARUARU"", ""SURUBIM"", ""GARANHUNS"", ""ARCO VERDE""], ""method"": ""IDW p=2; até 6 estações; raio máximo 300 km""}}","{""organization"": ""INMET"", ""dataset"": ""Dados Históricos Anuais - estações automáticas"", ""version"": ""2012"", ""retrieved_at"": ""2026-10-01"", ""reference_url"": ""https://portal.inmet.gov.br/uploads/dadoshistoricos/2012.zip"", ""method"": ""agregação anual observada por estação + IDW municipal em EPSG:31985; p=2; 3-6 estações; raio <=300 km; controle mínimo de completude"", ""verified"": true}"
2611903,2012,3.1975343838293666,-1255241.831145124,"{""temperatura_media_c"": {""n_estacoes"": 6, ""nearest_distance_km"": 38.54, ""max_distance_km"": 207.55, ""stations"": [""PALMARES"", ""RECIFE"", ""CARUARU"", ""SURUBIM"", ""GARANHUNS"", ""ARCO VERDE""], ""method"": ""IDW p=2; até 6 estações; raio máximo 300 km""}, ""precipitacao_anual_mm"": {""n_estacoes"": 6, ""nearest_distance_km"": 38.54, ""max_distance_km"": 207.55, ""stations"": [""PALMARES"", ""RECIFE"", ""CARUARU"", ""SURUBIM"", ""GARANHUNS"", ""ARCO VERDE""], ""method"": ""IDW p=2; até 6 estações; raio máximo 300 km""}}","{""organization"": ""INMET"", ""dataset"": ""Dados Históricos Anuais - estações automáticas"", ""version"": ""2012"", ""retrieved_at"": ""2026-10-01"", ""reference_url"": ""https://portal.inmet.gov.br/uploads/dadoshistoricos/2012.zip"", ""method"": ""agregação anual observada por estação + IDW municipal em EPSG:31985; p=2; 3-6 estações; raio <=300 km; controle mínimo de completude"", ""verified"": true}"
2612000,2012,12.031770748973495,-2669659.2208167408,"{""temperatura_media_c"": {""n_estacoes"": 6, ""nearest_distance_km"": 34.04, ""max_distance_km"": 154.8, ""stations"": [""CARUARU"", ""PALMARES"", ""SURUBIM"", ""RECIFE"", ""GARANHUNS"", ""ARCO VERDE""], ""method"": ""IDW p=2; até 6 estações; raio máximo 300 km""}, ""precipitacao_anual_mm"": {""n_estacoes"": 6, ""nearest_distance_km"": 34.04, ""max_distance_km"": 154.8, ""stations"": [""CARUARU"", ""PALMARES"", ""SURUBIM"", ""RECIFE"", ""GARANHUNS"", ""ARCO VERDE""], ""method"": ""IDW p=2; até 6 estações; raio máximo 300 km""}}","{""organization"": ""INMET"", ""dataset"": ""Dados Históricos Anuais - estações automáticas"", ""version"": ""2012"", ""retrieved_at"": ""2026-10-01"", ""reference_url"": ""https://portal.inmet.gov.br/uploads/dadoshistoricos/2012.zip"", ""method"": ""agregação anual observada por estação + IDW municipal em EPSG:31985; p=2; 3-6 estações; raio <=300 km; controle mínimo de completude"", ""verified"": true}"
2612109,2012,10.456816741484397,-10403720.029237568,"{""temperatura_media_c"": {""n_estacoes"": 6, ""nearest_distance_km"": 23.98, ""max_distance_km"": 173.46, ""stations"": [""SURUBIM"", ""CARUARU"", ""RECIFE"", ""PALMARES"", ""GARANHUNS"", ""ARCO VERDE""], ""method"": ""IDW p=2; até 6 estações; raio máximo 300 km""}, ""precipitacao_anual_mm"": {""n_estacoes"": 6, ""nearest_distance_km"": 23.98, ""max_distance_km"": 173.46, ""stations"": [""SURUBIM"", ""CARUARU"", ""RECIFE"", ""PALMARES"", ""GARANHUNS"", ""ARCO VERDE""], ""method"": ""IDW p=2; até 6 estações; raio máximo 300 km""}}","{""organization"": ""INMET"", ""dataset"": ""Dados Históricos Anuais - estações automáticas"", ""version"": ""2012"", ""retrieved_at"": ""2026-10-01"", ""reference_url"": ""https://portal.inmet.gov.br/uploads/dadoshistoricos/2012.zip"", ""method"": ""agregação anual observada por estação + IDW municipal em EPSG:31985; p=2; 3-6 estações; raio <=300 km; controle mínimo de completude"", ""verified"": true}"
2612208,2012,-40.79210212723626,-594093.5759813272,"{""temperatura_media_c"": {""n_estacoes"": 6, ""nearest_distance_km"": 48.42, ""max_distance_km"": 208.97, ""stations"": [""CABROBO"", ""FLORESTA"", ""SERRA TALHADA"", ""OURICURI"", ""IBIMIRIM"", ""PETROLINA""], ""method"": ""IDW p=2; até 6 estações; raio máximo 300 km""}, ""precipitacao_anual_mm"": {""n_estacoes"": 6, ""nearest_distance_km"": 48.42, ""max_distance_km"": 208.97, ""stations"": [""CABROBO"", ""FLORESTA"", ""SERRA TALHADA"", ""OURICURI"", ""IBIMIRIM"", ""PETROLINA""], ""method"": ""IDW p=2; até 6 estações; raio máximo 300 km""}}","{""organization"": ""INMET"", ""dataset"": ""Dados Históricos Anuais - estações automáticas"", ""version"": ""2012"", ""retrieved_at"": ""2026-10-01"", ""reference_url"": ""https://portal.inmet.gov.br/uploads/dadoshistoricos/2012.zip"", ""method"": ""agregação anual observada por estação + IDW municipal em EPSG:31985; p=2; 3-6 estações; raio <=300 km; controle mínimo de completude"", ""verified"": true}"
2612307,2012,12.017514363042771,-429822.834875858,"{""temperatura_media_c"": {""n_estacoes"": 6, ""nearest_distance_km"": 28.49, ""max_distance_km"": 164.79, ""stations"": [""GARANHUNS"", ""ARCO VERDE"", ""CARUARU"", ""IBIMIRIM"", ""PALMARES"", ""SURUBIM""], ""method"": ""IDW p=2; até 6 estações; raio máximo 300 km""}, ""precipitacao_anual_mm"": {""n_estacoes"": 6, ""nearest_distance_km"": 28.49, ""max_distance_km"": 164.79, ""stations"": [""GARANHUNS"", ""ARCO VERDE"", ""CARUARU"", ""IBIMIRIM"", ""PALMARES"", ""SURUBIM""], ""method"": ""IDW p=2; até 6 estações; raio máximo 300 km""}}","{""organization"": ""INMET"", ""dataset"": ""Dados Históricos Anuais - estações automáticas"", ""version"": ""2012"", ""retrieved_at"": ""2026-10-01"", ""reference_url"": ""https://portal.inmet.gov.br/uploads/dadoshistoricos/2012.zip"", ""method"": ""agregação anual observada por estação + IDW municipal em EPSG:31985; p=2; 3-6 estações; raio <=300 km; controle mínimo de completude"", ""verified"": true}"
2612406,2012,11.869036421470225,-1468727.8354380212,"{""temperatura_media_c"": {""n_estacoes"": 6, ""nearest_distance_km"": 59.17, ""max_distance_km"": 129.21, ""stations"": [""ARCO VERDE"", ""GARANHUNS"", ""CARUARU"", ""SURUBIM"", ""PALMARES"", ""IBIMIRIM""], ""method"": ""IDW p=2; até 6 estações; raio máximo 300 km""}, ""precipitacao_anual_mm"": {""n_estacoes"": 6, ""nearest_distance_km"": 59.17, ""max_distance_km"": 129.21, ""stations"": [""ARCO VERDE"", ""GARANHUNS"", ""CARUARU"", ""SURUBIM"", ""PALMARES"", ""IBIMIRIM""], ""method"": ""IDW p=2; até 6 estações; raio máximo 300 km""}}","{""organization"": ""INMET"", ""dataset"": ""Dados Históricos Anuais - estações automáticas"", ""version"": ""2012"", ""retrieved_at"": ""2026-10-01"", ""reference_url"": ""https://portal.inmet.gov.br/uploads/dadoshistoricos/2012.zip"", ""method"": ""agregação anual observada por estação + IDW municipal em EPSG:31985; p=2; 3-6 estações; raio <=300 km; controle mínimo de completude"", ""verified"": true}"
2612455,2012,6.786518183520924,-176989.46710205212,"{""temperatura_media_c"": {""n_estacoes"": 6, ""nearest_distance_km"": 50.5, ""max_distance_km"": 287.83, ""stations"": [""OURICURI"", ""CABROBO"", ""PETROLINA"", ""FLORESTA"", ""SERRA TALHADA"", ""IBIMIRIM""], ""method"": ""IDW p=2; até 6 estações; raio máximo 300 km""}, ""precipitacao_anual_mm"": {""n_estacoes"": 6, ""nearest_distance_km"": 50.5, ""max_distance_km"": 287.83, ""stations"": [""OURICURI"", ""CABROBO"", ""PETROLINA"", ""FLORESTA"", ""SERRA TALHADA"", ""IBIMIRIM""], ""method"": ""IDW p=2; até 6 estações; raio máximo 300 km""}}","{""organization"": ""INMET"", ""dataset"": ""Dados Históricos Anuais - estações automáticas"", ""version"": ""2012"", ""retrieved_at"": ""2026-10-01"", ""reference_url"": ""https://portal.inmet.gov.br/uploads/dadoshistoricos/2012.zip"", ""method"": ""agregação anual observada por estação + IDW municipal em EPSG:31985; p=2; 3-6 estações; raio <=300 km; controle mínimo de completude"", ""verified"": true}"
2612471,2012,10.282628049743245,-140452.58283196934,"{""temperatura_media_c"": {""n_estacoes"": 6, ""nearest_distance_km"": 17.52, ""max_distance_km"": 213.5, ""stations"": [""SERRA TALHADA"", ""IBIMIRIM"", ""FLORESTA"", ""ARCO VERDE"", ""CABROBO"", ""OURICURI""], ""method"": ""IDW p=2; até 6 estações; raio máximo 300 km""}, ""precipitacao_anual_mm"": {""n_estacoes"": 6, ""nearest_distance_km"": 17.52, ""max_distance_km"": 213.5, ""stations"": [""SERRA TALHADA"", ""IBIMIRIM"", ""FLORESTA"", ""ARCO VERDE"", ""CABROBO"", ""OURICURI""], ""method"": ""IDW p=2; até 6 estações; raio máximo 300 km""}}","{""organization"": ""INMET"", ""dataset"": ""Dados Históricos Anuais - estações automáticas"", ""version"": ""2012"", ""retrieved_at"": ""2026-10-01"", ""reference_url"": ""https://portal.inmet.gov.br/uploads/dadoshistoricos/2012.zip"", ""method"": ""agregação anual observada por estação + IDW municipal em EPSG:31985; p=2; 3-6 estações; raio <=300 km; controle mínimo de completude"", ""verified"": true}"
2612505,2012,13.430364178259678,-4694952.968427724,"{""temperatura_media_c"": {""n_estacoes"": 6, ""nearest_distance_km"": 53.62, ""max_distance_km"": 151.85, ""stations"": [""CARUARU"", ""SURUBIM"", ""ARCO VERDE"", ""GARANHUNS"", ""PALMARES"", ""RECIFE""], ""method"": ""IDW p=2; até 6 estações; raio máximo 300 km""}, ""precipitacao_anual_mm"": {""n_estacoes"": 6, ""nearest_distance_km"": 53.62, ""max_distance_km"": 151.85, ""stations"": [""CARUARU"", ""SURUBIM"", ""ARCO VERDE"", ""GARANHUNS"", ""PALMARES"", ""RECIFE""], ""method"": ""IDW p=2; até 6 estações; raio máximo 300 km""}}","{""organization"": ""INMET"", ""dataset"": ""Dados Históricos Anuais - estações automáticas"", ""version"": ""2012"", ""retrieved_at"": ""2026-10-01"", ""reference_url"": ""https://portal.inmet.gov.br/uploads/dadoshistoricos/2012.zip"", ""method"": ""agregação anual observada por estação + IDW municipal em EPSG:31985; p=2; 3-6 estações; raio <=300 km; controle mínimo de completude"", ""verified"": true}"
2612554,2012,6.705925995048385,-178565.24360497005,"{""temperatura_media_c"": {""n_estacoes"": 5, ""nearest_distance_km"": 64.48, ""max_distance_km"": 254.21, ""stations"": [""OURICURI"", ""PETROLINA"", ""CABROBO"", ""FLORESTA"", ""SERRA TALHADA""], ""method"": ""IDW p=2; até 6 estações; raio máximo 300 km""}, ""precipitacao_anual_mm"": {""n_estacoes"": 5, ""nearest_distance_km"": 64.48, ""max_distance_km"": 254.21, ""stations"": [""OURICURI"", ""PETROLINA"", ""CABROBO"", ""FLORESTA"", ""SERRA TALHADA""], ""method"": ""IDW p=2; até 6 estações; raio máximo 300 km""}}","{""organization"": ""INMET"", ""dataset"": ""Dados Históricos Anuais - estações automáticas"", ""version"": ""2012"", ""retrieved_at"": ""2026-10-01"", ""reference_url"": ""https://portal.inmet.gov.br/uploads/dadoshistoricos/2012.zip"", ""method"": ""agregação anual observada por estação + IDW municipal em EPSG:31985; p=2; 3-6 estações; raio <=300 km; controle mínimo de completude"", ""verified"": true}"
2612604,2012,-6.741909511505798,-297689.8612309452,"{""temperatura_media_c"": {""n_estacoes"": 6, ""nearest_distance_km"": 67.99, ""max_distance_km"": 244.03, ""stations"": [""CABROBO"", ""OURICURI"", ""PETROLINA"", ""FLORESTA"", ""SERRA TALHADA"", ""IBIMIRIM""], ""method"": ""IDW p=2; até 6 estações; raio máximo 300 km""}, ""precipitacao_anual_mm"": {""n_estacoes"": 6, ""nearest_distance_km"": 67.99, ""max_distance_km"": 244.03, ""stations"": [""CABROBO"", ""OURICURI"", ""PETROLINA"", ""FLORESTA"", ""SERRA TALHADA"", ""IBIMIRIM""], ""method"": ""IDW p=2; até 6 estações; raio máximo 300 km""}}","{""organization"": ""INMET"", ""dataset"": ""Dados Históricos Anuais - estações automáticas"", ""version"": ""2012"", ""retrieved_at"": ""2026-10-01"", ""reference_url"": ""https://portal.inmet.gov.br/uploads/dadoshistoricos/2012.zip"", ""method"": ""agregação anual observada por estação + IDW municipal em EPSG:31985; p=2; 3-6 estações; raio <=300 km; controle mínimo de completude"", ""verified"": true}"
2612703,2012,17.484715344761273,-13751457.668771233,"{""temperatura_media_c"": {""n_estacoes"": 6, ""nearest_distance_km"": 9.67, ""max_distance_km"": 147.84, ""stations"": [""SURUBIM"", ""CARUARU"", ""PALMARES"", ""RECIFE"", ""GARANHUNS"", ""ARCO VERDE""], ""method"": ""IDW p=2; até 6 estações; raio máximo 300 km""}, ""precipitacao_anual_mm"": {""n_estacoes"": 6, ""nearest_distance_km"": 9.67, ""max_distance_km"": 147.84, ""stations"": [""SURUBIM"", ""CARUARU"", ""PALMARES"", ""RECIFE"", ""GARANHUNS"", ""ARCO VERDE""], ""method"": ""IDW p=2; até 6 estações; raio máximo 300 km""}}","{""organization"": ""INMET"", ""dataset"": ""Dados Históricos Anuais - estações automáticas"", ""version"": ""2012"", ""retrieved_at"": ""2026-10-01"", ""reference_url"": ""https://portal.inmet.gov.br/uploads/dadoshistoricos/2012.zip"", ""method"": ""agregação anual observada por estação + IDW municipal em EPSG:31985; p=2; 3-6 estações; raio <=300 km; controle mínimo de completude"", ""verified"": true}"
2612802,2012,-29.367073293158995,-1834842.9273999354,"{""temperatura_media_c"": {""n_estacoes"": 6, ""nearest_distance_km"": 111.31, ""max_distance_km"": 186.8, ""stations"": [""SERRA TALHADA"", ""ARCO VERDE"", ""IBIMIRIM"", ""FLORESTA"", ""CARUARU"", ""SURUBIM""], ""method"": ""IDW p=2; até 6 estações; raio máximo 300 km""}, ""precipitacao_anual_mm"": {""n_estacoes"": 6, ""nearest_distance_km"": 111.31, ""max_distance_km"": 186.8, ""stations"": [""SERRA TALHADA"", ""ARCO VERDE"", ""IBIMIRIM"", ""FLORESTA"", ""CARUARU"", ""SURUBIM""], ""method"": ""IDW p=2; até 6 estações; raio máximo 300 km""}}","{""organization"": ""INMET"", ""dataset"": ""Dados Históricos Anuais - estações automáticas"", ""version"": ""2012"", ""retrieved_at"": ""2026-10-01"", ""reference_url"": ""https://portal.inmet.gov.br/uploads/dadoshistoricos/2012.zip"", ""method"": ""agregação anual observada por estação + IDW municipal em EPSG:31985; p=2; 3-6 estações; raio <=300 km; controle mínimo de completude"", ""verified"": true}"
2612901,2012,14.641968983149326,-1080617.6752790525,"{""temperatura_media_c"": {""n_estacoes"": 6, ""nearest_distance_km"": 40.51, ""max_distance_km"": 136.79, ""stations"": [""PALMARES"", ""CARUARU"", ""GARANHUNS"", ""SURUBIM"", ""RECIFE"", ""ARCO VERDE""], ""method"": ""IDW p=2; até 6 estações; raio máximo 300 km""}, ""precipitacao_anual_mm"": {""n_estacoes"": 6, ""nearest_distance_km"": 40.51, ""max_distance_km"": 136.79, ""stations"": [""PALMARES"", ""CARUARU"", ""GARANHUNS"", ""SURUBIM"", ""RECIFE"", ""ARCO VERDE""], ""method"": ""IDW p=2; até 6 estações; raio máximo 300 km""}}","{""organization"": ""INMET"", ""dataset"": ""Dados Históricos Anuais - estações automáticas"", ""version"": ""2012"", ""retrieved_at"": ""2026-10-01"", ""reference_url"": ""https://portal.inmet.gov.br/uploads/dadoshistoricos/2012.zip"", ""method"": ""agregação anual observada por estação + IDW municipal em EPSG:31985; p=2; 3-6 estações; raio <=300 km; controle mínimo de completude"", ""verified"": true}"
2613008,2012,13.200068238322192,-1104760.7535146058,"{""temperatura_media_c"": {""n_estacoes"": 6, ""nearest_distance_km"": 41.38, ""max_distance_km"": 139.13, ""stations"": [""GARANHUNS"", ""CARUARU"", ""ARCO VERDE"", ""PALMARES"", ""SURUBIM"", ""IBIMIRIM""], ""method"": ""IDW p=2; até 6 estações; raio máximo 300 km""}, ""precipitacao_anual_mm"": {""n_estacoes"": 6, ""nearest_distance_km"": 41.38, ""max_distance_km"": 139.13, ""stations"": [""GARANHUNS"", ""CARUARU"", ""ARCO VERDE"", ""PALMARES"", ""SURUBIM"", ""IBIMIRIM""], ""method"": ""IDW p=2; até 6 estações; raio máximo 300 km""}}","{""organization"": ""INMET"", ""dataset"": ""Dados Históricos Anuais - estações automáticas"", ""version"": ""2012"", ""retrieved_at"": ""2026-10-01"", ""reference_url"": ""https://portal.inmet.gov.br/uploads/dadoshistoricos/2012.zip"", ""method"": ""agregação anual observada por estação + IDW municipal em EPSG:31985; p=2; 3-6 estações; raio <=300 km; controle mínimo de completude"", ""verified"": true}"
2613107,2012,16.562296195042027,-1122919.370185145,"{""temperatura_media_c"": {""n_estacoes"": 6, ""nearest_distance_km"": 20.62, ""max_distance_km"": 134.4, ""stations"": [""CARUARU"", ""SURUBIM"", ""PALMARES"", ""GARANHUNS"", ""ARCO VERDE"", ""RECIFE""], ""method"": ""IDW p=2; até 6 estações; raio máximo 300 km""}, ""precipitacao_anual_mm"": {""n_estacoes"": 6, ""nearest_distance_km"": 20.62, ""max_distance_km"": 134.4, ""stations"": [""CARUARU"", ""SURUBIM"", ""PALMARES"", ""GARANHUNS"", ""ARCO VERDE"", ""RECIFE""], ""method"": ""IDW p=2; até 6 estações; raio máximo 300 km""}}","{""organization"": ""INMET"", ""dataset"": ""Dados Históricos Anuais - estações automáticas"", ""version"": ""2012"", ""retrieved_at"": ""2026-10-01"", ""reference_url"": ""https://portal.inmet.gov.br/uploads/dadoshistoricos/2012.zip"", ""method"": ""agregação anual observada por estação + IDW municipal em EPSG:31985; p=2; 3-6 estações; raio <=300 km; controle mínimo de completude"", ""verified"": true}"
2613206,2012,14.986993736741617,-210412.63444284405,"{""temperatura_media_c"": {""n_estacoes"": 6, ""nearest_distance_km"": 13.24, ""max_distance_km"": 152.71, ""stations"": [""GARANHUNS"", ""CARUARU"", ""PALMARES"", ""ARCO VERDE"", ""SURUBIM"", ""IBIMIRIM""], ""method"": ""IDW p=2; até 6 estações; raio máximo 300 km""}, ""precipitacao_anual_mm"": {""n_estacoes"": 6, ""nearest_distance_km"": 13.24, ""max_distance_km"": 152.71, ""stations"": [""GARANHUNS"", ""CARUARU"", ""PALMARES"", ""ARCO VERDE"", ""SURUBIM"", ""IBIMIRIM""], ""method"": ""IDW p=2; até 6 estações; raio máximo 300 km""}}","{""organization"": ""INMET"", ""dataset"": ""Dados Históricos Anuais - estações automáticas"", ""version"": ""2012"", ""retrieved_at"": ""2026-10-01"", ""reference_url"": ""https://portal.inmet.gov.br/uploads/dadoshistoricos/2012.zip"", ""method"": ""agregação anual observada por estação + IDW municipal em EPSG:31985; p=2; 3-6 estações; raio <=300 km; controle mínimo de completude"", ""verified"": true}"
2613305,2012,15.246875907467208,-1404646.20822563,"{""temperatura_media_c"": {""n_estacoes"": 6, ""nearest_distance_km"": 28.92, ""max_distance_km"": 136.88, ""stations"": [""CARUARU"", ""PALMARES"", ""SURUBIM"", ""GARANHUNS"", ""RECIFE"", ""ARCO VERDE""], ""method"": ""IDW p=2; até 6 estações; raio máximo 300 km""}, ""precipitacao_anual_mm"": {""n_estacoes"": 6, ""nearest_distance_km"": 28.92, ""max_distance_km"": 136.88, ""stations"": [""CARUARU"", ""PALMARES"", ""SURUBIM"", ""GARANHUNS"", ""RECIFE"", ""ARCO VERDE""], ""method"": ""IDW p=2; até 6 estações; raio máximo 300 km""}}","{""organization"": ""INMET"", ""dataset"": ""Dados Históricos Anuais - estações automáticas"", ""version"": ""2012"", ""retrieved_at"": ""2026-10-01"", ""reference_url"": ""https://portal.inmet.gov.br/uploads/dadoshistoricos/2012.zip"", ""method"": ""agregação anual observada por estação + IDW municipal em EPSG:31985; p=2; 3-6 estações; raio <=300 km; controle mínimo de completude"", ""verified"": true}"
2613404,2012,4.297648822173079,-1299391.5368393303,"{""temperatura_media_c"": {""n_estacoes"": 6, ""nearest_distance_km"": 47.56, ""max_distance_km"": 214.97, ""stations"": [""PALMARES"", ""RECIFE"", ""CARUARU"", ""SURUBIM"", ""GARANHUNS"", ""ARCO VERDE""], ""method"": ""IDW p=2; até 6 estações; raio máximo 300 km""}, ""precipitacao_anual_mm"": {""n_estacoes"": 6, ""nearest_distance_km"": 47.56, ""max_distance_km"": 214.97, ""stations"": [""PALMARES"", ""RECIFE"", ""CARUARU"", ""SURUBIM"", ""GARANHUNS"", ""ARCO VERDE""], ""method"": ""IDW p=2; até 6 estações; raio máximo 300 km""}}","{""organization"": ""INMET"", ""dataset"": ""Dados Históricos Anuais - estações automáticas"", ""version"": ""2012"", ""retrieved_at"": ""2026-10-01"", ""reference_url"": ""https://portal.inmet.gov.br/uploads/dadoshistoricos/2012.zip"", ""method"": ""agregação anual observada por estação + IDW municipal em EPSG:31985; p=2; 3-6 estações; raio <=300 km; controle mínimo de completude"", ""verified"": true}"
2613503,2012,-39.717590185733116,-580418.1202188026,"{""temperatura_media_c"": {""n_estacoes"": 6, ""nearest_distance_km"": 50.88, ""max_distance_km"": 193.71, ""stations"": [""SERRA TALHADA"", ""FLORESTA"", ""CABROBO"", ""IBIMIRIM"", ""OURICURI"", ""ARCO VERDE""], ""method"": ""IDW p=2; até 6 estações; raio máximo 300 km""}, ""precipitacao_anual_mm"": {""n_estacoes"": 6, ""nearest_distance_km"": 50.88, ""max_distance_km"": 193.71, ""stations"": [""SERRA TALHADA"", ""FLORESTA"", ""CABROBO"", ""IBIMIRIM"", ""OURICURI"", ""ARCO VERDE""], ""method"": ""IDW p=2; até 6 estações; raio máximo 300 km""}}","{""organization"": ""INMET"", ""dataset"": ""Dados Históricos Anuais - estações automáticas"", ""version"": ""2012"", ""retrieved_at"": ""2026-10-01"", ""reference_url"": ""https://portal.inmet.gov.br/uploads/dadoshistoricos/2012.zip"", ""method"": ""agregação anual observada por estação + IDW municipal em EPSG:31985; p=2; 3-6 estações; raio <=300 km; controle mínimo de completude"", ""verified"": true}"
2613602,2012,-1.2507250726431056,-1770245.9366767665,"{""temperatura_media_c"": {""n_estacoes"": 6, ""nearest_distance_km"": 100.95, ""max_distance_km"": 175.48, ""stations"": [""ARCO VERDE"", ""IBIMIRIM"", ""SERRA TALHADA"", ""CARUARU"", ""SURUBIM"", ""GARANHUNS""], ""method"": ""IDW p=2; até 6 estações; raio máximo 300 km""}, ""precipitacao_anual_mm"": {""n_estacoes"": 6, ""nearest_distance_km"": 100.95, ""max_distance_km"": 175.48, ""stations"": [""ARCO VERDE"", ""IBIMIRIM"", ""SERRA TALHADA"", ""CARUARU"", ""SURUBIM"", ""GARANHUNS""], ""method"": ""IDW p=2; até 6 estações; raio máximo 300 km""}}","{""organization"": ""INMET"", ""dataset"": ""Dados Históricos Anuais - estações automáticas"", ""version"": ""2012"", ""retrieved_at"": ""2026-10-01"", ""reference_url"": ""https://portal.inmet.gov.br/uploads/dadoshistoricos/2012.zip"", ""method"": ""agregação anual observada por estação + IDW municipal em EPSG:31985; p=2; 3-6 estações; raio <=300 km; controle mínimo de completude"", ""verified"": true}"
2613701,2012,-72.02750932424694,-1419404.0708977522,"{""temperatura_media_c"": {""n_estacoes"": 6, ""nearest_distance_km"": 16.44, ""max_distance_km"": 222.63, ""stations"": [""RECIFE"", ""SURUBIM"", ""PALMARES"", ""CARUARU"", ""GARANHUNS"", ""ARCO VERDE""], ""method"": ""IDW p=2; até 6 estações; raio máximo 300 km""}, ""precipitacao_anual_mm"": {""n_estacoes"": 6, ""nearest_distance_km"": 16.44, ""max_distance_km"": 222.63, ""stations"": [""RECIFE"", ""SURUBIM"", ""PALMARES"", ""CARUARU"", ""GARANHUNS"", ""ARCO VERDE""], ""method"": ""IDW p=2; até 6 estações; raio máximo 300 km""}}","{""organization"": ""INMET"", ""dataset"": ""Dados Históricos Anuais - estações automáticas"", ""version"": ""2012"", ""retrieved_at"": ""2026-10-01"", ""reference_url"": ""https://portal.inmet.gov.br/uploads/dadoshistoricos/2012.zip"", ""method"": ""agregação anual observada por estação + IDW municipal em EPSG:31985; p=2; 3-6 estações; raio <=300 km; controle mínimo de completude"", ""verified"": true}"
2613800,2012,1.0236894219037824,-8525338.329411594,"{""temperatura_media_c"": {""n_estacoes"": 6, ""nearest_distance_km"": 42.36, ""max_distance_km"": 197.46, ""stations"": [""SURUBIM"", ""RECIFE"", ""CARUARU"", ""PALMARES"", ""GARANHUNS"", ""ARCO VERDE""], ""method"": ""IDW p=2; até 6 estações; raio máximo 300 km""}, ""precipitacao_anual_mm"": {""n_estacoes"": 6, ""nearest_distance_km"": 42.36, ""max_distance_km"": 197.46, ""stations"": [""SURUBIM"", ""RECIFE"", ""CARUARU"", ""PALMARES"", ""GARANHUNS"", ""ARCO VERDE""], ""method"": ""IDW p=2; até 6 estações; raio máximo 300 km""}}","{""organization"": ""INMET"", ""dataset"": ""Dados Históricos Anuais - estações automáticas"", ""version"": ""2012"", ""retrieved_at"": ""2026-10-01"", ""reference_url"": ""https://portal.inmet.gov.br/uploads/dadoshistoricos/2012.zip"", ""method"": ""agregação anual observada por estação + IDW municipal em EPSG:31985; p=2; 3-6 estações; raio <=300 km; controle mínimo de completude"", ""verified"": true}"
2613909,2012,11.71994975304636,-128086.34394596997,"{""temperatura_media_c"": {""n_estacoes"": 6, ""nearest_distance_km"": 12.36, ""max_distance_km"": 192.67, ""stations"": [""SERRA TALHADA"", ""FLORESTA"", ""IBIMIRIM"", ""CABROBO"", ""ARCO VERDE"", ""OURICURI""], ""method"": ""IDW p=2; até 6 estações; raio máximo 300 km""}, ""precipitacao_anual_mm"": {""n_estacoes"": 6, ""nearest_distance_km"": 12.36, ""max_distance_km"": 192.67, ""stations"": [""SERRA TALHADA"", ""FLORESTA"", ""IBIMIRIM"", ""CABROBO"", ""ARCO VERDE"", ""OURICURI""], ""method"": ""IDW p=2; até 6 estações; raio máximo 300 km""}}","{""organization"": ""INMET"", ""dataset"": ""Dados Históricos Anuais - estações automáticas"", ""version"": ""2012"", ""retrieved_at"": ""2026-10-01"", ""reference_url"": ""https://portal.inmet.gov.br/uploads/dadoshistoricos/2012.zip"", ""method"": ""agregação anual observada por estação + IDW municipal em EPSG:31985; p=2; 3-6 estações; raio <=300 km; controle mínimo de completude"", ""verified"": true}"
2614006,2012,-20.282117511433523,-413798.3888318399,"{""temperatura_media_c"": {""n_estacoes"": 6, ""nearest_distance_km"": 73.02, ""max_distance_km"": 210.73, ""stations"": [""CABROBO"", ""OURICURI"", ""SERRA TALHADA"", ""FLORESTA"", ""IBIMIRIM"", ""PETROLINA""], ""method"": ""IDW p=2; até 6 estações; raio máximo 300 km""}, ""precipitacao_anual_mm"": {""n_estacoes"": 6, ""nearest_distance_km"": 73.02, ""max_distance_km"": 210.73, ""stations"": [""CABROBO"", ""OURICURI"", ""SERRA TALHADA"", ""FLORESTA"", ""IBIMIRIM"", ""PETROLINA""], ""method"": ""IDW p=2; até 6 estações; raio máximo 300 km""}}","{""organization"": ""INMET"", ""dataset"": ""Dados Históricos Anuais - estações automáticas"", ""version"": ""2012"", ""retrieved_at"": ""2026-10-01"", ""reference_url"": ""https://portal.inmet.gov.br/uploads/dadoshistoricos/2012.zip"", ""method"": ""agregação anual observada por estação + IDW municipal em EPSG:31985; p=2; 3-6 estações; raio <=300 km; controle mínimo de completude"", ""verified"": true}"
2614105,2012,-17.486846584245235,-368369.3142157565,"{""temperatura_media_c"": {""n_estacoes"": 6, ""nearest_distance_km"": 36.17, ""max_distance_km"": 149.16, ""stations"": [""ARCO VERDE"", ""IBIMIRIM"", ""SERRA TALHADA"", ""GARANHUNS"", ""FLORESTA"", ""CARUARU""], ""method"": ""IDW p=2; até 6 estações; raio máximo 300 km""}, ""precipitacao_anual_mm"": {""n_estacoes"": 6, ""nearest_distance_km"": 36.17, ""max_distance_km"": 149.16, ""stations"": [""ARCO VERDE"", ""IBIMIRIM"", ""SERRA TALHADA"", ""GARANHUNS"", ""FLORESTA"", ""CARUARU""], ""method"": ""IDW p=2; até 6 estações; raio máximo 300 km""}}","{""organization"": ""INMET"", ""dataset"": ""Dados Históricos Anuais - estações automáticas"", ""version"": ""2012"", ""retrieved_at"": ""2026-10-01"", ""reference_url"": ""https://portal.inmet.gov.br/uploads/dadoshistoricos/2012.zip"", ""method"": ""agregação anual observada por estação + IDW municipal em EPSG:31985; p=2; 3-6 estações; raio <=300 km; controle mínimo de completude"", ""verified"": true}"
2614204,2012,-6.7078646256338565,-1558047.5436853806,"{""temperatura_media_c"": {""n_estacoes"": 6, ""nearest_distance_km"": 44.84, ""max_distance_km"": 211.37, ""stations"": [""PALMARES"", ""RECIFE"", ""CARUARU"", ""SURUBIM"", ""GARANHUNS"", ""ARCO VERDE""], ""method"": ""IDW p=2; até 6 estações; raio máximo 300 km""}, ""precipitacao_anual_mm"": {""n_estacoes"": 6, ""nearest_distance_km"": 44.84, ""max_distance_km"": 211.37, ""stations"": [""PALMARES"", ""RECIFE"", ""CARUARU"", ""SURUBIM"", ""GARANHUNS"", ""ARCO VERDE""], ""method"": ""IDW p=2; até 6 estações; raio máximo 300 km""}}","{""organization"": ""INMET"", ""dataset"": ""Dados Históricos Anuais - estações automáticas"", ""version"": ""2012"", ""retrieved_at"": ""2026-10-01"", ""reference_url"": ""https://portal.inmet.gov.br/uploads/dadoshistoricos/2012.zip"", ""method"": ""agregação anual observada por estação + IDW municipal em EPSG:31985; p=2; 3-6 estações; raio <=300 km; controle mínimo de completude"", ""verified"": true}"
2614303,2012,-12.325156230102456,-343547.079662079,"{""temperatura_media_c"": {""n_estacoes"": 6, ""nearest_distance_km"": 70.77, ""max_distance_km"": 224.39, ""stations"": [""OURICURI"", ""CABROBO"", ""SERRA TALHADA"", ""FLORESTA"", ""IBIMIRIM"", ""PETROLINA""], ""method"": ""IDW p=2; até 6 estações; raio máximo 300 km""}, ""precipitacao_anual_mm"": {""n_estacoes"": 6, ""nearest_distance_km"": 70.77, ""max_distance_km"": 224.39, ""stations"": [""OURICURI"", ""CABROBO"", ""SERRA TALHADA"", ""FLORESTA"", ""IBIMIRIM"", ""PETROLINA""], ""method"": ""IDW p=2; até 6 estações; raio máximo 300 km""}}","{""organization"": ""INMET"", ""dataset"": ""Dados Históricos Anuais - estações automáticas"", ""version"": ""2012"", ""retrieved_at"": ""2026-10-01"", ""reference_url"": ""https://portal.inmet.gov.br/uploads/dadoshistoricos/2012.zip"", ""method"": ""agregação anual observada por estação + IDW municipal em EPSG:31985; p=2; 3-6 estações; raio <=300 km; controle mínimo de completude"", ""verified"": true}"
2614402,2012,-31.695434950919026,-500666.5291235363,"{""temperatura_media_c"": {""n_estacoes"": 6, ""nearest_distance_km"": 82.13, ""max_distance_km"": 197.63, ""stations"": [""SERRA TALHADA"", ""IBIMIRIM"", ""ARCO VERDE"", ""FLORESTA"", ""GARANHUNS"", ""CARUARU""], ""method"": ""IDW p=2; até 6 estações; raio máximo 300 km""}, ""precipitacao_anual_mm"": {""n_estacoes"": 6, ""nearest_distance_km"": 82.13, ""max_distance_km"": 197.63, ""stations"": [""SERRA TALHADA"", ""IBIMIRIM"", ""ARCO VERDE"", ""FLORESTA"", ""GARANHUNS"", ""CARUARU""], ""method"": ""IDW p=2; até 6 estações; raio máximo 300 km""}}","{""organization"": ""INMET"", ""dataset"": ""Dados Históricos Anuais - estações automáticas"", ""version"": ""2012"", ""retrieved_at"": ""2026-10-01"", ""reference_url"": ""https://portal.inmet.gov.br/uploads/dadoshistoricos/2012.zip"", ""method"": ""agregação anual observada por estação + IDW municipal em EPSG:31985; p=2; 3-6 estações; raio <=300 km; controle mínimo de completude"", ""verified"": true}"
2614501,2012,17.588462891543557,-14039026.37363428,"{""temperatura_media_c"": {""n_estacoes"": 6, ""nearest_distance_km"": 7.62, ""max_distance_km"": 157.75, ""stations"": [""SURUBIM"", ""CARUARU"", ""PALMARES"", ""RECIFE"", ""GARANHUNS"", ""ARCO VERDE""], ""method"": ""IDW p=2; até 6 estações; raio máximo 300 km""}, ""precipitacao_anual_mm"": {""n_estacoes"": 6, ""nearest_distance_km"": 7.62, ""max_distance_km"": 157.75, ""stations"": [""SURUBIM"", ""CARUARU"", ""PALMARES"", ""RECIFE"", ""GARANHUNS"", ""ARCO VERDE""], ""method"": ""IDW p=2; até 6 estações; raio máximo 300 km""}}","{""organization"": ""INMET"", ""dataset"": ""Dados Históricos Anuais - estações automáticas"", ""version"": ""2012"", ""retrieved_at"": ""2026-10-01"", ""reference_url"": ""https://portal.inmet.gov.br/uploads/dadoshistoricos/2012.zip"", ""method"": ""agregação anual observada por estação + IDW municipal em EPSG:31985; p=2; 3-6 estações; raio <=300 km; controle mínimo de completude"", ""verified"": true}"
2614600,2012,-30.94750932546933,-492246.63417113794,"{""temperatura_media_c"": {""n_estacoes"": 6, ""nearest_distance_km"": 96.02, ""max_distance_km"": 185.32, ""stations"": [""SERRA TALHADA"", ""ARCO VERDE"", ""IBIMIRIM"", ""FLORESTA"", ""CARUARU"", ""GARANHUNS""], ""method"": ""IDW p=2; até 6 estações; raio máximo 300 km""}, ""precipitacao_anual_mm"": {""n_estacoes"": 6, ""nearest_distance_km"": 96.02, ""max_distance_km"": 185.32, ""stations"": [""SERRA TALHADA"", ""ARCO VERDE"", ""IBIMIRIM"", ""FLORESTA"", ""CARUARU"", ""GARANHUNS""], ""method"": ""IDW p=2; até 6 estações; raio máximo 300 km""}}","{""organization"": ""INMET"", ""dataset"": ""Dados Históricos Anuais - estações automáticas"", ""version"": ""2012"", ""retrieved_at"": ""2026-10-01"", ""reference_url"": ""https://portal.inmet.gov.br/uploads/dadoshistoricos/2012.zip"", ""method"": ""agregação anual observada por estação + IDW municipal em EPSG:31985; p=2; 3-6 estações; raio <=300 km; controle mínimo de completude"", ""verified"": true}"
2614709,2012,15.191555129731357,-1637651.4101415514,"{""temperatura_media_c"": {""n_estacoes"": 6, ""nearest_distance_km"": 33.71, ""max_distance_km"": 148.01, ""stations"": [""CARUARU"", ""GARANHUNS"", ""SURUBIM"", ""PALMARES"", ""ARCO VERDE"", ""RECIFE""], ""method"": ""IDW p=2; até 6 estações; raio máximo 300 km""}, ""precipitacao_anual_mm"": {""n_estacoes"": 6, ""nearest_distance_km"": 33.71, ""max_distance_km"": 148.01, ""stations"": [""CARUARU"", ""GARANHUNS"", ""SURUBIM"", ""PALMARES"", ""ARCO VERDE"", ""RECIFE""], ""method"": ""IDW p=2; até 6 estações; raio máximo 300 km""}}","{""organization"": ""INMET"", ""dataset"": ""Dados Históricos Anuais - estações automáticas"", ""version"": ""2012"", ""retrieved_at"": ""2026-10-01"", ""reference_url"": ""https://portal.inmet.gov.br/uploads/dadoshistoricos/2012.zip"", ""method"": ""agregação anual observada por estação + IDW municipal em EPSG:31985; p=2; 3-6 estações; raio <=300 km; controle mínimo de completude"", ""verified"": true}"
2614808,2012,-104.72028825665998,-1146576.2544913772,"{""temperatura_media_c"": {""n_estacoes"": 6, ""nearest_distance_km"": 63.94, ""max_distance_km"": 174.46, ""stations"": [""IBIMIRIM"", ""FLORESTA"", ""SERRA TALHADA"", ""ARCO VERDE"", ""CABROBO"", ""GARANHUNS""], ""method"": ""IDW p=2; até 6 estações; raio máximo 300 km""}, ""precipitacao_anual_mm"": {""n_estacoes"": 6, ""nearest_distance_km"": 63.94, ""max_distance_km"": 174.46, ""stations"": [""IBIMIRIM"", ""FLORESTA"", ""SERRA TALHADA"", ""ARCO VERDE"", ""CABROBO"", ""GARANHUNS""], ""method"": ""IDW p=2; até 6 estações; raio máximo 300 km""}}","{""organization"": ""INMET"", ""dataset"": ""Dados Históricos Anuais - estações automáticas"", ""version"": ""2012"", ""retrieved_at"": ""2026-10-01"", ""reference_url"": ""https://portal.inmet.gov.br/uploads/dadoshistoricos/2012.zip"", ""method"": ""agregação anual observada por estação + IDW municipal em EPSG:31985; p=2; 3-6 estações; raio <=300 km; controle mínimo de completude"", ""verified"": true}"
2614857,2012,5.8428411888445915,-1163497.4816559255,"{""temperatura_media_c"": {""n_estacoes"": 6, ""nearest_distance_km"": 38.24, ""max_distance_km"": 207.46, ""stations"": [""PALMARES"", ""RECIFE"", ""CARUARU"", ""SURUBIM"", ""GARANHUNS"", ""ARCO VERDE""], ""method"": ""IDW p=2; até 6 estações; raio máximo 300 km""}, ""precipitacao_anual_mm"": {""n_estacoes"": 6, ""nearest_distance_km"": 38.24, ""max_distance_km"": 207.46, ""stations"": [""PALMARES"", ""RECIFE"", ""CARUARU"", ""SURUBIM"", ""GARANHUNS"", ""ARCO VERDE""], ""method"": ""IDW p=2; até 6 estações; raio máximo 300 km""}}","{""organization"": ""INMET"", ""dataset"": ""Dados Históricos Anuais - estações automáticas"", ""version"": ""2012"", ""retrieved_at"": ""2026-10-01"", ""reference_url"": ""https://portal.inmet.gov.br/uploads/dadoshistoricos/2012.zip"", ""method"": ""agregação anual observada por estação + IDW municipal em EPSG:31985; p=2; 3-6 estações; raio <=300 km; controle mínimo de completude"", ""verified"": true}"
2615003,2012,14.45792290274198,-7034492.655814676,"{""temperatura_media_c"": {""n_estacoes"": 6, ""nearest_distance_km"": 37.08, ""max_distance_km"": 130.88, ""stations"": [""SURUBIM"", ""CARUARU"", ""PALMARES"", ""ARCO VERDE"", ""GARANHUNS"", ""RECIFE""], ""method"": ""IDW p=2; até 6 estações; raio máximo 300 km""}, ""precipitacao_anual_mm"": {""n_estacoes"": 6, ""nearest_distance_km"": 37.08, ""max_distance_km"": 130.88, ""stations"": [""SURUBIM"", ""CARUARU"", ""PALMARES"", ""ARCO VERDE"", ""GARANHUNS"", ""RECIFE""], ""method"": ""IDW p=2; até 6 estações; raio máximo 300 km""}}","{""organization"": ""INMET"", ""dataset"": ""Dados Históricos Anuais - estações automáticas"", ""version"": ""2012"", ""retrieved_at"": ""2026-10-01"", ""reference_url"": ""https://portal.inmet.gov.br/uploads/dadoshistoricos/2012.zip"", ""method"": ""agregação anual observada por estação + IDW municipal em EPSG:31985; p=2; 3-6 estações; raio <=300 km; controle mínimo de completude"", ""verified"": true}"
2615102,2012,13.349287517829408,-348520.14044367813,"{""temperatura_media_c"": {""n_estacoes"": 6, ""nearest_distance_km"": 24.12, ""max_distance_km"": 165.34, ""stations"": [""GARANHUNS"", ""ARCO VERDE"", ""CARUARU"", ""PALMARES"", ""IBIMIRIM"", ""SURUBIM""], ""method"": ""IDW p=2; até 6 estações; raio máximo 300 km""}, ""precipitacao_anual_mm"": {""n_estacoes"": 6, ""nearest_distance_km"": 24.12, ""max_distance_km"": 165.34, ""stations"": [""GARANHUNS"", ""ARCO VERDE"", ""CARUARU"", ""PALMARES"", ""IBIMIRIM"", ""SURUBIM""], ""method"": ""IDW p=2; até 6 estações; raio máximo 300 km""}}","{""organization"": ""INMET"", ""dataset"": ""Dados Históricos Anuais - estações automáticas"", ""version"": ""2012"", ""retrieved_at"": ""2026-10-01"", ""reference_url"": ""https://portal.inmet.gov.br/uploads/dadoshistoricos/2012.zip"", ""method"": ""agregação anual observada por estação + IDW municipal em EPSG:31985; p=2; 3-6 estações; raio <=300 km; controle mínimo de completude"", ""verified"": true}"
2615201,2012,-8.68068499783438,-313313.5096989584,"{""temperatura_media_c"": {""n_estacoes"": 6, ""nearest_distance_km"": 39.51, ""max_distance_km"": 190.57, ""stations"": [""CABROBO"", ""OURICURI"", ""FLORESTA"", ""SERRA TALHADA"", ""PETROLINA"", ""IBIMIRIM""], ""method"": ""IDW p=2; até 6 estações; raio máximo 300 km""}, ""precipitacao_anual_mm"": {""n_estacoes"": 6, ""nearest_distance_km"": 39.51, ""max_distance_km"": 190.57, ""stations"": [""CABROBO"", ""OURICURI"", ""FLORESTA"", ""SERRA TALHADA"", ""PETROLINA"", ""IBIMIRIM""], ""method"": ""IDW p=2; até 6 estações; raio máximo 300 km""}}","{""organization"": ""INMET"", ""dataset"": ""Dados Históricos Anuais - estações automáticas"", ""version"": ""2012"", ""retrieved_at"": ""2026-10-01"", ""reference_url"": ""https://portal.inmet.gov.br/uploads/dadoshistoricos/2012.zip"", ""method"": ""agregação anual observada por estação + IDW municipal em EPSG:31985; p=2; 3-6 estações; raio <=300 km; controle mínimo de completude"", ""verified"": true}"
2615300,2012,-11.025714625788112,-6343934.5510159135,"{""temperatura_media_c"": {""n_estacoes"": 6, ""nearest_distance_km"": 60.31, ""max_distance_km"": 215.66, ""stations"": [""SURUBIM"", ""RECIFE"", ""CARUARU"", ""PALMARES"", ""GARANHUNS"", ""ARCO VERDE""], ""method"": ""IDW p=2; até 6 estações; raio máximo 300 km""}, ""precipitacao_anual_mm"": {""n_estacoes"": 6, ""nearest_distance_km"": 60.31, ""max_distance_km"": 215.66, ""stations"": [""SURUBIM"", ""RECIFE"", ""CARUARU"", ""PALMARES"", ""GARANHUNS"", ""ARCO VERDE""], ""method"": ""IDW p=2; até 6 estações; raio máximo 300 km""}}","{""organization"": ""INMET"", ""dataset"": ""Dados Históricos Anuais - estações automáticas"", ""version"": ""2012"", ""retrieved_at"": ""2026-10-01"", ""reference_url"": ""https://portal.inmet.gov.br/uploads/dadoshistoricos/2012.zip"", ""method"": ""agregação anual observada por estação + IDW municipal em EPSG:31985; p=2; 3-6 estações; raio <=300 km; controle mínimo de completude"", ""verified"": true}"
2615409,2012,15.670926648445596,-5104925.434500713,"{""temperatura_media_c"": {""n_estacoes"": 6, ""nearest_distance_km"": 27.36, ""max_distance_km"": 122.49, ""stations"": [""CARUARU"", ""SURUBIM"", ""PALMARES"", ""GARANHUNS"", ""RECIFE"", ""ARCO VERDE""], ""method"": ""IDW p=2; até 6 estações; raio máximo 300 km""}, ""precipitacao_anual_mm"": {""n_estacoes"": 6, ""nearest_distance_km"": 27.36, ""max_distance_km"": 122.49, ""stations"": [""CARUARU"", ""SURUBIM"", ""PALMARES"", ""GARANHUNS"", ""RECIFE"", ""ARCO VERDE""], ""method"": ""IDW p=2; até 6 estações; raio máximo 300 km""}}","{""organization"": ""INMET"", ""dataset"": ""Dados Históricos Anuais - estações automáticas"", ""version"": ""2012"", ""retrieved_at"": ""2026-10-01"", ""reference_url"": ""https://portal.inmet.gov.br/uploads/dadoshistoricos/2012.zip"", ""method"": ""agregação anual observada por estação + IDW municipal em EPSG:31985; p=2; 3-6 estações; raio <=300 km; controle mínimo de completude"", ""verified"": true}"
2615508,2012,-42.18127786840926,-3392961.2829257483,"{""temperatura_media_c"": {""n_estacoes"": 6, ""nearest_distance_km"": 39.89, ""max_distance_km"": 224.23, ""stations"": [""RECIFE"", ""SURUBIM"", ""CARUARU"", ""PALMARES"", ""GARANHUNS"", ""ARCO VERDE""], ""method"": ""IDW p=2; até 6 estações; raio máximo 300 km""}, ""precipitacao_anual_mm"": {""n_estacoes"": 6, ""nearest_distance_km"": 39.89, ""max_distance_km"": 224.23, ""stations"": [""RECIFE"", ""SURUBIM"", ""CARUARU"", ""PALMARES"", ""GARANHUNS"", ""ARCO VERDE""], ""method"": ""IDW p=2; até 6 estações; raio máximo 300 km""}}","{""organization"": ""INMET"", ""dataset"": ""Dados Históricos Anuais - estações automáticas"", ""version"": ""2012"", ""retrieved_at"": ""2026-10-01"", ""reference_url"": ""https://portal.inmet.gov.br/uploads/dadoshistoricos/2012.zip"", ""method"": ""agregação anual observada por estação + IDW municipal em EPSG:31985; p=2; 3-6 estações; raio <=300 km; controle mínimo de completude"", ""verified"": true}"
2615607,2012,16.87050488704387,-86745.19986285022,"{""temperatura_media_c"": {""n_estacoes"": 6, ""nearest_distance_km"": 27.75, ""max_distance_km"": 299.1, ""stations"": [""OURICURI"", ""CABROBO"", ""PETROLINA"", ""FLORESTA"", ""SERRA TALHADA"", ""IBIMIRIM""], ""method"": ""IDW p=2; até 6 estações; raio máximo 300 km""}, ""precipitacao_anual_mm"": {""n_estacoes"": 6, ""nearest_distance_km"": 27.75, ""max_distance_km"": 299.1, ""stations"": [""OURICURI"", ""CABROBO"", ""PETROLINA"", ""FLORESTA"", ""SERRA TALHADA"", ""IBIMIRIM""], ""method"": ""IDW p=2; até 6 estações; raio máximo 300 km""}}","{""organization"": ""INMET"", ""dataset"": ""Dados Históricos Anuais - estações automáticas"", ""version"": ""2012"", ""retrieved_at"": ""2026-10-01"", ""reference_url"": ""https://portal.inmet.gov.br/uploads/dadoshistoricos/2012.zip"", ""method"": ""agregação anual observada por estação + IDW municipal em EPSG:31985; p=2; 3-6 estações; raio <=300 km; controle mínimo de completude"", ""verified"": true}"
2615706,2012,-3.3984946310846245,-259566.71226417835,"{""temperatura_media_c"": {""n_estacoes"": 6, ""nearest_distance_km"": 27.75, ""max_distance_km"": 209.4, ""stations"": [""SERRA TALHADA"", ""IBIMIRIM"", ""FLORESTA"", ""ARCO VERDE"", ""CABROBO"", ""GARANHUNS""], ""method"": ""IDW p=2; até 6 estações; raio máximo 300 km""}, ""precipitacao_anual_mm"": {""n_estacoes"": 6, ""nearest_distance_km"": 27.75, ""max_distance_km"": 209.4, ""stations"": [""SERRA TALHADA"", ""IBIMIRIM"", ""FLORESTA"", ""ARCO VERDE"", ""CABROBO"", ""GARANHUNS""], ""method"": ""IDW p=2; até 6 estações; raio máximo 300 km""}}","{""organization"": ""INMET"", ""dataset"": ""Dados Históricos Anuais - estações automáticas"", ""version"": ""2012"", ""retrieved_at"": ""2026-10-01"", ""reference_url"": ""https://portal.inmet.gov.br/uploads/dadoshistoricos/2012.zip"", ""method"": ""agregação anual observada por estação + IDW municipal em EPSG:31985; p=2; 3-6 estações; raio <=300 km; controle mínimo de completude"", ""verified"": true}"
2615805,2012,-18.646882909026733,-378092.60403069,"{""temperatura_media_c"": {""n_estacoes"": 6, ""nearest_distance_km"": 36.71, ""max_distance_km"": 151.14, ""stations"": [""ARCO VERDE"", ""IBIMIRIM"", ""GARANHUNS"", ""SERRA TALHADA"", ""FLORESTA"", ""CARUARU""], ""method"": ""IDW p=2; até 6 estações; raio máximo 300 km""}, ""precipitacao_anual_mm"": {""n_estacoes"": 6, ""nearest_distance_km"": 36.71, ""max_distance_km"": 151.14, ""stations"": [""ARCO VERDE"", ""IBIMIRIM"", ""GARANHUNS"", ""SERRA TALHADA"", ""FLORESTA"", ""CARUARU""], ""method"": ""IDW p=2; até 6 estações; raio máximo 300 km""}}","{""organization"": ""INMET"", ""dataset"": ""Dados Históricos Anuais - estações automáticas"", ""version"": ""2012"", ""retrieved_at"": ""2026-10-01"", ""reference_url"": ""https://portal.inmet.gov.br/uploads/dadoshistoricos/2012.zip"", ""method"": ""agregação anual observada por estação + IDW municipal em EPSG:31985; p=2; 3-6 estações; raio <=300 km; controle mínimo de completude"", ""verified"": true}"
2615904,2012,-2.492069013011775,-1526733.6001203293,"{""temperatura_media_c"": {""n_estacoes"": 6, ""nearest_distance_km"": 83.39, ""max_distance_km"": 162.95, ""stations"": [""ARCO VERDE"", ""IBIMIRIM"", ""SERRA TALHADA"", ""CARUARU"", ""GARANHUNS"", ""SURUBIM""], ""method"": ""IDW p=2; até 6 estações; raio máximo 300 km""}, ""precipitacao_anual_mm"": {""n_estacoes"": 6, ""nearest_distance_km"": 83.39, ""max_distance_km"": 162.95, ""stations"": [""ARCO VERDE"", ""IBIMIRIM"", ""SERRA TALHADA"", ""CARUARU"", ""GARANHUNS"", ""SURUBIM""], ""method"": ""IDW p=2; até 6 estações; raio máximo 300 km""}}","{""organization"": ""INMET"", ""dataset"": ""Dados Históricos Anuais - estações automáticas"", ""version"": ""2012"", ""retrieved_at"": ""2026-10-01"", ""reference_url"": ""https://portal.inmet.gov.br/uploads/dadoshistoricos/2012.zip"", ""method"": ""agregação anual observada por estação + IDW municipal em EPSG:31985; p=2; 3-6 estações; raio <=300 km; controle mínimo de completude"", ""verified"": true}"
2616001,2012,10.340910026033274,-626386.6287853678,"{""temperatura_media_c"": {""n_estacoes"": 6, ""nearest_distance_km"": 37.71, ""max_distance_km"": 140.78, ""stations"": [""ARCO VERDE"", ""GARANHUNS"", ""CARUARU"", ""IBIMIRIM"", ""PALMARES"", ""SURUBIM""], ""method"": ""IDW p=2; até 6 estações; raio máximo 300 km""}, ""precipitacao_anual_mm"": {""n_estacoes"": 6, ""nearest_distance_km"": 37.71, ""max_distance_km"": 140.78, ""stations"": [""ARCO VERDE"", ""GARANHUNS"", ""CARUARU"", ""IBIMIRIM"", ""PALMARES"", ""SURUBIM""], ""method"": ""IDW p=2; até 6 estações; raio máximo 300 km""}}","{""organization"": ""INMET"", ""dataset"": ""Dados Históricos Anuais - estações automáticas"", ""version"": ""2012"", ""retrieved_at"": ""2026-10-01"", ""reference_url"": ""https://portal.inmet.gov.br/uploads/dadoshistoricos/2012.zip"", ""method"": ""agregação anual observada por estação + IDW municipal em EPSG:31985; p=2; 3-6 estações; raio <=300 km; controle mínimo de completude"", ""verified"": true}"
2616100,2012,-49.868457497161515,-671201.2334005664,"{""temperatura_media_c"": {""n_estacoes"": 6, ""nearest_distance_km"": 68.78, ""max_distance_km"": 216.33, ""stations"": [""CABROBO"", ""SERRA TALHADA"", ""FLORESTA"", ""OURICURI"", ""IBIMIRIM"", ""ARCO VERDE""], ""method"": ""IDW p=2; até 6 estações; raio máximo 300 km""}, ""precipitacao_anual_mm"": {""n_estacoes"": 6, ""nearest_distance_km"": 68.78, ""max_distance_km"": 216.33, ""stations"": [""CABROBO"", ""SERRA TALHADA"", ""FLORESTA"", ""OURICURI"", ""IBIMIRIM"", ""ARCO VERDE""], ""method"": ""IDW p=2; até 6 estações; raio máximo 300 km""}}","{""organization"": ""INMET"", ""dataset"": ""Dados Históricos Anuais - estações automáticas"", ""version"": ""2012"", ""retrieved_at"": ""2026-10-01"", ""reference_url"": ""https://portal.inmet.gov.br/uploads/dadoshistoricos/2012.zip"", ""method"": ""agregação anual observada por estação + IDW municipal em EPSG:31985; p=2; 3-6 estações; raio <=300 km; controle mínimo de completude"", ""verified"": true}"
2616183,2012,17.805118543214355,-14278205.363433406,"{""temperatura_media_c"": {""n_estacoes"": 6, ""nearest_distance_km"": 6.9, ""max_distance_km"": 156.83, ""stations"": [""SURUBIM"", ""CARUARU"", ""RECIFE"", ""PALMARES"", ""GARANHUNS"", ""ARCO VERDE""], ""method"": ""IDW p=2; até 6 estações; raio máximo 300 km""}, ""precipitacao_anual_mm"": {""n_estacoes"": 6, ""nearest_distance_km"": 6.9, ""max_distance_km"": 156.83, ""stations"": [""SURUBIM"", ""CARUARU"", ""RECIFE"", ""PALMARES"", ""GARANHUNS"", ""ARCO VERDE""], ""method"": ""IDW p=2; até 6 estações; raio máximo 300 km""}}","{""organization"": ""INMET"", ""dataset"": ""Dados Históricos Anuais - estações automáticas"", ""version"": ""2012"", ""retrieved_at"": ""2026-10-01"", ""reference_url"": ""https://portal.inmet.gov.br/uploads/dadoshistoricos/2012.zip"", ""method"": ""agregação anual observada por estação + IDW municipal em EPSG:31985; p=2; 3-6 estações; raio <=300 km; controle mínimo de completude"", ""verified"": true}"
2616209,2012,15.887923051015687,-10184607.409153277,"{""temperatura_media_c"": {""n_estacoes"": 6, ""nearest_distance_km"": 21.37, ""max_distance_km"": 134.8, ""stations"": [""SURUBIM"", ""CARUARU"", ""PALMARES"", ""RECIFE"", ""GARANHUNS"", ""ARCO VERDE""], ""method"": ""IDW p=2; até 6 estações; raio máximo 300 km""}, ""precipitacao_anual_mm"": {""n_estacoes"": 6, ""nearest_distance_km"": 21.37, ""max_distance_km"": 134.8, ""stations"": [""SURUBIM"", ""CARUARU"", ""PALMARES"", ""RECIFE"", ""GARANHUNS"", ""ARCO VERDE""], ""method"": ""IDW p=2; até 6 estações; raio máximo 300 km""}}","{""organization"": ""INMET"", ""dataset"": ""Dados Históricos Anuais - estações automáticas"", ""version"": ""2012"", ""retrieved_at"": ""2026-10-01"", ""reference_url"": ""https://portal.inmet.gov.br/uploads/dadoshistoricos/2012.zip"", ""method"": ""agregação anual observada por estação + IDW municipal em EPSG:31985; p=2; 3-6 estações; raio <=300 km; controle mínimo de completude"", ""verified"": true}"
2616308,2012,-11.698108760937703,-6515579.3811251605,"{""temperatura_media_c"": {""n_estacoes"": 6, ""nearest_distance_km"": 52.27, ""max_distance_km"": 208.14, ""stations"": [""SURUBIM"", ""RECIFE"", ""CARUARU"", ""PALMARES"", ""GARANHUNS"", ""ARCO VERDE""], ""method"": ""IDW p=2; até 6 estações; raio máximo 300 km""}, ""precipitacao_anual_mm"": {""n_estacoes"": 6, ""nearest_distance_km"": 52.27, ""max_distance_km"": 208.14, ""stations"": [""SURUBIM"", ""RECIFE"", ""CARUARU"", ""PALMARES"", ""GARANHUNS"", ""ARCO VERDE""], ""method"": ""IDW p=2; até 6 estações; raio máximo 300 km""}}","{""organization"": ""INMET"", ""dataset"": ""Dados Históricos Anuais - estações automáticas"", ""version"": ""2012"", ""retrieved_at"": ""2026-10-01"", ""reference_url"": ""https://portal.inmet.gov.br/uploads/dadoshistoricos/2012.zip"", ""method"": ""agregação anual observada por estação + IDW municipal em EPSG:31985; p=2; 3-6 estações; raio <=300 km; controle mínimo de completude"", ""verified"": true}"
2616407,2012,-32.2727770822106,-2900930.0817821403,"{""temperatura_media_c"": {""n_estacoes"": 6, ""nearest_distance_km"": 37.55, ""max_distance_km"": 200.25, ""stations"": [""RECIFE"", ""PALMARES"", ""SURUBIM"", ""CARUARU"", ""GARANHUNS"", ""ARCO VERDE""], ""method"": ""IDW p=2; até 6 estações; raio máximo 300 km""}, ""precipitacao_anual_mm"": {""n_estacoes"": 6, ""nearest_distance_km"": 37.55, ""max_distance_km"": 200.25, ""stations"": [""RECIFE"", ""PALMARES"", ""SURUBIM"", ""CARUARU"", ""GARANHUNS"", ""ARCO VERDE""], ""method"": ""IDW p=2; até 6 estações; raio máximo 300 km""}}","{""organization"": ""INMET"", ""dataset"": ""Dados Históricos Anuais - estações automáticas"", ""version"": ""2012"", ""retrieved_at"": ""2026-10-01"", ""reference_url"": ""https://portal.inmet.gov.br/uploads/dadoshistoricos/2012.zip"", ""method"": ""agregação anual observada por estação + IDW municipal em EPSG:31985; p=2; 3-6 estações; raio <=300 km; controle mínimo de completude"", ""verified"": true}"
2616506,2012,17.707760090175228,-526061.9454238262,"{""temperatura_media_c"": {""n_estacoes"": 6, ""nearest_distance_km"": 21.01, ""max_distance_km"": 164.31, ""stations"": [""PALMARES"", ""CARUARU"", ""GARANHUNS"", ""SURUBIM"", ""RECIFE"", ""ARCO VERDE""], ""method"": ""IDW p=2; até 6 estações; raio máximo 300 km""}, ""precipitacao_anual_mm"": {""n_estacoes"": 6, ""nearest_distance_km"": 21.01, ""max_distance_km"": 164.31, ""stations"": [""PALMARES"", ""CARUARU"", ""GARANHUNS"", ""SURUBIM"", ""RECIFE"", ""ARCO VERDE""], ""method"": ""IDW p=2; até 6 estações; raio máximo 300 km""}}","{""organization"": ""INMET"", ""dataset"": ""Dados Históricos Anuais - estações automáticas"", ""version"": ""2012"", ""retrieved_at"": ""2026-10-01"", ""reference_url"": ""https://portal.inmet.gov.br/uploads/dadoshistoricos/2012.zip"", ""method"": ""agregação anual observada por estação + IDW municipal em EPSG:31985; p=2; 3-6 estações; raio <=300 km; controle mínimo de completude"", ""verified"": true}"
