municipio_ibge,ano,temperatura_media_c,precipitacao_anual_mm,climate_diagnostics,climate_provenance
2600054,2020,26.07510685411524,1478.7160642279125,"{""temperatura_media_c"": {""n_estacoes"": 6, ""nearest_distance_km"": 20.94, ""max_distance_km"": 232.86, ""stations"": [""RECIFE"", ""SURUBIM"", ""PALMARES"", ""CARUARU"", ""GARANHUNS"", ""ARCO VERDE""], ""method"": ""IDW p=2; até 6 estações; raio máximo 300 km""}, ""precipitacao_anual_mm"": {""n_estacoes"": 6, ""nearest_distance_km"": 20.94, ""max_distance_km"": 232.86, ""stations"": [""RECIFE"", ""SURUBIM"", ""PALMARES"", ""CARUARU"", ""GARANHUNS"", ""ARCO VERDE""], ""method"": ""IDW p=2; até 6 estações; raio máximo 300 km""}}","{""organization"": ""INMET"", ""dataset"": ""Dados Históricos Anuais - estações automáticas"", ""version"": ""2020"", ""retrieved_at"": ""2026-10-01"", ""reference_url"": ""https://portal.inmet.gov.br/uploads/dadoshistoricos/2020.zip"", ""method"": ""agregação anual observada por estação + IDW municipal em EPSG:31985; p=2; 3-6 estações; raio <=300 km; controle mínimo de completude"", ""verified"": true}"
2600104,2020,24.728894443868615,809.0366049544201,"{""temperatura_media_c"": {""n_estacoes"": 6, ""nearest_distance_km"": 78.49, ""max_distance_km"": 189.05, ""stations"": [""SERRA TALHADA"", ""IBIMIRIM"", ""ARCO VERDE"", ""FLORESTA"", ""GARANHUNS"", ""CARUARU""], ""method"": ""IDW p=2; até 6 estações; raio máximo 300 km""}, ""precipitacao_anual_mm"": {""n_estacoes"": 6, ""nearest_distance_km"": 78.49, ""max_distance_km"": 179.97, ""stations"": [""SERRA TALHADA"", ""IBIMIRIM"", ""ARCO VERDE"", ""FLORESTA"", ""SALGUEIRO"", ""GARANHUNS""], ""method"": ""IDW p=2; até 6 estações; raio máximo 300 km""}}","{""organization"": ""INMET"", ""dataset"": ""Dados Históricos Anuais - estações automáticas"", ""version"": ""2020"", ""retrieved_at"": ""2026-10-01"", ""reference_url"": ""https://portal.inmet.gov.br/uploads/dadoshistoricos/2020.zip"", ""method"": ""agregação anual observada por estação + IDW municipal em EPSG:31985; p=2; 3-6 estações; raio <=300 km; controle mínimo de completude"", ""verified"": true}"
2600203,2020,26.65846147663527,322.4780033868595,"{""temperatura_media_c"": {""n_estacoes"": 4, ""nearest_distance_km"": 101.13, ""max_distance_km"": 268.31, ""stations"": [""PETROLINA"", ""OURICURI"", ""CABROBO"", ""FLORESTA""], ""method"": ""IDW p=2; até 6 estações; raio máximo 300 km""}, ""precipitacao_anual_mm"": {""n_estacoes"": 5, ""nearest_distance_km"": 101.13, ""max_distance_km"": 268.31, ""stations"": [""PETROLINA"", ""OURICURI"", ""CABROBO"", ""SALGUEIRO"", ""FLORESTA""], ""method"": ""IDW p=2; até 6 estações; raio máximo 300 km""}}","{""organization"": ""INMET"", ""dataset"": ""Dados Históricos Anuais - estações automáticas"", ""version"": ""2020"", ""retrieved_at"": ""2026-10-01"", ""reference_url"": ""https://portal.inmet.gov.br/uploads/dadoshistoricos/2020.zip"", ""method"": ""agregação anual observada por estação + IDW municipal em EPSG:31985; p=2; 3-6 estações; raio <=300 km; controle mínimo de completude"", ""verified"": true}"
2600302,2020,21.71922072050144,631.7638105480868,"{""temperatura_media_c"": {""n_estacoes"": 6, ""nearest_distance_km"": 13.64, ""max_distance_km"": 122.47, ""stations"": [""CARUARU"", ""PALMARES"", ""SURUBIM"", ""GARANHUNS"", ""RECIFE"", ""ARCO VERDE""], ""method"": ""IDW p=2; até 6 estações; raio máximo 300 km""}, ""precipitacao_anual_mm"": {""n_estacoes"": 6, ""nearest_distance_km"": 13.64, ""max_distance_km"": 122.47, ""stations"": [""CARUARU"", ""PALMARES"", ""SURUBIM"", ""GARANHUNS"", ""RECIFE"", ""ARCO VERDE""], ""method"": ""IDW p=2; até 6 estações; raio máximo 300 km""}}","{""organization"": ""INMET"", ""dataset"": ""Dados Históricos Anuais - estações automáticas"", ""version"": ""2020"", ""retrieved_at"": ""2026-10-01"", ""reference_url"": ""https://portal.inmet.gov.br/uploads/dadoshistoricos/2020.zip"", ""method"": ""agregação anual observada por estação + IDW municipal em EPSG:31985; p=2; 3-6 estações; raio <=300 km; controle mínimo de completude"", ""verified"": true}"
2600401,2020,25.032944353497683,61.4545775760991,"{""temperatura_media_c"": {""n_estacoes"": 6, ""nearest_distance_km"": 11.73, ""max_distance_km"": 176.51, ""stations"": [""PALMARES"", ""CARUARU"", ""RECIFE"", ""SURUBIM"", ""GARANHUNS"", ""ARCO VERDE""], ""method"": ""IDW p=2; até 6 estações; raio máximo 300 km""}, ""precipitacao_anual_mm"": {""n_estacoes"": 6, ""nearest_distance_km"": 11.73, ""max_distance_km"": 176.51, ""stations"": [""PALMARES"", ""CARUARU"", ""RECIFE"", ""SURUBIM"", ""GARANHUNS"", ""ARCO VERDE""], ""method"": ""IDW p=2; até 6 estações; raio máximo 300 km""}}","{""organization"": ""INMET"", ""dataset"": ""Dados Históricos Anuais - estações automáticas"", ""version"": ""2020"", ""retrieved_at"": ""2026-10-01"", ""reference_url"": ""https://portal.inmet.gov.br/uploads/dadoshistoricos/2020.zip"", ""method"": ""agregação anual observada por estação + IDW municipal em EPSG:31985; p=2; 3-6 estações; raio <=300 km; controle mínimo de completude"", ""verified"": true}"
2600500,2020,23.114824238397336,794.1221723349022,"{""temperatura_media_c"": {""n_estacoes"": 6, ""nearest_distance_km"": 63.15, ""max_distance_km"": 178.93, ""stations"": [""GARANHUNS"", ""ARCO VERDE"", ""IBIMIRIM"", ""CARUARU"", ""PALMARES"", ""FLORESTA""], ""method"": ""IDW p=2; até 6 estações; raio máximo 300 km""}, ""precipitacao_anual_mm"": {""n_estacoes"": 6, ""nearest_distance_km"": 63.15, ""max_distance_km"": 178.93, ""stations"": [""GARANHUNS"", ""ARCO VERDE"", ""IBIMIRIM"", ""CARUARU"", ""PALMARES"", ""FLORESTA""], ""method"": ""IDW p=2; até 6 estações; raio máximo 300 km""}}","{""organization"": ""INMET"", ""dataset"": ""Dados Históricos Anuais - estações automáticas"", ""version"": ""2020"", ""retrieved_at"": ""2026-10-01"", ""reference_url"": ""https://portal.inmet.gov.br/uploads/dadoshistoricos/2020.zip"", ""method"": ""agregação anual observada por estação + IDW municipal em EPSG:31985; p=2; 3-6 estações; raio <=300 km; controle mínimo de completude"", ""verified"": true}"
2600609,2020,23.064116570903046,692.9633149702549,"{""temperatura_media_c"": {""n_estacoes"": 6, ""nearest_distance_km"": 33.78, ""max_distance_km"": 132.24, ""stations"": [""ARCO VERDE"", ""GARANHUNS"", ""CARUARU"", ""IBIMIRIM"", ""SURUBIM"", ""PALMARES""], ""method"": ""IDW p=2; até 6 estações; raio máximo 300 km""}, ""precipitacao_anual_mm"": {""n_estacoes"": 6, ""nearest_distance_km"": 33.78, ""max_distance_km"": 132.24, ""stations"": [""ARCO VERDE"", ""GARANHUNS"", ""CARUARU"", ""IBIMIRIM"", ""SURUBIM"", ""PALMARES""], ""method"": ""IDW p=2; até 6 estações; raio máximo 300 km""}}","{""organization"": ""INMET"", ""dataset"": ""Dados Históricos Anuais - estações automáticas"", ""version"": ""2020"", ""retrieved_at"": ""2026-10-01"", ""reference_url"": ""https://portal.inmet.gov.br/uploads/dadoshistoricos/2020.zip"", ""method"": ""agregação anual observada por estação + IDW municipal em EPSG:31985; p=2; 3-6 estações; raio <=300 km; controle mínimo de completude"", ""verified"": true}"
2600708,2020,25.36741712211557,886.0817406068596,"{""temperatura_media_c"": {""n_estacoes"": 6, ""nearest_distance_km"": 56.72, ""max_distance_km"": 225.2, ""stations"": [""RECIFE"", ""SURUBIM"", ""PALMARES"", ""CARUARU"", ""GARANHUNS"", ""ARCO VERDE""], ""method"": ""IDW p=2; até 6 estações; raio máximo 300 km""}, ""precipitacao_anual_mm"": {""n_estacoes"": 6, ""nearest_distance_km"": 56.72, ""max_distance_km"": 225.2, ""stations"": [""RECIFE"", ""SURUBIM"", ""PALMARES"", ""CARUARU"", ""GARANHUNS"", ""ARCO VERDE""], ""method"": ""IDW p=2; até 6 estações; raio máximo 300 km""}}","{""organization"": ""INMET"", ""dataset"": ""Dados Históricos Anuais - estações automáticas"", ""version"": ""2020"", ""retrieved_at"": ""2026-10-01"", ""reference_url"": ""https://portal.inmet.gov.br/uploads/dadoshistoricos/2020.zip"", ""method"": ""agregação anual observada por estação + IDW municipal em EPSG:31985; p=2; 3-6 estações; raio <=300 km; controle mínimo de completude"", ""verified"": true}"
2600807,2020,21.69634128017697,651.4629634686044,"{""temperatura_media_c"": {""n_estacoes"": 6, ""nearest_distance_km"": 15.9, ""max_distance_km"": 134.39, ""stations"": [""CARUARU"", ""PALMARES"", ""GARANHUNS"", ""SURUBIM"", ""ARCO VERDE"", ""RECIFE""], ""method"": ""IDW p=2; até 6 estações; raio máximo 300 km""}, ""precipitacao_anual_mm"": {""n_estacoes"": 6, ""nearest_distance_km"": 15.9, ""max_distance_km"": 134.39, ""stations"": [""CARUARU"", ""PALMARES"", ""GARANHUNS"", ""SURUBIM"", ""ARCO VERDE"", ""RECIFE""], ""method"": ""IDW p=2; até 6 estações; raio máximo 300 km""}}","{""organization"": ""INMET"", ""dataset"": ""Dados Históricos Anuais - estações automáticas"", ""version"": ""2020"", ""retrieved_at"": ""2026-10-01"", ""reference_url"": ""https://portal.inmet.gov.br/uploads/dadoshistoricos/2020.zip"", ""method"": ""agregação anual observada por estação + IDW municipal em EPSG:31985; p=2; 3-6 estações; raio <=300 km; controle mínimo de completude"", ""verified"": true}"
2600906,2020,24.61484768619382,410.54782774501297,"{""temperatura_media_c"": {""n_estacoes"": 6, ""nearest_distance_km"": 35.19, ""max_distance_km"": 175.47, ""stations"": [""PALMARES"", ""CARUARU"", ""RECIFE"", ""SURUBIM"", ""GARANHUNS"", ""ARCO VERDE""], ""method"": ""IDW p=2; até 6 estações; raio máximo 300 km""}, ""precipitacao_anual_mm"": {""n_estacoes"": 6, ""nearest_distance_km"": 35.19, ""max_distance_km"": 175.47, ""stations"": [""PALMARES"", ""CARUARU"", ""RECIFE"", ""SURUBIM"", ""GARANHUNS"", ""ARCO VERDE""], ""method"": ""IDW p=2; até 6 estações; raio máximo 300 km""}}","{""organization"": ""INMET"", ""dataset"": ""Dados Históricos Anuais - estações automáticas"", ""version"": ""2020"", ""retrieved_at"": ""2026-10-01"", ""reference_url"": ""https://portal.inmet.gov.br/uploads/dadoshistoricos/2020.zip"", ""method"": ""agregação anual observada por estação + IDW municipal em EPSG:31985; p=2; 3-6 estações; raio <=300 km; controle mínimo de completude"", ""verified"": true}"
2601003,2020,22.040538656995114,935.3477825217284,"{""temperatura_media_c"": {""n_estacoes"": 6, ""nearest_distance_km"": 23.96, ""max_distance_km"": 163.8, ""stations"": [""GARANHUNS"", ""CARUARU"", ""PALMARES"", ""ARCO VERDE"", ""SURUBIM"", ""IBIMIRIM""], ""method"": ""IDW p=2; até 6 estações; raio máximo 300 km""}, ""precipitacao_anual_mm"": {""n_estacoes"": 6, ""nearest_distance_km"": 23.96, ""max_distance_km"": 163.8, ""stations"": [""GARANHUNS"", ""CARUARU"", ""PALMARES"", ""ARCO VERDE"", ""SURUBIM"", ""IBIMIRIM""], ""method"": ""IDW p=2; até 6 estações; raio máximo 300 km""}}","{""organization"": ""INMET"", ""dataset"": ""Dados Históricos Anuais - estações automáticas"", ""version"": ""2020"", ""retrieved_at"": ""2026-10-01"", ""reference_url"": ""https://portal.inmet.gov.br/uploads/dadoshistoricos/2020.zip"", ""method"": ""agregação anual observada por estação + IDW municipal em EPSG:31985; p=2; 3-6 estações; raio <=300 km; controle mínimo de completude"", ""verified"": true}"
2601052,2020,25.819630304215956,1284.4866959537517,"{""temperatura_media_c"": {""n_estacoes"": 6, ""nearest_distance_km"": 32.13, ""max_distance_km"": 229.61, ""stations"": [""RECIFE"", ""SURUBIM"", ""PALMARES"", ""CARUARU"", ""GARANHUNS"", ""ARCO VERDE""], ""method"": ""IDW p=2; até 6 estações; raio máximo 300 km""}, ""precipitacao_anual_mm"": {""n_estacoes"": 6, ""nearest_distance_km"": 32.13, ""max_distance_km"": 229.61, ""stations"": [""RECIFE"", ""SURUBIM"", ""PALMARES"", ""CARUARU"", ""GARANHUNS"", ""ARCO VERDE""], ""method"": ""IDW p=2; até 6 estações; raio máximo 300 km""}}","{""organization"": ""INMET"", ""dataset"": ""Dados Históricos Anuais - estações automáticas"", ""version"": ""2020"", ""retrieved_at"": ""2026-10-01"", ""reference_url"": ""https://portal.inmet.gov.br/uploads/dadoshistoricos/2020.zip"", ""method"": ""agregação anual observada por estação + IDW municipal em EPSG:31985; p=2; 3-6 estações; raio <=300 km; controle mínimo de completude"", ""verified"": true}"
2601102,2020,26.253900614645655,125.80188288716768,"{""temperatura_media_c"": {""n_estacoes"": 5, ""nearest_distance_km"": 52.56, ""max_distance_km"": 245.98, ""stations"": [""OURICURI"", ""CABROBO"", ""PETROLINA"", ""FLORESTA"", ""SERRA TALHADA""], ""method"": ""IDW p=2; até 6 estações; raio máximo 300 km""}, ""precipitacao_anual_mm"": {""n_estacoes"": 6, ""nearest_distance_km"": 52.56, ""max_distance_km"": 245.98, ""stations"": [""OURICURI"", ""SALGUEIRO"", ""CABROBO"", ""PETROLINA"", ""FLORESTA"", ""SERRA TALHADA""], ""method"": ""IDW p=2; até 6 estações; raio máximo 300 km""}}","{""organization"": ""INMET"", ""dataset"": ""Dados Históricos Anuais - estações automáticas"", ""version"": ""2020"", ""retrieved_at"": ""2026-10-01"", ""reference_url"": ""https://portal.inmet.gov.br/uploads/dadoshistoricos/2020.zip"", ""method"": ""agregação anual observada por estação + IDW municipal em EPSG:31985; p=2; 3-6 estações; raio <=300 km; controle mínimo de completude"", ""verified"": true}"
2601201,2020,23.37134942661517,626.0365358697082,"{""temperatura_media_c"": {""n_estacoes"": 6, ""nearest_distance_km"": 7.36, ""max_distance_km"": 149.8, ""stations"": [""ARCO VERDE"", ""IBIMIRIM"", ""GARANHUNS"", ""CARUARU"", ""SURUBIM"", ""SERRA TALHADA""], ""method"": ""IDW p=2; até 6 estações; raio máximo 300 km""}, ""precipitacao_anual_mm"": {""n_estacoes"": 6, ""nearest_distance_km"": 7.36, ""max_distance_km"": 149.8, ""stations"": [""ARCO VERDE"", ""IBIMIRIM"", ""GARANHUNS"", ""CARUARU"", ""SURUBIM"", ""SERRA TALHADA""], ""method"": ""IDW p=2; até 6 estações; raio máximo 300 km""}}","{""organization"": ""INMET"", ""dataset"": ""Dados Históricos Anuais - estações automáticas"", ""version"": ""2020"", ""retrieved_at"": ""2026-10-01"", ""reference_url"": ""https://portal.inmet.gov.br/uploads/dadoshistoricos/2020.zip"", ""method"": ""agregação anual observada por estação + IDW municipal em EPSG:31985; p=2; 3-6 estações; raio <=300 km; controle mínimo de completude"", ""verified"": true}"
2601300,2020,24.225926213312157,318.9631885837188,"{""temperatura_media_c"": {""n_estacoes"": 6, ""nearest_distance_km"": 28.58, ""max_distance_km"": 156.98, ""stations"": [""PALMARES"", ""CARUARU"", ""SURUBIM"", ""RECIFE"", ""GARANHUNS"", ""ARCO VERDE""], ""method"": ""IDW p=2; até 6 estações; raio máximo 300 km""}, ""precipitacao_anual_mm"": {""n_estacoes"": 6, ""nearest_distance_km"": 28.58, ""max_distance_km"": 156.98, ""stations"": [""PALMARES"", ""CARUARU"", ""SURUBIM"", ""RECIFE"", ""GARANHUNS"", ""ARCO VERDE""], ""method"": ""IDW p=2; até 6 estações; raio máximo 300 km""}}","{""organization"": ""INMET"", ""dataset"": ""Dados Históricos Anuais - estações automáticas"", ""version"": ""2020"", ""retrieved_at"": ""2026-10-01"", ""reference_url"": ""https://portal.inmet.gov.br/uploads/dadoshistoricos/2020.zip"", ""method"": ""agregação anual observada por estação + IDW municipal em EPSG:31985; p=2; 3-6 estações; raio <=300 km; controle mínimo de completude"", ""verified"": true}"
2601409,2020,24.727694541095108,332.93658323276105,"{""temperatura_media_c"": {""n_estacoes"": 6, ""nearest_distance_km"": 38.07, ""max_distance_km"": 202.59, ""stations"": [""PALMARES"", ""RECIFE"", ""CARUARU"", ""SURUBIM"", ""GARANHUNS"", ""ARCO VERDE""], ""method"": ""IDW p=2; até 6 estações; raio máximo 300 km""}, ""precipitacao_anual_mm"": {""n_estacoes"": 6, ""nearest_distance_km"": 38.07, ""max_distance_km"": 202.59, ""stations"": [""PALMARES"", ""RECIFE"", ""CARUARU"", ""SURUBIM"", ""GARANHUNS"", ""ARCO VERDE""], ""method"": ""IDW p=2; até 6 estações; raio máximo 300 km""}}","{""organization"": ""INMET"", ""dataset"": ""Dados Históricos Anuais - estações automáticas"", ""version"": ""2020"", ""retrieved_at"": ""2026-10-01"", ""reference_url"": ""https://portal.inmet.gov.br/uploads/dadoshistoricos/2020.zip"", ""method"": ""agregação anual observada por estação + IDW municipal em EPSG:31985; p=2; 3-6 estações; raio <=300 km; controle mínimo de completude"", ""verified"": true}"
2601508,2020,23.716855959822073,353.3646949385915,"{""temperatura_media_c"": {""n_estacoes"": 6, ""nearest_distance_km"": 28.05, ""max_distance_km"": 138.08, ""stations"": [""PALMARES"", ""CARUARU"", ""GARANHUNS"", ""SURUBIM"", ""RECIFE"", ""ARCO VERDE""], ""method"": ""IDW p=2; até 6 estações; raio máximo 300 km""}, ""precipitacao_anual_mm"": {""n_estacoes"": 6, ""nearest_distance_km"": 28.05, ""max_distance_km"": 138.08, ""stations"": [""PALMARES"", ""CARUARU"", ""GARANHUNS"", ""SURUBIM"", ""RECIFE"", ""ARCO VERDE""], ""method"": ""IDW p=2; até 6 estações; raio máximo 300 km""}}","{""organization"": ""INMET"", ""dataset"": ""Dados Históricos Anuais - estações automáticas"", ""version"": ""2020"", ""retrieved_at"": ""2026-10-01"", ""reference_url"": ""https://portal.inmet.gov.br/uploads/dadoshistoricos/2020.zip"", ""method"": ""agregação anual observada por estação + IDW municipal em EPSG:31985; p=2; 3-6 estações; raio <=300 km; controle mínimo de completude"", ""verified"": true}"
2601607,2020,26.784075155240693,475.51667758846867,"{""temperatura_media_c"": {""n_estacoes"": 6, ""nearest_distance_km"": 37.93, ""max_distance_km"": 192.67, ""stations"": [""CABROBO"", ""FLORESTA"", ""SERRA TALHADA"", ""IBIMIRIM"", ""OURICURI"", ""PETROLINA""], ""method"": ""IDW p=2; até 6 estações; raio máximo 300 km""}, ""precipitacao_anual_mm"": {""n_estacoes"": 6, ""nearest_distance_km"": 37.93, ""max_distance_km"": 146.5, ""stations"": [""CABROBO"", ""FLORESTA"", ""SALGUEIRO"", ""SERRA TALHADA"", ""IBIMIRIM"", ""OURICURI""], ""method"": ""IDW p=2; até 6 estações; raio máximo 300 km""}}","{""organization"": ""INMET"", ""dataset"": ""Dados Históricos Anuais - estações automáticas"", ""version"": ""2020"", ""retrieved_at"": ""2026-10-01"", ""reference_url"": ""https://portal.inmet.gov.br/uploads/dadoshistoricos/2020.zip"", ""method"": ""agregação anual observada por estação + IDW municipal em EPSG:31985; p=2; 3-6 estações; raio <=300 km; controle mínimo de completude"", ""verified"": true}"
2601706,2020,22.667250002587526,602.5036388751713,"{""temperatura_media_c"": {""n_estacoes"": 6, ""nearest_distance_km"": 43.2, ""max_distance_km"": 146.84, ""stations"": [""CARUARU"", ""GARANHUNS"", ""ARCO VERDE"", ""SURUBIM"", ""PALMARES"", ""IBIMIRIM""], ""method"": ""IDW p=2; até 6 estações; raio máximo 300 km""}, ""precipitacao_anual_mm"": {""n_estacoes"": 6, ""nearest_distance_km"": 43.2, ""max_distance_km"": 146.84, ""stations"": [""CARUARU"", ""GARANHUNS"", ""ARCO VERDE"", ""SURUBIM"", ""PALMARES"", ""IBIMIRIM""], ""method"": ""IDW p=2; até 6 estações; raio máximo 300 km""}}","{""organization"": ""INMET"", ""dataset"": ""Dados Históricos Anuais - estações automáticas"", ""version"": ""2020"", ""retrieved_at"": ""2026-10-01"", ""reference_url"": ""https://portal.inmet.gov.br/uploads/dadoshistoricos/2020.zip"", ""method"": ""agregação anual observada por estação + IDW municipal em EPSG:31985; p=2; 3-6 estações; raio <=300 km; controle mínimo de completude"", ""verified"": true}"
2601805,2020,25.484363920377817,808.4319714951273,"{""temperatura_media_c"": {""n_estacoes"": 6, ""nearest_distance_km"": 40.79, ""max_distance_km"": 179.74, ""stations"": [""IBIMIRIM"", ""SERRA TALHADA"", ""FLORESTA"", ""ARCO VERDE"", ""CABROBO"", ""GARANHUNS""], ""method"": ""IDW p=2; até 6 estações; raio máximo 300 km""}, ""precipitacao_anual_mm"": {""n_estacoes"": 6, ""nearest_distance_km"": 40.79, ""max_distance_km"": 149.24, ""stations"": [""IBIMIRIM"", ""SERRA TALHADA"", ""FLORESTA"", ""ARCO VERDE"", ""SALGUEIRO"", ""CABROBO""], ""method"": ""IDW p=2; até 6 estações; raio máximo 300 km""}}","{""organization"": ""INMET"", ""dataset"": ""Dados Históricos Anuais - estações automáticas"", ""version"": ""2020"", ""retrieved_at"": ""2026-10-01"", ""reference_url"": ""https://portal.inmet.gov.br/uploads/dadoshistoricos/2020.zip"", ""method"": ""agregação anual observada por estação + IDW municipal em EPSG:31985; p=2; 3-6 estações; raio <=300 km; controle mínimo de completude"", ""verified"": true}"
2601904,2020,23.411220027704733,464.9680043521587,"{""temperatura_media_c"": {""n_estacoes"": 6, ""nearest_distance_km"": 31.66, ""max_distance_km"": 142.48, ""stations"": [""CARUARU"", ""SURUBIM"", ""PALMARES"", ""RECIFE"", ""GARANHUNS"", ""ARCO VERDE""], ""method"": ""IDW p=2; até 6 estações; raio máximo 300 km""}, ""precipitacao_anual_mm"": {""n_estacoes"": 6, ""nearest_distance_km"": 31.66, ""max_distance_km"": 142.48, ""stations"": [""CARUARU"", ""SURUBIM"", ""PALMARES"", ""RECIFE"", ""GARANHUNS"", ""ARCO VERDE""], ""method"": ""IDW p=2; até 6 estações; raio máximo 300 km""}}","{""organization"": ""INMET"", ""dataset"": ""Dados Históricos Anuais - estações automáticas"", ""version"": ""2020"", ""retrieved_at"": ""2026-10-01"", ""reference_url"": ""https://portal.inmet.gov.br/uploads/dadoshistoricos/2020.zip"", ""method"": ""agregação anual observada por estação + IDW municipal em EPSG:31985; p=2; 3-6 estações; raio <=300 km; controle mínimo de completude"", ""verified"": true}"
2602001,2020,26.194035698889344,74.52941333446667,"{""temperatura_media_c"": {""n_estacoes"": 6, ""nearest_distance_km"": 29.79, ""max_distance_km"": 266.98, ""stations"": [""OURICURI"", ""CABROBO"", ""FLORESTA"", ""SERRA TALHADA"", ""PETROLINA"", ""IBIMIRIM""], ""method"": ""IDW p=2; até 6 estações; raio máximo 300 km""}, ""precipitacao_anual_mm"": {""n_estacoes"": 6, ""nearest_distance_km"": 29.79, ""max_distance_km"": 202.69, ""stations"": [""OURICURI"", ""SALGUEIRO"", ""CABROBO"", ""FLORESTA"", ""SERRA TALHADA"", ""PETROLINA""], ""method"": ""IDW p=2; até 6 estações; raio máximo 300 km""}}","{""organization"": ""INMET"", ""dataset"": ""Dados Históricos Anuais - estações automáticas"", ""version"": ""2020"", ""retrieved_at"": ""2026-10-01"", ""reference_url"": ""https://portal.inmet.gov.br/uploads/dadoshistoricos/2020.zip"", ""method"": ""agregação anual observada por estação + IDW municipal em EPSG:31985; p=2; 3-6 estações; raio <=300 km; controle mínimo de completude"", ""verified"": true}"
2602100,2020,22.30486046561765,908.4707353836287,"{""temperatura_media_c"": {""n_estacoes"": 6, ""nearest_distance_km"": 38.54, ""max_distance_km"": 179.58, ""stations"": [""GARANHUNS"", ""ARCO VERDE"", ""CARUARU"", ""PALMARES"", ""IBIMIRIM"", ""SURUBIM""], ""method"": ""IDW p=2; até 6 estações; raio máximo 300 km""}, ""precipitacao_anual_mm"": {""n_estacoes"": 6, ""nearest_distance_km"": 38.54, ""max_distance_km"": 179.58, ""stations"": [""GARANHUNS"", ""ARCO VERDE"", ""CARUARU"", ""PALMARES"", ""IBIMIRIM"", ""SURUBIM""], ""method"": ""IDW p=2; até 6 estações; raio máximo 300 km""}}","{""organization"": ""INMET"", ""dataset"": ""Dados Históricos Anuais - estações automáticas"", ""version"": ""2020"", ""retrieved_at"": ""2026-10-01"", ""reference_url"": ""https://portal.inmet.gov.br/uploads/dadoshistoricos/2020.zip"", ""method"": ""agregação anual observada por estação + IDW municipal em EPSG:31985; p=2; 3-6 estações; raio <=300 km; controle mínimo de completude"", ""verified"": true}"
2602209,2020,25.49448306469978,209.97125641304422,"{""temperatura_media_c"": {""n_estacoes"": 6, ""nearest_distance_km"": 24.18, ""max_distance_km"": 177.03, ""stations"": [""SURUBIM"", ""RECIFE"", ""CARUARU"", ""PALMARES"", ""GARANHUNS"", ""ARCO VERDE""], ""method"": ""IDW p=2; até 6 estações; raio máximo 300 km""}, ""precipitacao_anual_mm"": {""n_estacoes"": 6, ""nearest_distance_km"": 24.18, ""max_distance_km"": 177.03, ""stations"": [""SURUBIM"", ""RECIFE"", ""CARUARU"", ""PALMARES"", ""GARANHUNS"", ""ARCO VERDE""], ""method"": ""IDW p=2; até 6 estações; raio máximo 300 km""}}","{""organization"": ""INMET"", ""dataset"": ""Dados Históricos Anuais - estações automáticas"", ""version"": ""2020"", ""retrieved_at"": ""2026-10-01"", ""reference_url"": ""https://portal.inmet.gov.br/uploads/dadoshistoricos/2020.zip"", ""method"": ""agregação anual observada por estação + IDW municipal em EPSG:31985; p=2; 3-6 estações; raio <=300 km; controle mínimo de completude"", ""verified"": true}"
2602308,2020,24.122510853777918,285.663563003801,"{""temperatura_media_c"": {""n_estacoes"": 6, ""nearest_distance_km"": 24.39, ""max_distance_km"": 148.79, ""stations"": [""PALMARES"", ""CARUARU"", ""SURUBIM"", ""RECIFE"", ""GARANHUNS"", ""ARCO VERDE""], ""method"": ""IDW p=2; até 6 estações; raio máximo 300 km""}, ""precipitacao_anual_mm"": {""n_estacoes"": 6, ""nearest_distance_km"": 24.39, ""max_distance_km"": 148.79, ""stations"": [""PALMARES"", ""CARUARU"", ""SURUBIM"", ""RECIFE"", ""GARANHUNS"", ""ARCO VERDE""], ""method"": ""IDW p=2; até 6 estações; raio máximo 300 km""}}","{""organization"": ""INMET"", ""dataset"": ""Dados Históricos Anuais - estações automáticas"", ""version"": ""2020"", ""retrieved_at"": ""2026-10-01"", ""reference_url"": ""https://portal.inmet.gov.br/uploads/dadoshistoricos/2020.zip"", ""method"": ""agregação anual observada por estação + IDW municipal em EPSG:31985; p=2; 3-6 estações; raio <=300 km; controle mínimo de completude"", ""verified"": true}"
2602407,2020,21.74430873558029,1060.4942599977708,"{""temperatura_media_c"": {""n_estacoes"": 6, ""nearest_distance_km"": 13.44, ""max_distance_km"": 154.04, ""stations"": [""GARANHUNS"", ""ARCO VERDE"", ""CARUARU"", ""PALMARES"", ""IBIMIRIM"", ""SURUBIM""], ""method"": ""IDW p=2; até 6 estações; raio máximo 300 km""}, ""precipitacao_anual_mm"": {""n_estacoes"": 6, ""nearest_distance_km"": 13.44, ""max_distance_km"": 154.04, ""stations"": [""GARANHUNS"", ""ARCO VERDE"", ""CARUARU"", ""PALMARES"", ""IBIMIRIM"", ""SURUBIM""], ""method"": ""IDW p=2; até 6 estações; raio máximo 300 km""}}","{""organization"": ""INMET"", ""dataset"": ""Dados Históricos Anuais - estações automáticas"", ""version"": ""2020"", ""retrieved_at"": ""2026-10-01"", ""reference_url"": ""https://portal.inmet.gov.br/uploads/dadoshistoricos/2020.zip"", ""method"": ""agregação anual observada por estação + IDW municipal em EPSG:31985; p=2; 3-6 estações; raio <=300 km; controle mínimo de completude"", ""verified"": true}"
2602506,2020,24.1735734793619,757.0584623823731,"{""temperatura_media_c"": {""n_estacoes"": 6, ""nearest_distance_km"": 125.08, ""max_distance_km"": 196.93, ""stations"": [""ARCO VERDE"", ""SERRA TALHADA"", ""IBIMIRIM"", ""SURUBIM"", ""CARUARU"", ""GARANHUNS""], ""method"": ""IDW p=2; até 6 estações; raio máximo 300 km""}, ""precipitacao_anual_mm"": {""n_estacoes"": 6, ""nearest_distance_km"": 125.08, ""max_distance_km"": 196.93, ""stations"": [""ARCO VERDE"", ""SERRA TALHADA"", ""IBIMIRIM"", ""SURUBIM"", ""CARUARU"", ""GARANHUNS""], ""method"": ""IDW p=2; até 6 estações; raio máximo 300 km""}}","{""organization"": ""INMET"", ""dataset"": ""Dados Históricos Anuais - estações automáticas"", ""version"": ""2020"", ""retrieved_at"": ""2026-10-01"", ""reference_url"": ""https://portal.inmet.gov.br/uploads/dadoshistoricos/2020.zip"", ""method"": ""agregação anual observada por estação + IDW municipal em EPSG:31985; p=2; 3-6 estações; raio <=300 km; controle mínimo de completude"", ""verified"": true}"
2602605,2020,23.0809668195837,536.687257882996,"{""temperatura_media_c"": {""n_estacoes"": 6, ""nearest_distance_km"": 42.52, ""max_distance_km"": 145.84, ""stations"": [""CARUARU"", ""SURUBIM"", ""ARCO VERDE"", ""GARANHUNS"", ""PALMARES"", ""RECIFE""], ""method"": ""IDW p=2; até 6 estações; raio máximo 300 km""}, ""precipitacao_anual_mm"": {""n_estacoes"": 6, ""nearest_distance_km"": 42.52, ""max_distance_km"": 145.84, ""stations"": [""CARUARU"", ""SURUBIM"", ""ARCO VERDE"", ""GARANHUNS"", ""PALMARES"", ""RECIFE""], ""method"": ""IDW p=2; até 6 estações; raio máximo 300 km""}}","{""organization"": ""INMET"", ""dataset"": ""Dados Históricos Anuais - estações automáticas"", ""version"": ""2020"", ""retrieved_at"": ""2026-10-01"", ""reference_url"": ""https://portal.inmet.gov.br/uploads/dadoshistoricos/2020.zip"", ""method"": ""agregação anual observada por estação + IDW municipal em EPSG:31985; p=2; 3-6 estações; raio <=300 km; controle mínimo de completude"", ""verified"": true}"
2602704,2020,25.314999267490048,690.8177676649108,"{""temperatura_media_c"": {""n_estacoes"": 6, ""nearest_distance_km"": 51.34, ""max_distance_km"": 203.64, ""stations"": [""SURUBIM"", ""RECIFE"", ""CARUARU"", ""PALMARES"", ""GARANHUNS"", ""ARCO VERDE""], ""method"": ""IDW p=2; até 6 estações; raio máximo 300 km""}, ""precipitacao_anual_mm"": {""n_estacoes"": 6, ""nearest_distance_km"": 51.34, ""max_distance_km"": 203.64, ""stations"": [""SURUBIM"", ""RECIFE"", ""CARUARU"", ""PALMARES"", ""GARANHUNS"", ""ARCO VERDE""], ""method"": ""IDW p=2; até 6 estações; raio máximo 300 km""}}","{""organization"": ""INMET"", ""dataset"": ""Dados Históricos Anuais - estações automáticas"", ""version"": ""2020"", ""retrieved_at"": ""2026-10-01"", ""reference_url"": ""https://portal.inmet.gov.br/uploads/dadoshistoricos/2020.zip"", ""method"": ""agregação anual observada por estação + IDW municipal em EPSG:31985; p=2; 3-6 estações; raio <=300 km; controle mínimo de completude"", ""verified"": true}"
2602803,2020,23.477457278381955,687.7199622436145,"{""temperatura_media_c"": {""n_estacoes"": 6, ""nearest_distance_km"": 24.94, ""max_distance_km"": 161.65, ""stations"": [""ARCO VERDE"", ""IBIMIRIM"", ""GARANHUNS"", ""CARUARU"", ""SERRA TALHADA"", ""FLORESTA""], ""method"": ""IDW p=2; até 6 estações; raio máximo 300 km""}, ""precipitacao_anual_mm"": {""n_estacoes"": 6, ""nearest_distance_km"": 24.94, ""max_distance_km"": 161.65, ""stations"": [""ARCO VERDE"", ""IBIMIRIM"", ""GARANHUNS"", ""CARUARU"", ""SERRA TALHADA"", ""FLORESTA""], ""method"": ""IDW p=2; até 6 estações; raio máximo 300 km""}}","{""organization"": ""INMET"", ""dataset"": ""Dados Históricos Anuais - estações automáticas"", ""version"": ""2020"", ""retrieved_at"": ""2026-10-01"", ""reference_url"": ""https://portal.inmet.gov.br/uploads/dadoshistoricos/2020.zip"", ""method"": ""agregação anual observada por estação + IDW municipal em EPSG:31985; p=2; 3-6 estações; raio <=300 km; controle mínimo de completude"", ""verified"": true}"
2602902,2020,25.791650138597383,1290.8273247466318,"{""temperatura_media_c"": {""n_estacoes"": 6, ""nearest_distance_km"": 27.1, ""max_distance_km"": 217.94, ""stations"": [""RECIFE"", ""PALMARES"", ""SURUBIM"", ""CARUARU"", ""GARANHUNS"", ""ARCO VERDE""], ""method"": ""IDW p=2; até 6 estações; raio máximo 300 km""}, ""precipitacao_anual_mm"": {""n_estacoes"": 6, ""nearest_distance_km"": 27.1, ""max_distance_km"": 217.94, ""stations"": [""RECIFE"", ""PALMARES"", ""SURUBIM"", ""CARUARU"", ""GARANHUNS"", ""ARCO VERDE""], ""method"": ""IDW p=2; até 6 estações; raio máximo 300 km""}}","{""organization"": ""INMET"", ""dataset"": ""Dados Históricos Anuais - estações automáticas"", ""version"": ""2020"", ""retrieved_at"": ""2026-10-01"", ""reference_url"": ""https://portal.inmet.gov.br/uploads/dadoshistoricos/2020.zip"", ""method"": ""agregação anual observada por estação + IDW municipal em EPSG:31985; p=2; 3-6 estações; raio <=300 km; controle mínimo de completude"", ""verified"": true}"
2603009,2020,26.929822815686336,521.8522407835687,"{""temperatura_media_c"": {""n_estacoes"": 6, ""nearest_distance_km"": 13.17, ""max_distance_km"": 179.43, ""stations"": [""CABROBO"", ""FLORESTA"", ""OURICURI"", ""SERRA TALHADA"", ""PETROLINA"", ""IBIMIRIM""], ""method"": ""IDW p=2; até 6 estações; raio máximo 300 km""}, ""precipitacao_anual_mm"": {""n_estacoes"": 6, ""nearest_distance_km"": 13.17, ""max_distance_km"": 172.98, ""stations"": [""CABROBO"", ""SALGUEIRO"", ""FLORESTA"", ""OURICURI"", ""SERRA TALHADA"", ""PETROLINA""], ""method"": ""IDW p=2; até 6 estações; raio máximo 300 km""}}","{""organization"": ""INMET"", ""dataset"": ""Dados Históricos Anuais - estações automáticas"", ""version"": ""2020"", ""retrieved_at"": ""2026-10-01"", ""reference_url"": ""https://portal.inmet.gov.br/uploads/dadoshistoricos/2020.zip"", ""method"": ""agregação anual observada por estação + IDW municipal em EPSG:31985; p=2; 3-6 estações; raio <=300 km; controle mínimo de completude"", ""verified"": true}"
2603108,2020,22.21898377338976,681.938947956419,"{""temperatura_media_c"": {""n_estacoes"": 6, ""nearest_distance_km"": 31.84, ""max_distance_km"": 154.18, ""stations"": [""CARUARU"", ""GARANHUNS"", ""PALMARES"", ""ARCO VERDE"", ""SURUBIM"", ""RECIFE""], ""method"": ""IDW p=2; até 6 estações; raio máximo 300 km""}, ""precipitacao_anual_mm"": {""n_estacoes"": 6, ""nearest_distance_km"": 31.84, ""max_distance_km"": 154.18, ""stations"": [""CARUARU"", ""GARANHUNS"", ""PALMARES"", ""ARCO VERDE"", ""SURUBIM"", ""RECIFE""], ""method"": ""IDW p=2; até 6 estações; raio máximo 300 km""}}","{""organization"": ""INMET"", ""dataset"": ""Dados Históricos Anuais - estações automáticas"", ""version"": ""2020"", ""retrieved_at"": ""2026-10-01"", ""reference_url"": ""https://portal.inmet.gov.br/uploads/dadoshistoricos/2020.zip"", ""method"": ""agregação anual observada por estação + IDW municipal em EPSG:31985; p=2; 3-6 estações; raio <=300 km; controle mínimo de completude"", ""verified"": true}"
2603207,2020,22.029549331690234,977.3434983024385,"{""temperatura_media_c"": {""n_estacoes"": 6, ""nearest_distance_km"": 21.78, ""max_distance_km"": 142.67, ""stations"": [""GARANHUNS"", ""ARCO VERDE"", ""CARUARU"", ""IBIMIRIM"", ""PALMARES"", ""SURUBIM""], ""method"": ""IDW p=2; até 6 estações; raio máximo 300 km""}, ""precipitacao_anual_mm"": {""n_estacoes"": 6, ""nearest_distance_km"": 21.78, ""max_distance_km"": 142.67, ""stations"": [""GARANHUNS"", ""ARCO VERDE"", ""CARUARU"", ""IBIMIRIM"", ""PALMARES"", ""SURUBIM""], ""method"": ""IDW p=2; até 6 estações; raio máximo 300 km""}}","{""organization"": ""INMET"", ""dataset"": ""Dados Históricos Anuais - estações automáticas"", ""version"": ""2020"", ""retrieved_at"": ""2026-10-01"", ""reference_url"": ""https://portal.inmet.gov.br/uploads/dadoshistoricos/2020.zip"", ""method"": ""agregação anual observada por estação + IDW municipal em EPSG:31985; p=2; 3-6 estações; raio <=300 km; controle mínimo de completude"", ""verified"": true}"
2603306,2020,22.087635635739094,896.1347217320024,"{""temperatura_media_c"": {""n_estacoes"": 6, ""nearest_distance_km"": 25.94, ""max_distance_km"": 155.61, ""stations"": [""GARANHUNS"", ""CARUARU"", ""PALMARES"", ""ARCO VERDE"", ""SURUBIM"", ""IBIMIRIM""], ""method"": ""IDW p=2; até 6 estações; raio máximo 300 km""}, ""precipitacao_anual_mm"": {""n_estacoes"": 6, ""nearest_distance_km"": 25.94, ""max_distance_km"": 155.61, ""stations"": [""GARANHUNS"", ""CARUARU"", ""PALMARES"", ""ARCO VERDE"", ""SURUBIM"", ""IBIMIRIM""], ""method"": ""IDW p=2; até 6 estações; raio máximo 300 km""}}","{""organization"": ""INMET"", ""dataset"": ""Dados Históricos Anuais - estações automáticas"", ""version"": ""2020"", ""retrieved_at"": ""2026-10-01"", ""reference_url"": ""https://portal.inmet.gov.br/uploads/dadoshistoricos/2020.zip"", ""method"": ""agregação anual observada por estação + IDW municipal em EPSG:31985; p=2; 3-6 estações; raio <=300 km; controle mínimo de completude"", ""verified"": true}"
2603405,2020,25.52926085121153,1014.2282568608717,"{""temperatura_media_c"": {""n_estacoes"": 6, ""nearest_distance_km"": 24.57, ""max_distance_km"": 201.82, ""stations"": [""SERRA TALHADA"", ""IBIMIRIM"", ""FLORESTA"", ""ARCO VERDE"", ""CABROBO"", ""GARANHUNS""], ""method"": ""IDW p=2; até 6 estações; raio máximo 300 km""}, ""precipitacao_anual_mm"": {""n_estacoes"": 6, ""nearest_distance_km"": 24.57, ""max_distance_km"": 147.7, ""stations"": [""SERRA TALHADA"", ""IBIMIRIM"", ""FLORESTA"", ""SALGUEIRO"", ""ARCO VERDE"", ""CABROBO""], ""method"": ""IDW p=2; até 6 estações; raio máximo 300 km""}}","{""organization"": ""INMET"", ""dataset"": ""Dados Históricos Anuais - estações automáticas"", ""version"": ""2020"", ""retrieved_at"": ""2026-10-01"", ""reference_url"": ""https://portal.inmet.gov.br/uploads/dadoshistoricos/2020.zip"", ""method"": ""agregação anual observada por estação + IDW municipal em EPSG:31985; p=2; 3-6 estações; raio <=300 km; controle mínimo de completude"", ""verified"": true}"
2603454,2020,26.27556371631088,1619.6106614065109,"{""temperatura_media_c"": {""n_estacoes"": 6, ""nearest_distance_km"": 8.98, ""max_distance_km"": 232.51, ""stations"": [""RECIFE"", ""SURUBIM"", ""PALMARES"", ""CARUARU"", ""GARANHUNS"", ""ARCO VERDE""], ""method"": ""IDW p=2; até 6 estações; raio máximo 300 km""}, ""precipitacao_anual_mm"": {""n_estacoes"": 6, ""nearest_distance_km"": 8.98, ""max_distance_km"": 232.51, ""stations"": [""RECIFE"", ""SURUBIM"", ""PALMARES"", ""CARUARU"", ""GARANHUNS"", ""ARCO VERDE""], ""method"": ""IDW p=2; até 6 estações; raio máximo 300 km""}}","{""organization"": ""INMET"", ""dataset"": ""Dados Históricos Anuais - estações automáticas"", ""version"": ""2020"", ""retrieved_at"": ""2026-10-01"", ""reference_url"": ""https://portal.inmet.gov.br/uploads/dadoshistoricos/2020.zip"", ""method"": ""agregação anual observada por estação + IDW municipal em EPSG:31985; p=2; 3-6 estações; raio <=300 km; controle mínimo de completude"", ""verified"": true}"
2603504,2020,23.06620382620185,490.4505508977692,"{""temperatura_media_c"": {""n_estacoes"": 6, ""nearest_distance_km"": 28.3, ""max_distance_km"": 141.85, ""stations"": [""CARUARU"", ""PALMARES"", ""SURUBIM"", ""RECIFE"", ""GARANHUNS"", ""ARCO VERDE""], ""method"": ""IDW p=2; até 6 estações; raio máximo 300 km""}, ""precipitacao_anual_mm"": {""n_estacoes"": 6, ""nearest_distance_km"": 28.3, ""max_distance_km"": 141.85, ""stations"": [""CARUARU"", ""PALMARES"", ""SURUBIM"", ""RECIFE"", ""GARANHUNS"", ""ARCO VERDE""], ""method"": ""IDW p=2; até 6 estações; raio máximo 300 km""}}","{""organization"": ""INMET"", ""dataset"": ""Dados Históricos Anuais - estações automáticas"", ""version"": ""2020"", ""retrieved_at"": ""2026-10-01"", ""reference_url"": ""https://portal.inmet.gov.br/uploads/dadoshistoricos/2020.zip"", ""method"": ""agregação anual observada por estação + IDW municipal em EPSG:31985; p=2; 3-6 estações; raio <=300 km; controle mínimo de completude"", ""verified"": true}"
2603603,2020,25.150221684243355,677.4423779112402,"{""temperatura_media_c"": {""n_estacoes"": 6, ""nearest_distance_km"": 71.33, ""max_distance_km"": 223.25, ""stations"": [""SURUBIM"", ""RECIFE"", ""CARUARU"", ""PALMARES"", ""GARANHUNS"", ""ARCO VERDE""], ""method"": ""IDW p=2; até 6 estações; raio máximo 300 km""}, ""precipitacao_anual_mm"": {""n_estacoes"": 6, ""nearest_distance_km"": 71.33, ""max_distance_km"": 223.25, ""stations"": [""SURUBIM"", ""RECIFE"", ""CARUARU"", ""PALMARES"", ""GARANHUNS"", ""ARCO VERDE""], ""method"": ""IDW p=2; até 6 estações; raio máximo 300 km""}}","{""organization"": ""INMET"", ""dataset"": ""Dados Históricos Anuais - estações automáticas"", ""version"": ""2020"", ""retrieved_at"": ""2026-10-01"", ""reference_url"": ""https://portal.inmet.gov.br/uploads/dadoshistoricos/2020.zip"", ""method"": ""agregação anual observada por estação + IDW municipal em EPSG:31985; p=2; 3-6 estações; raio <=300 km; controle mínimo de completude"", ""verified"": true}"
2603702,2020,22.412148018293156,818.7358250500376,"{""temperatura_media_c"": {""n_estacoes"": 6, ""nearest_distance_km"": 34.91, ""max_distance_km"": 162.84, ""stations"": [""GARANHUNS"", ""CARUARU"", ""PALMARES"", ""ARCO VERDE"", ""SURUBIM"", ""RECIFE""], ""method"": ""IDW p=2; até 6 estações; raio máximo 300 km""}, ""precipitacao_anual_mm"": {""n_estacoes"": 6, ""nearest_distance_km"": 34.91, ""max_distance_km"": 162.84, ""stations"": [""GARANHUNS"", ""CARUARU"", ""PALMARES"", ""ARCO VERDE"", ""SURUBIM"", ""RECIFE""], ""method"": ""IDW p=2; até 6 estações; raio máximo 300 km""}}","{""organization"": ""INMET"", ""dataset"": ""Dados Históricos Anuais - estações automáticas"", ""version"": ""2020"", ""retrieved_at"": ""2026-10-01"", ""reference_url"": ""https://portal.inmet.gov.br/uploads/dadoshistoricos/2020.zip"", ""method"": ""agregação anual observada por estação + IDW municipal em EPSG:31985; p=2; 3-6 estações; raio <=300 km; controle mínimo de completude"", ""verified"": true}"
2603801,2020,22.21519245932652,907.4484485204302,"{""temperatura_media_c"": {""n_estacoes"": 6, ""nearest_distance_km"": 27.4, ""max_distance_km"": 128.64, ""stations"": [""GARANHUNS"", ""ARCO VERDE"", ""CARUARU"", ""PALMARES"", ""IBIMIRIM"", ""SURUBIM""], ""method"": ""IDW p=2; até 6 estações; raio máximo 300 km""}, ""precipitacao_anual_mm"": {""n_estacoes"": 6, ""nearest_distance_km"": 27.4, ""max_distance_km"": 128.64, ""stations"": [""GARANHUNS"", ""ARCO VERDE"", ""CARUARU"", ""PALMARES"", ""IBIMIRIM"", ""SURUBIM""], ""method"": ""IDW p=2; até 6 estações; raio máximo 300 km""}}","{""organization"": ""INMET"", ""dataset"": ""Dados Históricos Anuais - estações automáticas"", ""version"": ""2020"", ""retrieved_at"": ""2026-10-01"", ""reference_url"": ""https://portal.inmet.gov.br/uploads/dadoshistoricos/2020.zip"", ""method"": ""agregação anual observada por estação + IDW municipal em EPSG:31985; p=2; 3-6 estações; raio <=300 km; controle mínimo de completude"", ""verified"": true}"
2603900,2020,25.176340615468334,837.1693100854325,"{""temperatura_media_c"": {""n_estacoes"": 6, ""nearest_distance_km"": 65.24, ""max_distance_km"": 192.53, ""stations"": [""SERRA TALHADA"", ""IBIMIRIM"", ""ARCO VERDE"", ""FLORESTA"", ""GARANHUNS"", ""CABROBO""], ""method"": ""IDW p=2; até 6 estações; raio máximo 300 km""}, ""precipitacao_anual_mm"": {""n_estacoes"": 6, ""nearest_distance_km"": 65.24, ""max_distance_km"": 183.88, ""stations"": [""SERRA TALHADA"", ""IBIMIRIM"", ""ARCO VERDE"", ""FLORESTA"", ""SALGUEIRO"", ""GARANHUNS""], ""method"": ""IDW p=2; até 6 estações; raio máximo 300 km""}}","{""organization"": ""INMET"", ""dataset"": ""Dados Históricos Anuais - estações automáticas"", ""version"": ""2020"", ""retrieved_at"": ""2026-10-01"", ""reference_url"": ""https://portal.inmet.gov.br/uploads/dadoshistoricos/2020.zip"", ""method"": ""agregação anual observada por estação + IDW municipal em EPSG:31985; p=2; 3-6 estações; raio <=300 km; controle mínimo de completude"", ""verified"": true}"
2603926,2020,26.686001504605127,493.09678868810045,"{""temperatura_media_c"": {""n_estacoes"": 6, ""nearest_distance_km"": 25.98, ""max_distance_km"": 184.08, ""stations"": [""FLORESTA"", ""CABROBO"", ""SERRA TALHADA"", ""IBIMIRIM"", ""OURICURI"", ""ARCO VERDE""], ""method"": ""IDW p=2; até 6 estações; raio máximo 300 km""}, ""precipitacao_anual_mm"": {""n_estacoes"": 6, ""nearest_distance_km"": 25.98, ""max_distance_km"": 163.8, ""stations"": [""FLORESTA"", ""SALGUEIRO"", ""CABROBO"", ""SERRA TALHADA"", ""IBIMIRIM"", ""OURICURI""], ""method"": ""IDW p=2; até 6 estações; raio máximo 300 km""}}","{""organization"": ""INMET"", ""dataset"": ""Dados Históricos Anuais - estações automáticas"", ""version"": ""2020"", ""retrieved_at"": ""2026-10-01"", ""reference_url"": ""https://portal.inmet.gov.br/uploads/dadoshistoricos/2020.zip"", ""method"": ""agregação anual observada por estação + IDW municipal em EPSG:31985; p=2; 3-6 estações; raio <=300 km; controle mínimo de completude"", ""verified"": true}"
2604007,2020,25.398379396441197,838.1827528628456,"{""temperatura_media_c"": {""n_estacoes"": 6, ""nearest_distance_km"": 46.54, ""max_distance_km"": 204.67, ""stations"": [""RECIFE"", ""SURUBIM"", ""PALMARES"", ""CARUARU"", ""GARANHUNS"", ""ARCO VERDE""], ""method"": ""IDW p=2; até 6 estações; raio máximo 300 km""}, ""precipitacao_anual_mm"": {""n_estacoes"": 6, ""nearest_distance_km"": 46.54, ""max_distance_km"": 204.67, ""stations"": [""RECIFE"", ""SURUBIM"", ""PALMARES"", ""CARUARU"", ""GARANHUNS"", ""ARCO VERDE""], ""method"": ""IDW p=2; até 6 estações; raio máximo 300 km""}}","{""organization"": ""INMET"", ""dataset"": ""Dados Históricos Anuais - estações automáticas"", ""version"": ""2020"", ""retrieved_at"": ""2026-10-01"", ""reference_url"": ""https://portal.inmet.gov.br/uploads/dadoshistoricos/2020.zip"", ""method"": ""agregação anual observada por estação + IDW municipal em EPSG:31985; p=2; 3-6 estações; raio <=300 km; controle mínimo de completude"", ""verified"": true}"
2604106,2020,22.31216668065402,572.6954323118127,"{""temperatura_media_c"": {""n_estacoes"": 6, ""nearest_distance_km"": 20.5, ""max_distance_km"": 117.99, ""stations"": [""CARUARU"", ""SURUBIM"", ""PALMARES"", ""GARANHUNS"", ""RECIFE"", ""ARCO VERDE""], ""method"": ""IDW p=2; até 6 estações; raio máximo 300 km""}, ""precipitacao_anual_mm"": {""n_estacoes"": 6, ""nearest_distance_km"": 20.5, ""max_distance_km"": 117.99, ""stations"": [""CARUARU"", ""SURUBIM"", ""PALMARES"", ""GARANHUNS"", ""RECIFE"", ""ARCO VERDE""], ""method"": ""IDW p=2; até 6 estações; raio máximo 300 km""}}","{""organization"": ""INMET"", ""dataset"": ""Dados Históricos Anuais - estações automáticas"", ""version"": ""2020"", ""retrieved_at"": ""2026-10-01"", ""reference_url"": ""https://portal.inmet.gov.br/uploads/dadoshistoricos/2020.zip"", ""method"": ""agregação anual observada por estação + IDW municipal em EPSG:31985; p=2; 3-6 estações; raio <=300 km; controle mínimo de completude"", ""verified"": true}"
2604155,2020,25.77637583043436,62.85454865231548,"{""temperatura_media_c"": {""n_estacoes"": 6, ""nearest_distance_km"": 12.75, ""max_distance_km"": 165.25, ""stations"": [""SURUBIM"", ""CARUARU"", ""RECIFE"", ""PALMARES"", ""GARANHUNS"", ""ARCO VERDE""], ""method"": ""IDW p=2; até 6 estações; raio máximo 300 km""}, ""precipitacao_anual_mm"": {""n_estacoes"": 6, ""nearest_distance_km"": 12.75, ""max_distance_km"": 165.25, ""stations"": [""SURUBIM"", ""CARUARU"", ""RECIFE"", ""PALMARES"", ""GARANHUNS"", ""ARCO VERDE""], ""method"": ""IDW p=2; até 6 estações; raio máximo 300 km""}}","{""organization"": ""INMET"", ""dataset"": ""Dados Históricos Anuais - estações automáticas"", ""version"": ""2020"", ""retrieved_at"": ""2026-10-01"", ""reference_url"": ""https://portal.inmet.gov.br/uploads/dadoshistoricos/2020.zip"", ""method"": ""agregação anual observada por estação + IDW municipal em EPSG:31985; p=2; 3-6 estações; raio <=300 km; controle mínimo de completude"", ""verified"": true}"
2604205,2020,24.613650759656203,161.3144271411276,"{""temperatura_media_c"": {""n_estacoes"": 6, ""nearest_distance_km"": 17.92, ""max_distance_km"": 148.52, ""stations"": [""PALMARES"", ""CARUARU"", ""GARANHUNS"", ""SURUBIM"", ""RECIFE"", ""ARCO VERDE""], ""method"": ""IDW p=2; até 6 estações; raio máximo 300 km""}, ""precipitacao_anual_mm"": {""n_estacoes"": 6, ""nearest_distance_km"": 17.92, ""max_distance_km"": 148.52, ""stations"": [""PALMARES"", ""CARUARU"", ""GARANHUNS"", ""SURUBIM"", ""RECIFE"", ""ARCO VERDE""], ""method"": ""IDW p=2; até 6 estações; raio máximo 300 km""}}","{""organization"": ""INMET"", ""dataset"": ""Dados Históricos Anuais - estações automáticas"", ""version"": ""2020"", ""retrieved_at"": ""2026-10-01"", ""reference_url"": ""https://portal.inmet.gov.br/uploads/dadoshistoricos/2020.zip"", ""method"": ""agregação anual observada por estação + IDW municipal em EPSG:31985; p=2; 3-6 estações; raio <=300 km; controle mínimo de completude"", ""verified"": true}"
2604304,2020,26.380023599350096,232.1243960919236,"{""temperatura_media_c"": {""n_estacoes"": 6, ""nearest_distance_km"": 85.44, ""max_distance_km"": 234.33, ""stations"": [""CABROBO"", ""OURICURI"", ""SERRA TALHADA"", ""FLORESTA"", ""IBIMIRIM"", ""PETROLINA""], ""method"": ""IDW p=2; até 6 estações; raio máximo 300 km""}, ""precipitacao_anual_mm"": {""n_estacoes"": 6, ""nearest_distance_km"": 36.92, ""max_distance_km"": 185.72, ""stations"": [""SALGUEIRO"", ""CABROBO"", ""OURICURI"", ""SERRA TALHADA"", ""FLORESTA"", ""IBIMIRIM""], ""method"": ""IDW p=2; até 6 estações; raio máximo 300 km""}}","{""organization"": ""INMET"", ""dataset"": ""Dados Históricos Anuais - estações automáticas"", ""version"": ""2020"", ""retrieved_at"": ""2026-10-01"", ""reference_url"": ""https://portal.inmet.gov.br/uploads/dadoshistoricos/2020.zip"", ""method"": ""agregação anual observada por estação + IDW municipal em EPSG:31985; p=2; 3-6 estações; raio <=300 km; controle mínimo de completude"", ""verified"": true}"
2604403,2020,25.71585430268403,1200.236878189655,"{""temperatura_media_c"": {""n_estacoes"": 6, ""nearest_distance_km"": 29.74, ""max_distance_km"": 207.89, ""stations"": [""RECIFE"", ""SURUBIM"", ""PALMARES"", ""CARUARU"", ""GARANHUNS"", ""ARCO VERDE""], ""method"": ""IDW p=2; até 6 estações; raio máximo 300 km""}, ""precipitacao_anual_mm"": {""n_estacoes"": 6, ""nearest_distance_km"": 29.74, ""max_distance_km"": 207.89, ""stations"": [""RECIFE"", ""SURUBIM"", ""PALMARES"", ""CARUARU"", ""GARANHUNS"", ""ARCO VERDE""], ""method"": ""IDW p=2; até 6 estações; raio máximo 300 km""}}","{""organization"": ""INMET"", ""dataset"": ""Dados Históricos Anuais - estações automáticas"", ""version"": ""2020"", ""retrieved_at"": ""2026-10-01"", ""reference_url"": ""https://portal.inmet.gov.br/uploads/dadoshistoricos/2020.zip"", ""method"": ""agregação anual observada por estação + IDW municipal em EPSG:31985; p=2; 3-6 estações; raio <=300 km; controle mínimo de completude"", ""verified"": true}"
2604502,2020,24.653023724684466,535.4041074037929,"{""temperatura_media_c"": {""n_estacoes"": 6, ""nearest_distance_km"": 49.47, ""max_distance_km"": 175.89, ""stations"": [""PALMARES"", ""SURUBIM"", ""RECIFE"", ""CARUARU"", ""GARANHUNS"", ""ARCO VERDE""], ""method"": ""IDW p=2; até 6 estações; raio máximo 300 km""}, ""precipitacao_anual_mm"": {""n_estacoes"": 6, ""nearest_distance_km"": 49.47, ""max_distance_km"": 175.89, ""stations"": [""PALMARES"", ""SURUBIM"", ""RECIFE"", ""CARUARU"", ""GARANHUNS"", ""ARCO VERDE""], ""method"": ""IDW p=2; até 6 estações; raio máximo 300 km""}}","{""organization"": ""INMET"", ""dataset"": ""Dados Históricos Anuais - estações automáticas"", ""version"": ""2020"", ""retrieved_at"": ""2026-10-01"", ""reference_url"": ""https://portal.inmet.gov.br/uploads/dadoshistoricos/2020.zip"", ""method"": ""agregação anual observada por estação + IDW municipal em EPSG:31985; p=2; 3-6 estações; raio <=300 km; controle mínimo de completude"", ""verified"": true}"
2604601,2020,25.45127247289542,999.6891569648194,"{""temperatura_media_c"": {""n_estacoes"": 6, ""nearest_distance_km"": 53.47, ""max_distance_km"": 235.01, ""stations"": [""RECIFE"", ""SURUBIM"", ""PALMARES"", ""CARUARU"", ""GARANHUNS"", ""ARCO VERDE""], ""method"": ""IDW p=2; até 6 estações; raio máximo 300 km""}, ""precipitacao_anual_mm"": {""n_estacoes"": 6, ""nearest_distance_km"": 53.47, ""max_distance_km"": 235.01, ""stations"": [""RECIFE"", ""SURUBIM"", ""PALMARES"", ""CARUARU"", ""GARANHUNS"", ""ARCO VERDE""], ""method"": ""IDW p=2; até 6 estações; raio máximo 300 km""}}","{""organization"": ""INMET"", ""dataset"": ""Dados Históricos Anuais - estações automáticas"", ""version"": ""2020"", ""retrieved_at"": ""2026-10-01"", ""reference_url"": ""https://portal.inmet.gov.br/uploads/dadoshistoricos/2020.zip"", ""method"": ""agregação anual observada por estação + IDW municipal em EPSG:31985; p=2; 3-6 estações; raio <=300 km; controle mínimo de completude"", ""verified"": true}"
2604700,2020,22.085463650001245,942.602924600125,"{""temperatura_media_c"": {""n_estacoes"": 6, ""nearest_distance_km"": 28.27, ""max_distance_km"": 165.56, ""stations"": [""GARANHUNS"", ""CARUARU"", ""PALMARES"", ""ARCO VERDE"", ""SURUBIM"", ""IBIMIRIM""], ""method"": ""IDW p=2; até 6 estações; raio máximo 300 km""}, ""precipitacao_anual_mm"": {""n_estacoes"": 6, ""nearest_distance_km"": 28.27, ""max_distance_km"": 165.56, ""stations"": [""GARANHUNS"", ""CARUARU"", ""PALMARES"", ""ARCO VERDE"", ""SURUBIM"", ""IBIMIRIM""], ""method"": ""IDW p=2; até 6 estações; raio máximo 300 km""}}","{""organization"": ""INMET"", ""dataset"": ""Dados Históricos Anuais - estações automáticas"", ""version"": ""2020"", ""retrieved_at"": ""2026-10-01"", ""reference_url"": ""https://portal.inmet.gov.br/uploads/dadoshistoricos/2020.zip"", ""method"": ""agregação anual observada por estação + IDW municipal em EPSG:31985; p=2; 3-6 estações; raio <=300 km; controle mínimo de completude"", ""verified"": true}"
2604809,2020,24.597046203951418,276.7493296257071,"{""temperatura_media_c"": {""n_estacoes"": 6, ""nearest_distance_km"": 26.18, ""max_distance_km"": 168.13, ""stations"": [""PALMARES"", ""CARUARU"", ""SURUBIM"", ""RECIFE"", ""GARANHUNS"", ""ARCO VERDE""], ""method"": ""IDW p=2; até 6 estações; raio máximo 300 km""}, ""precipitacao_anual_mm"": {""n_estacoes"": 6, ""nearest_distance_km"": 26.18, ""max_distance_km"": 168.13, ""stations"": [""PALMARES"", ""CARUARU"", ""SURUBIM"", ""RECIFE"", ""GARANHUNS"", ""ARCO VERDE""], ""method"": ""IDW p=2; até 6 estações; raio máximo 300 km""}}","{""organization"": ""INMET"", ""dataset"": ""Dados Históricos Anuais - estações automáticas"", ""version"": ""2020"", ""retrieved_at"": ""2026-10-01"", ""reference_url"": ""https://portal.inmet.gov.br/uploads/dadoshistoricos/2020.zip"", ""method"": ""agregação anual observada por estação + IDW municipal em EPSG:31985; p=2; 3-6 estações; raio <=300 km; controle mínimo de completude"", ""verified"": true}"
2604908,2020,25.02118779005376,235.59546112258238,"{""temperatura_media_c"": {""n_estacoes"": 6, ""nearest_distance_km"": 23.87, ""max_distance_km"": 153.58, ""stations"": [""SURUBIM"", ""CARUARU"", ""PALMARES"", ""RECIFE"", ""GARANHUNS"", ""ARCO VERDE""], ""method"": ""IDW p=2; até 6 estações; raio máximo 300 km""}, ""precipitacao_anual_mm"": {""n_estacoes"": 6, ""nearest_distance_km"": 23.87, ""max_distance_km"": 153.58, ""stations"": [""SURUBIM"", ""CARUARU"", ""PALMARES"", ""RECIFE"", ""GARANHUNS"", ""ARCO VERDE""], ""method"": ""IDW p=2; até 6 estações; raio máximo 300 km""}}","{""organization"": ""INMET"", ""dataset"": ""Dados Históricos Anuais - estações automáticas"", ""version"": ""2020"", ""retrieved_at"": ""2026-10-01"", ""reference_url"": ""https://portal.inmet.gov.br/uploads/dadoshistoricos/2020.zip"", ""method"": ""agregação anual observada por estação + IDW municipal em EPSG:31985; p=2; 3-6 estações; raio <=300 km; controle mínimo de completude"", ""verified"": true}"
2605004,2020,22.631966305885346,538.8713880656131,"{""temperatura_media_c"": {""n_estacoes"": 6, ""nearest_distance_km"": 26.37, ""max_distance_km"": 125.05, ""stations"": [""CARUARU"", ""PALMARES"", ""GARANHUNS"", ""SURUBIM"", ""RECIFE"", ""ARCO VERDE""], ""method"": ""IDW p=2; até 6 estações; raio máximo 300 km""}, ""precipitacao_anual_mm"": {""n_estacoes"": 6, ""nearest_distance_km"": 26.37, ""max_distance_km"": 125.05, ""stations"": [""CARUARU"", ""PALMARES"", ""GARANHUNS"", ""SURUBIM"", ""RECIFE"", ""ARCO VERDE""], ""method"": ""IDW p=2; até 6 estações; raio máximo 300 km""}}","{""organization"": ""INMET"", ""dataset"": ""Dados Históricos Anuais - estações automáticas"", ""version"": ""2020"", ""retrieved_at"": ""2026-10-01"", ""reference_url"": ""https://portal.inmet.gov.br/uploads/dadoshistoricos/2020.zip"", ""method"": ""agregação anual observada por estação + IDW municipal em EPSG:31985; p=2; 3-6 estações; raio <=300 km; controle mínimo de completude"", ""verified"": true}"
2605103,2020,25.0221485837553,784.8768734966399,"{""temperatura_media_c"": {""n_estacoes"": 6, ""nearest_distance_km"": 37.37, ""max_distance_km"": 183.7, ""stations"": [""IBIMIRIM"", ""SERRA TALHADA"", ""ARCO VERDE"", ""FLORESTA"", ""GARANHUNS"", ""CARUARU""], ""method"": ""IDW p=2; até 6 estações; raio máximo 300 km""}, ""precipitacao_anual_mm"": {""n_estacoes"": 6, ""nearest_distance_km"": 37.37, ""max_distance_km"": 157.05, ""stations"": [""IBIMIRIM"", ""SERRA TALHADA"", ""ARCO VERDE"", ""FLORESTA"", ""GARANHUNS"", ""SALGUEIRO""], ""method"": ""IDW p=2; até 6 estações; raio máximo 300 km""}}","{""organization"": ""INMET"", ""dataset"": ""Dados Históricos Anuais - estações automáticas"", ""version"": ""2020"", ""retrieved_at"": ""2026-10-01"", ""reference_url"": ""https://portal.inmet.gov.br/uploads/dadoshistoricos/2020.zip"", ""method"": ""agregação anual observada por estação + IDW municipal em EPSG:31985; p=2; 3-6 estações; raio <=300 km; controle mínimo de completude"", ""verified"": true}"
2605152,2020,26.520065096813088,302.38754232391295,"{""temperatura_media_c"": {""n_estacoes"": 5, ""nearest_distance_km"": 89.04, ""max_distance_km"": 264.67, ""stations"": [""OURICURI"", ""PETROLINA"", ""CABROBO"", ""FLORESTA"", ""SERRA TALHADA""], ""method"": ""IDW p=2; até 6 estações; raio máximo 300 km""}, ""precipitacao_anual_mm"": {""n_estacoes"": 6, ""nearest_distance_km"": 89.04, ""max_distance_km"": 264.67, ""stations"": [""OURICURI"", ""PETROLINA"", ""CABROBO"", ""SALGUEIRO"", ""FLORESTA"", ""SERRA TALHADA""], ""method"": ""IDW p=2; até 6 estações; raio máximo 300 km""}}","{""organization"": ""INMET"", ""dataset"": ""Dados Históricos Anuais - estações automáticas"", ""version"": ""2020"", ""retrieved_at"": ""2026-10-01"", ""reference_url"": ""https://portal.inmet.gov.br/uploads/dadoshistoricos/2020.zip"", ""method"": ""agregação anual observada por estação + IDW municipal em EPSG:31985; p=2; 3-6 estações; raio <=300 km; controle mínimo de completude"", ""verified"": true}"
2605202,2020,25.03642412030662,709.449557261137,"{""temperatura_media_c"": {""n_estacoes"": 6, ""nearest_distance_km"": 46.87, ""max_distance_km"": 197.6, ""stations"": [""PALMARES"", ""RECIFE"", ""SURUBIM"", ""CARUARU"", ""GARANHUNS"", ""ARCO VERDE""], ""method"": ""IDW p=2; até 6 estações; raio máximo 300 km""}, ""precipitacao_anual_mm"": {""n_estacoes"": 6, ""nearest_distance_km"": 46.87, ""max_distance_km"": 197.6, ""stations"": [""PALMARES"", ""RECIFE"", ""SURUBIM"", ""CARUARU"", ""GARANHUNS"", ""ARCO VERDE""], ""method"": ""IDW p=2; até 6 estações; raio máximo 300 km""}}","{""organization"": ""INMET"", ""dataset"": ""Dados Históricos Anuais - estações automáticas"", ""version"": ""2020"", ""retrieved_at"": ""2026-10-01"", ""reference_url"": ""https://portal.inmet.gov.br/uploads/dadoshistoricos/2020.zip"", ""method"": ""agregação anual observada por estação + IDW municipal em EPSG:31985; p=2; 3-6 estações; raio <=300 km; controle mínimo de completude"", ""verified"": true}"
2605301,2020,26.27339587832784,189.41245062515964,"{""temperatura_media_c"": {""n_estacoes"": 6, ""nearest_distance_km"": 56.98, ""max_distance_km"": 251.11, ""stations"": [""OURICURI"", ""CABROBO"", ""SERRA TALHADA"", ""FLORESTA"", ""PETROLINA"", ""IBIMIRIM""], ""method"": ""IDW p=2; até 6 estações; raio máximo 300 km""}, ""precipitacao_anual_mm"": {""n_estacoes"": 6, ""nearest_distance_km"": 56.98, ""max_distance_km"": 225.6, ""stations"": [""OURICURI"", ""SALGUEIRO"", ""CABROBO"", ""SERRA TALHADA"", ""FLORESTA"", ""PETROLINA""], ""method"": ""IDW p=2; até 6 estações; raio máximo 300 km""}}","{""organization"": ""INMET"", ""dataset"": ""Dados Históricos Anuais - estações automáticas"", ""version"": ""2020"", ""retrieved_at"": ""2026-10-01"", ""reference_url"": ""https://portal.inmet.gov.br/uploads/dadoshistoricos/2020.zip"", ""method"": ""agregação anual observada por estação + IDW municipal em EPSG:31985; p=2; 3-6 estações; raio <=300 km; controle mínimo de completude"", ""verified"": true}"
2605400,2020,25.248412057093326,710.5230238572842,"{""temperatura_media_c"": {""n_estacoes"": 6, ""nearest_distance_km"": 47.78, ""max_distance_km"": 192.02, ""stations"": [""SURUBIM"", ""RECIFE"", ""PALMARES"", ""CARUARU"", ""GARANHUNS"", ""ARCO VERDE""], ""method"": ""IDW p=2; até 6 estações; raio máximo 300 km""}, ""precipitacao_anual_mm"": {""n_estacoes"": 6, ""nearest_distance_km"": 47.78, ""max_distance_km"": 192.02, ""stations"": [""SURUBIM"", ""RECIFE"", ""PALMARES"", ""CARUARU"", ""GARANHUNS"", ""ARCO VERDE""], ""method"": ""IDW p=2; até 6 estações; raio máximo 300 km""}}","{""organization"": ""INMET"", ""dataset"": ""Dados Históricos Anuais - estações automáticas"", ""version"": ""2020"", ""retrieved_at"": ""2026-10-01"", ""reference_url"": ""https://portal.inmet.gov.br/uploads/dadoshistoricos/2020.zip"", ""method"": ""agregação anual observada por estação + IDW municipal em EPSG:31985; p=2; 3-6 estações; raio <=300 km; controle mínimo de completude"", ""verified"": true}"
2605459,2020,,,"{""temperatura_media_c"": {""n_estacoes"": 0, ""max_distance_km"": null, ""method"": ""unavailable""}, ""precipitacao_anual_mm"": {""n_estacoes"": 0, ""max_distance_km"": null, ""method"": ""unavailable""}}","{""organization"": ""INMET"", ""dataset"": ""Dados Históricos Anuais - estações automáticas"", ""version"": ""2020"", ""retrieved_at"": ""2026-10-01"", ""reference_url"": ""https://portal.inmet.gov.br/uploads/dadoshistoricos/2020.zip"", ""method"": ""agregação anual observada por estação + IDW municipal em EPSG:31985; p=2; 3-6 estações; raio <=300 km; controle mínimo de completude"", ""verified"": true}"
2605509,2020,25.211291151451288,749.2509074325845,"{""temperatura_media_c"": {""n_estacoes"": 6, ""nearest_distance_km"": 71.55, ""max_distance_km"": 226.14, ""stations"": [""RECIFE"", ""SURUBIM"", ""CARUARU"", ""PALMARES"", ""GARANHUNS"", ""ARCO VERDE""], ""method"": ""IDW p=2; até 6 estações; raio máximo 300 km""}, ""precipitacao_anual_mm"": {""n_estacoes"": 6, ""nearest_distance_km"": 71.55, ""max_distance_km"": 226.14, ""stations"": [""RECIFE"", ""SURUBIM"", ""CARUARU"", ""PALMARES"", ""GARANHUNS"", ""ARCO VERDE""], ""method"": ""IDW p=2; até 6 estações; raio máximo 300 km""}}","{""organization"": ""INMET"", ""dataset"": ""Dados Históricos Anuais - estações automáticas"", ""version"": ""2020"", ""retrieved_at"": ""2026-10-01"", ""reference_url"": ""https://portal.inmet.gov.br/uploads/dadoshistoricos/2020.zip"", ""method"": ""agregação anual observada por estação + IDW municipal em EPSG:31985; p=2; 3-6 estações; raio <=300 km; controle mínimo de completude"", ""verified"": true}"
2605608,2020,25.386055732160532,884.647697989834,"{""temperatura_media_c"": {""n_estacoes"": 6, ""nearest_distance_km"": 44.32, ""max_distance_km"": 188.45, ""stations"": [""SERRA TALHADA"", ""IBIMIRIM"", ""FLORESTA"", ""ARCO VERDE"", ""CABROBO"", ""GARANHUNS""], ""method"": ""IDW p=2; até 6 estações; raio máximo 300 km""}, ""precipitacao_anual_mm"": {""n_estacoes"": 6, ""nearest_distance_km"": 44.32, ""max_distance_km"": 169.22, ""stations"": [""SERRA TALHADA"", ""IBIMIRIM"", ""FLORESTA"", ""ARCO VERDE"", ""SALGUEIRO"", ""CABROBO""], ""method"": ""IDW p=2; até 6 estações; raio máximo 300 km""}}","{""organization"": ""INMET"", ""dataset"": ""Dados Históricos Anuais - estações automáticas"", ""version"": ""2020"", ""retrieved_at"": ""2026-10-01"", ""reference_url"": ""https://portal.inmet.gov.br/uploads/dadoshistoricos/2020.zip"", ""method"": ""agregação anual observada por estação + IDW municipal em EPSG:31985; p=2; 3-6 estações; raio <=300 km; controle mínimo de completude"", ""verified"": true}"
2605707,2020,26.363631051483896,590.7471862991098,"{""temperatura_media_c"": {""n_estacoes"": 6, ""nearest_distance_km"": 30.95, ""max_distance_km"": 203.57, ""stations"": [""FLORESTA"", ""IBIMIRIM"", ""SERRA TALHADA"", ""CABROBO"", ""ARCO VERDE"", ""GARANHUNS""], ""method"": ""IDW p=2; até 6 estações; raio máximo 300 km""}, ""precipitacao_anual_mm"": {""n_estacoes"": 6, ""nearest_distance_km"": 30.95, ""max_distance_km"": 138.86, ""stations"": [""FLORESTA"", ""IBIMIRIM"", ""SERRA TALHADA"", ""SALGUEIRO"", ""CABROBO"", ""ARCO VERDE""], ""method"": ""IDW p=2; até 6 estações; raio máximo 300 km""}}","{""organization"": ""INMET"", ""dataset"": ""Dados Históricos Anuais - estações automáticas"", ""version"": ""2020"", ""retrieved_at"": ""2026-10-01"", ""reference_url"": ""https://portal.inmet.gov.br/uploads/dadoshistoricos/2020.zip"", ""method"": ""agregação anual observada por estação + IDW municipal em EPSG:31985; p=2; 3-6 estações; raio <=300 km; controle mínimo de completude"", ""verified"": true}"
2605806,2020,25.543635354991302,94.16705692660263,"{""temperatura_media_c"": {""n_estacoes"": 6, ""nearest_distance_km"": 14.04, ""max_distance_km"": 140.48, ""stations"": [""SURUBIM"", ""CARUARU"", ""PALMARES"", ""RECIFE"", ""GARANHUNS"", ""ARCO VERDE""], ""method"": ""IDW p=2; até 6 estações; raio máximo 300 km""}, ""precipitacao_anual_mm"": {""n_estacoes"": 6, ""nearest_distance_km"": 14.04, ""max_distance_km"": 140.48, ""stations"": [""SURUBIM"", ""CARUARU"", ""PALMARES"", ""RECIFE"", ""GARANHUNS"", ""ARCO VERDE""], ""method"": ""IDW p=2; até 6 estações; raio máximo 300 km""}}","{""organization"": ""INMET"", ""dataset"": ""Dados Históricos Anuais - estações automáticas"", ""version"": ""2020"", ""retrieved_at"": ""2026-10-01"", ""reference_url"": ""https://portal.inmet.gov.br/uploads/dadoshistoricos/2020.zip"", ""method"": ""agregação anual observada por estação + IDW municipal em EPSG:31985; p=2; 3-6 estações; raio <=300 km; controle mínimo de completude"", ""verified"": true}"
2605905,2020,24.91432223445477,167.72517586047115,"{""temperatura_media_c"": {""n_estacoes"": 6, ""nearest_distance_km"": 20.21, ""max_distance_km"": 184.38, ""stations"": [""PALMARES"", ""CARUARU"", ""RECIFE"", ""SURUBIM"", ""GARANHUNS"", ""ARCO VERDE""], ""method"": ""IDW p=2; até 6 estações; raio máximo 300 km""}, ""precipitacao_anual_mm"": {""n_estacoes"": 6, ""nearest_distance_km"": 20.21, ""max_distance_km"": 184.38, ""stations"": [""PALMARES"", ""CARUARU"", ""RECIFE"", ""SURUBIM"", ""GARANHUNS"", ""ARCO VERDE""], ""method"": ""IDW p=2; até 6 estações; raio máximo 300 km""}}","{""organization"": ""INMET"", ""dataset"": ""Dados Históricos Anuais - estações automáticas"", ""version"": ""2020"", ""retrieved_at"": ""2026-10-01"", ""reference_url"": ""https://portal.inmet.gov.br/uploads/dadoshistoricos/2020.zip"", ""method"": ""agregação anual observada por estação + IDW municipal em EPSG:31985; p=2; 3-6 estações; raio <=300 km; controle mínimo de completude"", ""verified"": true}"
2606002,2020,21.609315945553966,1102.965035654798,"{""temperatura_media_c"": {""n_estacoes"": 6, ""nearest_distance_km"": 2.18, ""max_distance_km"": 143.19, ""stations"": [""GARANHUNS"", ""CARUARU"", ""ARCO VERDE"", ""PALMARES"", ""IBIMIRIM"", ""SURUBIM""], ""method"": ""IDW p=2; até 6 estações; raio máximo 300 km""}, ""precipitacao_anual_mm"": {""n_estacoes"": 6, ""nearest_distance_km"": 2.18, ""max_distance_km"": 143.19, ""stations"": [""GARANHUNS"", ""CARUARU"", ""ARCO VERDE"", ""PALMARES"", ""IBIMIRIM"", ""SURUBIM""], ""method"": ""IDW p=2; até 6 estações; raio máximo 300 km""}}","{""organization"": ""INMET"", ""dataset"": ""Dados Históricos Anuais - estações automáticas"", ""version"": ""2020"", ""retrieved_at"": ""2026-10-01"", ""reference_url"": ""https://portal.inmet.gov.br/uploads/dadoshistoricos/2020.zip"", ""method"": ""agregação anual observada por estação + IDW municipal em EPSG:31985; p=2; 3-6 estações; raio <=300 km; controle mínimo de completude"", ""verified"": true}"
2606101,2020,25.31521067483642,855.4140770322974,"{""temperatura_media_c"": {""n_estacoes"": 6, ""nearest_distance_km"": 42.13, ""max_distance_km"": 195.07, ""stations"": [""RECIFE"", ""SURUBIM"", ""PALMARES"", ""CARUARU"", ""GARANHUNS"", ""ARCO VERDE""], ""method"": ""IDW p=2; até 6 estações; raio máximo 300 km""}, ""precipitacao_anual_mm"": {""n_estacoes"": 6, ""nearest_distance_km"": 42.13, ""max_distance_km"": 195.07, ""stations"": [""RECIFE"", ""SURUBIM"", ""PALMARES"", ""CARUARU"", ""GARANHUNS"", ""ARCO VERDE""], ""method"": ""IDW p=2; até 6 estações; raio máximo 300 km""}}","{""organization"": ""INMET"", ""dataset"": ""Dados Históricos Anuais - estações automáticas"", ""version"": ""2020"", ""retrieved_at"": ""2026-10-01"", ""reference_url"": ""https://portal.inmet.gov.br/uploads/dadoshistoricos/2020.zip"", ""method"": ""agregação anual observada por estação + IDW municipal em EPSG:31985; p=2; 3-6 estações; raio <=300 km; controle mínimo de completude"", ""verified"": true}"
2606200,2020,25.554545132580326,1123.0765890230848,"{""temperatura_media_c"": {""n_estacoes"": 6, ""nearest_distance_km"": 51.18, ""max_distance_km"": 250.9, ""stations"": [""RECIFE"", ""SURUBIM"", ""PALMARES"", ""CARUARU"", ""GARANHUNS"", ""ARCO VERDE""], ""method"": ""IDW p=2; até 6 estações; raio máximo 300 km""}, ""precipitacao_anual_mm"": {""n_estacoes"": 6, ""nearest_distance_km"": 51.18, ""max_distance_km"": 250.9, ""stations"": [""RECIFE"", ""SURUBIM"", ""PALMARES"", ""CARUARU"", ""GARANHUNS"", ""ARCO VERDE""], ""method"": ""IDW p=2; até 6 estações; raio máximo 300 km""}}","{""organization"": ""INMET"", ""dataset"": ""Dados Históricos Anuais - estações automáticas"", ""version"": ""2020"", ""retrieved_at"": ""2026-10-01"", ""reference_url"": ""https://portal.inmet.gov.br/uploads/dadoshistoricos/2020.zip"", ""method"": ""agregação anual observada por estação + IDW municipal em EPSG:31985; p=2; 3-6 estações; raio <=300 km; controle mínimo de completude"", ""verified"": true}"
2606309,2020,26.30278245522617,178.2352935697105,"{""temperatura_media_c"": {""n_estacoes"": 6, ""nearest_distance_km"": 46.63, ""max_distance_km"": 233.65, ""stations"": [""OURICURI"", ""CABROBO"", ""FLORESTA"", ""SERRA TALHADA"", ""PETROLINA"", ""IBIMIRIM""], ""method"": ""IDW p=2; até 6 estações; raio máximo 300 km""}, ""precipitacao_anual_mm"": {""n_estacoes"": 6, ""nearest_distance_km"": 46.63, ""max_distance_km"": 200.52, ""stations"": [""OURICURI"", ""SALGUEIRO"", ""CABROBO"", ""FLORESTA"", ""SERRA TALHADA"", ""PETROLINA""], ""method"": ""IDW p=2; até 6 estações; raio máximo 300 km""}}","{""organization"": ""INMET"", ""dataset"": ""Dados Históricos Anuais - estações automáticas"", ""version"": ""2020"", ""retrieved_at"": ""2026-10-01"", ""reference_url"": ""https://portal.inmet.gov.br/uploads/dadoshistoricos/2020.zip"", ""method"": ""agregação anual observada por estação + IDW municipal em EPSG:31985; p=2; 3-6 estações; raio <=300 km; controle mínimo de completude"", ""verified"": true}"
2606408,2020,24.462963582550564,462.7044729368382,"{""temperatura_media_c"": {""n_estacoes"": 6, ""nearest_distance_km"": 47.56, ""max_distance_km"": 166.61, ""stations"": [""SURUBIM"", ""PALMARES"", ""CARUARU"", ""RECIFE"", ""GARANHUNS"", ""ARCO VERDE""], ""method"": ""IDW p=2; até 6 estações; raio máximo 300 km""}, ""precipitacao_anual_mm"": {""n_estacoes"": 6, ""nearest_distance_km"": 47.56, ""max_distance_km"": 166.61, ""stations"": [""SURUBIM"", ""PALMARES"", ""CARUARU"", ""RECIFE"", ""GARANHUNS"", ""ARCO VERDE""], ""method"": ""IDW p=2; até 6 estações; raio máximo 300 km""}}","{""organization"": ""INMET"", ""dataset"": ""Dados Históricos Anuais - estações automáticas"", ""version"": ""2020"", ""retrieved_at"": ""2026-10-01"", ""reference_url"": ""https://portal.inmet.gov.br/uploads/dadoshistoricos/2020.zip"", ""method"": ""agregação anual observada por estação + IDW municipal em EPSG:31985; p=2; 3-6 estações; raio <=300 km; controle mínimo de completude"", ""verified"": true}"
2606507,2020,22.710066291163937,830.5721141027044,"{""temperatura_media_c"": {""n_estacoes"": 6, ""nearest_distance_km"": 51.76, ""max_distance_km"": 188.55, ""stations"": [""GARANHUNS"", ""ARCO VERDE"", ""IBIMIRIM"", ""CARUARU"", ""PALMARES"", ""SURUBIM""], ""method"": ""IDW p=2; até 6 estações; raio máximo 300 km""}, ""precipitacao_anual_mm"": {""n_estacoes"": 6, ""nearest_distance_km"": 51.76, ""max_distance_km"": 188.55, ""stations"": [""GARANHUNS"", ""ARCO VERDE"", ""IBIMIRIM"", ""CARUARU"", ""PALMARES"", ""SURUBIM""], ""method"": ""IDW p=2; até 6 estações; raio máximo 300 km""}}","{""organization"": ""INMET"", ""dataset"": ""Dados Históricos Anuais - estações automáticas"", ""version"": ""2020"", ""retrieved_at"": ""2026-10-01"", ""reference_url"": ""https://portal.inmet.gov.br/uploads/dadoshistoricos/2020.zip"", ""method"": ""agregação anual observada por estação + IDW municipal em EPSG:31985; p=2; 3-6 estações; raio <=300 km; controle mínimo de completude"", ""verified"": true}"
2606606,2020,25.28987443682551,776.3551129391345,"{""temperatura_media_c"": {""n_estacoes"": 6, ""nearest_distance_km"": 14.7, ""max_distance_km"": 176.05, ""stations"": [""IBIMIRIM"", ""ARCO VERDE"", ""SERRA TALHADA"", ""FLORESTA"", ""GARANHUNS"", ""CARUARU""], ""method"": ""IDW p=2; até 6 estações; raio máximo 300 km""}, ""precipitacao_anual_mm"": {""n_estacoes"": 6, ""nearest_distance_km"": 14.7, ""max_distance_km"": 174.95, ""stations"": [""IBIMIRIM"", ""ARCO VERDE"", ""SERRA TALHADA"", ""FLORESTA"", ""GARANHUNS"", ""SALGUEIRO""], ""method"": ""IDW p=2; até 6 estações; raio máximo 300 km""}}","{""organization"": ""INMET"", ""dataset"": ""Dados Históricos Anuais - estações automáticas"", ""version"": ""2020"", ""retrieved_at"": ""2026-10-01"", ""reference_url"": ""https://portal.inmet.gov.br/uploads/dadoshistoricos/2020.zip"", ""method"": ""agregação anual observada por estação + IDW municipal em EPSG:31985; p=2; 3-6 estações; raio <=300 km; controle mínimo de completude"", ""verified"": true}"
2606705,2020,22.275423274983705,694.2650316182724,"{""temperatura_media_c"": {""n_estacoes"": 6, ""nearest_distance_km"": 33.45, ""max_distance_km"": 150.02, ""stations"": [""CARUARU"", ""GARANHUNS"", ""PALMARES"", ""ARCO VERDE"", ""SURUBIM"", ""RECIFE""], ""method"": ""IDW p=2; até 6 estações; raio máximo 300 km""}, ""precipitacao_anual_mm"": {""n_estacoes"": 6, ""nearest_distance_km"": 33.45, ""max_distance_km"": 150.02, ""stations"": [""CARUARU"", ""GARANHUNS"", ""PALMARES"", ""ARCO VERDE"", ""SURUBIM"", ""RECIFE""], ""method"": ""IDW p=2; até 6 estações; raio máximo 300 km""}}","{""organization"": ""INMET"", ""dataset"": ""Dados Históricos Anuais - estações automáticas"", ""version"": ""2020"", ""retrieved_at"": ""2026-10-01"", ""reference_url"": ""https://portal.inmet.gov.br/uploads/dadoshistoricos/2020.zip"", ""method"": ""agregação anual observada por estação + IDW municipal em EPSG:31985; p=2; 3-6 estações; raio <=300 km; controle mínimo de completude"", ""verified"": true}"
2606804,2020,25.982849688160908,1418.3696908467002,"{""temperatura_media_c"": {""n_estacoes"": 6, ""nearest_distance_km"": 26.74, ""max_distance_km"": 241.0, ""stations"": [""RECIFE"", ""SURUBIM"", ""PALMARES"", ""CARUARU"", ""GARANHUNS"", ""ARCO VERDE""], ""method"": ""IDW p=2; até 6 estações; raio máximo 300 km""}, ""precipitacao_anual_mm"": {""n_estacoes"": 6, ""nearest_distance_km"": 26.74, ""max_distance_km"": 241.0, ""stations"": [""RECIFE"", ""SURUBIM"", ""PALMARES"", ""CARUARU"", ""GARANHUNS"", ""ARCO VERDE""], ""method"": ""IDW p=2; até 6 estações; raio máximo 300 km""}}","{""organization"": ""INMET"", ""dataset"": ""Dados Históricos Anuais - estações automáticas"", ""version"": ""2020"", ""retrieved_at"": ""2026-10-01"", ""reference_url"": ""https://portal.inmet.gov.br/uploads/dadoshistoricos/2020.zip"", ""method"": ""agregação anual observada por estação + IDW municipal em EPSG:31985; p=2; 3-6 estações; raio <=300 km; controle mínimo de completude"", ""verified"": true}"
2606903,2020,24.32609147362253,795.3519542619216,"{""temperatura_media_c"": {""n_estacoes"": 6, ""nearest_distance_km"": 75.65, ""max_distance_km"": 162.34, ""stations"": [""ARCO VERDE"", ""IBIMIRIM"", ""SERRA TALHADA"", ""GARANHUNS"", ""FLORESTA"", ""CARUARU""], ""method"": ""IDW p=2; até 6 estações; raio máximo 300 km""}, ""precipitacao_anual_mm"": {""n_estacoes"": 6, ""nearest_distance_km"": 75.65, ""max_distance_km"": 162.34, ""stations"": [""ARCO VERDE"", ""IBIMIRIM"", ""SERRA TALHADA"", ""GARANHUNS"", ""FLORESTA"", ""CARUARU""], ""method"": ""IDW p=2; até 6 estações; raio máximo 300 km""}}","{""organization"": ""INMET"", ""dataset"": ""Dados Históricos Anuais - estações automáticas"", ""version"": ""2020"", ""retrieved_at"": ""2026-10-01"", ""reference_url"": ""https://portal.inmet.gov.br/uploads/dadoshistoricos/2020.zip"", ""method"": ""agregação anual observada por estação + IDW municipal em EPSG:31985; p=2; 3-6 estações; raio <=300 km; controle mínimo de completude"", ""verified"": true}"
2607000,2020,25.33499714506397,748.4054901054903,"{""temperatura_media_c"": {""n_estacoes"": 6, ""nearest_distance_km"": 36.33, ""max_distance_km"": 165.83, ""stations"": [""IBIMIRIM"", ""FLORESTA"", ""ARCO VERDE"", ""SERRA TALHADA"", ""GARANHUNS"", ""CABROBO""], ""method"": ""IDW p=2; até 6 estações; raio máximo 300 km""}, ""precipitacao_anual_mm"": {""n_estacoes"": 6, ""nearest_distance_km"": 36.33, ""max_distance_km"": 161.35, ""stations"": [""IBIMIRIM"", ""FLORESTA"", ""ARCO VERDE"", ""SERRA TALHADA"", ""GARANHUNS"", ""SALGUEIRO""], ""method"": ""IDW p=2; até 6 estações; raio máximo 300 km""}}","{""organization"": ""INMET"", ""dataset"": ""Dados Históricos Anuais - estações automáticas"", ""version"": ""2020"", ""retrieved_at"": ""2026-10-01"", ""reference_url"": ""https://portal.inmet.gov.br/uploads/dadoshistoricos/2020.zip"", ""method"": ""agregação anual observada por estação + IDW municipal em EPSG:31985; p=2; 3-6 estações; raio <=300 km; controle mínimo de completude"", ""verified"": true}"
2607109,2020,24.363286246149862,812.5210086040529,"{""temperatura_media_c"": {""n_estacoes"": 6, ""nearest_distance_km"": 89.17, ""max_distance_km"": 169.38, ""stations"": [""ARCO VERDE"", ""IBIMIRIM"", ""SERRA TALHADA"", ""FLORESTA"", ""GARANHUNS"", ""CARUARU""], ""method"": ""IDW p=2; até 6 estações; raio máximo 300 km""}, ""precipitacao_anual_mm"": {""n_estacoes"": 6, ""nearest_distance_km"": 89.17, ""max_distance_km"": 169.38, ""stations"": [""ARCO VERDE"", ""IBIMIRIM"", ""SERRA TALHADA"", ""FLORESTA"", ""GARANHUNS"", ""CARUARU""], ""method"": ""IDW p=2; até 6 estações; raio máximo 300 km""}}","{""organization"": ""INMET"", ""dataset"": ""Dados Históricos Anuais - estações automáticas"", ""version"": ""2020"", ""retrieved_at"": ""2026-10-01"", ""reference_url"": ""https://portal.inmet.gov.br/uploads/dadoshistoricos/2020.zip"", ""method"": ""agregação anual observada por estação + IDW municipal em EPSG:31985; p=2; 3-6 estações; raio <=300 km; controle mínimo de completude"", ""verified"": true}"
2607208,2020,25.28516694659854,922.4940602893702,"{""temperatura_media_c"": {""n_estacoes"": 6, ""nearest_distance_km"": 44.18, ""max_distance_km"": 216.8, ""stations"": [""RECIFE"", ""PALMARES"", ""SURUBIM"", ""CARUARU"", ""GARANHUNS"", ""ARCO VERDE""], ""method"": ""IDW p=2; até 6 estações; raio máximo 300 km""}, ""precipitacao_anual_mm"": {""n_estacoes"": 6, ""nearest_distance_km"": 44.18, ""max_distance_km"": 216.8, ""stations"": [""RECIFE"", ""PALMARES"", ""SURUBIM"", ""CARUARU"", ""GARANHUNS"", ""ARCO VERDE""], ""method"": ""IDW p=2; até 6 estações; raio máximo 300 km""}}","{""organization"": ""INMET"", ""dataset"": ""Dados Históricos Anuais - estações automáticas"", ""version"": ""2020"", ""retrieved_at"": ""2026-10-01"", ""reference_url"": ""https://portal.inmet.gov.br/uploads/dadoshistoricos/2020.zip"", ""method"": ""agregação anual observada por estação + IDW municipal em EPSG:31985; p=2; 3-6 estações; raio <=300 km; controle mínimo de completude"", ""verified"": true}"
2607307,2020,26.217729728212912,110.18254659138276,"{""temperatura_media_c"": {""n_estacoes"": 6, ""nearest_distance_km"": 45.07, ""max_distance_km"": 299.54, ""stations"": [""OURICURI"", ""CABROBO"", ""PETROLINA"", ""FLORESTA"", ""SERRA TALHADA"", ""IBIMIRIM""], ""method"": ""IDW p=2; até 6 estações; raio máximo 300 km""}, ""precipitacao_anual_mm"": {""n_estacoes"": 6, ""nearest_distance_km"": 45.07, ""max_distance_km"": 219.2, ""stations"": [""OURICURI"", ""SALGUEIRO"", ""CABROBO"", ""PETROLINA"", ""FLORESTA"", ""SERRA TALHADA""], ""method"": ""IDW p=2; até 6 estações; raio máximo 300 km""}}","{""organization"": ""INMET"", ""dataset"": ""Dados Históricos Anuais - estações automáticas"", ""version"": ""2020"", ""retrieved_at"": ""2026-10-01"", ""reference_url"": ""https://portal.inmet.gov.br/uploads/dadoshistoricos/2020.zip"", ""method"": ""agregação anual observada por estação + IDW municipal em EPSG:31985; p=2; 3-6 estações; raio <=300 km; controle mínimo de completude"", ""verified"": true}"
2607406,2020,26.789027022850185,493.84055478086134,"{""temperatura_media_c"": {""n_estacoes"": 6, ""nearest_distance_km"": 23.12, ""max_distance_km"": 188.05, ""stations"": [""FLORESTA"", ""CABROBO"", ""SERRA TALHADA"", ""IBIMIRIM"", ""OURICURI"", ""ARCO VERDE""], ""method"": ""IDW p=2; até 6 estações; raio máximo 300 km""}, ""precipitacao_anual_mm"": {""n_estacoes"": 6, ""nearest_distance_km"": 23.12, ""max_distance_km"": 180.02, ""stations"": [""FLORESTA"", ""CABROBO"", ""SALGUEIRO"", ""SERRA TALHADA"", ""IBIMIRIM"", ""OURICURI""], ""method"": ""IDW p=2; até 6 estações; raio máximo 300 km""}}","{""organization"": ""INMET"", ""dataset"": ""Dados Históricos Anuais - estações automáticas"", ""version"": ""2020"", ""retrieved_at"": ""2026-10-01"", ""reference_url"": ""https://portal.inmet.gov.br/uploads/dadoshistoricos/2020.zip"", ""method"": ""agregação anual observada por estação + IDW municipal em EPSG:31985; p=2; 3-6 estações; raio <=300 km; controle mínimo de completude"", ""verified"": true}"
2607505,2020,23.892024968725973,784.6646228916902,"{""temperatura_media_c"": {""n_estacoes"": 6, ""nearest_distance_km"": 66.55, ""max_distance_km"": 158.86, ""stations"": [""ARCO VERDE"", ""IBIMIRIM"", ""GARANHUNS"", ""FLORESTA"", ""CARUARU"", ""SERRA TALHADA""], ""method"": ""IDW p=2; até 6 estações; raio máximo 300 km""}, ""precipitacao_anual_mm"": {""n_estacoes"": 6, ""nearest_distance_km"": 66.55, ""max_distance_km"": 158.86, ""stations"": [""ARCO VERDE"", ""IBIMIRIM"", ""GARANHUNS"", ""FLORESTA"", ""CARUARU"", ""SERRA TALHADA""], ""method"": ""IDW p=2; até 6 estações; raio máximo 300 km""}}","{""organization"": ""INMET"", ""dataset"": ""Dados Históricos Anuais - estações automáticas"", ""version"": ""2020"", ""retrieved_at"": ""2026-10-01"", ""reference_url"": ""https://portal.inmet.gov.br/uploads/dadoshistoricos/2020.zip"", ""method"": ""agregação anual observada por estação + IDW municipal em EPSG:31985; p=2; 3-6 estações; raio <=300 km; controle mínimo de completude"", ""verified"": true}"
2607604,2020,25.860639879622013,1346.0918599559213,"{""temperatura_media_c"": {""n_estacoes"": 6, ""nearest_distance_km"": 35.11, ""max_distance_km"": 254.04, ""stations"": [""RECIFE"", ""SURUBIM"", ""PALMARES"", ""CARUARU"", ""GARANHUNS"", ""ARCO VERDE""], ""method"": ""IDW p=2; até 6 estações; raio máximo 300 km""}, ""precipitacao_anual_mm"": {""n_estacoes"": 6, ""nearest_distance_km"": 35.11, ""max_distance_km"": 254.04, ""stations"": [""RECIFE"", ""SURUBIM"", ""PALMARES"", ""CARUARU"", ""GARANHUNS"", ""ARCO VERDE""], ""method"": ""IDW p=2; até 6 estações; raio máximo 300 km""}}","{""organization"": ""INMET"", ""dataset"": ""Dados Históricos Anuais - estações automáticas"", ""version"": ""2020"", ""retrieved_at"": ""2026-10-01"", ""reference_url"": ""https://portal.inmet.gov.br/uploads/dadoshistoricos/2020.zip"", ""method"": ""agregação anual observada por estação + IDW municipal em EPSG:31985; p=2; 3-6 estações; raio <=300 km; controle mínimo de completude"", ""verified"": true}"
2607653,2020,25.249722000128884,848.3829549053528,"{""temperatura_media_c"": {""n_estacoes"": 6, ""nearest_distance_km"": 70.12, ""max_distance_km"": 238.4, ""stations"": [""RECIFE"", ""SURUBIM"", ""CARUARU"", ""PALMARES"", ""GARANHUNS"", ""ARCO VERDE""], ""method"": ""IDW p=2; até 6 estações; raio máximo 300 km""}, ""precipitacao_anual_mm"": {""n_estacoes"": 6, ""nearest_distance_km"": 70.12, ""max_distance_km"": 238.4, ""stations"": [""RECIFE"", ""SURUBIM"", ""CARUARU"", ""PALMARES"", ""GARANHUNS"", ""ARCO VERDE""], ""method"": ""IDW p=2; até 6 estações; raio máximo 300 km""}}","{""organization"": ""INMET"", ""dataset"": ""Dados Históricos Anuais - estações automáticas"", ""version"": ""2020"", ""retrieved_at"": ""2026-10-01"", ""reference_url"": ""https://portal.inmet.gov.br/uploads/dadoshistoricos/2020.zip"", ""method"": ""agregação anual observada por estação + IDW municipal em EPSG:31985; p=2; 3-6 estações; raio <=300 km; controle mínimo de completude"", ""verified"": true}"
2607703,2020,24.02209081506349,714.7049536352099,"{""temperatura_media_c"": {""n_estacoes"": 6, ""nearest_distance_km"": 115.24, ""max_distance_km"": 182.38, ""stations"": [""ARCO VERDE"", ""IBIMIRIM"", ""SERRA TALHADA"", ""SURUBIM"", ""CARUARU"", ""GARANHUNS""], ""method"": ""IDW p=2; até 6 estações; raio máximo 300 km""}, ""precipitacao_anual_mm"": {""n_estacoes"": 6, ""nearest_distance_km"": 115.24, ""max_distance_km"": 182.38, ""stations"": [""ARCO VERDE"", ""IBIMIRIM"", ""SERRA TALHADA"", ""SURUBIM"", ""CARUARU"", ""GARANHUNS""], ""method"": ""IDW p=2; até 6 estações; raio máximo 300 km""}}","{""organization"": ""INMET"", ""dataset"": ""Dados Históricos Anuais - estações automáticas"", ""version"": ""2020"", ""retrieved_at"": ""2026-10-01"", ""reference_url"": ""https://portal.inmet.gov.br/uploads/dadoshistoricos/2020.zip"", ""method"": ""agregação anual observada por estação + IDW municipal em EPSG:31985; p=2; 3-6 estações; raio <=300 km; controle mínimo de completude"", ""verified"": true}"
2607752,2020,25.840507353001797,1326.0018485973217,"{""temperatura_media_c"": {""n_estacoes"": 6, ""nearest_distance_km"": 35.23, ""max_distance_km"": 249.02, ""stations"": [""RECIFE"", ""SURUBIM"", ""PALMARES"", ""CARUARU"", ""GARANHUNS"", ""ARCO VERDE""], ""method"": ""IDW p=2; até 6 estações; raio máximo 300 km""}, ""precipitacao_anual_mm"": {""n_estacoes"": 6, ""nearest_distance_km"": 35.23, ""max_distance_km"": 249.02, ""stations"": [""RECIFE"", ""SURUBIM"", ""PALMARES"", ""CARUARU"", ""GARANHUNS"", ""ARCO VERDE""], ""method"": ""IDW p=2; até 6 estações; raio máximo 300 km""}}","{""organization"": ""INMET"", ""dataset"": ""Dados Históricos Anuais - estações automáticas"", ""version"": ""2020"", ""retrieved_at"": ""2026-10-01"", ""reference_url"": ""https://portal.inmet.gov.br/uploads/dadoshistoricos/2020.zip"", ""method"": ""agregação anual observada por estação + IDW municipal em EPSG:31985; p=2; 3-6 estações; raio <=300 km; controle mínimo de completude"", ""verified"": true}"
2607802,2020,25.66041649401502,1175.2336425671153,"{""temperatura_media_c"": {""n_estacoes"": 6, ""nearest_distance_km"": 42.03, ""max_distance_km"": 238.06, ""stations"": [""RECIFE"", ""SURUBIM"", ""PALMARES"", ""CARUARU"", ""GARANHUNS"", ""ARCO VERDE""], ""method"": ""IDW p=2; até 6 estações; raio máximo 300 km""}, ""precipitacao_anual_mm"": {""n_estacoes"": 6, ""nearest_distance_km"": 42.03, ""max_distance_km"": 238.06, ""stations"": [""RECIFE"", ""SURUBIM"", ""PALMARES"", ""CARUARU"", ""GARANHUNS"", ""ARCO VERDE""], ""method"": ""IDW p=2; até 6 estações; raio máximo 300 km""}}","{""organization"": ""INMET"", ""dataset"": ""Dados Históricos Anuais - estações automáticas"", ""version"": ""2020"", ""retrieved_at"": ""2026-10-01"", ""reference_url"": ""https://portal.inmet.gov.br/uploads/dadoshistoricos/2020.zip"", ""method"": ""agregação anual observada por estação + IDW municipal em EPSG:31985; p=2; 3-6 estações; raio <=300 km; controle mínimo de completude"", ""verified"": true}"
2607901,2020,26.23300413716785,1591.9438513967116,"{""temperatura_media_c"": {""n_estacoes"": 6, ""nearest_distance_km"": 11.37, ""max_distance_km"": 228.44, ""stations"": [""RECIFE"", ""PALMARES"", ""SURUBIM"", ""CARUARU"", ""GARANHUNS"", ""ARCO VERDE""], ""method"": ""IDW p=2; até 6 estações; raio máximo 300 km""}, ""precipitacao_anual_mm"": {""n_estacoes"": 6, ""nearest_distance_km"": 11.37, ""max_distance_km"": 228.44, ""stations"": [""RECIFE"", ""PALMARES"", ""SURUBIM"", ""CARUARU"", ""GARANHUNS"", ""ARCO VERDE""], ""method"": ""IDW p=2; até 6 estações; raio máximo 300 km""}}","{""organization"": ""INMET"", ""dataset"": ""Dados Históricos Anuais - estações automáticas"", ""version"": ""2020"", ""retrieved_at"": ""2026-10-01"", ""reference_url"": ""https://portal.inmet.gov.br/uploads/dadoshistoricos/2020.zip"", ""method"": ""agregação anual observada por estação + IDW municipal em EPSG:31985; p=2; 3-6 estações; raio <=300 km; controle mínimo de completude"", ""verified"": true}"
2607950,2020,24.104844326163633,297.4223026854273,"{""temperatura_media_c"": {""n_estacoes"": 6, ""nearest_distance_km"": 27.73, ""max_distance_km"": 141.75, ""stations"": [""PALMARES"", ""CARUARU"", ""GARANHUNS"", ""SURUBIM"", ""RECIFE"", ""ARCO VERDE""], ""method"": ""IDW p=2; até 6 estações; raio máximo 300 km""}, ""precipitacao_anual_mm"": {""n_estacoes"": 6, ""nearest_distance_km"": 27.73, ""max_distance_km"": 141.75, ""stations"": [""PALMARES"", ""CARUARU"", ""GARANHUNS"", ""SURUBIM"", ""RECIFE"", ""ARCO VERDE""], ""method"": ""IDW p=2; até 6 estações; raio máximo 300 km""}}","{""organization"": ""INMET"", ""dataset"": ""Dados Históricos Anuais - estações automáticas"", ""version"": ""2020"", ""retrieved_at"": ""2026-10-01"", ""reference_url"": ""https://portal.inmet.gov.br/uploads/dadoshistoricos/2020.zip"", ""method"": ""agregação anual observada por estação + IDW municipal em EPSG:31985; p=2; 3-6 estações; raio <=300 km; controle mínimo de completude"", ""verified"": true}"
2608008,2020,23.215864628127516,558.418858906079,"{""temperatura_media_c"": {""n_estacoes"": 6, ""nearest_distance_km"": 65.49, ""max_distance_km"": 139.44, ""stations"": [""CARUARU"", ""ARCO VERDE"", ""SURUBIM"", ""GARANHUNS"", ""PALMARES"", ""IBIMIRIM""], ""method"": ""IDW p=2; até 6 estações; raio máximo 300 km""}, ""precipitacao_anual_mm"": {""n_estacoes"": 6, ""nearest_distance_km"": 65.49, ""max_distance_km"": 139.44, ""stations"": [""CARUARU"", ""ARCO VERDE"", ""SURUBIM"", ""GARANHUNS"", ""PALMARES"", ""IBIMIRIM""], ""method"": ""IDW p=2; até 6 estações; raio máximo 300 km""}}","{""organization"": ""INMET"", ""dataset"": ""Dados Históricos Anuais - estações automáticas"", ""version"": ""2020"", ""retrieved_at"": ""2026-10-01"", ""reference_url"": ""https://portal.inmet.gov.br/uploads/dadoshistoricos/2020.zip"", ""method"": ""agregação anual observada por estação + IDW municipal em EPSG:31985; p=2; 3-6 estações; raio <=300 km; controle mínimo de completude"", ""verified"": true}"
2608057,2020,25.732509768160163,616.015182308143,"{""temperatura_media_c"": {""n_estacoes"": 6, ""nearest_distance_km"": 79.02, ""max_distance_km"": 192.44, ""stations"": [""FLORESTA"", ""IBIMIRIM"", ""SERRA TALHADA"", ""CABROBO"", ""ARCO VERDE"", ""GARANHUNS""], ""method"": ""IDW p=2; até 6 estações; raio máximo 300 km""}, ""precipitacao_anual_mm"": {""n_estacoes"": 6, ""nearest_distance_km"": 79.02, ""max_distance_km"": 160.7, ""stations"": [""FLORESTA"", ""IBIMIRIM"", ""SERRA TALHADA"", ""CABROBO"", ""ARCO VERDE"", ""SALGUEIRO""], ""method"": ""IDW p=2; até 6 estações; raio máximo 300 km""}}","{""organization"": ""INMET"", ""dataset"": ""Dados Históricos Anuais - estações automáticas"", ""version"": ""2020"", ""retrieved_at"": ""2026-10-01"", ""reference_url"": ""https://portal.inmet.gov.br/uploads/dadoshistoricos/2020.zip"", ""method"": ""agregação anual observada por estação + IDW municipal em EPSG:31985; p=2; 3-6 estações; raio <=300 km; controle mínimo de completude"", ""verified"": true}"
2608107,2020,25.46636764975212,209.43009295281664,"{""temperatura_media_c"": {""n_estacoes"": 6, ""nearest_distance_km"": 23.15, ""max_distance_km"": 173.46, ""stations"": [""SURUBIM"", ""RECIFE"", ""CARUARU"", ""PALMARES"", ""GARANHUNS"", ""ARCO VERDE""], ""method"": ""IDW p=2; até 6 estações; raio máximo 300 km""}, ""precipitacao_anual_mm"": {""n_estacoes"": 6, ""nearest_distance_km"": 23.15, ""max_distance_km"": 173.46, ""stations"": [""SURUBIM"", ""RECIFE"", ""CARUARU"", ""PALMARES"", ""GARANHUNS"", ""ARCO VERDE""], ""method"": ""IDW p=2; até 6 estações; raio máximo 300 km""}}","{""organization"": ""INMET"", ""dataset"": ""Dados Históricos Anuais - estações automáticas"", ""version"": ""2020"", ""retrieved_at"": ""2026-10-01"", ""reference_url"": ""https://portal.inmet.gov.br/uploads/dadoshistoricos/2020.zip"", ""method"": ""agregação anual observada por estação + IDW municipal em EPSG:31985; p=2; 3-6 estações; raio <=300 km; controle mínimo de completude"", ""verified"": true}"
2608206,2020,24.983306183461007,76.80232441958603,"{""temperatura_media_c"": {""n_estacoes"": 6, ""nearest_distance_km"": 11.88, ""max_distance_km"": 167.19, ""stations"": [""PALMARES"", ""CARUARU"", ""SURUBIM"", ""RECIFE"", ""GARANHUNS"", ""ARCO VERDE""], ""method"": ""IDW p=2; até 6 estações; raio máximo 300 km""}, ""precipitacao_anual_mm"": {""n_estacoes"": 6, ""nearest_distance_km"": 11.88, ""max_distance_km"": 167.19, ""stations"": [""PALMARES"", ""CARUARU"", ""SURUBIM"", ""RECIFE"", ""GARANHUNS"", ""ARCO VERDE""], ""method"": ""IDW p=2; até 6 estações; raio máximo 300 km""}}","{""organization"": ""INMET"", ""dataset"": ""Dados Históricos Anuais - estações automáticas"", ""version"": ""2020"", ""retrieved_at"": ""2026-10-01"", ""reference_url"": ""https://portal.inmet.gov.br/uploads/dadoshistoricos/2020.zip"", ""method"": ""agregação anual observada por estação + IDW municipal em EPSG:31985; p=2; 3-6 estações; raio <=300 km; controle mínimo de completude"", ""verified"": true}"
2608255,2020,21.911465438718317,990.3435336812367,"{""temperatura_media_c"": {""n_estacoes"": 6, ""nearest_distance_km"": 18.86, ""max_distance_km"": 140.54, ""stations"": [""GARANHUNS"", ""CARUARU"", ""ARCO VERDE"", ""PALMARES"", ""SURUBIM"", ""IBIMIRIM""], ""method"": ""IDW p=2; até 6 estações; raio máximo 300 km""}, ""precipitacao_anual_mm"": {""n_estacoes"": 6, ""nearest_distance_km"": 18.86, ""max_distance_km"": 140.54, ""stations"": [""GARANHUNS"", ""CARUARU"", ""ARCO VERDE"", ""PALMARES"", ""SURUBIM"", ""IBIMIRIM""], ""method"": ""IDW p=2; até 6 estações; raio máximo 300 km""}}","{""organization"": ""INMET"", ""dataset"": ""Dados Históricos Anuais - estações automáticas"", ""version"": ""2020"", ""retrieved_at"": ""2026-10-01"", ""reference_url"": ""https://portal.inmet.gov.br/uploads/dadoshistoricos/2020.zip"", ""method"": ""agregação anual observada por estação + IDW municipal em EPSG:31985; p=2; 3-6 estações; raio <=300 km; controle mínimo de completude"", ""verified"": true}"
2608305,2020,22.04789688047392,922.2549216144757,"{""temperatura_media_c"": {""n_estacoes"": 6, ""nearest_distance_km"": 24.26, ""max_distance_km"": 147.13, ""stations"": [""GARANHUNS"", ""CARUARU"", ""ARCO VERDE"", ""PALMARES"", ""SURUBIM"", ""IBIMIRIM""], ""method"": ""IDW p=2; até 6 estações; raio máximo 300 km""}, ""precipitacao_anual_mm"": {""n_estacoes"": 6, ""nearest_distance_km"": 24.26, ""max_distance_km"": 147.13, ""stations"": [""GARANHUNS"", ""CARUARU"", ""ARCO VERDE"", ""PALMARES"", ""SURUBIM"", ""IBIMIRIM""], ""method"": ""IDW p=2; até 6 estações; raio máximo 300 km""}}","{""organization"": ""INMET"", ""dataset"": ""Dados Históricos Anuais - estações automáticas"", ""version"": ""2020"", ""retrieved_at"": ""2026-10-01"", ""reference_url"": ""https://portal.inmet.gov.br/uploads/dadoshistoricos/2020.zip"", ""method"": ""agregação anual observada por estação + IDW municipal em EPSG:31985; p=2; 3-6 estações; raio <=300 km; controle mínimo de completude"", ""verified"": true}"
2608404,2020,22.526018934749974,714.6032307720386,"{""temperatura_media_c"": {""n_estacoes"": 6, ""nearest_distance_km"": 42.29, ""max_distance_km"": 151.47, ""stations"": [""GARANHUNS"", ""CARUARU"", ""PALMARES"", ""ARCO VERDE"", ""SURUBIM"", ""RECIFE""], ""method"": ""IDW p=2; até 6 estações; raio máximo 300 km""}, ""precipitacao_anual_mm"": {""n_estacoes"": 6, ""nearest_distance_km"": 42.29, ""max_distance_km"": 151.47, ""stations"": [""GARANHUNS"", ""CARUARU"", ""PALMARES"", ""ARCO VERDE"", ""SURUBIM"", ""RECIFE""], ""method"": ""IDW p=2; até 6 estações; raio máximo 300 km""}}","{""organization"": ""INMET"", ""dataset"": ""Dados Históricos Anuais - estações automáticas"", ""version"": ""2020"", ""retrieved_at"": ""2026-10-01"", ""reference_url"": ""https://portal.inmet.gov.br/uploads/dadoshistoricos/2020.zip"", ""method"": ""agregação anual observada por estação + IDW municipal em EPSG:31985; p=2; 3-6 estações; raio <=300 km; controle mínimo de completude"", ""verified"": true}"
2608453,2020,25.354932197174893,780.7818327493354,"{""temperatura_media_c"": {""n_estacoes"": 6, ""nearest_distance_km"": 47.5, ""max_distance_km"": 200.26, ""stations"": [""RECIFE"", ""SURUBIM"", ""PALMARES"", ""CARUARU"", ""GARANHUNS"", ""ARCO VERDE""], ""method"": ""IDW p=2; até 6 estações; raio máximo 300 km""}, ""precipitacao_anual_mm"": {""n_estacoes"": 6, ""nearest_distance_km"": 47.5, ""max_distance_km"": 200.26, ""stations"": [""RECIFE"", ""SURUBIM"", ""PALMARES"", ""CARUARU"", ""GARANHUNS"", ""ARCO VERDE""], ""method"": ""IDW p=2; até 6 estações; raio máximo 300 km""}}","{""organization"": ""INMET"", ""dataset"": ""Dados Históricos Anuais - estações automáticas"", ""version"": ""2020"", ""retrieved_at"": ""2026-10-01"", ""reference_url"": ""https://portal.inmet.gov.br/uploads/dadoshistoricos/2020.zip"", ""method"": ""agregação anual observada por estação + IDW municipal em EPSG:31985; p=2; 3-6 estações; raio <=300 km; controle mínimo de completude"", ""verified"": true}"
2608503,2020,25.454958930770726,934.0357518639477,"{""temperatura_media_c"": {""n_estacoes"": 6, ""nearest_distance_km"": 40.56, ""max_distance_km"": 202.74, ""stations"": [""RECIFE"", ""SURUBIM"", ""PALMARES"", ""CARUARU"", ""GARANHUNS"", ""ARCO VERDE""], ""method"": ""IDW p=2; até 6 estações; raio máximo 300 km""}, ""precipitacao_anual_mm"": {""n_estacoes"": 6, ""nearest_distance_km"": 40.56, ""max_distance_km"": 202.74, ""stations"": [""RECIFE"", ""SURUBIM"", ""PALMARES"", ""CARUARU"", ""GARANHUNS"", ""ARCO VERDE""], ""method"": ""IDW p=2; até 6 estações; raio máximo 300 km""}}","{""organization"": ""INMET"", ""dataset"": ""Dados Históricos Anuais - estações automáticas"", ""version"": ""2020"", ""retrieved_at"": ""2026-10-01"", ""reference_url"": ""https://portal.inmet.gov.br/uploads/dadoshistoricos/2020.zip"", ""method"": ""agregação anual observada por estação + IDW municipal em EPSG:31985; p=2; 3-6 estações; raio <=300 km; controle mínimo de completude"", ""verified"": true}"
2608602,2020,22.049308244918347,964.4099820548745,"{""temperatura_media_c"": {""n_estacoes"": 6, ""nearest_distance_km"": 28.0, ""max_distance_km"": 163.7, ""stations"": [""GARANHUNS"", ""CARUARU"", ""ARCO VERDE"", ""PALMARES"", ""IBIMIRIM"", ""SURUBIM""], ""method"": ""IDW p=2; até 6 estações; raio máximo 300 km""}, ""precipitacao_anual_mm"": {""n_estacoes"": 6, ""nearest_distance_km"": 28.0, ""max_distance_km"": 163.7, ""stations"": [""GARANHUNS"", ""CARUARU"", ""ARCO VERDE"", ""PALMARES"", ""IBIMIRIM"", ""SURUBIM""], ""method"": ""IDW p=2; até 6 estações; raio máximo 300 km""}}","{""organization"": ""INMET"", ""dataset"": ""Dados Históricos Anuais - estações automáticas"", ""version"": ""2020"", ""retrieved_at"": ""2026-10-01"", ""reference_url"": ""https://portal.inmet.gov.br/uploads/dadoshistoricos/2020.zip"", ""method"": ""agregação anual observada por estação + IDW municipal em EPSG:31985; p=2; 3-6 estações; raio <=300 km; controle mínimo de completude"", ""verified"": true}"
2608701,2020,23.36474952815036,443.7113783986836,"{""temperatura_media_c"": {""n_estacoes"": 6, ""nearest_distance_km"": 36.11, ""max_distance_km"": 130.82, ""stations"": [""PALMARES"", ""CARUARU"", ""GARANHUNS"", ""SURUBIM"", ""RECIFE"", ""ARCO VERDE""], ""method"": ""IDW p=2; até 6 estações; raio máximo 300 km""}, ""precipitacao_anual_mm"": {""n_estacoes"": 6, ""nearest_distance_km"": 36.11, ""max_distance_km"": 130.82, ""stations"": [""PALMARES"", ""CARUARU"", ""GARANHUNS"", ""SURUBIM"", ""RECIFE"", ""ARCO VERDE""], ""method"": ""IDW p=2; até 6 estações; raio máximo 300 km""}}","{""organization"": ""INMET"", ""dataset"": ""Dados Históricos Anuais - estações automáticas"", ""version"": ""2020"", ""retrieved_at"": ""2026-10-01"", ""reference_url"": ""https://portal.inmet.gov.br/uploads/dadoshistoricos/2020.zip"", ""method"": ""agregação anual observada por estação + IDW municipal em EPSG:31985; p=2; 3-6 estações; raio <=300 km; controle mínimo de completude"", ""verified"": true}"
2608750,2020,26.613527047827876,378.72232142316005,"{""temperatura_media_c"": {""n_estacoes"": 6, ""nearest_distance_km"": 75.81, ""max_distance_km"": 279.4, ""stations"": [""PETROLINA"", ""OURICURI"", ""CABROBO"", ""FLORESTA"", ""SERRA TALHADA"", ""IBIMIRIM""], ""method"": ""IDW p=2; até 6 estações; raio máximo 300 km""}, ""precipitacao_anual_mm"": {""n_estacoes"": 6, ""nearest_distance_km"": 75.81, ""max_distance_km"": 232.31, ""stations"": [""PETROLINA"", ""OURICURI"", ""CABROBO"", ""SALGUEIRO"", ""FLORESTA"", ""SERRA TALHADA""], ""method"": ""IDW p=2; até 6 estações; raio máximo 300 km""}}","{""organization"": ""INMET"", ""dataset"": ""Dados Históricos Anuais - estações automáticas"", ""version"": ""2020"", ""retrieved_at"": ""2026-10-01"", ""reference_url"": ""https://portal.inmet.gov.br/uploads/dadoshistoricos/2020.zip"", ""method"": ""agregação anual observada por estação + IDW municipal em EPSG:31985; p=2; 3-6 estações; raio <=300 km; controle mínimo de completude"", ""verified"": true}"
2608800,2020,22.241435225484437,786.876365294985,"{""temperatura_media_c"": {""n_estacoes"": 6, ""nearest_distance_km"": 34.44, ""max_distance_km"": 158.32, ""stations"": [""GARANHUNS"", ""CARUARU"", ""PALMARES"", ""ARCO VERDE"", ""SURUBIM"", ""IBIMIRIM""], ""method"": ""IDW p=2; até 6 estações; raio máximo 300 km""}, ""precipitacao_anual_mm"": {""n_estacoes"": 6, ""nearest_distance_km"": 34.44, ""max_distance_km"": 158.32, ""stations"": [""GARANHUNS"", ""CARUARU"", ""PALMARES"", ""ARCO VERDE"", ""SURUBIM"", ""IBIMIRIM""], ""method"": ""IDW p=2; até 6 estações; raio máximo 300 km""}}","{""organization"": ""INMET"", ""dataset"": ""Dados Históricos Anuais - estações automáticas"", ""version"": ""2020"", ""retrieved_at"": ""2026-10-01"", ""reference_url"": ""https://portal.inmet.gov.br/uploads/dadoshistoricos/2020.zip"", ""method"": ""agregação anual observada por estação + IDW municipal em EPSG:31985; p=2; 3-6 estações; raio <=300 km; controle mínimo de completude"", ""verified"": true}"
2608909,2020,25.26910846252688,500.0152693052603,"{""temperatura_media_c"": {""n_estacoes"": 6, ""nearest_distance_km"": 38.99, ""max_distance_km"": 188.88, ""stations"": [""SURUBIM"", ""RECIFE"", ""CARUARU"", ""PALMARES"", ""GARANHUNS"", ""ARCO VERDE""], ""method"": ""IDW p=2; até 6 estações; raio máximo 300 km""}, ""precipitacao_anual_mm"": {""n_estacoes"": 6, ""nearest_distance_km"": 38.99, ""max_distance_km"": 188.88, ""stations"": [""SURUBIM"", ""RECIFE"", ""CARUARU"", ""PALMARES"", ""GARANHUNS"", ""ARCO VERDE""], ""method"": ""IDW p=2; até 6 estações; raio máximo 300 km""}}","{""organization"": ""INMET"", ""dataset"": ""Dados Históricos Anuais - estações automáticas"", ""version"": ""2020"", ""retrieved_at"": ""2026-10-01"", ""reference_url"": ""https://portal.inmet.gov.br/uploads/dadoshistoricos/2020.zip"", ""method"": ""agregação anual observada por estação + IDW municipal em EPSG:31985; p=2; 3-6 estações; raio <=300 km; controle mínimo de completude"", ""verified"": true}"
2609006,2020,25.190726156366413,499.43519046592905,"{""temperatura_media_c"": {""n_estacoes"": 6, ""nearest_distance_km"": 51.9, ""max_distance_km"": 203.63, ""stations"": [""SURUBIM"", ""RECIFE"", ""CARUARU"", ""PALMARES"", ""GARANHUNS"", ""ARCO VERDE""], ""method"": ""IDW p=2; até 6 estações; raio máximo 300 km""}, ""precipitacao_anual_mm"": {""n_estacoes"": 6, ""nearest_distance_km"": 51.9, ""max_distance_km"": 203.63, ""stations"": [""SURUBIM"", ""RECIFE"", ""CARUARU"", ""PALMARES"", ""GARANHUNS"", ""ARCO VERDE""], ""method"": ""IDW p=2; até 6 estações; raio máximo 300 km""}}","{""organization"": ""INMET"", ""dataset"": ""Dados Históricos Anuais - estações automáticas"", ""version"": ""2020"", ""retrieved_at"": ""2026-10-01"", ""reference_url"": ""https://portal.inmet.gov.br/uploads/dadoshistoricos/2020.zip"", ""method"": ""agregação anual observada por estação + IDW municipal em EPSG:31985; p=2; 3-6 estações; raio <=300 km; controle mínimo de completude"", ""verified"": true}"
2609105,2020,25.325488130790735,379.35840532126616,"{""temperatura_media_c"": {""n_estacoes"": 6, ""nearest_distance_km"": 36.42, ""max_distance_km"": 189.68, ""stations"": [""SURUBIM"", ""RECIFE"", ""CARUARU"", ""PALMARES"", ""GARANHUNS"", ""ARCO VERDE""], ""method"": ""IDW p=2; até 6 estações; raio máximo 300 km""}, ""precipitacao_anual_mm"": {""n_estacoes"": 6, ""nearest_distance_km"": 36.42, ""max_distance_km"": 189.68, ""stations"": [""SURUBIM"", ""RECIFE"", ""CARUARU"", ""PALMARES"", ""GARANHUNS"", ""ARCO VERDE""], ""method"": ""IDW p=2; até 6 estações; raio máximo 300 km""}}","{""organization"": ""INMET"", ""dataset"": ""Dados Históricos Anuais - estações automáticas"", ""version"": ""2020"", ""retrieved_at"": ""2026-10-01"", ""reference_url"": ""https://portal.inmet.gov.br/uploads/dadoshistoricos/2020.zip"", ""method"": ""agregação anual observada por estação + IDW municipal em EPSG:31985; p=2; 3-6 estações; raio <=300 km; controle mínimo de completude"", ""verified"": true}"
2609154,2020,24.67992307120073,773.290953378946,"{""temperatura_media_c"": {""n_estacoes"": 6, ""nearest_distance_km"": 45.95, ""max_distance_km"": 178.12, ""stations"": [""IBIMIRIM"", ""ARCO VERDE"", ""GARANHUNS"", ""FLORESTA"", ""SERRA TALHADA"", ""CARUARU""], ""method"": ""IDW p=2; até 6 estações; raio máximo 300 km""}, ""precipitacao_anual_mm"": {""n_estacoes"": 6, ""nearest_distance_km"": 45.95, ""max_distance_km"": 178.12, ""stations"": [""IBIMIRIM"", ""ARCO VERDE"", ""GARANHUNS"", ""FLORESTA"", ""SERRA TALHADA"", ""CARUARU""], ""method"": ""IDW p=2; até 6 estações; raio máximo 300 km""}}","{""organization"": ""INMET"", ""dataset"": ""Dados Históricos Anuais - estações automáticas"", ""version"": ""2020"", ""retrieved_at"": ""2026-10-01"", ""reference_url"": ""https://portal.inmet.gov.br/uploads/dadoshistoricos/2020.zip"", ""method"": ""agregação anual observada por estação + IDW municipal em EPSG:31985; p=2; 3-6 estações; raio <=300 km; controle mínimo de completude"", ""verified"": true}"
2609204,2020,24.30246319698229,269.1589283330497,"{""temperatura_media_c"": {""n_estacoes"": 6, ""nearest_distance_km"": 28.26, ""max_distance_km"": 149.34, ""stations"": [""PALMARES"", ""CARUARU"", ""GARANHUNS"", ""SURUBIM"", ""RECIFE"", ""ARCO VERDE""], ""method"": ""IDW p=2; até 6 estações; raio máximo 300 km""}, ""precipitacao_anual_mm"": {""n_estacoes"": 6, ""nearest_distance_km"": 28.26, ""max_distance_km"": 149.34, ""stations"": [""PALMARES"", ""CARUARU"", ""GARANHUNS"", ""SURUBIM"", ""RECIFE"", ""ARCO VERDE""], ""method"": ""IDW p=2; até 6 estações; raio máximo 300 km""}}","{""organization"": ""INMET"", ""dataset"": ""Dados Históricos Anuais - estações automáticas"", ""version"": ""2020"", ""retrieved_at"": ""2026-10-01"", ""reference_url"": ""https://portal.inmet.gov.br/uploads/dadoshistoricos/2020.zip"", ""method"": ""agregação anual observada por estação + IDW municipal em EPSG:31985; p=2; 3-6 estações; raio <=300 km; controle mínimo de completude"", ""verified"": true}"
2609303,2020,26.248675950008202,475.1549794449239,"{""temperatura_media_c"": {""n_estacoes"": 6, ""nearest_distance_km"": 51.83, ""max_distance_km"": 188.25, ""stations"": [""FLORESTA"", ""SERRA TALHADA"", ""CABROBO"", ""IBIMIRIM"", ""OURICURI"", ""ARCO VERDE""], ""method"": ""IDW p=2; até 6 estações; raio máximo 300 km""}, ""precipitacao_anual_mm"": {""n_estacoes"": 6, ""nearest_distance_km"": 41.37, ""max_distance_km"": 154.52, ""stations"": [""SALGUEIRO"", ""FLORESTA"", ""SERRA TALHADA"", ""CABROBO"", ""IBIMIRIM"", ""OURICURI""], ""method"": ""IDW p=2; até 6 estações; raio máximo 300 km""}}","{""organization"": ""INMET"", ""dataset"": ""Dados Históricos Anuais - estações automáticas"", ""version"": ""2020"", ""retrieved_at"": ""2026-10-01"", ""reference_url"": ""https://portal.inmet.gov.br/uploads/dadoshistoricos/2020.zip"", ""method"": ""agregação anual observada por estação + IDW municipal em EPSG:31985; p=2; 3-6 estações; raio <=300 km; controle mínimo de completude"", ""verified"": true}"
2609402,2020,25.914115203236374,1369.4453145862144,"{""temperatura_media_c"": {""n_estacoes"": 6, ""nearest_distance_km"": 22.71, ""max_distance_km"": 212.92, ""stations"": [""RECIFE"", ""PALMARES"", ""SURUBIM"", ""CARUARU"", ""GARANHUNS"", ""ARCO VERDE""], ""method"": ""IDW p=2; até 6 estações; raio máximo 300 km""}, ""precipitacao_anual_mm"": {""n_estacoes"": 6, ""nearest_distance_km"": 22.71, ""max_distance_km"": 212.92, ""stations"": [""RECIFE"", ""PALMARES"", ""SURUBIM"", ""CARUARU"", ""GARANHUNS"", ""ARCO VERDE""], ""method"": ""IDW p=2; até 6 estações; raio máximo 300 km""}}","{""organization"": ""INMET"", ""dataset"": ""Dados Históricos Anuais - estações automáticas"", ""version"": ""2020"", ""retrieved_at"": ""2026-10-01"", ""reference_url"": ""https://portal.inmet.gov.br/uploads/dadoshistoricos/2020.zip"", ""method"": ""agregação anual observada por estação + IDW municipal em EPSG:31985; p=2; 3-6 estações; raio <=300 km; controle mínimo de completude"", ""verified"": true}"
2609501,2020,25.461169526014558,936.1275557008559,"{""temperatura_media_c"": {""n_estacoes"": 6, ""nearest_distance_km"": 46.72, ""max_distance_km"": 215.37, ""stations"": [""RECIFE"", ""SURUBIM"", ""PALMARES"", ""CARUARU"", ""GARANHUNS"", ""ARCO VERDE""], ""method"": ""IDW p=2; até 6 estações; raio máximo 300 km""}, ""precipitacao_anual_mm"": {""n_estacoes"": 6, ""nearest_distance_km"": 46.72, ""max_distance_km"": 215.37, ""stations"": [""RECIFE"", ""SURUBIM"", ""PALMARES"", ""CARUARU"", ""GARANHUNS"", ""ARCO VERDE""], ""method"": ""IDW p=2; até 6 estações; raio máximo 300 km""}}","{""organization"": ""INMET"", ""dataset"": ""Dados Históricos Anuais - estações automáticas"", ""version"": ""2020"", ""retrieved_at"": ""2026-10-01"", ""reference_url"": ""https://portal.inmet.gov.br/uploads/dadoshistoricos/2020.zip"", ""method"": ""agregação anual observada por estação + IDW municipal em EPSG:31985; p=2; 3-6 estações; raio <=300 km; controle mínimo de completude"", ""verified"": true}"
2609600,2020,26.242111802689934,1599.3272033587732,"{""temperatura_media_c"": {""n_estacoes"": 6, ""nearest_distance_km"": 12.59, ""max_distance_km"": 246.33, ""stations"": [""RECIFE"", ""SURUBIM"", ""PALMARES"", ""CARUARU"", ""GARANHUNS"", ""ARCO VERDE""], ""method"": ""IDW p=2; até 6 estações; raio máximo 300 km""}, ""precipitacao_anual_mm"": {""n_estacoes"": 6, ""nearest_distance_km"": 12.59, ""max_distance_km"": 246.33, ""stations"": [""RECIFE"", ""SURUBIM"", ""PALMARES"", ""CARUARU"", ""GARANHUNS"", ""ARCO VERDE""], ""method"": ""IDW p=2; até 6 estações; raio máximo 300 km""}}","{""organization"": ""INMET"", ""dataset"": ""Dados Históricos Anuais - estações automáticas"", ""version"": ""2020"", ""retrieved_at"": ""2026-10-01"", ""reference_url"": ""https://portal.inmet.gov.br/uploads/dadoshistoricos/2020.zip"", ""method"": ""agregação anual observada por estação + IDW municipal em EPSG:31985; p=2; 3-6 estações; raio <=300 km; controle mínimo de completude"", ""verified"": true}"
2609709,2020,25.47022308813823,223.7628251055654,"{""temperatura_media_c"": {""n_estacoes"": 6, ""nearest_distance_km"": 26.82, ""max_distance_km"": 179.87, ""stations"": [""SURUBIM"", ""RECIFE"", ""CARUARU"", ""PALMARES"", ""GARANHUNS"", ""ARCO VERDE""], ""method"": ""IDW p=2; até 6 estações; raio máximo 300 km""}, ""precipitacao_anual_mm"": {""n_estacoes"": 6, ""nearest_distance_km"": 26.82, ""max_distance_km"": 179.87, ""stations"": [""SURUBIM"", ""RECIFE"", ""CARUARU"", ""PALMARES"", ""GARANHUNS"", ""ARCO VERDE""], ""method"": ""IDW p=2; até 6 estações; raio máximo 300 km""}}","{""organization"": ""INMET"", ""dataset"": ""Dados Históricos Anuais - estações automáticas"", ""version"": ""2020"", ""retrieved_at"": ""2026-10-01"", ""reference_url"": ""https://portal.inmet.gov.br/uploads/dadoshistoricos/2020.zip"", ""method"": ""agregação anual observada por estação + IDW municipal em EPSG:31985; p=2; 3-6 estações; raio <=300 km; controle mínimo de completude"", ""verified"": true}"
2609808,2020,26.812568352012903,460.427786570886,"{""temperatura_media_c"": {""n_estacoes"": 6, ""nearest_distance_km"": 30.75, ""max_distance_km"": 207.9, ""stations"": [""CABROBO"", ""OURICURI"", ""FLORESTA"", ""PETROLINA"", ""SERRA TALHADA"", ""IBIMIRIM""], ""method"": ""IDW p=2; até 6 estações; raio máximo 300 km""}, ""precipitacao_anual_mm"": {""n_estacoes"": 6, ""nearest_distance_km"": 30.75, ""max_distance_km"": 154.62, ""stations"": [""CABROBO"", ""SALGUEIRO"", ""OURICURI"", ""FLORESTA"", ""PETROLINA"", ""SERRA TALHADA""], ""method"": ""IDW p=2; até 6 estações; raio máximo 300 km""}}","{""organization"": ""INMET"", ""dataset"": ""Dados Históricos Anuais - estações automáticas"", ""version"": ""2020"", ""retrieved_at"": ""2026-10-01"", ""reference_url"": ""https://portal.inmet.gov.br/uploads/dadoshistoricos/2020.zip"", ""method"": ""agregação anual observada por estação + IDW municipal em EPSG:31985; p=2; 3-6 estações; raio <=300 km; controle mínimo de completude"", ""verified"": true}"
2609907,2020,26.149308210856358,13.1366854319397,"{""temperatura_media_c"": {""n_estacoes"": 6, ""nearest_distance_km"": 11.26, ""max_distance_km"": 278.25, ""stations"": [""OURICURI"", ""CABROBO"", ""PETROLINA"", ""FLORESTA"", ""SERRA TALHADA"", ""IBIMIRIM""], ""method"": ""IDW p=2; até 6 estações; raio máximo 300 km""}, ""precipitacao_anual_mm"": {""n_estacoes"": 6, ""nearest_distance_km"": 11.26, ""max_distance_km"": 207.26, ""stations"": [""OURICURI"", ""CABROBO"", ""SALGUEIRO"", ""PETROLINA"", ""FLORESTA"", ""SERRA TALHADA""], ""method"": ""IDW p=2; até 6 estações; raio máximo 300 km""}}","{""organization"": ""INMET"", ""dataset"": ""Dados Históricos Anuais - estações automáticas"", ""version"": ""2020"", ""retrieved_at"": ""2026-10-01"", ""reference_url"": ""https://portal.inmet.gov.br/uploads/dadoshistoricos/2020.zip"", ""method"": ""agregação anual observada por estação + IDW municipal em EPSG:31985; p=2; 3-6 estações; raio <=300 km; controle mínimo de completude"", ""verified"": true}"
2610004,2020,25.07443647569123,31.84707741053258,"{""temperatura_media_c"": {""n_estacoes"": 6, ""nearest_distance_km"": 6.91, ""max_distance_km"": 159.08, ""stations"": [""PALMARES"", ""CARUARU"", ""SURUBIM"", ""RECIFE"", ""GARANHUNS"", ""ARCO VERDE""], ""method"": ""IDW p=2; até 6 estações; raio máximo 300 km""}, ""precipitacao_anual_mm"": {""n_estacoes"": 6, ""nearest_distance_km"": 6.91, ""max_distance_km"": 159.08, ""stations"": [""PALMARES"", ""CARUARU"", ""SURUBIM"", ""RECIFE"", ""GARANHUNS"", ""ARCO VERDE""], ""method"": ""IDW p=2; até 6 estações; raio máximo 300 km""}}","{""organization"": ""INMET"", ""dataset"": ""Dados Históricos Anuais - estações automáticas"", ""version"": ""2020"", ""retrieved_at"": ""2026-10-01"", ""reference_url"": ""https://portal.inmet.gov.br/uploads/dadoshistoricos/2020.zip"", ""method"": ""agregação anual observada por estação + IDW municipal em EPSG:31985; p=2; 3-6 estações; raio <=300 km; controle mínimo de completude"", ""verified"": true}"
2610103,2020,22.076435045895806,934.973370283277,"{""temperatura_media_c"": {""n_estacoes"": 6, ""nearest_distance_km"": 26.21, ""max_distance_km"": 167.58, ""stations"": [""GARANHUNS"", ""CARUARU"", ""PALMARES"", ""ARCO VERDE"", ""SURUBIM"", ""IBIMIRIM""], ""method"": ""IDW p=2; até 6 estações; raio máximo 300 km""}, ""precipitacao_anual_mm"": {""n_estacoes"": 6, ""nearest_distance_km"": 26.21, ""max_distance_km"": 167.58, ""stations"": [""GARANHUNS"", ""CARUARU"", ""PALMARES"", ""ARCO VERDE"", ""SURUBIM"", ""IBIMIRIM""], ""method"": ""IDW p=2; até 6 estações; raio máximo 300 km""}}","{""organization"": ""INMET"", ""dataset"": ""Dados Históricos Anuais - estações automáticas"", ""version"": ""2020"", ""retrieved_at"": ""2026-10-01"", ""reference_url"": ""https://portal.inmet.gov.br/uploads/dadoshistoricos/2020.zip"", ""method"": ""agregação anual observada por estação + IDW municipal em EPSG:31985; p=2; 3-6 estações; raio <=300 km; controle mínimo de completude"", ""verified"": true}"
2610202,2020,22.571206781561823,607.106409406554,"{""temperatura_media_c"": {""n_estacoes"": 6, ""nearest_distance_km"": 33.27, ""max_distance_km"": 137.55, ""stations"": [""CARUARU"", ""PALMARES"", ""GARANHUNS"", ""SURUBIM"", ""ARCO VERDE"", ""RECIFE""], ""method"": ""IDW p=2; até 6 estações; raio máximo 300 km""}, ""precipitacao_anual_mm"": {""n_estacoes"": 6, ""nearest_distance_km"": 33.27, ""max_distance_km"": 137.55, ""stations"": [""CARUARU"", ""PALMARES"", ""GARANHUNS"", ""SURUBIM"", ""ARCO VERDE"", ""RECIFE""], ""method"": ""IDW p=2; até 6 estações; raio máximo 300 km""}}","{""organization"": ""INMET"", ""dataset"": ""Dados Históricos Anuais - estações automáticas"", ""version"": ""2020"", ""retrieved_at"": ""2026-10-01"", ""reference_url"": ""https://portal.inmet.gov.br/uploads/dadoshistoricos/2020.zip"", ""method"": ""agregação anual observada por estação + IDW municipal em EPSG:31985; p=2; 3-6 estações; raio <=300 km; controle mínimo de completude"", ""verified"": true}"
2610301,2020,22.060808433760656,974.3226248172143,"{""temperatura_media_c"": {""n_estacoes"": 6, ""nearest_distance_km"": 23.62, ""max_distance_km"": 153.65, ""stations"": [""GARANHUNS"", ""ARCO VERDE"", ""CARUARU"", ""IBIMIRIM"", ""PALMARES"", ""SURUBIM""], ""method"": ""IDW p=2; até 6 estações; raio máximo 300 km""}, ""precipitacao_anual_mm"": {""n_estacoes"": 6, ""nearest_distance_km"": 23.62, ""max_distance_km"": 153.65, ""stations"": [""GARANHUNS"", ""ARCO VERDE"", ""CARUARU"", ""IBIMIRIM"", ""PALMARES"", ""SURUBIM""], ""method"": ""IDW p=2; até 6 estações; raio máximo 300 km""}}","{""organization"": ""INMET"", ""dataset"": ""Dados Históricos Anuais - estações automáticas"", ""version"": ""2020"", ""retrieved_at"": ""2026-10-01"", ""reference_url"": ""https://portal.inmet.gov.br/uploads/dadoshistoricos/2020.zip"", ""method"": ""agregação anual observada por estação + IDW municipal em EPSG:31985; p=2; 3-6 estações; raio <=300 km; controle mínimo de completude"", ""verified"": true}"
2610400,2020,26.427509023259336,236.85806471928692,"{""temperatura_media_c"": {""n_estacoes"": 6, ""nearest_distance_km"": 47.92, ""max_distance_km"": 231.07, ""stations"": [""OURICURI"", ""CABROBO"", ""FLORESTA"", ""PETROLINA"", ""SERRA TALHADA"", ""IBIMIRIM""], ""method"": ""IDW p=2; até 6 estações; raio máximo 300 km""}, ""precipitacao_anual_mm"": {""n_estacoes"": 6, ""nearest_distance_km"": 47.92, ""max_distance_km"": 165.02, ""stations"": [""OURICURI"", ""CABROBO"", ""SALGUEIRO"", ""FLORESTA"", ""PETROLINA"", ""SERRA TALHADA""], ""method"": ""IDW p=2; até 6 estações; raio máximo 300 km""}}","{""organization"": ""INMET"", ""dataset"": ""Dados Históricos Anuais - estações automáticas"", ""version"": ""2020"", ""retrieved_at"": ""2026-10-01"", ""reference_url"": ""https://portal.inmet.gov.br/uploads/dadoshistoricos/2020.zip"", ""method"": ""agregação anual observada por estação + IDW municipal em EPSG:31985; p=2; 3-6 estações; raio <=300 km; controle mínimo de completude"", ""verified"": true}"
2610509,2020,25.04547651090414,390.8948437977223,"{""temperatura_media_c"": {""n_estacoes"": 6, ""nearest_distance_km"": 33.98, ""max_distance_km"": 172.9, ""stations"": [""SURUBIM"", ""RECIFE"", ""CARUARU"", ""PALMARES"", ""GARANHUNS"", ""ARCO VERDE""], ""method"": ""IDW p=2; até 6 estações; raio máximo 300 km""}, ""precipitacao_anual_mm"": {""n_estacoes"": 6, ""nearest_distance_km"": 33.98, ""max_distance_km"": 172.9, ""stations"": [""SURUBIM"", ""RECIFE"", ""CARUARU"", ""PALMARES"", ""GARANHUNS"", ""ARCO VERDE""], ""method"": ""IDW p=2; até 6 estações; raio máximo 300 km""}}","{""organization"": ""INMET"", ""dataset"": ""Dados Históricos Anuais - estações automáticas"", ""version"": ""2020"", ""retrieved_at"": ""2026-10-01"", ""reference_url"": ""https://portal.inmet.gov.br/uploads/dadoshistoricos/2020.zip"", ""method"": ""agregação anual observada por estação + IDW municipal em EPSG:31985; p=2; 3-6 estações; raio <=300 km; controle mínimo de completude"", ""verified"": true}"
2610608,2020,25.855317409326883,1303.6058324956807,"{""temperatura_media_c"": {""n_estacoes"": 6, ""nearest_distance_km"": 27.49, ""max_distance_km"": 217.65, ""stations"": [""RECIFE"", ""SURUBIM"", ""PALMARES"", ""CARUARU"", ""GARANHUNS"", ""ARCO VERDE""], ""method"": ""IDW p=2; até 6 estações; raio máximo 300 km""}, ""precipitacao_anual_mm"": {""n_estacoes"": 6, ""nearest_distance_km"": 27.49, ""max_distance_km"": 217.65, ""stations"": [""RECIFE"", ""SURUBIM"", ""PALMARES"", ""CARUARU"", ""GARANHUNS"", ""ARCO VERDE""], ""method"": ""IDW p=2; até 6 estações; raio máximo 300 km""}}","{""organization"": ""INMET"", ""dataset"": ""Dados Históricos Anuais - estações automáticas"", ""version"": ""2020"", ""retrieved_at"": ""2026-10-01"", ""reference_url"": ""https://portal.inmet.gov.br/uploads/dadoshistoricos/2020.zip"", ""method"": ""agregação anual observada por estação + IDW municipal em EPSG:31985; p=2; 3-6 estações; raio <=300 km; controle mínimo de completude"", ""verified"": true}"
2610707,2020,26.181533874197683,1558.7513795679486,"{""temperatura_media_c"": {""n_estacoes"": 6, ""nearest_distance_km"": 16.74, ""max_distance_km"": 246.04, ""stations"": [""RECIFE"", ""SURUBIM"", ""PALMARES"", ""CARUARU"", ""GARANHUNS"", ""ARCO VERDE""], ""method"": ""IDW p=2; até 6 estações; raio máximo 300 km""}, ""precipitacao_anual_mm"": {""n_estacoes"": 6, ""nearest_distance_km"": 16.74, ""max_distance_km"": 246.04, ""stations"": [""RECIFE"", ""SURUBIM"", ""PALMARES"", ""CARUARU"", ""GARANHUNS"", ""ARCO VERDE""], ""method"": ""IDW p=2; até 6 estações; raio máximo 300 km""}}","{""organization"": ""INMET"", ""dataset"": ""Dados Históricos Anuais - estações automáticas"", ""version"": ""2020"", ""retrieved_at"": ""2026-10-01"", ""reference_url"": ""https://portal.inmet.gov.br/uploads/dadoshistoricos/2020.zip"", ""method"": ""agregação anual observada por estação + IDW municipal em EPSG:31985; p=2; 3-6 estações; raio <=300 km; controle mínimo de completude"", ""verified"": true}"
2610806,2020,23.07491490639838,722.3717639580562,"{""temperatura_media_c"": {""n_estacoes"": 6, ""nearest_distance_km"": 33.89, ""max_distance_km"": 153.99, ""stations"": [""ARCO VERDE"", ""GARANHUNS"", ""IBIMIRIM"", ""CARUARU"", ""PALMARES"", ""SURUBIM""], ""method"": ""IDW p=2; até 6 estações; raio máximo 300 km""}, ""precipitacao_anual_mm"": {""n_estacoes"": 6, ""nearest_distance_km"": 33.89, ""max_distance_km"": 153.99, ""stations"": [""ARCO VERDE"", ""GARANHUNS"", ""IBIMIRIM"", ""CARUARU"", ""PALMARES"", ""SURUBIM""], ""method"": ""IDW p=2; até 6 estações; raio máximo 300 km""}}","{""organization"": ""INMET"", ""dataset"": ""Dados Históricos Anuais - estações automáticas"", ""version"": ""2020"", ""retrieved_at"": ""2026-10-01"", ""reference_url"": ""https://portal.inmet.gov.br/uploads/dadoshistoricos/2020.zip"", ""method"": ""agregação anual observada por estação + IDW municipal em EPSG:31985; p=2; 3-6 estações; raio <=300 km; controle mínimo de completude"", ""verified"": true}"
2610905,2020,23.13552639174346,666.3184203349246,"{""temperatura_media_c"": {""n_estacoes"": 6, ""nearest_distance_km"": 35.19, ""max_distance_km"": 132.68, ""stations"": [""ARCO VERDE"", ""GARANHUNS"", ""CARUARU"", ""IBIMIRIM"", ""SURUBIM"", ""PALMARES""], ""method"": ""IDW p=2; até 6 estações; raio máximo 300 km""}, ""precipitacao_anual_mm"": {""n_estacoes"": 6, ""nearest_distance_km"": 35.19, ""max_distance_km"": 132.68, ""stations"": [""ARCO VERDE"", ""GARANHUNS"", ""CARUARU"", ""IBIMIRIM"", ""SURUBIM"", ""PALMARES""], ""method"": ""IDW p=2; até 6 estações; raio máximo 300 km""}}","{""organization"": ""INMET"", ""dataset"": ""Dados Históricos Anuais - estações automáticas"", ""version"": ""2020"", ""retrieved_at"": ""2026-10-01"", ""reference_url"": ""https://portal.inmet.gov.br/uploads/dadoshistoricos/2020.zip"", ""method"": ""agregação anual observada por estação + IDW municipal em EPSG:31985; p=2; 3-6 estações; raio <=300 km; controle mínimo de completude"", ""verified"": true}"
2611002,2020,26.19195765600188,584.429994839625,"{""temperatura_media_c"": {""n_estacoes"": 6, ""nearest_distance_km"": 45.22, ""max_distance_km"": 200.08, ""stations"": [""FLORESTA"", ""IBIMIRIM"", ""SERRA TALHADA"", ""CABROBO"", ""ARCO VERDE"", ""GARANHUNS""], ""method"": ""IDW p=2; até 6 estações; raio máximo 300 km""}, ""precipitacao_anual_mm"": {""n_estacoes"": 6, ""nearest_distance_km"": 45.22, ""max_distance_km"": 147.57, ""stations"": [""FLORESTA"", ""IBIMIRIM"", ""SERRA TALHADA"", ""CABROBO"", ""SALGUEIRO"", ""ARCO VERDE""], ""method"": ""IDW p=2; até 6 estações; raio máximo 300 km""}}","{""organization"": ""INMET"", ""dataset"": ""Dados Históricos Anuais - estações automáticas"", ""version"": ""2020"", ""retrieved_at"": ""2026-10-01"", ""reference_url"": ""https://portal.inmet.gov.br/uploads/dadoshistoricos/2020.zip"", ""method"": ""agregação anual observada por estação + IDW municipal em EPSG:31985; p=2; 3-6 estações; raio <=300 km; controle mínimo de completude"", ""verified"": true}"
2611101,2020,26.778949712102637,451.68277352620123,"{""temperatura_media_c"": {""n_estacoes"": 5, ""nearest_distance_km"": 41.47, ""max_distance_km"": 278.7, ""stations"": [""PETROLINA"", ""OURICURI"", ""CABROBO"", ""FLORESTA"", ""SERRA TALHADA""], ""method"": ""IDW p=2; até 6 estações; raio máximo 300 km""}, ""precipitacao_anual_mm"": {""n_estacoes"": 6, ""nearest_distance_km"": 41.47, ""max_distance_km"": 278.7, ""stations"": [""PETROLINA"", ""OURICURI"", ""CABROBO"", ""SALGUEIRO"", ""FLORESTA"", ""SERRA TALHADA""], ""method"": ""IDW p=2; até 6 estações; raio máximo 300 km""}}","{""organization"": ""INMET"", ""dataset"": ""Dados Históricos Anuais - estações automáticas"", ""version"": ""2020"", ""retrieved_at"": ""2026-10-01"", ""reference_url"": ""https://portal.inmet.gov.br/uploads/dadoshistoricos/2020.zip"", ""method"": ""agregação anual observada por estação + IDW municipal em EPSG:31985; p=2; 3-6 estações; raio <=300 km; controle mínimo de completude"", ""verified"": true}"
2611200,2020,23.201763344784712,633.1355158961043,"{""temperatura_media_c"": {""n_estacoes"": 6, ""nearest_distance_km"": 44.44, ""max_distance_km"": 135.24, ""stations"": [""ARCO VERDE"", ""CARUARU"", ""GARANHUNS"", ""SURUBIM"", ""IBIMIRIM"", ""PALMARES""], ""method"": ""IDW p=2; até 6 estações; raio máximo 300 km""}, ""precipitacao_anual_mm"": {""n_estacoes"": 6, ""nearest_distance_km"": 44.44, ""max_distance_km"": 135.24, ""stations"": [""ARCO VERDE"", ""CARUARU"", ""GARANHUNS"", ""SURUBIM"", ""IBIMIRIM"", ""PALMARES""], ""method"": ""IDW p=2; até 6 estações; raio máximo 300 km""}}","{""organization"": ""INMET"", ""dataset"": ""Dados Históricos Anuais - estações automáticas"", ""version"": ""2020"", ""retrieved_at"": ""2026-10-01"", ""reference_url"": ""https://portal.inmet.gov.br/uploads/dadoshistoricos/2020.zip"", ""method"": ""agregação anual observada por estação + IDW municipal em EPSG:31985; p=2; 3-6 estações; raio <=300 km; controle mínimo de completude"", ""verified"": true}"
2611309,2020,24.966263651236254,700.2567867195777,"{""temperatura_media_c"": {""n_estacoes"": 6, ""nearest_distance_km"": 49.1, ""max_distance_km"": 186.1, ""stations"": [""RECIFE"", ""PALMARES"", ""SURUBIM"", ""CARUARU"", ""GARANHUNS"", ""ARCO VERDE""], ""method"": ""IDW p=2; até 6 estações; raio máximo 300 km""}, ""precipitacao_anual_mm"": {""n_estacoes"": 6, ""nearest_distance_km"": 49.1, ""max_distance_km"": 186.1, ""stations"": [""RECIFE"", ""PALMARES"", ""SURUBIM"", ""CARUARU"", ""GARANHUNS"", ""ARCO VERDE""], ""method"": ""IDW p=2; até 6 estações; raio máximo 300 km""}}","{""organization"": ""INMET"", ""dataset"": ""Dados Históricos Anuais - estações automáticas"", ""version"": ""2020"", ""retrieved_at"": ""2026-10-01"", ""reference_url"": ""https://portal.inmet.gov.br/uploads/dadoshistoricos/2020.zip"", ""method"": ""agregação anual observada por estação + IDW municipal em EPSG:31985; p=2; 3-6 estações; raio <=300 km; controle mínimo de completude"", ""verified"": true}"
2611408,2020,24.78077090215406,547.8332145240929,"{""temperatura_media_c"": {""n_estacoes"": 6, ""nearest_distance_km"": 42.35, ""max_distance_km"": 183.94, ""stations"": [""PALMARES"", ""RECIFE"", ""SURUBIM"", ""CARUARU"", ""GARANHUNS"", ""ARCO VERDE""], ""method"": ""IDW p=2; até 6 estações; raio máximo 300 km""}, ""precipitacao_anual_mm"": {""n_estacoes"": 6, ""nearest_distance_km"": 42.35, ""max_distance_km"": 183.94, ""stations"": [""PALMARES"", ""RECIFE"", ""SURUBIM"", ""CARUARU"", ""GARANHUNS"", ""ARCO VERDE""], ""method"": ""IDW p=2; até 6 estações; raio máximo 300 km""}}","{""organization"": ""INMET"", ""dataset"": ""Dados Históricos Anuais - estações automáticas"", ""version"": ""2020"", ""retrieved_at"": ""2026-10-01"", ""reference_url"": ""https://portal.inmet.gov.br/uploads/dadoshistoricos/2020.zip"", ""method"": ""agregação anual observada por estação + IDW municipal em EPSG:31985; p=2; 3-6 estações; raio <=300 km; controle mínimo de completude"", ""verified"": true}"
2611507,2020,22.971222613930838,614.537039309866,"{""temperatura_media_c"": {""n_estacoes"": 6, ""nearest_distance_km"": 51.84, ""max_distance_km"": 145.85, ""stations"": [""GARANHUNS"", ""CARUARU"", ""PALMARES"", ""SURUBIM"", ""ARCO VERDE"", ""RECIFE""], ""method"": ""IDW p=2; até 6 estações; raio máximo 300 km""}, ""precipitacao_anual_mm"": {""n_estacoes"": 6, ""nearest_distance_km"": 51.84, ""max_distance_km"": 145.85, ""stations"": [""GARANHUNS"", ""CARUARU"", ""PALMARES"", ""SURUBIM"", ""ARCO VERDE"", ""RECIFE""], ""method"": ""IDW p=2; até 6 estações; raio máximo 300 km""}}","{""organization"": ""INMET"", ""dataset"": ""Dados Históricos Anuais - estações automáticas"", ""version"": ""2020"", ""retrieved_at"": ""2026-10-01"", ""reference_url"": ""https://portal.inmet.gov.br/uploads/dadoshistoricos/2020.zip"", ""method"": ""agregação anual observada por estação + IDW municipal em EPSG:31985; p=2; 3-6 estações; raio <=300 km; controle mínimo de completude"", ""verified"": true}"
2611533,2020,25.318033712630324,855.7131499300627,"{""temperatura_media_c"": {""n_estacoes"": 6, ""nearest_distance_km"": 55.91, ""max_distance_km"": 199.75, ""stations"": [""SERRA TALHADA"", ""IBIMIRIM"", ""ARCO VERDE"", ""FLORESTA"", ""CABROBO"", ""GARANHUNS""], ""method"": ""IDW p=2; até 6 estações; raio máximo 300 km""}, ""precipitacao_anual_mm"": {""n_estacoes"": 6, ""nearest_distance_km"": 55.91, ""max_distance_km"": 184.31, ""stations"": [""SERRA TALHADA"", ""IBIMIRIM"", ""ARCO VERDE"", ""FLORESTA"", ""SALGUEIRO"", ""CABROBO""], ""method"": ""IDW p=2; até 6 estações; raio máximo 300 km""}}","{""organization"": ""INMET"", ""dataset"": ""Dados Históricos Anuais - estações automáticas"", ""version"": ""2020"", ""retrieved_at"": ""2026-10-01"", ""reference_url"": ""https://portal.inmet.gov.br/uploads/dadoshistoricos/2020.zip"", ""method"": ""agregação anual observada por estação + IDW municipal em EPSG:31985; p=2; 3-6 estações; raio <=300 km; controle mínimo de completude"", ""verified"": true}"
2611606,2020,26.321725586520675,1651.0904889641615,"{""temperatura_media_c"": {""n_estacoes"": 6, ""nearest_distance_km"": 3.63, ""max_distance_km"": 238.12, ""stations"": [""RECIFE"", ""SURUBIM"", ""PALMARES"", ""CARUARU"", ""GARANHUNS"", ""ARCO VERDE""], ""method"": ""IDW p=2; até 6 estações; raio máximo 300 km""}, ""precipitacao_anual_mm"": {""n_estacoes"": 6, ""nearest_distance_km"": 3.63, ""max_distance_km"": 238.12, ""stations"": [""RECIFE"", ""SURUBIM"", ""PALMARES"", ""CARUARU"", ""GARANHUNS"", ""ARCO VERDE""], ""method"": ""IDW p=2; até 6 estações; raio máximo 300 km""}}","{""organization"": ""INMET"", ""dataset"": ""Dados Históricos Anuais - estações automáticas"", ""version"": ""2020"", ""retrieved_at"": ""2026-10-01"", ""reference_url"": ""https://portal.inmet.gov.br/uploads/dadoshistoricos/2020.zip"", ""method"": ""agregação anual observada por estação + IDW municipal em EPSG:31985; p=2; 3-6 estações; raio <=300 km; controle mínimo de completude"", ""verified"": true}"
2611705,2020,24.160068940243228,337.04808979246707,"{""temperatura_media_c"": {""n_estacoes"": 6, ""nearest_distance_km"": 28.29, ""max_distance_km"": 135.11, ""stations"": [""SURUBIM"", ""CARUARU"", ""PALMARES"", ""RECIFE"", ""GARANHUNS"", ""ARCO VERDE""], ""method"": ""IDW p=2; até 6 estações; raio máximo 300 km""}, ""precipitacao_anual_mm"": {""n_estacoes"": 6, ""nearest_distance_km"": 28.29, ""max_distance_km"": 135.11, ""stations"": [""SURUBIM"", ""CARUARU"", ""PALMARES"", ""RECIFE"", ""GARANHUNS"", ""ARCO VERDE""], ""method"": ""IDW p=2; até 6 estações; raio máximo 300 km""}}","{""organization"": ""INMET"", ""dataset"": ""Dados Históricos Anuais - estações automáticas"", ""version"": ""2020"", ""retrieved_at"": ""2026-10-01"", ""reference_url"": ""https://portal.inmet.gov.br/uploads/dadoshistoricos/2020.zip"", ""method"": ""agregação anual observada por estação + IDW municipal em EPSG:31985; p=2; 3-6 estações; raio <=300 km; controle mínimo de completude"", ""verified"": true}"
2611804,2020,24.824633350918315,316.91805214957304,"{""temperatura_media_c"": {""n_estacoes"": 6, ""nearest_distance_km"": 28.53, ""max_distance_km"": 186.37, ""stations"": [""PALMARES"", ""RECIFE"", ""CARUARU"", ""SURUBIM"", ""GARANHUNS"", ""ARCO VERDE""], ""method"": ""IDW p=2; até 6 estações; raio máximo 300 km""}, ""precipitacao_anual_mm"": {""n_estacoes"": 6, ""nearest_distance_km"": 28.53, ""max_distance_km"": 186.37, ""stations"": [""PALMARES"", ""RECIFE"", ""CARUARU"", ""SURUBIM"", ""GARANHUNS"", ""ARCO VERDE""], ""method"": ""IDW p=2; até 6 estações; raio máximo 300 km""}}","{""organization"": ""INMET"", ""dataset"": ""Dados Históricos Anuais - estações automáticas"", ""version"": ""2020"", ""retrieved_at"": ""2026-10-01"", ""reference_url"": ""https://portal.inmet.gov.br/uploads/dadoshistoricos/2020.zip"", ""method"": ""agregação anual observada por estação + IDW municipal em EPSG:31985; p=2; 3-6 estações; raio <=300 km; controle mínimo de completude"", ""verified"": true}"
2611903,2020,24.817128810011287,404.59051923126043,"{""temperatura_media_c"": {""n_estacoes"": 6, ""nearest_distance_km"": 38.54, ""max_distance_km"": 204.26, ""stations"": [""PALMARES"", ""RECIFE"", ""CARUARU"", ""SURUBIM"", ""GARANHUNS"", ""ARCO VERDE""], ""method"": ""IDW p=2; até 6 estações; raio máximo 300 km""}, ""precipitacao_anual_mm"": {""n_estacoes"": 6, ""nearest_distance_km"": 38.54, ""max_distance_km"": 204.26, ""stations"": [""PALMARES"", ""RECIFE"", ""CARUARU"", ""SURUBIM"", ""GARANHUNS"", ""ARCO VERDE""], ""method"": ""IDW p=2; até 6 estações; raio máximo 300 km""}}","{""organization"": ""INMET"", ""dataset"": ""Dados Históricos Anuais - estações automáticas"", ""version"": ""2020"", ""retrieved_at"": ""2026-10-01"", ""reference_url"": ""https://portal.inmet.gov.br/uploads/dadoshistoricos/2020.zip"", ""method"": ""agregação anual observada por estação + IDW municipal em EPSG:31985; p=2; 3-6 estações; raio <=300 km; controle mínimo de completude"", ""verified"": true}"
2612000,2020,23.763297281560003,437.0566762902928,"{""temperatura_media_c"": {""n_estacoes"": 6, ""nearest_distance_km"": 38.53, ""max_distance_km"": 151.91, ""stations"": [""CARUARU"", ""PALMARES"", ""SURUBIM"", ""RECIFE"", ""GARANHUNS"", ""ARCO VERDE""], ""method"": ""IDW p=2; até 6 estações; raio máximo 300 km""}, ""precipitacao_anual_mm"": {""n_estacoes"": 6, ""nearest_distance_km"": 38.53, ""max_distance_km"": 151.91, ""stations"": [""CARUARU"", ""PALMARES"", ""SURUBIM"", ""RECIFE"", ""GARANHUNS"", ""ARCO VERDE""], ""method"": ""IDW p=2; até 6 estações; raio máximo 300 km""}}","{""organization"": ""INMET"", ""dataset"": ""Dados Históricos Anuais - estações automáticas"", ""version"": ""2020"", ""retrieved_at"": ""2026-10-01"", ""reference_url"": ""https://portal.inmet.gov.br/uploads/dadoshistoricos/2020.zip"", ""method"": ""agregação anual observada por estação + IDW municipal em EPSG:31985; p=2; 3-6 estações; raio <=300 km; controle mínimo de completude"", ""verified"": true}"
2612109,2020,25.37556830241067,235.2780285628402,"{""temperatura_media_c"": {""n_estacoes"": 6, ""nearest_distance_km"": 24.39, ""max_distance_km"": 171.16, ""stations"": [""SURUBIM"", ""CARUARU"", ""RECIFE"", ""PALMARES"", ""GARANHUNS"", ""ARCO VERDE""], ""method"": ""IDW p=2; até 6 estações; raio máximo 300 km""}, ""precipitacao_anual_mm"": {""n_estacoes"": 6, ""nearest_distance_km"": 24.39, ""max_distance_km"": 171.16, ""stations"": [""SURUBIM"", ""CARUARU"", ""RECIFE"", ""PALMARES"", ""GARANHUNS"", ""ARCO VERDE""], ""method"": ""IDW p=2; até 6 estações; raio máximo 300 km""}}","{""organization"": ""INMET"", ""dataset"": ""Dados Históricos Anuais - estações automáticas"", ""version"": ""2020"", ""retrieved_at"": ""2026-10-01"", ""reference_url"": ""https://portal.inmet.gov.br/uploads/dadoshistoricos/2020.zip"", ""method"": ""agregação anual observada por estação + IDW municipal em EPSG:31985; p=2; 3-6 estações; raio <=300 km; controle mínimo de completude"", ""verified"": true}"
2612208,2020,26.609782763214234,63.66742349484104,"{""temperatura_media_c"": {""n_estacoes"": 6, ""nearest_distance_km"": 48.59, ""max_distance_km"": 211.79, ""stations"": [""CABROBO"", ""FLORESTA"", ""SERRA TALHADA"", ""OURICURI"", ""IBIMIRIM"", ""PETROLINA""], ""method"": ""IDW p=2; até 6 estações; raio máximo 300 km""}, ""precipitacao_anual_mm"": {""n_estacoes"": 6, ""nearest_distance_km"": 7.93, ""max_distance_km"": 158.17, ""stations"": [""SALGUEIRO"", ""CABROBO"", ""FLORESTA"", ""SERRA TALHADA"", ""OURICURI"", ""IBIMIRIM""], ""method"": ""IDW p=2; até 6 estações; raio máximo 300 km""}}","{""organization"": ""INMET"", ""dataset"": ""Dados Históricos Anuais - estações automáticas"", ""version"": ""2020"", ""retrieved_at"": ""2026-10-01"", ""reference_url"": ""https://portal.inmet.gov.br/uploads/dadoshistoricos/2020.zip"", ""method"": ""agregação anual observada por estação + IDW municipal em EPSG:31985; p=2; 3-6 estações; raio <=300 km; controle mínimo de completude"", ""verified"": true}"
2612307,2020,22.16143674369506,950.5491720392324,"{""temperatura_media_c"": {""n_estacoes"": 6, ""nearest_distance_km"": 28.49, ""max_distance_km"": 164.2, ""stations"": [""GARANHUNS"", ""ARCO VERDE"", ""CARUARU"", ""IBIMIRIM"", ""PALMARES"", ""SURUBIM""], ""method"": ""IDW p=2; até 6 estações; raio máximo 300 km""}, ""precipitacao_anual_mm"": {""n_estacoes"": 6, ""nearest_distance_km"": 28.49, ""max_distance_km"": 164.2, ""stations"": [""GARANHUNS"", ""ARCO VERDE"", ""CARUARU"", ""IBIMIRIM"", ""PALMARES"", ""SURUBIM""], ""method"": ""IDW p=2; até 6 estações; raio máximo 300 km""}}","{""organization"": ""INMET"", ""dataset"": ""Dados Históricos Anuais - estações automáticas"", ""version"": ""2020"", ""retrieved_at"": ""2026-10-01"", ""reference_url"": ""https://portal.inmet.gov.br/uploads/dadoshistoricos/2020.zip"", ""method"": ""agregação anual observada por estação + IDW municipal em EPSG:31985; p=2; 3-6 estações; raio <=300 km; controle mínimo de completude"", ""verified"": true}"
2612406,2020,22.81701385404795,665.2749718000463,"{""temperatura_media_c"": {""n_estacoes"": 6, ""nearest_distance_km"": 56.34, ""max_distance_km"": 129.24, ""stations"": [""ARCO VERDE"", ""CARUARU"", ""GARANHUNS"", ""SURUBIM"", ""PALMARES"", ""IBIMIRIM""], ""method"": ""IDW p=2; até 6 estações; raio máximo 300 km""}, ""precipitacao_anual_mm"": {""n_estacoes"": 6, ""nearest_distance_km"": 56.34, ""max_distance_km"": 129.24, ""stations"": [""ARCO VERDE"", ""CARUARU"", ""GARANHUNS"", ""SURUBIM"", ""PALMARES"", ""IBIMIRIM""], ""method"": ""IDW p=2; até 6 estações; raio máximo 300 km""}}","{""organization"": ""INMET"", ""dataset"": ""Dados Históricos Anuais - estações automáticas"", ""version"": ""2020"", ""retrieved_at"": ""2026-10-01"", ""reference_url"": ""https://portal.inmet.gov.br/uploads/dadoshistoricos/2020.zip"", ""method"": ""agregação anual observada por estação + IDW municipal em EPSG:31985; p=2; 3-6 estações; raio <=300 km; controle mínimo de completude"", ""verified"": true}"
2612455,2020,26.32689555288868,178.3453158219727,"{""temperatura_media_c"": {""n_estacoes"": 6, ""nearest_distance_km"": 50.31, ""max_distance_km"": 287.8, ""stations"": [""OURICURI"", ""CABROBO"", ""PETROLINA"", ""FLORESTA"", ""SERRA TALHADA"", ""IBIMIRIM""], ""method"": ""IDW p=2; até 6 estações; raio máximo 300 km""}, ""precipitacao_anual_mm"": {""n_estacoes"": 6, ""nearest_distance_km"": 50.31, ""max_distance_km"": 225.6, ""stations"": [""OURICURI"", ""CABROBO"", ""PETROLINA"", ""SALGUEIRO"", ""FLORESTA"", ""SERRA TALHADA""], ""method"": ""IDW p=2; até 6 estações; raio máximo 300 km""}}","{""organization"": ""INMET"", ""dataset"": ""Dados Históricos Anuais - estações automáticas"", ""version"": ""2020"", ""retrieved_at"": ""2026-10-01"", ""reference_url"": ""https://portal.inmet.gov.br/uploads/dadoshistoricos/2020.zip"", ""method"": ""agregação anual observada por estação + IDW municipal em EPSG:31985; p=2; 3-6 estações; raio <=300 km; controle mínimo de completude"", ""verified"": true}"
2612471,2020,25.564030063375007,1083.8323542093706,"{""temperatura_media_c"": {""n_estacoes"": 6, ""nearest_distance_km"": 17.6, ""max_distance_km"": 213.69, ""stations"": [""SERRA TALHADA"", ""IBIMIRIM"", ""FLORESTA"", ""ARCO VERDE"", ""CABROBO"", ""OURICURI""], ""method"": ""IDW p=2; até 6 estações; raio máximo 300 km""}, ""precipitacao_anual_mm"": {""n_estacoes"": 6, ""nearest_distance_km"": 17.6, ""max_distance_km"": 145.61, ""stations"": [""SERRA TALHADA"", ""IBIMIRIM"", ""FLORESTA"", ""SALGUEIRO"", ""ARCO VERDE"", ""CABROBO""], ""method"": ""IDW p=2; até 6 estações; raio máximo 300 km""}}","{""organization"": ""INMET"", ""dataset"": ""Dados Históricos Anuais - estações automáticas"", ""version"": ""2020"", ""retrieved_at"": ""2026-10-01"", ""reference_url"": ""https://portal.inmet.gov.br/uploads/dadoshistoricos/2020.zip"", ""method"": ""agregação anual observada por estação + IDW municipal em EPSG:31985; p=2; 3-6 estações; raio <=300 km; controle mínimo de completude"", ""verified"": true}"
2612505,2020,23.744655749896523,468.5675098029785,"{""temperatura_media_c"": {""n_estacoes"": 6, ""nearest_distance_km"": 58.13, ""max_distance_km"": 151.88, ""stations"": [""SURUBIM"", ""CARUARU"", ""ARCO VERDE"", ""GARANHUNS"", ""PALMARES"", ""RECIFE""], ""method"": ""IDW p=2; até 6 estações; raio máximo 300 km""}, ""precipitacao_anual_mm"": {""n_estacoes"": 6, ""nearest_distance_km"": 58.13, ""max_distance_km"": 151.88, ""stations"": [""SURUBIM"", ""CARUARU"", ""ARCO VERDE"", ""GARANHUNS"", ""PALMARES"", ""RECIFE""], ""method"": ""IDW p=2; até 6 estações; raio máximo 300 km""}}","{""organization"": ""INMET"", ""dataset"": ""Dados Históricos Anuais - estações automáticas"", ""version"": ""2020"", ""retrieved_at"": ""2026-10-01"", ""reference_url"": ""https://portal.inmet.gov.br/uploads/dadoshistoricos/2020.zip"", ""method"": ""agregação anual observada por estação + IDW municipal em EPSG:31985; p=2; 3-6 estações; raio <=300 km; controle mínimo de completude"", ""verified"": true}"
2612554,2020,26.369488196175222,202.1183933051202,"{""temperatura_media_c"": {""n_estacoes"": 5, ""nearest_distance_km"": 64.25, ""max_distance_km"": 254.16, ""stations"": [""OURICURI"", ""PETROLINA"", ""CABROBO"", ""FLORESTA"", ""SERRA TALHADA""], ""method"": ""IDW p=2; até 6 estações; raio máximo 300 km""}, ""precipitacao_anual_mm"": {""n_estacoes"": 6, ""nearest_distance_km"": 64.25, ""max_distance_km"": 254.16, ""stations"": [""OURICURI"", ""PETROLINA"", ""CABROBO"", ""SALGUEIRO"", ""FLORESTA"", ""SERRA TALHADA""], ""method"": ""IDW p=2; até 6 estações; raio máximo 300 km""}}","{""organization"": ""INMET"", ""dataset"": ""Dados Históricos Anuais - estações automáticas"", ""version"": ""2020"", ""retrieved_at"": ""2026-10-01"", ""reference_url"": ""https://portal.inmet.gov.br/uploads/dadoshistoricos/2020.zip"", ""method"": ""agregação anual observada por estação + IDW municipal em EPSG:31985; p=2; 3-6 estações; raio <=300 km; controle mínimo de completude"", ""verified"": true}"
2612604,2020,26.611034070753405,371.29738934768227,"{""temperatura_media_c"": {""n_estacoes"": 6, ""nearest_distance_km"": 67.82, ""max_distance_km"": 244.0, ""stations"": [""CABROBO"", ""OURICURI"", ""PETROLINA"", ""FLORESTA"", ""SERRA TALHADA"", ""IBIMIRIM""], ""method"": ""IDW p=2; até 6 estações; raio máximo 300 km""}, ""precipitacao_anual_mm"": {""n_estacoes"": 6, ""nearest_distance_km"": 67.82, ""max_distance_km"": 194.41, ""stations"": [""CABROBO"", ""OURICURI"", ""PETROLINA"", ""SALGUEIRO"", ""FLORESTA"", ""SERRA TALHADA""], ""method"": ""IDW p=2; até 6 estações; raio máximo 300 km""}}","{""organization"": ""INMET"", ""dataset"": ""Dados Históricos Anuais - estações automáticas"", ""version"": ""2020"", ""retrieved_at"": ""2026-10-01"", ""reference_url"": ""https://portal.inmet.gov.br/uploads/dadoshistoricos/2020.zip"", ""method"": ""agregação anual observada por estação + IDW municipal em EPSG:31985; p=2; 3-6 estações; raio <=300 km; controle mínimo de completude"", ""verified"": true}"
2612703,2020,25.8174892576085,37.2128939891889,"{""temperatura_media_c"": {""n_estacoes"": 6, ""nearest_distance_km"": 9.18, ""max_distance_km"": 145.93, ""stations"": [""SURUBIM"", ""CARUARU"", ""PALMARES"", ""RECIFE"", ""GARANHUNS"", ""ARCO VERDE""], ""method"": ""IDW p=2; até 6 estações; raio máximo 300 km""}, ""precipitacao_anual_mm"": {""n_estacoes"": 6, ""nearest_distance_km"": 9.18, ""max_distance_km"": 145.93, ""stations"": [""SURUBIM"", ""CARUARU"", ""PALMARES"", ""RECIFE"", ""GARANHUNS"", ""ARCO VERDE""], ""method"": ""IDW p=2; até 6 estações; raio máximo 300 km""}}","{""organization"": ""INMET"", ""dataset"": ""Dados Históricos Anuais - estações automáticas"", ""version"": ""2020"", ""retrieved_at"": ""2026-10-01"", ""reference_url"": ""https://portal.inmet.gov.br/uploads/dadoshistoricos/2020.zip"", ""method"": ""agregação anual observada por estação + IDW municipal em EPSG:31985; p=2; 3-6 estações; raio <=300 km; controle mínimo de completude"", ""verified"": true}"
2612802,2020,24.782042576016767,731.7649765440577,"{""temperatura_media_c"": {""n_estacoes"": 6, ""nearest_distance_km"": 111.39, ""max_distance_km"": 186.87, ""stations"": [""SERRA TALHADA"", ""ARCO VERDE"", ""IBIMIRIM"", ""FLORESTA"", ""SURUBIM"", ""CARUARU""], ""method"": ""IDW p=2; até 6 estações; raio máximo 300 km""}, ""precipitacao_anual_mm"": {""n_estacoes"": 6, ""nearest_distance_km"": 111.39, ""max_distance_km"": 186.87, ""stations"": [""SERRA TALHADA"", ""ARCO VERDE"", ""IBIMIRIM"", ""FLORESTA"", ""SURUBIM"", ""CARUARU""], ""method"": ""IDW p=2; até 6 estações; raio máximo 300 km""}}","{""organization"": ""INMET"", ""dataset"": ""Dados Históricos Anuais - estações automáticas"", ""version"": ""2020"", ""retrieved_at"": ""2026-10-01"", ""reference_url"": ""https://portal.inmet.gov.br/uploads/dadoshistoricos/2020.zip"", ""method"": ""agregação anual observada por estação + IDW municipal em EPSG:31985; p=2; 3-6 estações; raio <=300 km; controle mínimo de completude"", ""verified"": true}"
2612901,2020,23.526684845654017,456.722978801388,"{""temperatura_media_c"": {""n_estacoes"": 6, ""nearest_distance_km"": 40.49, ""max_distance_km"": 133.36, ""stations"": [""PALMARES"", ""CARUARU"", ""GARANHUNS"", ""SURUBIM"", ""ARCO VERDE"", ""RECIFE""], ""method"": ""IDW p=2; até 6 estações; raio máximo 300 km""}, ""precipitacao_anual_mm"": {""n_estacoes"": 6, ""nearest_distance_km"": 40.49, ""max_distance_km"": 133.36, ""stations"": [""PALMARES"", ""CARUARU"", ""GARANHUNS"", ""SURUBIM"", ""ARCO VERDE"", ""RECIFE""], ""method"": ""IDW p=2; até 6 estações; raio máximo 300 km""}}","{""organization"": ""INMET"", ""dataset"": ""Dados Históricos Anuais - estações automáticas"", ""version"": ""2020"", ""retrieved_at"": ""2026-10-01"", ""reference_url"": ""https://portal.inmet.gov.br/uploads/dadoshistoricos/2020.zip"", ""method"": ""agregação anual observada por estação + IDW municipal em EPSG:31985; p=2; 3-6 estações; raio <=300 km; controle mínimo de completude"", ""verified"": true}"
2613008,2020,22.428803062446846,752.7481233758073,"{""temperatura_media_c"": {""n_estacoes"": 6, ""nearest_distance_km"": 41.8, ""max_distance_km"": 139.16, ""stations"": [""GARANHUNS"", ""CARUARU"", ""ARCO VERDE"", ""PALMARES"", ""SURUBIM"", ""IBIMIRIM""], ""method"": ""IDW p=2; até 6 estações; raio máximo 300 km""}, ""precipitacao_anual_mm"": {""n_estacoes"": 6, ""nearest_distance_km"": 41.8, ""max_distance_km"": 139.16, ""stations"": [""GARANHUNS"", ""CARUARU"", ""ARCO VERDE"", ""PALMARES"", ""SURUBIM"", ""IBIMIRIM""], ""method"": ""IDW p=2; até 6 estações; raio máximo 300 km""}}","{""organization"": ""INMET"", ""dataset"": ""Dados Históricos Anuais - estações automáticas"", ""version"": ""2020"", ""retrieved_at"": ""2026-10-01"", ""reference_url"": ""https://portal.inmet.gov.br/uploads/dadoshistoricos/2020.zip"", ""method"": ""agregação anual observada por estação + IDW municipal em EPSG:31985; p=2; 3-6 estações; raio <=300 km; controle mínimo de completude"", ""verified"": true}"
2613107,2020,21.593865041009735,653.5104630829605,"{""temperatura_media_c"": {""n_estacoes"": 6, ""nearest_distance_km"": 13.8, ""max_distance_km"": 134.42, ""stations"": [""CARUARU"", ""SURUBIM"", ""PALMARES"", ""GARANHUNS"", ""ARCO VERDE"", ""RECIFE""], ""method"": ""IDW p=2; até 6 estações; raio máximo 300 km""}, ""precipitacao_anual_mm"": {""n_estacoes"": 6, ""nearest_distance_km"": 13.8, ""max_distance_km"": 134.42, ""stations"": [""CARUARU"", ""SURUBIM"", ""PALMARES"", ""GARANHUNS"", ""ARCO VERDE"", ""RECIFE""], ""method"": ""IDW p=2; até 6 estações; raio máximo 300 km""}}","{""organization"": ""INMET"", ""dataset"": ""Dados Históricos Anuais - estações automáticas"", ""version"": ""2020"", ""retrieved_at"": ""2026-10-01"", ""reference_url"": ""https://portal.inmet.gov.br/uploads/dadoshistoricos/2020.zip"", ""method"": ""agregação anual observada por estação + IDW municipal em EPSG:31985; p=2; 3-6 estações; raio <=300 km; controle mínimo de completude"", ""verified"": true}"
2613206,2020,21.758432458984423,1047.688755404323,"{""temperatura_media_c"": {""n_estacoes"": 6, ""nearest_distance_km"": 13.21, ""max_distance_km"": 152.74, ""stations"": [""GARANHUNS"", ""CARUARU"", ""ARCO VERDE"", ""PALMARES"", ""SURUBIM"", ""IBIMIRIM""], ""method"": ""IDW p=2; até 6 estações; raio máximo 300 km""}, ""precipitacao_anual_mm"": {""n_estacoes"": 6, ""nearest_distance_km"": 13.21, ""max_distance_km"": 152.74, ""stations"": [""GARANHUNS"", ""CARUARU"", ""ARCO VERDE"", ""PALMARES"", ""SURUBIM"", ""IBIMIRIM""], ""method"": ""IDW p=2; até 6 estações; raio máximo 300 km""}}","{""organization"": ""INMET"", ""dataset"": ""Dados Históricos Anuais - estações automáticas"", ""version"": ""2020"", ""retrieved_at"": ""2026-10-01"", ""reference_url"": ""https://portal.inmet.gov.br/uploads/dadoshistoricos/2020.zip"", ""method"": ""agregação anual observada por estação + IDW municipal em EPSG:31985; p=2; 3-6 estações; raio <=300 km; controle mínimo de completude"", ""verified"": true}"
2613305,2020,22.596442446259925,528.8477300513642,"{""temperatura_media_c"": {""n_estacoes"": 6, ""nearest_distance_km"": 22.75, ""max_distance_km"": 133.77, ""stations"": [""CARUARU"", ""PALMARES"", ""SURUBIM"", ""GARANHUNS"", ""RECIFE"", ""ARCO VERDE""], ""method"": ""IDW p=2; até 6 estações; raio máximo 300 km""}, ""precipitacao_anual_mm"": {""n_estacoes"": 6, ""nearest_distance_km"": 22.75, ""max_distance_km"": 133.77, ""stations"": [""CARUARU"", ""PALMARES"", ""SURUBIM"", ""GARANHUNS"", ""RECIFE"", ""ARCO VERDE""], ""method"": ""IDW p=2; até 6 estações; raio máximo 300 km""}}","{""organization"": ""INMET"", ""dataset"": ""Dados Históricos Anuais - estações automáticas"", ""version"": ""2020"", ""retrieved_at"": ""2026-10-01"", ""reference_url"": ""https://portal.inmet.gov.br/uploads/dadoshistoricos/2020.zip"", ""method"": ""agregação anual observada por estação + IDW municipal em EPSG:31985; p=2; 3-6 estações; raio <=300 km; controle mínimo de completude"", ""verified"": true}"
2613404,2020,24.674584002863014,416.7731212742498,"{""temperatura_media_c"": {""n_estacoes"": 6, ""nearest_distance_km"": 47.54, ""max_distance_km"": 211.56, ""stations"": [""PALMARES"", ""RECIFE"", ""CARUARU"", ""SURUBIM"", ""GARANHUNS"", ""ARCO VERDE""], ""method"": ""IDW p=2; até 6 estações; raio máximo 300 km""}, ""precipitacao_anual_mm"": {""n_estacoes"": 6, ""nearest_distance_km"": 47.54, ""max_distance_km"": 211.56, ""stations"": [""PALMARES"", ""RECIFE"", ""CARUARU"", ""SURUBIM"", ""GARANHUNS"", ""ARCO VERDE""], ""method"": ""IDW p=2; até 6 estações; raio máximo 300 km""}}","{""organization"": ""INMET"", ""dataset"": ""Dados Históricos Anuais - estações automáticas"", ""version"": ""2020"", ""retrieved_at"": ""2026-10-01"", ""reference_url"": ""https://portal.inmet.gov.br/uploads/dadoshistoricos/2020.zip"", ""method"": ""agregação anual observada por estação + IDW municipal em EPSG:31985; p=2; 3-6 estações; raio <=300 km; controle mínimo de completude"", ""verified"": true}"
2613503,2020,25.961519856359036,513.7492639378451,"{""temperatura_media_c"": {""n_estacoes"": 6, ""nearest_distance_km"": 50.86, ""max_distance_km"": 197.2, ""stations"": [""SERRA TALHADA"", ""FLORESTA"", ""CABROBO"", ""IBIMIRIM"", ""OURICURI"", ""ARCO VERDE""], ""method"": ""IDW p=2; até 6 estações; raio máximo 300 km""}, ""precipitacao_anual_mm"": {""n_estacoes"": 6, ""nearest_distance_km"": 44.32, ""max_distance_km"": 150.55, ""stations"": [""SALGUEIRO"", ""SERRA TALHADA"", ""FLORESTA"", ""CABROBO"", ""IBIMIRIM"", ""OURICURI""], ""method"": ""IDW p=2; até 6 estações; raio máximo 300 km""}}","{""organization"": ""INMET"", ""dataset"": ""Dados Históricos Anuais - estações automáticas"", ""version"": ""2020"", ""retrieved_at"": ""2026-10-01"", ""reference_url"": ""https://portal.inmet.gov.br/uploads/dadoshistoricos/2020.zip"", ""method"": ""agregação anual observada por estação + IDW municipal em EPSG:31985; p=2; 3-6 estações; raio <=300 km; controle mínimo de completude"", ""verified"": true}"
2613602,2020,24.103214587708962,748.4001916629384,"{""temperatura_media_c"": {""n_estacoes"": 6, ""nearest_distance_km"": 103.43, ""max_distance_km"": 175.94, ""stations"": [""ARCO VERDE"", ""IBIMIRIM"", ""SERRA TALHADA"", ""CARUARU"", ""SURUBIM"", ""GARANHUNS""], ""method"": ""IDW p=2; até 6 estações; raio máximo 300 km""}, ""precipitacao_anual_mm"": {""n_estacoes"": 6, ""nearest_distance_km"": 103.43, ""max_distance_km"": 175.94, ""stations"": [""ARCO VERDE"", ""IBIMIRIM"", ""SERRA TALHADA"", ""CARUARU"", ""SURUBIM"", ""GARANHUNS""], ""method"": ""IDW p=2; até 6 estações; raio máximo 300 km""}}","{""organization"": ""INMET"", ""dataset"": ""Dados Históricos Anuais - estações automáticas"", ""version"": ""2020"", ""retrieved_at"": ""2026-10-01"", ""reference_url"": ""https://portal.inmet.gov.br/uploads/dadoshistoricos/2020.zip"", ""method"": ""agregação anual observada por estação + IDW municipal em EPSG:31985; p=2; 3-6 estações; raio <=300 km; controle mínimo de completude"", ""verified"": true}"
2613701,2020,26.12303810138923,1511.68459270128,"{""temperatura_media_c"": {""n_estacoes"": 6, ""nearest_distance_km"": 16.46, ""max_distance_km"": 219.99, ""stations"": [""RECIFE"", ""SURUBIM"", ""PALMARES"", ""CARUARU"", ""GARANHUNS"", ""ARCO VERDE""], ""method"": ""IDW p=2; até 6 estações; raio máximo 300 km""}, ""precipitacao_anual_mm"": {""n_estacoes"": 6, ""nearest_distance_km"": 16.46, ""max_distance_km"": 219.99, ""stations"": [""RECIFE"", ""SURUBIM"", ""PALMARES"", ""CARUARU"", ""GARANHUNS"", ""ARCO VERDE""], ""method"": ""IDW p=2; até 6 estações; raio máximo 300 km""}}","{""organization"": ""INMET"", ""dataset"": ""Dados Históricos Anuais - estações automáticas"", ""version"": ""2020"", ""retrieved_at"": ""2026-10-01"", ""reference_url"": ""https://portal.inmet.gov.br/uploads/dadoshistoricos/2020.zip"", ""method"": ""agregação anual observada por estação + IDW municipal em EPSG:31985; p=2; 3-6 estações; raio <=300 km; controle mínimo de completude"", ""verified"": true}"
2613800,2020,25.26135990125118,423.8757500996643,"{""temperatura_media_c"": {""n_estacoes"": 6, ""nearest_distance_km"": 42.99, ""max_distance_km"": 195.59, ""stations"": [""SURUBIM"", ""RECIFE"", ""CARUARU"", ""PALMARES"", ""GARANHUNS"", ""ARCO VERDE""], ""method"": ""IDW p=2; até 6 estações; raio máximo 300 km""}, ""precipitacao_anual_mm"": {""n_estacoes"": 6, ""nearest_distance_km"": 42.99, ""max_distance_km"": 195.59, ""stations"": [""SURUBIM"", ""RECIFE"", ""CARUARU"", ""PALMARES"", ""GARANHUNS"", ""ARCO VERDE""], ""method"": ""IDW p=2; até 6 estações; raio máximo 300 km""}}","{""organization"": ""INMET"", ""dataset"": ""Dados Históricos Anuais - estações automáticas"", ""version"": ""2020"", ""retrieved_at"": ""2026-10-01"", ""reference_url"": ""https://portal.inmet.gov.br/uploads/dadoshistoricos/2020.zip"", ""method"": ""agregação anual observada por estação + IDW municipal em EPSG:31985; p=2; 3-6 estações; raio <=300 km; controle mínimo de completude"", ""verified"": true}"
2613909,2020,25.578343913268498,1100.294946319613,"{""temperatura_media_c"": {""n_estacoes"": 6, ""nearest_distance_km"": 12.28, ""max_distance_km"": 192.85, ""stations"": [""SERRA TALHADA"", ""FLORESTA"", ""IBIMIRIM"", ""CABROBO"", ""ARCO VERDE"", ""OURICURI""], ""method"": ""IDW p=2; até 6 estações; raio máximo 300 km""}, ""precipitacao_anual_mm"": {""n_estacoes"": 6, ""nearest_distance_km"": 12.28, ""max_distance_km"": 151.78, ""stations"": [""SERRA TALHADA"", ""FLORESTA"", ""SALGUEIRO"", ""IBIMIRIM"", ""CABROBO"", ""ARCO VERDE""], ""method"": ""IDW p=2; até 6 estações; raio máximo 300 km""}}","{""organization"": ""INMET"", ""dataset"": ""Dados Históricos Anuais - estações automáticas"", ""version"": ""2020"", ""retrieved_at"": ""2026-10-01"", ""reference_url"": ""https://portal.inmet.gov.br/uploads/dadoshistoricos/2020.zip"", ""method"": ""agregação anual observada por estação + IDW municipal em EPSG:31985; p=2; 3-6 estações; raio <=300 km; controle mínimo de completude"", ""verified"": true}"
2614006,2020,26.45465656569092,226.03496670657452,"{""temperatura_media_c"": {""n_estacoes"": 6, ""nearest_distance_km"": 73.11, ""max_distance_km"": 212.97, ""stations"": [""CABROBO"", ""OURICURI"", ""SERRA TALHADA"", ""FLORESTA"", ""IBIMIRIM"", ""PETROLINA""], ""method"": ""IDW p=2; até 6 estações; raio máximo 300 km""}, ""precipitacao_anual_mm"": {""n_estacoes"": 6, ""nearest_distance_km"": 39.2, ""max_distance_km"": 198.79, ""stations"": [""SALGUEIRO"", ""CABROBO"", ""OURICURI"", ""SERRA TALHADA"", ""FLORESTA"", ""IBIMIRIM""], ""method"": ""IDW p=2; até 6 estações; raio máximo 300 km""}}","{""organization"": ""INMET"", ""dataset"": ""Dados Históricos Anuais - estações automáticas"", ""version"": ""2020"", ""retrieved_at"": ""2026-10-01"", ""reference_url"": ""https://portal.inmet.gov.br/uploads/dadoshistoricos/2020.zip"", ""method"": ""agregação anual observada por estação + IDW municipal em EPSG:31985; p=2; 3-6 estações; raio <=300 km; controle mínimo de completude"", ""verified"": true}"
2614105,2020,24.06652277189326,727.3246822753822,"{""temperatura_media_c"": {""n_estacoes"": 6, ""nearest_distance_km"": 39.72, ""max_distance_km"": 145.44, ""stations"": [""ARCO VERDE"", ""IBIMIRIM"", ""SERRA TALHADA"", ""GARANHUNS"", ""FLORESTA"", ""CARUARU""], ""method"": ""IDW p=2; até 6 estações; raio máximo 300 km""}, ""precipitacao_anual_mm"": {""n_estacoes"": 6, ""nearest_distance_km"": 39.72, ""max_distance_km"": 145.44, ""stations"": [""ARCO VERDE"", ""IBIMIRIM"", ""SERRA TALHADA"", ""GARANHUNS"", ""FLORESTA"", ""CARUARU""], ""method"": ""IDW p=2; até 6 estações; raio máximo 300 km""}}","{""organization"": ""INMET"", ""dataset"": ""Dados Históricos Anuais - estações automáticas"", ""version"": ""2020"", ""retrieved_at"": ""2026-10-01"", ""reference_url"": ""https://portal.inmet.gov.br/uploads/dadoshistoricos/2020.zip"", ""method"": ""agregação anual observada por estação + IDW municipal em EPSG:31985; p=2; 3-6 estações; raio <=300 km; controle mínimo de completude"", ""verified"": true}"
2614204,2020,24.919701499182835,565.5927248149574,"{""temperatura_media_c"": {""n_estacoes"": 6, ""nearest_distance_km"": 44.85, ""max_distance_km"": 208.17, ""stations"": [""PALMARES"", ""RECIFE"", ""CARUARU"", ""SURUBIM"", ""GARANHUNS"", ""ARCO VERDE""], ""method"": ""IDW p=2; até 6 estações; raio máximo 300 km""}, ""precipitacao_anual_mm"": {""n_estacoes"": 6, ""nearest_distance_km"": 44.85, ""max_distance_km"": 208.17, ""stations"": [""PALMARES"", ""RECIFE"", ""CARUARU"", ""SURUBIM"", ""GARANHUNS"", ""ARCO VERDE""], ""method"": ""IDW p=2; até 6 estações; raio máximo 300 km""}}","{""organization"": ""INMET"", ""dataset"": ""Dados Históricos Anuais - estações automáticas"", ""version"": ""2020"", ""retrieved_at"": ""2026-10-01"", ""reference_url"": ""https://portal.inmet.gov.br/uploads/dadoshistoricos/2020.zip"", ""method"": ""agregação anual observada por estação + IDW municipal em EPSG:31985; p=2; 3-6 estações; raio <=300 km; controle mínimo de completude"", ""verified"": true}"
2614303,2020,26.33826801930144,252.56070237548295,"{""temperatura_media_c"": {""n_estacoes"": 6, ""nearest_distance_km"": 70.99, ""max_distance_km"": 226.24, ""stations"": [""OURICURI"", ""CABROBO"", ""SERRA TALHADA"", ""FLORESTA"", ""IBIMIRIM"", ""PETROLINA""], ""method"": ""IDW p=2; até 6 estações; raio máximo 300 km""}, ""precipitacao_anual_mm"": {""n_estacoes"": 6, ""nearest_distance_km"": 68.05, ""max_distance_km"": 223.6, ""stations"": [""SALGUEIRO"", ""OURICURI"", ""CABROBO"", ""SERRA TALHADA"", ""FLORESTA"", ""IBIMIRIM""], ""method"": ""IDW p=2; até 6 estações; raio máximo 300 km""}}","{""organization"": ""INMET"", ""dataset"": ""Dados Históricos Anuais - estações automáticas"", ""version"": ""2020"", ""retrieved_at"": ""2026-10-01"", ""reference_url"": ""https://portal.inmet.gov.br/uploads/dadoshistoricos/2020.zip"", ""method"": ""agregação anual observada por estação + IDW municipal em EPSG:31985; p=2; 3-6 estações; raio <=300 km; controle mínimo de completude"", ""verified"": true}"
2614402,2020,24.744060849951985,813.23256697786,"{""temperatura_media_c"": {""n_estacoes"": 6, ""nearest_distance_km"": 82.2, ""max_distance_km"": 199.03, ""stations"": [""SERRA TALHADA"", ""IBIMIRIM"", ""ARCO VERDE"", ""FLORESTA"", ""GARANHUNS"", ""CARUARU""], ""method"": ""IDW p=2; até 6 estações; raio máximo 300 km""}, ""precipitacao_anual_mm"": {""n_estacoes"": 6, ""nearest_distance_km"": 82.2, ""max_distance_km"": 194.8, ""stations"": [""SERRA TALHADA"", ""IBIMIRIM"", ""ARCO VERDE"", ""FLORESTA"", ""SALGUEIRO"", ""GARANHUNS""], ""method"": ""IDW p=2; até 6 estações; raio máximo 300 km""}}","{""organization"": ""INMET"", ""dataset"": ""Dados Históricos Anuais - estações automáticas"", ""version"": ""2020"", ""retrieved_at"": ""2026-10-01"", ""reference_url"": ""https://portal.inmet.gov.br/uploads/dadoshistoricos/2020.zip"", ""method"": ""agregação anual observada por estação + IDW municipal em EPSG:31985; p=2; 3-6 estações; raio <=300 km; controle mínimo de completude"", ""verified"": true}"
2614501,2020,25.852005807913553,31.2323813896222,"{""temperatura_media_c"": {""n_estacoes"": 6, ""nearest_distance_km"": 7.73, ""max_distance_km"": 155.6, ""stations"": [""SURUBIM"", ""CARUARU"", ""PALMARES"", ""RECIFE"", ""GARANHUNS"", ""ARCO VERDE""], ""method"": ""IDW p=2; até 6 estações; raio máximo 300 km""}, ""precipitacao_anual_mm"": {""n_estacoes"": 6, ""nearest_distance_km"": 7.73, ""max_distance_km"": 155.6, ""stations"": [""SURUBIM"", ""CARUARU"", ""PALMARES"", ""RECIFE"", ""GARANHUNS"", ""ARCO VERDE""], ""method"": ""IDW p=2; até 6 estações; raio máximo 300 km""}}","{""organization"": ""INMET"", ""dataset"": ""Dados Históricos Anuais - estações automáticas"", ""version"": ""2020"", ""retrieved_at"": ""2026-10-01"", ""reference_url"": ""https://portal.inmet.gov.br/uploads/dadoshistoricos/2020.zip"", ""method"": ""agregação anual observada por estação + IDW municipal em EPSG:31985; p=2; 3-6 estações; raio <=300 km; controle mínimo de completude"", ""verified"": true}"
2614600,2020,24.523944713787206,790.1075267821827,"{""temperatura_media_c"": {""n_estacoes"": 6, ""nearest_distance_km"": 96.09, ""max_distance_km"": 185.77, ""stations"": [""SERRA TALHADA"", ""IBIMIRIM"", ""ARCO VERDE"", ""FLORESTA"", ""GARANHUNS"", ""CARUARU""], ""method"": ""IDW p=2; até 6 estações; raio máximo 300 km""}, ""precipitacao_anual_mm"": {""n_estacoes"": 6, ""nearest_distance_km"": 96.09, ""max_distance_km"": 185.76, ""stations"": [""SERRA TALHADA"", ""IBIMIRIM"", ""ARCO VERDE"", ""FLORESTA"", ""SALGUEIRO"", ""GARANHUNS""], ""method"": ""IDW p=2; até 6 estações; raio máximo 300 km""}}","{""organization"": ""INMET"", ""dataset"": ""Dados Históricos Anuais - estações automáticas"", ""version"": ""2020"", ""retrieved_at"": ""2026-10-01"", ""reference_url"": ""https://portal.inmet.gov.br/uploads/dadoshistoricos/2020.zip"", ""method"": ""agregação anual observada por estação + IDW municipal em EPSG:31985; p=2; 3-6 estações; raio <=300 km; controle mínimo de completude"", ""verified"": true}"
2614709,2020,22.1321728575566,642.4802347737326,"{""temperatura_media_c"": {""n_estacoes"": 6, ""nearest_distance_km"": 26.73, ""max_distance_km"": 148.03, ""stations"": [""CARUARU"", ""GARANHUNS"", ""SURUBIM"", ""PALMARES"", ""ARCO VERDE"", ""RECIFE""], ""method"": ""IDW p=2; até 6 estações; raio máximo 300 km""}, ""precipitacao_anual_mm"": {""n_estacoes"": 6, ""nearest_distance_km"": 26.73, ""max_distance_km"": 148.03, ""stations"": [""CARUARU"", ""GARANHUNS"", ""SURUBIM"", ""PALMARES"", ""ARCO VERDE"", ""RECIFE""], ""method"": ""IDW p=2; até 6 estações; raio máximo 300 km""}}","{""organization"": ""INMET"", ""dataset"": ""Dados Históricos Anuais - estações automáticas"", ""version"": ""2020"", ""retrieved_at"": ""2026-10-01"", ""reference_url"": ""https://portal.inmet.gov.br/uploads/dadoshistoricos/2020.zip"", ""method"": ""agregação anual observada por estação + IDW municipal em EPSG:31985; p=2; 3-6 estações; raio <=300 km; controle mínimo de completude"", ""verified"": true}"
2614808,2020,25.651573390537084,654.594409944306,"{""temperatura_media_c"": {""n_estacoes"": 6, ""nearest_distance_km"": 63.92, ""max_distance_km"": 174.6, ""stations"": [""IBIMIRIM"", ""FLORESTA"", ""SERRA TALHADA"", ""ARCO VERDE"", ""CABROBO"", ""GARANHUNS""], ""method"": ""IDW p=2; até 6 estações; raio máximo 300 km""}, ""precipitacao_anual_mm"": {""n_estacoes"": 6, ""nearest_distance_km"": 63.92, ""max_distance_km"": 150.59, ""stations"": [""IBIMIRIM"", ""FLORESTA"", ""SERRA TALHADA"", ""ARCO VERDE"", ""CABROBO"", ""SALGUEIRO""], ""method"": ""IDW p=2; até 6 estações; raio máximo 300 km""}}","{""organization"": ""INMET"", ""dataset"": ""Dados Históricos Anuais - estações automáticas"", ""version"": ""2020"", ""retrieved_at"": ""2026-10-01"", ""reference_url"": ""https://portal.inmet.gov.br/uploads/dadoshistoricos/2020.zip"", ""method"": ""agregação anual observada por estação + IDW municipal em EPSG:31985; p=2; 3-6 estações; raio <=300 km; controle mínimo de completude"", ""verified"": true}"
2614857,2020,24.775042415198083,365.298682907091,"{""temperatura_media_c"": {""n_estacoes"": 6, ""nearest_distance_km"": 38.23, ""max_distance_km"": 204.12, ""stations"": [""PALMARES"", ""RECIFE"", ""CARUARU"", ""SURUBIM"", ""GARANHUNS"", ""ARCO VERDE""], ""method"": ""IDW p=2; até 6 estações; raio máximo 300 km""}, ""precipitacao_anual_mm"": {""n_estacoes"": 6, ""nearest_distance_km"": 38.23, ""max_distance_km"": 204.12, ""stations"": [""PALMARES"", ""RECIFE"", ""CARUARU"", ""SURUBIM"", ""GARANHUNS"", ""ARCO VERDE""], ""method"": ""IDW p=2; até 6 estações; raio máximo 300 km""}}","{""organization"": ""INMET"", ""dataset"": ""Dados Históricos Anuais - estações automáticas"", ""version"": ""2020"", ""retrieved_at"": ""2026-10-01"", ""reference_url"": ""https://portal.inmet.gov.br/uploads/dadoshistoricos/2020.zip"", ""method"": ""agregação anual observada por estação + IDW municipal em EPSG:31985; p=2; 3-6 estações; raio <=300 km; controle mínimo de completude"", ""verified"": true}"
2615003,2020,24.444499398458387,321.38833400590596,"{""temperatura_media_c"": {""n_estacoes"": 6, ""nearest_distance_km"": 36.5, ""max_distance_km"": 130.9, ""stations"": [""SURUBIM"", ""CARUARU"", ""PALMARES"", ""ARCO VERDE"", ""GARANHUNS"", ""RECIFE""], ""method"": ""IDW p=2; até 6 estações; raio máximo 300 km""}, ""precipitacao_anual_mm"": {""n_estacoes"": 6, ""nearest_distance_km"": 36.5, ""max_distance_km"": 130.9, ""stations"": [""SURUBIM"", ""CARUARU"", ""PALMARES"", ""ARCO VERDE"", ""GARANHUNS"", ""RECIFE""], ""method"": ""IDW p=2; até 6 estações; raio máximo 300 km""}}","{""organization"": ""INMET"", ""dataset"": ""Dados Históricos Anuais - estações automáticas"", ""version"": ""2020"", ""retrieved_at"": ""2026-10-01"", ""reference_url"": ""https://portal.inmet.gov.br/uploads/dadoshistoricos/2020.zip"", ""method"": ""agregação anual observada por estação + IDW municipal em EPSG:31985; p=2; 3-6 estações; raio <=300 km; controle mínimo de completude"", ""verified"": true}"
2615102,2020,21.977977674408457,995.0447590976103,"{""temperatura_media_c"": {""n_estacoes"": 6, ""nearest_distance_km"": 23.87, ""max_distance_km"": 164.78, ""stations"": [""GARANHUNS"", ""ARCO VERDE"", ""CARUARU"", ""PALMARES"", ""IBIMIRIM"", ""SURUBIM""], ""method"": ""IDW p=2; até 6 estações; raio máximo 300 km""}, ""precipitacao_anual_mm"": {""n_estacoes"": 6, ""nearest_distance_km"": 23.87, ""max_distance_km"": 164.78, ""stations"": [""GARANHUNS"", ""ARCO VERDE"", ""CARUARU"", ""PALMARES"", ""IBIMIRIM"", ""SURUBIM""], ""method"": ""IDW p=2; até 6 estações; raio máximo 300 km""}}","{""organization"": ""INMET"", ""dataset"": ""Dados Históricos Anuais - estações automáticas"", ""version"": ""2020"", ""retrieved_at"": ""2026-10-01"", ""reference_url"": ""https://portal.inmet.gov.br/uploads/dadoshistoricos/2020.zip"", ""method"": ""agregação anual observada por estação + IDW municipal em EPSG:31985; p=2; 3-6 estações; raio <=300 km; controle mínimo de completude"", ""verified"": true}"
2615201,2020,26.708072057301795,295.8032771932889,"{""temperatura_media_c"": {""n_estacoes"": 6, ""nearest_distance_km"": 39.58, ""max_distance_km"": 190.54, ""stations"": [""CABROBO"", ""OURICURI"", ""FLORESTA"", ""SERRA TALHADA"", ""PETROLINA"", ""IBIMIRIM""], ""method"": ""IDW p=2; até 6 estações; raio máximo 300 km""}, ""precipitacao_anual_mm"": {""n_estacoes"": 6, ""nearest_distance_km"": 35.19, ""max_distance_km"": 185.3, ""stations"": [""SALGUEIRO"", ""CABROBO"", ""OURICURI"", ""FLORESTA"", ""SERRA TALHADA"", ""PETROLINA""], ""method"": ""IDW p=2; até 6 estações; raio máximo 300 km""}}","{""organization"": ""INMET"", ""dataset"": ""Dados Históricos Anuais - estações automáticas"", ""version"": ""2020"", ""retrieved_at"": ""2026-10-01"", ""reference_url"": ""https://portal.inmet.gov.br/uploads/dadoshistoricos/2020.zip"", ""method"": ""agregação anual observada por estação + IDW municipal em EPSG:31985; p=2; 3-6 estações; raio <=300 km; controle mínimo de completude"", ""verified"": true}"
2615300,2020,25.206986886909732,642.478327044311,"{""temperatura_media_c"": {""n_estacoes"": 6, ""nearest_distance_km"": 60.94, ""max_distance_km"": 213.78, ""stations"": [""SURUBIM"", ""RECIFE"", ""CARUARU"", ""PALMARES"", ""GARANHUNS"", ""ARCO VERDE""], ""method"": ""IDW p=2; até 6 estações; raio máximo 300 km""}, ""precipitacao_anual_mm"": {""n_estacoes"": 6, ""nearest_distance_km"": 60.94, ""max_distance_km"": 213.78, ""stations"": [""SURUBIM"", ""RECIFE"", ""CARUARU"", ""PALMARES"", ""GARANHUNS"", ""ARCO VERDE""], ""method"": ""IDW p=2; até 6 estações; raio máximo 300 km""}}","{""organization"": ""INMET"", ""dataset"": ""Dados Históricos Anuais - estações automáticas"", ""version"": ""2020"", ""retrieved_at"": ""2026-10-01"", ""reference_url"": ""https://portal.inmet.gov.br/uploads/dadoshistoricos/2020.zip"", ""method"": ""agregação anual observada por estação + IDW municipal em EPSG:31985; p=2; 3-6 estações; raio <=300 km; controle mínimo de completude"", ""verified"": true}"
2615409,2020,24.074256297861282,356.2010629769455,"{""temperatura_media_c"": {""n_estacoes"": 6, ""nearest_distance_km"": 33.17, ""max_distance_km"": 121.12, ""stations"": [""SURUBIM"", ""CARUARU"", ""PALMARES"", ""GARANHUNS"", ""ARCO VERDE"", ""RECIFE""], ""method"": ""IDW p=2; até 6 estações; raio máximo 300 km""}, ""precipitacao_anual_mm"": {""n_estacoes"": 6, ""nearest_distance_km"": 33.17, ""max_distance_km"": 121.12, ""stations"": [""SURUBIM"", ""CARUARU"", ""PALMARES"", ""GARANHUNS"", ""ARCO VERDE"", ""RECIFE""], ""method"": ""IDW p=2; até 6 estações; raio máximo 300 km""}}","{""organization"": ""INMET"", ""dataset"": ""Dados Históricos Anuais - estações automáticas"", ""version"": ""2020"", ""retrieved_at"": ""2026-10-01"", ""reference_url"": ""https://portal.inmet.gov.br/uploads/dadoshistoricos/2020.zip"", ""method"": ""agregação anual observada por estação + IDW municipal em EPSG:31985; p=2; 3-6 estações; raio <=300 km; controle mínimo de completude"", ""verified"": true}"
2615508,2020,25.615593236094576,1102.2046372480545,"{""temperatura_media_c"": {""n_estacoes"": 6, ""nearest_distance_km"": 39.91, ""max_distance_km"": 221.94, ""stations"": [""RECIFE"", ""SURUBIM"", ""PALMARES"", ""CARUARU"", ""GARANHUNS"", ""ARCO VERDE""], ""method"": ""IDW p=2; até 6 estações; raio máximo 300 km""}, ""precipitacao_anual_mm"": {""n_estacoes"": 6, ""nearest_distance_km"": 39.91, ""max_distance_km"": 221.94, ""stations"": [""RECIFE"", ""SURUBIM"", ""PALMARES"", ""CARUARU"", ""GARANHUNS"", ""ARCO VERDE""], ""method"": ""IDW p=2; até 6 estações; raio máximo 300 km""}}","{""organization"": ""INMET"", ""dataset"": ""Dados Históricos Anuais - estações automáticas"", ""version"": ""2020"", ""retrieved_at"": ""2026-10-01"", ""reference_url"": ""https://portal.inmet.gov.br/uploads/dadoshistoricos/2020.zip"", ""method"": ""agregação anual observada por estação + IDW municipal em EPSG:31985; p=2; 3-6 estações; raio <=300 km; controle mínimo de completude"", ""verified"": true}"
2615607,2020,26.180355905526426,53.42742866174104,"{""temperatura_media_c"": {""n_estacoes"": 6, ""nearest_distance_km"": 27.68, ""max_distance_km"": 299.07, ""stations"": [""OURICURI"", ""CABROBO"", ""PETROLINA"", ""FLORESTA"", ""SERRA TALHADA"", ""IBIMIRIM""], ""method"": ""IDW p=2; até 6 estações; raio máximo 300 km""}, ""precipitacao_anual_mm"": {""n_estacoes"": 6, ""nearest_distance_km"": 27.68, ""max_distance_km"": 223.23, ""stations"": [""OURICURI"", ""SALGUEIRO"", ""CABROBO"", ""PETROLINA"", ""FLORESTA"", ""SERRA TALHADA""], ""method"": ""IDW p=2; até 6 estações; raio máximo 300 km""}}","{""organization"": ""INMET"", ""dataset"": ""Dados Históricos Anuais - estações automáticas"", ""version"": ""2020"", ""retrieved_at"": ""2026-10-01"", ""reference_url"": ""https://portal.inmet.gov.br/uploads/dadoshistoricos/2020.zip"", ""method"": ""agregação anual observada por estação + IDW municipal em EPSG:31985; p=2; 3-6 estações; raio <=300 km; controle mínimo de completude"", ""verified"": true}"
2615706,2020,25.510560023801638,1008.0998178564516,"{""temperatura_media_c"": {""n_estacoes"": 6, ""nearest_distance_km"": 27.81, ""max_distance_km"": 209.77, ""stations"": [""SERRA TALHADA"", ""IBIMIRIM"", ""FLORESTA"", ""ARCO VERDE"", ""CABROBO"", ""GARANHUNS""], ""method"": ""IDW p=2; até 6 estações; raio máximo 300 km""}, ""precipitacao_anual_mm"": {""n_estacoes"": 6, ""nearest_distance_km"": 27.81, ""max_distance_km"": 156.15, ""stations"": [""SERRA TALHADA"", ""IBIMIRIM"", ""FLORESTA"", ""SALGUEIRO"", ""ARCO VERDE"", ""CABROBO""], ""method"": ""IDW p=2; até 6 estações; raio máximo 300 km""}}","{""organization"": ""INMET"", ""dataset"": ""Dados Históricos Anuais - estações automáticas"", ""version"": ""2020"", ""retrieved_at"": ""2026-10-01"", ""reference_url"": ""https://portal.inmet.gov.br/uploads/dadoshistoricos/2020.zip"", ""method"": ""agregação anual observada por estação + IDW municipal em EPSG:31985; p=2; 3-6 estações; raio <=300 km; controle mínimo de completude"", ""verified"": true}"
2615805,2020,23.90948667217361,726.5122081607132,"{""temperatura_media_c"": {""n_estacoes"": 6, ""nearest_distance_km"": 37.2, ""max_distance_km"": 144.27, ""stations"": [""ARCO VERDE"", ""IBIMIRIM"", ""GARANHUNS"", ""SERRA TALHADA"", ""CARUARU"", ""FLORESTA""], ""method"": ""IDW p=2; até 6 estações; raio máximo 300 km""}, ""precipitacao_anual_mm"": {""n_estacoes"": 6, ""nearest_distance_km"": 37.2, ""max_distance_km"": 144.27, ""stations"": [""ARCO VERDE"", ""IBIMIRIM"", ""GARANHUNS"", ""SERRA TALHADA"", ""CARUARU"", ""FLORESTA""], ""method"": ""IDW p=2; até 6 estações; raio máximo 300 km""}}","{""organization"": ""INMET"", ""dataset"": ""Dados Históricos Anuais - estações automáticas"", ""version"": ""2020"", ""retrieved_at"": ""2026-10-01"", ""reference_url"": ""https://portal.inmet.gov.br/uploads/dadoshistoricos/2020.zip"", ""method"": ""agregação anual observada por estação + IDW municipal em EPSG:31985; p=2; 3-6 estações; raio <=300 km; controle mínimo de completude"", ""verified"": true}"
2615904,2020,24.0531783589007,744.671795458225,"{""temperatura_media_c"": {""n_estacoes"": 6, ""nearest_distance_km"": 85.95, ""max_distance_km"": 162.43, ""stations"": [""ARCO VERDE"", ""IBIMIRIM"", ""SERRA TALHADA"", ""CARUARU"", ""GARANHUNS"", ""SURUBIM""], ""method"": ""IDW p=2; até 6 estações; raio máximo 300 km""}, ""precipitacao_anual_mm"": {""n_estacoes"": 6, ""nearest_distance_km"": 85.95, ""max_distance_km"": 162.43, ""stations"": [""ARCO VERDE"", ""IBIMIRIM"", ""SERRA TALHADA"", ""CARUARU"", ""GARANHUNS"", ""SURUBIM""], ""method"": ""IDW p=2; até 6 estações; raio máximo 300 km""}}","{""organization"": ""INMET"", ""dataset"": ""Dados Históricos Anuais - estações automáticas"", ""version"": ""2020"", ""retrieved_at"": ""2026-10-01"", ""reference_url"": ""https://portal.inmet.gov.br/uploads/dadoshistoricos/2020.zip"", ""method"": ""agregação anual observada por estação + IDW municipal em EPSG:31985; p=2; 3-6 estações; raio <=300 km; controle mínimo de completude"", ""verified"": true}"
2616001,2020,22.98706559649497,727.1883185886358,"{""temperatura_media_c"": {""n_estacoes"": 6, ""nearest_distance_km"": 34.14, ""max_distance_km"": 140.16, ""stations"": [""ARCO VERDE"", ""GARANHUNS"", ""CARUARU"", ""IBIMIRIM"", ""PALMARES"", ""SURUBIM""], ""method"": ""IDW p=2; até 6 estações; raio máximo 300 km""}, ""precipitacao_anual_mm"": {""n_estacoes"": 6, ""nearest_distance_km"": 34.14, ""max_distance_km"": 140.16, ""stations"": [""ARCO VERDE"", ""GARANHUNS"", ""CARUARU"", ""IBIMIRIM"", ""PALMARES"", ""SURUBIM""], ""method"": ""IDW p=2; até 6 estações; raio máximo 300 km""}}","{""organization"": ""INMET"", ""dataset"": ""Dados Históricos Anuais - estações automáticas"", ""version"": ""2020"", ""retrieved_at"": ""2026-10-01"", ""reference_url"": ""https://portal.inmet.gov.br/uploads/dadoshistoricos/2020.zip"", ""method"": ""agregação anual observada por estação + IDW municipal em EPSG:31985; p=2; 3-6 estações; raio <=300 km; controle mínimo de completude"", ""verified"": true}"
2616100,2020,26.297166513866625,113.64700434881223,"{""temperatura_media_c"": {""n_estacoes"": 6, ""nearest_distance_km"": 68.95, ""max_distance_km"": 219.74, ""stations"": [""CABROBO"", ""SERRA TALHADA"", ""FLORESTA"", ""OURICURI"", ""IBIMIRIM"", ""ARCO VERDE""], ""method"": ""IDW p=2; até 6 estações; raio máximo 300 km""}, ""precipitacao_anual_mm"": {""n_estacoes"": 6, ""nearest_distance_km"": 14.97, ""max_distance_km"": 153.22, ""stations"": [""SALGUEIRO"", ""CABROBO"", ""SERRA TALHADA"", ""FLORESTA"", ""OURICURI"", ""IBIMIRIM""], ""method"": ""IDW p=2; até 6 estações; raio máximo 300 km""}}","{""organization"": ""INMET"", ""dataset"": ""Dados Históricos Anuais - estações automáticas"", ""version"": ""2020"", ""retrieved_at"": ""2026-10-01"", ""reference_url"": ""https://portal.inmet.gov.br/uploads/dadoshistoricos/2020.zip"", ""method"": ""agregação anual observada por estação + IDW municipal em EPSG:31985; p=2; 3-6 estações; raio <=300 km; controle mínimo de completude"", ""verified"": true}"
2616183,2020,25.883913244745276,22.717602990232233,"{""temperatura_media_c"": {""n_estacoes"": 6, ""nearest_distance_km"": 7.05, ""max_distance_km"": 154.95, ""stations"": [""SURUBIM"", ""CARUARU"", ""RECIFE"", ""PALMARES"", ""GARANHUNS"", ""ARCO VERDE""], ""method"": ""IDW p=2; até 6 estações; raio máximo 300 km""}, ""precipitacao_anual_mm"": {""n_estacoes"": 6, ""nearest_distance_km"": 7.05, ""max_distance_km"": 154.95, ""stations"": [""SURUBIM"", ""CARUARU"", ""RECIFE"", ""PALMARES"", ""GARANHUNS"", ""ARCO VERDE""], ""method"": ""IDW p=2; até 6 estações; raio máximo 300 km""}}","{""organization"": ""INMET"", ""dataset"": ""Dados Históricos Anuais - estações automáticas"", ""version"": ""2020"", ""retrieved_at"": ""2026-10-01"", ""reference_url"": ""https://portal.inmet.gov.br/uploads/dadoshistoricos/2020.zip"", ""method"": ""agregação anual observada por estação + IDW municipal em EPSG:31985; p=2; 3-6 estações; raio <=300 km; controle mínimo de completude"", ""verified"": true}"
2616209,2020,25.21915663933373,162.45426719001898,"{""temperatura_media_c"": {""n_estacoes"": 6, ""nearest_distance_km"": 20.76, ""max_distance_km"": 132.87, ""stations"": [""SURUBIM"", ""CARUARU"", ""PALMARES"", ""RECIFE"", ""GARANHUNS"", ""ARCO VERDE""], ""method"": ""IDW p=2; até 6 estações; raio máximo 300 km""}, ""precipitacao_anual_mm"": {""n_estacoes"": 6, ""nearest_distance_km"": 20.76, ""max_distance_km"": 132.87, ""stations"": [""SURUBIM"", ""CARUARU"", ""PALMARES"", ""RECIFE"", ""GARANHUNS"", ""ARCO VERDE""], ""method"": ""IDW p=2; até 6 estações; raio máximo 300 km""}}","{""organization"": ""INMET"", ""dataset"": ""Dados Históricos Anuais - estações automáticas"", ""version"": ""2020"", ""retrieved_at"": ""2026-10-01"", ""reference_url"": ""https://portal.inmet.gov.br/uploads/dadoshistoricos/2020.zip"", ""method"": ""agregação anual observada por estação + IDW municipal em EPSG:31985; p=2; 3-6 estações; raio <=300 km; controle mínimo de completude"", ""verified"": true}"
2616308,2020,25.275697866781496,642.3320357781964,"{""temperatura_media_c"": {""n_estacoes"": 6, ""nearest_distance_km"": 52.9, ""max_distance_km"": 206.1, ""stations"": [""SURUBIM"", ""RECIFE"", ""CARUARU"", ""PALMARES"", ""GARANHUNS"", ""ARCO VERDE""], ""method"": ""IDW p=2; até 6 estações; raio máximo 300 km""}, ""precipitacao_anual_mm"": {""n_estacoes"": 6, ""nearest_distance_km"": 52.9, ""max_distance_km"": 206.1, ""stations"": [""SURUBIM"", ""RECIFE"", ""CARUARU"", ""PALMARES"", ""GARANHUNS"", ""ARCO VERDE""], ""method"": ""IDW p=2; até 6 estações; raio máximo 300 km""}}","{""organization"": ""INMET"", ""dataset"": ""Dados Históricos Anuais - estações automáticas"", ""version"": ""2020"", ""retrieved_at"": ""2026-10-01"", ""reference_url"": ""https://portal.inmet.gov.br/uploads/dadoshistoricos/2020.zip"", ""method"": ""agregação anual observada por estação + IDW municipal em EPSG:31985; p=2; 3-6 estações; raio <=300 km; controle mínimo de completude"", ""verified"": true}"
2616407,2020,25.35495822857533,966.1441691976382,"{""temperatura_media_c"": {""n_estacoes"": 6, ""nearest_distance_km"": 37.57, ""max_distance_km"": 197.5, ""stations"": [""RECIFE"", ""PALMARES"", ""SURUBIM"", ""CARUARU"", ""GARANHUNS"", ""ARCO VERDE""], ""method"": ""IDW p=2; até 6 estações; raio máximo 300 km""}, ""precipitacao_anual_mm"": {""n_estacoes"": 6, ""nearest_distance_km"": 37.57, ""max_distance_km"": 197.5, ""stations"": [""RECIFE"", ""PALMARES"", ""SURUBIM"", ""CARUARU"", ""GARANHUNS"", ""ARCO VERDE""], ""method"": ""IDW p=2; até 6 estações; raio máximo 300 km""}}","{""organization"": ""INMET"", ""dataset"": ""Dados Históricos Anuais - estações automáticas"", ""version"": ""2020"", ""retrieved_at"": ""2026-10-01"", ""reference_url"": ""https://portal.inmet.gov.br/uploads/dadoshistoricos/2020.zip"", ""method"": ""agregação anual observada por estação + IDW municipal em EPSG:31985; p=2; 3-6 estações; raio <=300 km; controle mínimo de completude"", ""verified"": true}"
2616506,2020,24.712359206800706,159.43105151203548,"{""temperatura_media_c"": {""n_estacoes"": 6, ""nearest_distance_km"": 20.98, ""max_distance_km"": 160.85, ""stations"": [""PALMARES"", ""CARUARU"", ""GARANHUNS"", ""SURUBIM"", ""RECIFE"", ""ARCO VERDE""], ""method"": ""IDW p=2; até 6 estações; raio máximo 300 km""}, ""precipitacao_anual_mm"": {""n_estacoes"": 6, ""nearest_distance_km"": 20.98, ""max_distance_km"": 160.85, ""stations"": [""PALMARES"", ""CARUARU"", ""GARANHUNS"", ""SURUBIM"", ""RECIFE"", ""ARCO VERDE""], ""method"": ""IDW p=2; até 6 estações; raio máximo 300 km""}}","{""organization"": ""INMET"", ""dataset"": ""Dados Históricos Anuais - estações automáticas"", ""version"": ""2020"", ""retrieved_at"": ""2026-10-01"", ""reference_url"": ""https://portal.inmet.gov.br/uploads/dadoshistoricos/2020.zip"", ""method"": ""agregação anual observada por estação + IDW municipal em EPSG:31985; p=2; 3-6 estações; raio <=300 km; controle mínimo de completude"", ""verified"": true}"
