municipio_ibge,ano,temperatura_media_c,precipitacao_anual_mm,climate_diagnostics,climate_provenance
2600054,2019,25.65455262946686,1845.299044775606,"{""temperatura_media_c"": {""n_estacoes"": 6, ""nearest_distance_km"": 20.94, ""max_distance_km"": 232.85, ""stations"": [""INMET_NE_PE_A301_RECIFE_01-01-2019_A_31-12-2019"", ""INMET_NE_PE_A328_SURUBIM_01-01-2019_A_31-12-2019"", ""INMET_NE_PE_A357_PALMARES_01-01-2019_A_31-12-2019"", ""INMET_NE_PE_A341_CARUARU_01-01-2019_A_31-12-2019"", ""INMET_NE_PE_A322_GARANHUNS_01-01-2019_A_31-12-2019"", ""INMET_NE_PE_A309_ARCO VERDE_01-01-2019_A_31-12-2019""], ""method"": ""IDW p=2; até 6 estações; raio máximo 300 km""}, ""precipitacao_anual_mm"": {""n_estacoes"": 6, ""nearest_distance_km"": 20.94, ""max_distance_km"": 232.85, ""stations"": [""INMET_NE_PE_A301_RECIFE_01-01-2019_A_31-12-2019"", ""INMET_NE_PE_A328_SURUBIM_01-01-2019_A_31-12-2019"", ""INMET_NE_PE_A357_PALMARES_01-01-2019_A_31-12-2019"", ""INMET_NE_PE_A341_CARUARU_01-01-2019_A_31-12-2019"", ""INMET_NE_PE_A322_GARANHUNS_01-01-2019_A_31-12-2019"", ""INMET_NE_PE_A309_ARCO VERDE_01-01-2019_A_31-12-2019""], ""method"": ""IDW p=2; até 6 estações; raio máximo 300 km""}}","{""organization"": ""INMET"", ""dataset"": ""Dados Históricos Anuais - estações automáticas"", ""version"": ""2019"", ""retrieved_at"": ""2026-10-01"", ""reference_url"": ""https://portal.inmet.gov.br/uploads/dadoshistoricos/2019.zip"", ""method"": ""agregação anual observada por estação + IDW municipal em EPSG:31985; p=2; 3-6 estações; raio <=300 km; controle mínimo de completude"", ""verified"": true}"
2600104,2019,25.761222970087747,460.38749023404495,"{""temperatura_media_c"": {""n_estacoes"": 6, ""nearest_distance_km"": 78.49, ""max_distance_km"": 179.97, ""stations"": [""INMET_NE_PE_A350_SERRA TALHADA_01-01-2019_A_31-12-2019"", ""INMET_NE_PE_A349_IBIMIRIM_01-01-2019_A_31-12-2019"", ""INMET_NE_PE_A309_ARCO VERDE_01-01-2019_A_31-12-2019"", ""INMET_NE_PE_A351_FLORESTA_01-01-2019_A_31-12-2019"", ""INMET_NE_PE_A370_SALGUEIRO_01-01-2019_A_31-12-2019"", ""INMET_NE_PE_A322_GARANHUNS_01-01-2019_A_31-12-2019""], ""method"": ""IDW p=2; até 6 estações; raio máximo 300 km""}, ""precipitacao_anual_mm"": {""n_estacoes"": 6, ""nearest_distance_km"": 78.49, ""max_distance_km"": 179.97, ""stations"": [""INMET_NE_PE_A350_SERRA TALHADA_01-01-2019_A_31-12-2019"", ""INMET_NE_PE_A349_IBIMIRIM_01-01-2019_A_31-12-2019"", ""INMET_NE_PE_A309_ARCO VERDE_01-01-2019_A_31-12-2019"", ""INMET_NE_PE_A351_FLORESTA_01-01-2019_A_31-12-2019"", ""INMET_NE_PE_A370_SALGUEIRO_01-01-2019_A_31-12-2019"", ""INMET_NE_PE_A322_GARANHUNS_01-01-2019_A_31-12-2019""], ""method"": ""IDW p=2; até 6 estações; raio máximo 300 km""}}","{""organization"": ""INMET"", ""dataset"": ""Dados Históricos Anuais - estações automáticas"", ""version"": ""2019"", ""retrieved_at"": ""2026-10-01"", ""reference_url"": ""https://portal.inmet.gov.br/uploads/dadoshistoricos/2019.zip"", ""method"": ""agregação anual observada por estação + IDW municipal em EPSG:31985; p=2; 3-6 estações; raio <=300 km; controle mínimo de completude"", ""verified"": true}"
2600203,2019,27.372359581028643,266.60068027091216,"{""temperatura_media_c"": {""n_estacoes"": 5, ""nearest_distance_km"": 101.13, ""max_distance_km"": 268.31, ""stations"": [""INMET_NE_PE_A307_PETROLINA_01-01-2019_A_31-12-2019"", ""INMET_NE_PE_A366_OURICURI_01-01-2019_A_31-12-2019"", ""INMET_NE_PE_A329_CABROBO_01-01-2019_A_31-12-2019"", ""INMET_NE_PE_A370_SALGUEIRO_01-01-2019_A_31-12-2019"", ""INMET_NE_PE_A351_FLORESTA_01-01-2019_A_31-12-2019""], ""method"": ""IDW p=2; até 6 estações; raio máximo 300 km""}, ""precipitacao_anual_mm"": {""n_estacoes"": 5, ""nearest_distance_km"": 101.13, ""max_distance_km"": 268.31, ""stations"": [""INMET_NE_PE_A307_PETROLINA_01-01-2019_A_31-12-2019"", ""INMET_NE_PE_A366_OURICURI_01-01-2019_A_31-12-2019"", ""INMET_NE_PE_A329_CABROBO_01-01-2019_A_31-12-2019"", ""INMET_NE_PE_A370_SALGUEIRO_01-01-2019_A_31-12-2019"", ""INMET_NE_PE_A351_FLORESTA_01-01-2019_A_31-12-2019""], ""method"": ""IDW p=2; até 6 estações; raio máximo 300 km""}}","{""organization"": ""INMET"", ""dataset"": ""Dados Históricos Anuais - estações automáticas"", ""version"": ""2019"", ""retrieved_at"": ""2026-10-01"", ""reference_url"": ""https://portal.inmet.gov.br/uploads/dadoshistoricos/2019.zip"", ""method"": ""agregação anual observada por estação + IDW municipal em EPSG:31985; p=2; 3-6 estações; raio <=300 km; controle mínimo de completude"", ""verified"": true}"
2600302,2019,21.533212659856467,472.6684085884849,"{""temperatura_media_c"": {""n_estacoes"": 6, ""nearest_distance_km"": 13.64, ""max_distance_km"": 122.46, ""stations"": [""INMET_NE_PE_A341_CARUARU_01-01-2019_A_31-12-2019"", ""INMET_NE_PE_A357_PALMARES_01-01-2019_A_31-12-2019"", ""INMET_NE_PE_A328_SURUBIM_01-01-2019_A_31-12-2019"", ""INMET_NE_PE_A322_GARANHUNS_01-01-2019_A_31-12-2019"", ""INMET_NE_PE_A301_RECIFE_01-01-2019_A_31-12-2019"", ""INMET_NE_PE_A309_ARCO VERDE_01-01-2019_A_31-12-2019""], ""method"": ""IDW p=2; até 6 estações; raio máximo 300 km""}, ""precipitacao_anual_mm"": {""n_estacoes"": 6, ""nearest_distance_km"": 13.64, ""max_distance_km"": 122.46, ""stations"": [""INMET_NE_PE_A341_CARUARU_01-01-2019_A_31-12-2019"", ""INMET_NE_PE_A357_PALMARES_01-01-2019_A_31-12-2019"", ""INMET_NE_PE_A328_SURUBIM_01-01-2019_A_31-12-2019"", ""INMET_NE_PE_A322_GARANHUNS_01-01-2019_A_31-12-2019"", ""INMET_NE_PE_A301_RECIFE_01-01-2019_A_31-12-2019"", ""INMET_NE_PE_A309_ARCO VERDE_01-01-2019_A_31-12-2019""], ""method"": ""IDW p=2; até 6 estações; raio máximo 300 km""}}","{""organization"": ""INMET"", ""dataset"": ""Dados Históricos Anuais - estações automáticas"", ""version"": ""2019"", ""retrieved_at"": ""2026-10-01"", ""reference_url"": ""https://portal.inmet.gov.br/uploads/dadoshistoricos/2019.zip"", ""method"": ""agregação anual observada por estação + IDW municipal em EPSG:31985; p=2; 3-6 estações; raio <=300 km; controle mínimo de completude"", ""verified"": true}"
2600401,2019,24.434735304151506,215.87342655396995,"{""temperatura_media_c"": {""n_estacoes"": 6, ""nearest_distance_km"": 11.73, ""max_distance_km"": 176.5, ""stations"": [""INMET_NE_PE_A357_PALMARES_01-01-2019_A_31-12-2019"", ""INMET_NE_PE_A341_CARUARU_01-01-2019_A_31-12-2019"", ""INMET_NE_PE_A301_RECIFE_01-01-2019_A_31-12-2019"", ""INMET_NE_PE_A328_SURUBIM_01-01-2019_A_31-12-2019"", ""INMET_NE_PE_A322_GARANHUNS_01-01-2019_A_31-12-2019"", ""INMET_NE_PE_A309_ARCO VERDE_01-01-2019_A_31-12-2019""], ""method"": ""IDW p=2; até 6 estações; raio máximo 300 km""}, ""precipitacao_anual_mm"": {""n_estacoes"": 6, ""nearest_distance_km"": 11.73, ""max_distance_km"": 176.5, ""stations"": [""INMET_NE_PE_A357_PALMARES_01-01-2019_A_31-12-2019"", ""INMET_NE_PE_A341_CARUARU_01-01-2019_A_31-12-2019"", ""INMET_NE_PE_A301_RECIFE_01-01-2019_A_31-12-2019"", ""INMET_NE_PE_A328_SURUBIM_01-01-2019_A_31-12-2019"", ""INMET_NE_PE_A322_GARANHUNS_01-01-2019_A_31-12-2019"", ""INMET_NE_PE_A309_ARCO VERDE_01-01-2019_A_31-12-2019""], ""method"": ""IDW p=2; até 6 estações; raio máximo 300 km""}}","{""organization"": ""INMET"", ""dataset"": ""Dados Históricos Anuais - estações automáticas"", ""version"": ""2019"", ""retrieved_at"": ""2026-10-01"", ""reference_url"": ""https://portal.inmet.gov.br/uploads/dadoshistoricos/2019.zip"", ""method"": ""agregação anual observada por estação + IDW municipal em EPSG:31985; p=2; 3-6 estações; raio <=300 km; controle mínimo de completude"", ""verified"": true}"
2600500,2019,23.460377793261692,478.80823071499395,"{""temperatura_media_c"": {""n_estacoes"": 6, ""nearest_distance_km"": 63.15, ""max_distance_km"": 178.93, ""stations"": [""INMET_NE_PE_A322_GARANHUNS_01-01-2019_A_31-12-2019"", ""INMET_NE_PE_A309_ARCO VERDE_01-01-2019_A_31-12-2019"", ""INMET_NE_PE_A349_IBIMIRIM_01-01-2019_A_31-12-2019"", ""INMET_NE_PE_A341_CARUARU_01-01-2019_A_31-12-2019"", ""INMET_NE_PE_A357_PALMARES_01-01-2019_A_31-12-2019"", ""INMET_NE_PE_A351_FLORESTA_01-01-2019_A_31-12-2019""], ""method"": ""IDW p=2; até 6 estações; raio máximo 300 km""}, ""precipitacao_anual_mm"": {""n_estacoes"": 6, ""nearest_distance_km"": 63.15, ""max_distance_km"": 178.93, ""stations"": [""INMET_NE_PE_A322_GARANHUNS_01-01-2019_A_31-12-2019"", ""INMET_NE_PE_A309_ARCO VERDE_01-01-2019_A_31-12-2019"", ""INMET_NE_PE_A349_IBIMIRIM_01-01-2019_A_31-12-2019"", ""INMET_NE_PE_A341_CARUARU_01-01-2019_A_31-12-2019"", ""INMET_NE_PE_A357_PALMARES_01-01-2019_A_31-12-2019"", ""INMET_NE_PE_A351_FLORESTA_01-01-2019_A_31-12-2019""], ""method"": ""IDW p=2; até 6 estações; raio máximo 300 km""}}","{""organization"": ""INMET"", ""dataset"": ""Dados Históricos Anuais - estações automáticas"", ""version"": ""2019"", ""retrieved_at"": ""2026-10-01"", ""reference_url"": ""https://portal.inmet.gov.br/uploads/dadoshistoricos/2019.zip"", ""method"": ""agregação anual observada por estação + IDW municipal em EPSG:31985; p=2; 3-6 estações; raio <=300 km; controle mínimo de completude"", ""verified"": true}"
2600609,2019,23.38879396696401,466.1973916141374,"{""temperatura_media_c"": {""n_estacoes"": 6, ""nearest_distance_km"": 33.77, ""max_distance_km"": 132.24, ""stations"": [""INMET_NE_PE_A309_ARCO VERDE_01-01-2019_A_31-12-2019"", ""INMET_NE_PE_A322_GARANHUNS_01-01-2019_A_31-12-2019"", ""INMET_NE_PE_A341_CARUARU_01-01-2019_A_31-12-2019"", ""INMET_NE_PE_A349_IBIMIRIM_01-01-2019_A_31-12-2019"", ""INMET_NE_PE_A328_SURUBIM_01-01-2019_A_31-12-2019"", ""INMET_NE_PE_A357_PALMARES_01-01-2019_A_31-12-2019""], ""method"": ""IDW p=2; até 6 estações; raio máximo 300 km""}, ""precipitacao_anual_mm"": {""n_estacoes"": 6, ""nearest_distance_km"": 33.77, ""max_distance_km"": 132.24, ""stations"": [""INMET_NE_PE_A309_ARCO VERDE_01-01-2019_A_31-12-2019"", ""INMET_NE_PE_A322_GARANHUNS_01-01-2019_A_31-12-2019"", ""INMET_NE_PE_A341_CARUARU_01-01-2019_A_31-12-2019"", ""INMET_NE_PE_A349_IBIMIRIM_01-01-2019_A_31-12-2019"", ""INMET_NE_PE_A328_SURUBIM_01-01-2019_A_31-12-2019"", ""INMET_NE_PE_A357_PALMARES_01-01-2019_A_31-12-2019""], ""method"": ""IDW p=2; até 6 estações; raio máximo 300 km""}}","{""organization"": ""INMET"", ""dataset"": ""Dados Históricos Anuais - estações automáticas"", ""version"": ""2019"", ""retrieved_at"": ""2026-10-01"", ""reference_url"": ""https://portal.inmet.gov.br/uploads/dadoshistoricos/2019.zip"", ""method"": ""agregação anual observada por estação + IDW municipal em EPSG:31985; p=2; 3-6 estações; raio <=300 km; controle mínimo de completude"", ""verified"": true}"
2600708,2019,24.728054139232782,1060.1917560090826,"{""temperatura_media_c"": {""n_estacoes"": 6, ""nearest_distance_km"": 56.72, ""max_distance_km"": 225.19, ""stations"": [""INMET_NE_PE_A301_RECIFE_01-01-2019_A_31-12-2019"", ""INMET_NE_PE_A328_SURUBIM_01-01-2019_A_31-12-2019"", ""INMET_NE_PE_A357_PALMARES_01-01-2019_A_31-12-2019"", ""INMET_NE_PE_A341_CARUARU_01-01-2019_A_31-12-2019"", ""INMET_NE_PE_A322_GARANHUNS_01-01-2019_A_31-12-2019"", ""INMET_NE_PE_A309_ARCO VERDE_01-01-2019_A_31-12-2019""], ""method"": ""IDW p=2; até 6 estações; raio máximo 300 km""}, ""precipitacao_anual_mm"": {""n_estacoes"": 6, ""nearest_distance_km"": 56.72, ""max_distance_km"": 225.19, ""stations"": [""INMET_NE_PE_A301_RECIFE_01-01-2019_A_31-12-2019"", ""INMET_NE_PE_A328_SURUBIM_01-01-2019_A_31-12-2019"", ""INMET_NE_PE_A357_PALMARES_01-01-2019_A_31-12-2019"", ""INMET_NE_PE_A341_CARUARU_01-01-2019_A_31-12-2019"", ""INMET_NE_PE_A322_GARANHUNS_01-01-2019_A_31-12-2019"", ""INMET_NE_PE_A309_ARCO VERDE_01-01-2019_A_31-12-2019""], ""method"": ""IDW p=2; até 6 estações; raio máximo 300 km""}}","{""organization"": ""INMET"", ""dataset"": ""Dados Históricos Anuais - estações automáticas"", ""version"": ""2019"", ""retrieved_at"": ""2026-10-01"", ""reference_url"": ""https://portal.inmet.gov.br/uploads/dadoshistoricos/2019.zip"", ""method"": ""agregação anual observada por estação + IDW municipal em EPSG:31985; p=2; 3-6 estações; raio <=300 km; controle mínimo de completude"", ""verified"": true}"
2600807,2019,21.526836372977076,481.5772683630473,"{""temperatura_media_c"": {""n_estacoes"": 6, ""nearest_distance_km"": 15.9, ""max_distance_km"": 134.39, ""stations"": [""INMET_NE_PE_A341_CARUARU_01-01-2019_A_31-12-2019"", ""INMET_NE_PE_A357_PALMARES_01-01-2019_A_31-12-2019"", ""INMET_NE_PE_A322_GARANHUNS_01-01-2019_A_31-12-2019"", ""INMET_NE_PE_A328_SURUBIM_01-01-2019_A_31-12-2019"", ""INMET_NE_PE_A309_ARCO VERDE_01-01-2019_A_31-12-2019"", ""INMET_NE_PE_A301_RECIFE_01-01-2019_A_31-12-2019""], ""method"": ""IDW p=2; até 6 estações; raio máximo 300 km""}, ""precipitacao_anual_mm"": {""n_estacoes"": 6, ""nearest_distance_km"": 15.9, ""max_distance_km"": 134.39, ""stations"": [""INMET_NE_PE_A341_CARUARU_01-01-2019_A_31-12-2019"", ""INMET_NE_PE_A357_PALMARES_01-01-2019_A_31-12-2019"", ""INMET_NE_PE_A322_GARANHUNS_01-01-2019_A_31-12-2019"", ""INMET_NE_PE_A328_SURUBIM_01-01-2019_A_31-12-2019"", ""INMET_NE_PE_A309_ARCO VERDE_01-01-2019_A_31-12-2019"", ""INMET_NE_PE_A301_RECIFE_01-01-2019_A_31-12-2019""], ""method"": ""IDW p=2; até 6 estações; raio máximo 300 km""}}","{""organization"": ""INMET"", ""dataset"": ""Dados Históricos Anuais - estações automáticas"", ""version"": ""2019"", ""retrieved_at"": ""2026-10-01"", ""reference_url"": ""https://portal.inmet.gov.br/uploads/dadoshistoricos/2019.zip"", ""method"": ""agregação anual observada por estação + IDW municipal em EPSG:31985; p=2; 3-6 estações; raio <=300 km; controle mínimo de completude"", ""verified"": true}"
2600906,2019,24.05442925621272,507.3548683646081,"{""temperatura_media_c"": {""n_estacoes"": 6, ""nearest_distance_km"": 35.19, ""max_distance_km"": 175.46, ""stations"": [""INMET_NE_PE_A357_PALMARES_01-01-2019_A_31-12-2019"", ""INMET_NE_PE_A341_CARUARU_01-01-2019_A_31-12-2019"", ""INMET_NE_PE_A301_RECIFE_01-01-2019_A_31-12-2019"", ""INMET_NE_PE_A328_SURUBIM_01-01-2019_A_31-12-2019"", ""INMET_NE_PE_A322_GARANHUNS_01-01-2019_A_31-12-2019"", ""INMET_NE_PE_A309_ARCO VERDE_01-01-2019_A_31-12-2019""], ""method"": ""IDW p=2; até 6 estações; raio máximo 300 km""}, ""precipitacao_anual_mm"": {""n_estacoes"": 6, ""nearest_distance_km"": 35.19, ""max_distance_km"": 175.46, ""stations"": [""INMET_NE_PE_A357_PALMARES_01-01-2019_A_31-12-2019"", ""INMET_NE_PE_A341_CARUARU_01-01-2019_A_31-12-2019"", ""INMET_NE_PE_A301_RECIFE_01-01-2019_A_31-12-2019"", ""INMET_NE_PE_A328_SURUBIM_01-01-2019_A_31-12-2019"", ""INMET_NE_PE_A322_GARANHUNS_01-01-2019_A_31-12-2019"", ""INMET_NE_PE_A309_ARCO VERDE_01-01-2019_A_31-12-2019""], ""method"": ""IDW p=2; até 6 estações; raio máximo 300 km""}}","{""organization"": ""INMET"", ""dataset"": ""Dados Históricos Anuais - estações automáticas"", ""version"": ""2019"", ""retrieved_at"": ""2026-10-01"", ""reference_url"": ""https://portal.inmet.gov.br/uploads/dadoshistoricos/2019.zip"", ""method"": ""agregação anual observada por estação + IDW municipal em EPSG:31985; p=2; 3-6 estações; raio <=300 km; controle mínimo de completude"", ""verified"": true}"
2601003,2019,22.04746841581603,591.4008012508498,"{""temperatura_media_c"": {""n_estacoes"": 6, ""nearest_distance_km"": 23.96, ""max_distance_km"": 163.8, ""stations"": [""INMET_NE_PE_A322_GARANHUNS_01-01-2019_A_31-12-2019"", ""INMET_NE_PE_A341_CARUARU_01-01-2019_A_31-12-2019"", ""INMET_NE_PE_A357_PALMARES_01-01-2019_A_31-12-2019"", ""INMET_NE_PE_A309_ARCO VERDE_01-01-2019_A_31-12-2019"", ""INMET_NE_PE_A328_SURUBIM_01-01-2019_A_31-12-2019"", ""INMET_NE_PE_A349_IBIMIRIM_01-01-2019_A_31-12-2019""], ""method"": ""IDW p=2; até 6 estações; raio máximo 300 km""}, ""precipitacao_anual_mm"": {""n_estacoes"": 6, ""nearest_distance_km"": 23.96, ""max_distance_km"": 163.8, ""stations"": [""INMET_NE_PE_A322_GARANHUNS_01-01-2019_A_31-12-2019"", ""INMET_NE_PE_A341_CARUARU_01-01-2019_A_31-12-2019"", ""INMET_NE_PE_A357_PALMARES_01-01-2019_A_31-12-2019"", ""INMET_NE_PE_A309_ARCO VERDE_01-01-2019_A_31-12-2019"", ""INMET_NE_PE_A328_SURUBIM_01-01-2019_A_31-12-2019"", ""INMET_NE_PE_A349_IBIMIRIM_01-01-2019_A_31-12-2019""], ""method"": ""IDW p=2; até 6 estações; raio máximo 300 km""}}","{""organization"": ""INMET"", ""dataset"": ""Dados Históricos Anuais - estações automáticas"", ""version"": ""2019"", ""retrieved_at"": ""2026-10-01"", ""reference_url"": ""https://portal.inmet.gov.br/uploads/dadoshistoricos/2019.zip"", ""method"": ""agregação anual observada por estação + IDW municipal em EPSG:31985; p=2; 3-6 estações; raio <=300 km; controle mínimo de completude"", ""verified"": true}"
2601052,2019,25.337244051624126,1587.6485920811583,"{""temperatura_media_c"": {""n_estacoes"": 6, ""nearest_distance_km"": 32.13, ""max_distance_km"": 229.6, ""stations"": [""INMET_NE_PE_A301_RECIFE_01-01-2019_A_31-12-2019"", ""INMET_NE_PE_A328_SURUBIM_01-01-2019_A_31-12-2019"", ""INMET_NE_PE_A357_PALMARES_01-01-2019_A_31-12-2019"", ""INMET_NE_PE_A341_CARUARU_01-01-2019_A_31-12-2019"", ""INMET_NE_PE_A322_GARANHUNS_01-01-2019_A_31-12-2019"", ""INMET_NE_PE_A309_ARCO VERDE_01-01-2019_A_31-12-2019""], ""method"": ""IDW p=2; até 6 estações; raio máximo 300 km""}, ""precipitacao_anual_mm"": {""n_estacoes"": 6, ""nearest_distance_km"": 32.13, ""max_distance_km"": 229.6, ""stations"": [""INMET_NE_PE_A301_RECIFE_01-01-2019_A_31-12-2019"", ""INMET_NE_PE_A328_SURUBIM_01-01-2019_A_31-12-2019"", ""INMET_NE_PE_A357_PALMARES_01-01-2019_A_31-12-2019"", ""INMET_NE_PE_A341_CARUARU_01-01-2019_A_31-12-2019"", ""INMET_NE_PE_A322_GARANHUNS_01-01-2019_A_31-12-2019"", ""INMET_NE_PE_A309_ARCO VERDE_01-01-2019_A_31-12-2019""], ""method"": ""IDW p=2; até 6 estações; raio máximo 300 km""}}","{""organization"": ""INMET"", ""dataset"": ""Dados Históricos Anuais - estações automáticas"", ""version"": ""2019"", ""retrieved_at"": ""2026-10-01"", ""reference_url"": ""https://portal.inmet.gov.br/uploads/dadoshistoricos/2019.zip"", ""method"": ""agregação anual observada por estação + IDW municipal em EPSG:31985; p=2; 3-6 estações; raio <=300 km; controle mínimo de completude"", ""verified"": true}"
2601102,2019,26.89835204206316,235.88956704254738,"{""temperatura_media_c"": {""n_estacoes"": 6, ""nearest_distance_km"": 52.57, ""max_distance_km"": 245.98, ""stations"": [""INMET_NE_PE_A366_OURICURI_01-01-2019_A_31-12-2019"", ""INMET_NE_PE_A370_SALGUEIRO_01-01-2019_A_31-12-2019"", ""INMET_NE_PE_A329_CABROBO_01-01-2019_A_31-12-2019"", ""INMET_NE_PE_A307_PETROLINA_01-01-2019_A_31-12-2019"", ""INMET_NE_PE_A351_FLORESTA_01-01-2019_A_31-12-2019"", ""INMET_NE_PE_A350_SERRA TALHADA_01-01-2019_A_31-12-2019""], ""method"": ""IDW p=2; até 6 estações; raio máximo 300 km""}, ""precipitacao_anual_mm"": {""n_estacoes"": 6, ""nearest_distance_km"": 52.57, ""max_distance_km"": 245.98, ""stations"": [""INMET_NE_PE_A366_OURICURI_01-01-2019_A_31-12-2019"", ""INMET_NE_PE_A370_SALGUEIRO_01-01-2019_A_31-12-2019"", ""INMET_NE_PE_A329_CABROBO_01-01-2019_A_31-12-2019"", ""INMET_NE_PE_A307_PETROLINA_01-01-2019_A_31-12-2019"", ""INMET_NE_PE_A351_FLORESTA_01-01-2019_A_31-12-2019"", ""INMET_NE_PE_A350_SERRA TALHADA_01-01-2019_A_31-12-2019""], ""method"": ""IDW p=2; até 6 estações; raio máximo 300 km""}}","{""organization"": ""INMET"", ""dataset"": ""Dados Históricos Anuais - estações automáticas"", ""version"": ""2019"", ""retrieved_at"": ""2026-10-01"", ""reference_url"": ""https://portal.inmet.gov.br/uploads/dadoshistoricos/2019.zip"", ""method"": ""agregação anual observada por estação + IDW municipal em EPSG:31985; p=2; 3-6 estações; raio <=300 km; controle mínimo de completude"", ""verified"": true}"
2601201,2019,23.97217211917198,462.02383037712366,"{""temperatura_media_c"": {""n_estacoes"": 6, ""nearest_distance_km"": 7.34, ""max_distance_km"": 149.8, ""stations"": [""INMET_NE_PE_A309_ARCO VERDE_01-01-2019_A_31-12-2019"", ""INMET_NE_PE_A349_IBIMIRIM_01-01-2019_A_31-12-2019"", ""INMET_NE_PE_A322_GARANHUNS_01-01-2019_A_31-12-2019"", ""INMET_NE_PE_A341_CARUARU_01-01-2019_A_31-12-2019"", ""INMET_NE_PE_A328_SURUBIM_01-01-2019_A_31-12-2019"", ""INMET_NE_PE_A350_SERRA TALHADA_01-01-2019_A_31-12-2019""], ""method"": ""IDW p=2; até 6 estações; raio máximo 300 km""}, ""precipitacao_anual_mm"": {""n_estacoes"": 6, ""nearest_distance_km"": 7.34, ""max_distance_km"": 149.8, ""stations"": [""INMET_NE_PE_A309_ARCO VERDE_01-01-2019_A_31-12-2019"", ""INMET_NE_PE_A349_IBIMIRIM_01-01-2019_A_31-12-2019"", ""INMET_NE_PE_A322_GARANHUNS_01-01-2019_A_31-12-2019"", ""INMET_NE_PE_A341_CARUARU_01-01-2019_A_31-12-2019"", ""INMET_NE_PE_A328_SURUBIM_01-01-2019_A_31-12-2019"", ""INMET_NE_PE_A350_SERRA TALHADA_01-01-2019_A_31-12-2019""], ""method"": ""IDW p=2; até 6 estações; raio máximo 300 km""}}","{""organization"": ""INMET"", ""dataset"": ""Dados Históricos Anuais - estações automáticas"", ""version"": ""2019"", ""retrieved_at"": ""2026-10-01"", ""reference_url"": ""https://portal.inmet.gov.br/uploads/dadoshistoricos/2019.zip"", ""method"": ""agregação anual observada por estação + IDW municipal em EPSG:31985; p=2; 3-6 estações; raio <=300 km; controle mínimo de completude"", ""verified"": true}"
2601300,2019,23.702351549363026,375.61793806520944,"{""temperatura_media_c"": {""n_estacoes"": 6, ""nearest_distance_km"": 28.58, ""max_distance_km"": 156.97, ""stations"": [""INMET_NE_PE_A357_PALMARES_01-01-2019_A_31-12-2019"", ""INMET_NE_PE_A341_CARUARU_01-01-2019_A_31-12-2019"", ""INMET_NE_PE_A328_SURUBIM_01-01-2019_A_31-12-2019"", ""INMET_NE_PE_A301_RECIFE_01-01-2019_A_31-12-2019"", ""INMET_NE_PE_A322_GARANHUNS_01-01-2019_A_31-12-2019"", ""INMET_NE_PE_A309_ARCO VERDE_01-01-2019_A_31-12-2019""], ""method"": ""IDW p=2; até 6 estações; raio máximo 300 km""}, ""precipitacao_anual_mm"": {""n_estacoes"": 6, ""nearest_distance_km"": 28.58, ""max_distance_km"": 156.97, ""stations"": [""INMET_NE_PE_A357_PALMARES_01-01-2019_A_31-12-2019"", ""INMET_NE_PE_A341_CARUARU_01-01-2019_A_31-12-2019"", ""INMET_NE_PE_A328_SURUBIM_01-01-2019_A_31-12-2019"", ""INMET_NE_PE_A301_RECIFE_01-01-2019_A_31-12-2019"", ""INMET_NE_PE_A322_GARANHUNS_01-01-2019_A_31-12-2019"", ""INMET_NE_PE_A309_ARCO VERDE_01-01-2019_A_31-12-2019""], ""method"": ""IDW p=2; até 6 estações; raio máximo 300 km""}}","{""organization"": ""INMET"", ""dataset"": ""Dados Históricos Anuais - estações automáticas"", ""version"": ""2019"", ""retrieved_at"": ""2026-10-01"", ""reference_url"": ""https://portal.inmet.gov.br/uploads/dadoshistoricos/2019.zip"", ""method"": ""agregação anual observada por estação + IDW municipal em EPSG:31985; p=2; 3-6 estações; raio <=300 km; controle mínimo de completude"", ""verified"": true}"
2601409,2019,24.19903393792621,448.2676703703291,"{""temperatura_media_c"": {""n_estacoes"": 6, ""nearest_distance_km"": 38.07, ""max_distance_km"": 202.58, ""stations"": [""INMET_NE_PE_A357_PALMARES_01-01-2019_A_31-12-2019"", ""INMET_NE_PE_A301_RECIFE_01-01-2019_A_31-12-2019"", ""INMET_NE_PE_A341_CARUARU_01-01-2019_A_31-12-2019"", ""INMET_NE_PE_A328_SURUBIM_01-01-2019_A_31-12-2019"", ""INMET_NE_PE_A322_GARANHUNS_01-01-2019_A_31-12-2019"", ""INMET_NE_PE_A309_ARCO VERDE_01-01-2019_A_31-12-2019""], ""method"": ""IDW p=2; até 6 estações; raio máximo 300 km""}, ""precipitacao_anual_mm"": {""n_estacoes"": 6, ""nearest_distance_km"": 38.07, ""max_distance_km"": 202.58, ""stations"": [""INMET_NE_PE_A357_PALMARES_01-01-2019_A_31-12-2019"", ""INMET_NE_PE_A301_RECIFE_01-01-2019_A_31-12-2019"", ""INMET_NE_PE_A341_CARUARU_01-01-2019_A_31-12-2019"", ""INMET_NE_PE_A328_SURUBIM_01-01-2019_A_31-12-2019"", ""INMET_NE_PE_A322_GARANHUNS_01-01-2019_A_31-12-2019"", ""INMET_NE_PE_A309_ARCO VERDE_01-01-2019_A_31-12-2019""], ""method"": ""IDW p=2; até 6 estações; raio máximo 300 km""}}","{""organization"": ""INMET"", ""dataset"": ""Dados Históricos Anuais - estações automáticas"", ""version"": ""2019"", ""retrieved_at"": ""2026-10-01"", ""reference_url"": ""https://portal.inmet.gov.br/uploads/dadoshistoricos/2019.zip"", ""method"": ""agregação anual observada por estação + IDW municipal em EPSG:31985; p=2; 3-6 estações; raio <=300 km; controle mínimo de completude"", ""verified"": true}"
2601508,2019,23.287528486313835,363.19584194118926,"{""temperatura_media_c"": {""n_estacoes"": 6, ""nearest_distance_km"": 28.05, ""max_distance_km"": 138.07, ""stations"": [""INMET_NE_PE_A357_PALMARES_01-01-2019_A_31-12-2019"", ""INMET_NE_PE_A341_CARUARU_01-01-2019_A_31-12-2019"", ""INMET_NE_PE_A322_GARANHUNS_01-01-2019_A_31-12-2019"", ""INMET_NE_PE_A328_SURUBIM_01-01-2019_A_31-12-2019"", ""INMET_NE_PE_A301_RECIFE_01-01-2019_A_31-12-2019"", ""INMET_NE_PE_A309_ARCO VERDE_01-01-2019_A_31-12-2019""], ""method"": ""IDW p=2; até 6 estações; raio máximo 300 km""}, ""precipitacao_anual_mm"": {""n_estacoes"": 6, ""nearest_distance_km"": 28.05, ""max_distance_km"": 138.07, ""stations"": [""INMET_NE_PE_A357_PALMARES_01-01-2019_A_31-12-2019"", ""INMET_NE_PE_A341_CARUARU_01-01-2019_A_31-12-2019"", ""INMET_NE_PE_A322_GARANHUNS_01-01-2019_A_31-12-2019"", ""INMET_NE_PE_A328_SURUBIM_01-01-2019_A_31-12-2019"", ""INMET_NE_PE_A301_RECIFE_01-01-2019_A_31-12-2019"", ""INMET_NE_PE_A309_ARCO VERDE_01-01-2019_A_31-12-2019""], ""method"": ""IDW p=2; até 6 estações; raio máximo 300 km""}}","{""organization"": ""INMET"", ""dataset"": ""Dados Históricos Anuais - estações automáticas"", ""version"": ""2019"", ""retrieved_at"": ""2026-10-01"", ""reference_url"": ""https://portal.inmet.gov.br/uploads/dadoshistoricos/2019.zip"", ""method"": ""agregação anual observada por estação + IDW municipal em EPSG:31985; p=2; 3-6 estações; raio <=300 km; controle mínimo de completude"", ""verified"": true}"
2601607,2019,27.310544627231785,370.1529689934141,"{""temperatura_media_c"": {""n_estacoes"": 6, ""nearest_distance_km"": 37.93, ""max_distance_km"": 146.49, ""stations"": [""INMET_NE_PE_A329_CABROBO_01-01-2019_A_31-12-2019"", ""INMET_NE_PE_A351_FLORESTA_01-01-2019_A_31-12-2019"", ""INMET_NE_PE_A370_SALGUEIRO_01-01-2019_A_31-12-2019"", ""INMET_NE_PE_A350_SERRA TALHADA_01-01-2019_A_31-12-2019"", ""INMET_NE_PE_A349_IBIMIRIM_01-01-2019_A_31-12-2019"", ""INMET_NE_PE_A366_OURICURI_01-01-2019_A_31-12-2019""], ""method"": ""IDW p=2; até 6 estações; raio máximo 300 km""}, ""precipitacao_anual_mm"": {""n_estacoes"": 6, ""nearest_distance_km"": 37.93, ""max_distance_km"": 146.49, ""stations"": [""INMET_NE_PE_A329_CABROBO_01-01-2019_A_31-12-2019"", ""INMET_NE_PE_A351_FLORESTA_01-01-2019_A_31-12-2019"", ""INMET_NE_PE_A370_SALGUEIRO_01-01-2019_A_31-12-2019"", ""INMET_NE_PE_A350_SERRA TALHADA_01-01-2019_A_31-12-2019"", ""INMET_NE_PE_A349_IBIMIRIM_01-01-2019_A_31-12-2019"", ""INMET_NE_PE_A366_OURICURI_01-01-2019_A_31-12-2019""], ""method"": ""IDW p=2; até 6 estações; raio máximo 300 km""}}","{""organization"": ""INMET"", ""dataset"": ""Dados Históricos Anuais - estações automáticas"", ""version"": ""2019"", ""retrieved_at"": ""2026-10-01"", ""reference_url"": ""https://portal.inmet.gov.br/uploads/dadoshistoricos/2019.zip"", ""method"": ""agregação anual observada por estação + IDW municipal em EPSG:31985; p=2; 3-6 estações; raio <=300 km; controle mínimo de completude"", ""verified"": true}"
2601706,2019,22.524806736972142,415.37258294416176,"{""temperatura_media_c"": {""n_estacoes"": 6, ""nearest_distance_km"": 43.2, ""max_distance_km"": 146.84, ""stations"": [""INMET_NE_PE_A341_CARUARU_01-01-2019_A_31-12-2019"", ""INMET_NE_PE_A322_GARANHUNS_01-01-2019_A_31-12-2019"", ""INMET_NE_PE_A309_ARCO VERDE_01-01-2019_A_31-12-2019"", ""INMET_NE_PE_A328_SURUBIM_01-01-2019_A_31-12-2019"", ""INMET_NE_PE_A357_PALMARES_01-01-2019_A_31-12-2019"", ""INMET_NE_PE_A349_IBIMIRIM_01-01-2019_A_31-12-2019""], ""method"": ""IDW p=2; até 6 estações; raio máximo 300 km""}, ""precipitacao_anual_mm"": {""n_estacoes"": 6, ""nearest_distance_km"": 43.2, ""max_distance_km"": 146.84, ""stations"": [""INMET_NE_PE_A341_CARUARU_01-01-2019_A_31-12-2019"", ""INMET_NE_PE_A322_GARANHUNS_01-01-2019_A_31-12-2019"", ""INMET_NE_PE_A309_ARCO VERDE_01-01-2019_A_31-12-2019"", ""INMET_NE_PE_A328_SURUBIM_01-01-2019_A_31-12-2019"", ""INMET_NE_PE_A357_PALMARES_01-01-2019_A_31-12-2019"", ""INMET_NE_PE_A349_IBIMIRIM_01-01-2019_A_31-12-2019""], ""method"": ""IDW p=2; até 6 estações; raio máximo 300 km""}}","{""organization"": ""INMET"", ""dataset"": ""Dados Históricos Anuais - estações automáticas"", ""version"": ""2019"", ""retrieved_at"": ""2026-10-01"", ""reference_url"": ""https://portal.inmet.gov.br/uploads/dadoshistoricos/2019.zip"", ""method"": ""agregação anual observada por estação + IDW municipal em EPSG:31985; p=2; 3-6 estações; raio <=300 km; controle mínimo de completude"", ""verified"": true}"
2601805,2019,26.42602720107995,384.5039908413633,"{""temperatura_media_c"": {""n_estacoes"": 6, ""nearest_distance_km"": 40.79, ""max_distance_km"": 149.24, ""stations"": [""INMET_NE_PE_A349_IBIMIRIM_01-01-2019_A_31-12-2019"", ""INMET_NE_PE_A350_SERRA TALHADA_01-01-2019_A_31-12-2019"", ""INMET_NE_PE_A351_FLORESTA_01-01-2019_A_31-12-2019"", ""INMET_NE_PE_A309_ARCO VERDE_01-01-2019_A_31-12-2019"", ""INMET_NE_PE_A370_SALGUEIRO_01-01-2019_A_31-12-2019"", ""INMET_NE_PE_A329_CABROBO_01-01-2019_A_31-12-2019""], ""method"": ""IDW p=2; até 6 estações; raio máximo 300 km""}, ""precipitacao_anual_mm"": {""n_estacoes"": 6, ""nearest_distance_km"": 40.79, ""max_distance_km"": 149.24, ""stations"": [""INMET_NE_PE_A349_IBIMIRIM_01-01-2019_A_31-12-2019"", ""INMET_NE_PE_A350_SERRA TALHADA_01-01-2019_A_31-12-2019"", ""INMET_NE_PE_A351_FLORESTA_01-01-2019_A_31-12-2019"", ""INMET_NE_PE_A309_ARCO VERDE_01-01-2019_A_31-12-2019"", ""INMET_NE_PE_A370_SALGUEIRO_01-01-2019_A_31-12-2019"", ""INMET_NE_PE_A329_CABROBO_01-01-2019_A_31-12-2019""], ""method"": ""IDW p=2; até 6 estações; raio máximo 300 km""}}","{""organization"": ""INMET"", ""dataset"": ""Dados Históricos Anuais - estações automáticas"", ""version"": ""2019"", ""retrieved_at"": ""2026-10-01"", ""reference_url"": ""https://portal.inmet.gov.br/uploads/dadoshistoricos/2019.zip"", ""method"": ""agregação anual observada por estação + IDW municipal em EPSG:31985; p=2; 3-6 estações; raio <=300 km; controle mínimo de completude"", ""verified"": true}"
2601904,2019,22.869656622476363,405.3750093547671,"{""temperatura_media_c"": {""n_estacoes"": 6, ""nearest_distance_km"": 31.66, ""max_distance_km"": 142.47, ""stations"": [""INMET_NE_PE_A341_CARUARU_01-01-2019_A_31-12-2019"", ""INMET_NE_PE_A328_SURUBIM_01-01-2019_A_31-12-2019"", ""INMET_NE_PE_A357_PALMARES_01-01-2019_A_31-12-2019"", ""INMET_NE_PE_A301_RECIFE_01-01-2019_A_31-12-2019"", ""INMET_NE_PE_A322_GARANHUNS_01-01-2019_A_31-12-2019"", ""INMET_NE_PE_A309_ARCO VERDE_01-01-2019_A_31-12-2019""], ""method"": ""IDW p=2; até 6 estações; raio máximo 300 km""}, ""precipitacao_anual_mm"": {""n_estacoes"": 6, ""nearest_distance_km"": 31.66, ""max_distance_km"": 142.47, ""stations"": [""INMET_NE_PE_A341_CARUARU_01-01-2019_A_31-12-2019"", ""INMET_NE_PE_A328_SURUBIM_01-01-2019_A_31-12-2019"", ""INMET_NE_PE_A357_PALMARES_01-01-2019_A_31-12-2019"", ""INMET_NE_PE_A301_RECIFE_01-01-2019_A_31-12-2019"", ""INMET_NE_PE_A322_GARANHUNS_01-01-2019_A_31-12-2019"", ""INMET_NE_PE_A309_ARCO VERDE_01-01-2019_A_31-12-2019""], ""method"": ""IDW p=2; até 6 estações; raio máximo 300 km""}}","{""organization"": ""INMET"", ""dataset"": ""Dados Históricos Anuais - estações automáticas"", ""version"": ""2019"", ""retrieved_at"": ""2026-10-01"", ""reference_url"": ""https://portal.inmet.gov.br/uploads/dadoshistoricos/2019.zip"", ""method"": ""agregação anual observada por estação + IDW municipal em EPSG:31985; p=2; 3-6 estações; raio <=300 km; controle mínimo de completude"", ""verified"": true}"
2602001,2019,26.838401437515543,216.98965388479652,"{""temperatura_media_c"": {""n_estacoes"": 6, ""nearest_distance_km"": 29.79, ""max_distance_km"": 202.69, ""stations"": [""INMET_NE_PE_A366_OURICURI_01-01-2019_A_31-12-2019"", ""INMET_NE_PE_A370_SALGUEIRO_01-01-2019_A_31-12-2019"", ""INMET_NE_PE_A329_CABROBO_01-01-2019_A_31-12-2019"", ""INMET_NE_PE_A351_FLORESTA_01-01-2019_A_31-12-2019"", ""INMET_NE_PE_A350_SERRA TALHADA_01-01-2019_A_31-12-2019"", ""INMET_NE_PE_A307_PETROLINA_01-01-2019_A_31-12-2019""], ""method"": ""IDW p=2; até 6 estações; raio máximo 300 km""}, ""precipitacao_anual_mm"": {""n_estacoes"": 6, ""nearest_distance_km"": 29.79, ""max_distance_km"": 202.69, ""stations"": [""INMET_NE_PE_A366_OURICURI_01-01-2019_A_31-12-2019"", ""INMET_NE_PE_A370_SALGUEIRO_01-01-2019_A_31-12-2019"", ""INMET_NE_PE_A329_CABROBO_01-01-2019_A_31-12-2019"", ""INMET_NE_PE_A351_FLORESTA_01-01-2019_A_31-12-2019"", ""INMET_NE_PE_A350_SERRA TALHADA_01-01-2019_A_31-12-2019"", ""INMET_NE_PE_A307_PETROLINA_01-01-2019_A_31-12-2019""], ""method"": ""IDW p=2; até 6 estações; raio máximo 300 km""}}","{""organization"": ""INMET"", ""dataset"": ""Dados Históricos Anuais - estações automáticas"", ""version"": ""2019"", ""retrieved_at"": ""2026-10-01"", ""reference_url"": ""https://portal.inmet.gov.br/uploads/dadoshistoricos/2019.zip"", ""method"": ""agregação anual observada por estação + IDW municipal em EPSG:31985; p=2; 3-6 estações; raio <=300 km; controle mínimo de completude"", ""verified"": true}"
2602100,2019,22.39108906509708,564.6444317888398,"{""temperatura_media_c"": {""n_estacoes"": 6, ""nearest_distance_km"": 38.54, ""max_distance_km"": 179.58, ""stations"": [""INMET_NE_PE_A322_GARANHUNS_01-01-2019_A_31-12-2019"", ""INMET_NE_PE_A309_ARCO VERDE_01-01-2019_A_31-12-2019"", ""INMET_NE_PE_A341_CARUARU_01-01-2019_A_31-12-2019"", ""INMET_NE_PE_A357_PALMARES_01-01-2019_A_31-12-2019"", ""INMET_NE_PE_A349_IBIMIRIM_01-01-2019_A_31-12-2019"", ""INMET_NE_PE_A328_SURUBIM_01-01-2019_A_31-12-2019""], ""method"": ""IDW p=2; até 6 estações; raio máximo 300 km""}, ""precipitacao_anual_mm"": {""n_estacoes"": 6, ""nearest_distance_km"": 38.54, ""max_distance_km"": 179.58, ""stations"": [""INMET_NE_PE_A322_GARANHUNS_01-01-2019_A_31-12-2019"", ""INMET_NE_PE_A309_ARCO VERDE_01-01-2019_A_31-12-2019"", ""INMET_NE_PE_A341_CARUARU_01-01-2019_A_31-12-2019"", ""INMET_NE_PE_A357_PALMARES_01-01-2019_A_31-12-2019"", ""INMET_NE_PE_A349_IBIMIRIM_01-01-2019_A_31-12-2019"", ""INMET_NE_PE_A328_SURUBIM_01-01-2019_A_31-12-2019""], ""method"": ""IDW p=2; até 6 estações; raio máximo 300 km""}}","{""organization"": ""INMET"", ""dataset"": ""Dados Históricos Anuais - estações automáticas"", ""version"": ""2019"", ""retrieved_at"": ""2026-10-01"", ""reference_url"": ""https://portal.inmet.gov.br/uploads/dadoshistoricos/2019.zip"", ""method"": ""agregação anual observada por estação + IDW municipal em EPSG:31985; p=2; 3-6 estações; raio <=300 km; controle mínimo de completude"", ""verified"": true}"
2602209,2019,24.306530075007245,229.7712806653235,"{""temperatura_media_c"": {""n_estacoes"": 6, ""nearest_distance_km"": 24.18, ""max_distance_km"": 177.02, ""stations"": [""INMET_NE_PE_A328_SURUBIM_01-01-2019_A_31-12-2019"", ""INMET_NE_PE_A301_RECIFE_01-01-2019_A_31-12-2019"", ""INMET_NE_PE_A341_CARUARU_01-01-2019_A_31-12-2019"", ""INMET_NE_PE_A357_PALMARES_01-01-2019_A_31-12-2019"", ""INMET_NE_PE_A322_GARANHUNS_01-01-2019_A_31-12-2019"", ""INMET_NE_PE_A309_ARCO VERDE_01-01-2019_A_31-12-2019""], ""method"": ""IDW p=2; até 6 estações; raio máximo 300 km""}, ""precipitacao_anual_mm"": {""n_estacoes"": 6, ""nearest_distance_km"": 24.18, ""max_distance_km"": 177.02, ""stations"": [""INMET_NE_PE_A328_SURUBIM_01-01-2019_A_31-12-2019"", ""INMET_NE_PE_A301_RECIFE_01-01-2019_A_31-12-2019"", ""INMET_NE_PE_A341_CARUARU_01-01-2019_A_31-12-2019"", ""INMET_NE_PE_A357_PALMARES_01-01-2019_A_31-12-2019"", ""INMET_NE_PE_A322_GARANHUNS_01-01-2019_A_31-12-2019"", ""INMET_NE_PE_A309_ARCO VERDE_01-01-2019_A_31-12-2019""], ""method"": ""IDW p=2; até 6 estações; raio máximo 300 km""}}","{""organization"": ""INMET"", ""dataset"": ""Dados Históricos Anuais - estações automáticas"", ""version"": ""2019"", ""retrieved_at"": ""2026-10-01"", ""reference_url"": ""https://portal.inmet.gov.br/uploads/dadoshistoricos/2019.zip"", ""method"": ""agregação anual observada por estação + IDW municipal em EPSG:31985; p=2; 3-6 estações; raio <=300 km; controle mínimo de completude"", ""verified"": true}"
2602308,2019,23.62653590995232,338.1331391700274,"{""temperatura_media_c"": {""n_estacoes"": 6, ""nearest_distance_km"": 24.39, ""max_distance_km"": 148.79, ""stations"": [""INMET_NE_PE_A357_PALMARES_01-01-2019_A_31-12-2019"", ""INMET_NE_PE_A341_CARUARU_01-01-2019_A_31-12-2019"", ""INMET_NE_PE_A328_SURUBIM_01-01-2019_A_31-12-2019"", ""INMET_NE_PE_A301_RECIFE_01-01-2019_A_31-12-2019"", ""INMET_NE_PE_A322_GARANHUNS_01-01-2019_A_31-12-2019"", ""INMET_NE_PE_A309_ARCO VERDE_01-01-2019_A_31-12-2019""], ""method"": ""IDW p=2; até 6 estações; raio máximo 300 km""}, ""precipitacao_anual_mm"": {""n_estacoes"": 6, ""nearest_distance_km"": 24.39, ""max_distance_km"": 148.79, ""stations"": [""INMET_NE_PE_A357_PALMARES_01-01-2019_A_31-12-2019"", ""INMET_NE_PE_A341_CARUARU_01-01-2019_A_31-12-2019"", ""INMET_NE_PE_A328_SURUBIM_01-01-2019_A_31-12-2019"", ""INMET_NE_PE_A301_RECIFE_01-01-2019_A_31-12-2019"", ""INMET_NE_PE_A322_GARANHUNS_01-01-2019_A_31-12-2019"", ""INMET_NE_PE_A309_ARCO VERDE_01-01-2019_A_31-12-2019""], ""method"": ""IDW p=2; até 6 estações; raio máximo 300 km""}}","{""organization"": ""INMET"", ""dataset"": ""Dados Históricos Anuais - estações automáticas"", ""version"": ""2019"", ""retrieved_at"": ""2026-10-01"", ""reference_url"": ""https://portal.inmet.gov.br/uploads/dadoshistoricos/2019.zip"", ""method"": ""agregação anual observada por estação + IDW municipal em EPSG:31985; p=2; 3-6 estações; raio <=300 km; controle mínimo de completude"", ""verified"": true}"
2602407,2019,21.812584019775784,654.4206435980648,"{""temperatura_media_c"": {""n_estacoes"": 6, ""nearest_distance_km"": 13.44, ""max_distance_km"": 154.04, ""stations"": [""INMET_NE_PE_A322_GARANHUNS_01-01-2019_A_31-12-2019"", ""INMET_NE_PE_A309_ARCO VERDE_01-01-2019_A_31-12-2019"", ""INMET_NE_PE_A341_CARUARU_01-01-2019_A_31-12-2019"", ""INMET_NE_PE_A357_PALMARES_01-01-2019_A_31-12-2019"", ""INMET_NE_PE_A349_IBIMIRIM_01-01-2019_A_31-12-2019"", ""INMET_NE_PE_A328_SURUBIM_01-01-2019_A_31-12-2019""], ""method"": ""IDW p=2; até 6 estações; raio máximo 300 km""}, ""precipitacao_anual_mm"": {""n_estacoes"": 6, ""nearest_distance_km"": 13.44, ""max_distance_km"": 154.04, ""stations"": [""INMET_NE_PE_A322_GARANHUNS_01-01-2019_A_31-12-2019"", ""INMET_NE_PE_A309_ARCO VERDE_01-01-2019_A_31-12-2019"", ""INMET_NE_PE_A341_CARUARU_01-01-2019_A_31-12-2019"", ""INMET_NE_PE_A357_PALMARES_01-01-2019_A_31-12-2019"", ""INMET_NE_PE_A349_IBIMIRIM_01-01-2019_A_31-12-2019"", ""INMET_NE_PE_A328_SURUBIM_01-01-2019_A_31-12-2019""], ""method"": ""IDW p=2; até 6 estações; raio máximo 300 km""}}","{""organization"": ""INMET"", ""dataset"": ""Dados Históricos Anuais - estações automáticas"", ""version"": ""2019"", ""retrieved_at"": ""2026-10-01"", ""reference_url"": ""https://portal.inmet.gov.br/uploads/dadoshistoricos/2019.zip"", ""method"": ""agregação anual observada por estação + IDW municipal em EPSG:31985; p=2; 3-6 estações; raio <=300 km; controle mínimo de completude"", ""verified"": true}"
2602506,2019,24.506585787542818,421.8901494350136,"{""temperatura_media_c"": {""n_estacoes"": 6, ""nearest_distance_km"": 125.08, ""max_distance_km"": 196.93, ""stations"": [""INMET_NE_PE_A309_ARCO VERDE_01-01-2019_A_31-12-2019"", ""INMET_NE_PE_A350_SERRA TALHADA_01-01-2019_A_31-12-2019"", ""INMET_NE_PE_A349_IBIMIRIM_01-01-2019_A_31-12-2019"", ""INMET_NE_PE_A328_SURUBIM_01-01-2019_A_31-12-2019"", ""INMET_NE_PE_A341_CARUARU_01-01-2019_A_31-12-2019"", ""INMET_NE_PE_A322_GARANHUNS_01-01-2019_A_31-12-2019""], ""method"": ""IDW p=2; até 6 estações; raio máximo 300 km""}, ""precipitacao_anual_mm"": {""n_estacoes"": 6, ""nearest_distance_km"": 125.08, ""max_distance_km"": 196.93, ""stations"": [""INMET_NE_PE_A309_ARCO VERDE_01-01-2019_A_31-12-2019"", ""INMET_NE_PE_A350_SERRA TALHADA_01-01-2019_A_31-12-2019"", ""INMET_NE_PE_A349_IBIMIRIM_01-01-2019_A_31-12-2019"", ""INMET_NE_PE_A328_SURUBIM_01-01-2019_A_31-12-2019"", ""INMET_NE_PE_A341_CARUARU_01-01-2019_A_31-12-2019"", ""INMET_NE_PE_A322_GARANHUNS_01-01-2019_A_31-12-2019""], ""method"": ""IDW p=2; até 6 estações; raio máximo 300 km""}}","{""organization"": ""INMET"", ""dataset"": ""Dados Históricos Anuais - estações automáticas"", ""version"": ""2019"", ""retrieved_at"": ""2026-10-01"", ""reference_url"": ""https://portal.inmet.gov.br/uploads/dadoshistoricos/2019.zip"", ""method"": ""agregação anual observada por estação + IDW municipal em EPSG:31985; p=2; 3-6 estações; raio <=300 km; controle mínimo de completude"", ""verified"": true}"
2602605,2019,22.678815064097673,425.41190156792675,"{""temperatura_media_c"": {""n_estacoes"": 6, ""nearest_distance_km"": 42.52, ""max_distance_km"": 145.84, ""stations"": [""INMET_NE_PE_A341_CARUARU_01-01-2019_A_31-12-2019"", ""INMET_NE_PE_A328_SURUBIM_01-01-2019_A_31-12-2019"", ""INMET_NE_PE_A309_ARCO VERDE_01-01-2019_A_31-12-2019"", ""INMET_NE_PE_A322_GARANHUNS_01-01-2019_A_31-12-2019"", ""INMET_NE_PE_A357_PALMARES_01-01-2019_A_31-12-2019"", ""INMET_NE_PE_A301_RECIFE_01-01-2019_A_31-12-2019""], ""method"": ""IDW p=2; até 6 estações; raio máximo 300 km""}, ""precipitacao_anual_mm"": {""n_estacoes"": 6, ""nearest_distance_km"": 42.52, ""max_distance_km"": 145.84, ""stations"": [""INMET_NE_PE_A341_CARUARU_01-01-2019_A_31-12-2019"", ""INMET_NE_PE_A328_SURUBIM_01-01-2019_A_31-12-2019"", ""INMET_NE_PE_A309_ARCO VERDE_01-01-2019_A_31-12-2019"", ""INMET_NE_PE_A322_GARANHUNS_01-01-2019_A_31-12-2019"", ""INMET_NE_PE_A357_PALMARES_01-01-2019_A_31-12-2019"", ""INMET_NE_PE_A301_RECIFE_01-01-2019_A_31-12-2019""], ""method"": ""IDW p=2; até 6 estações; raio máximo 300 km""}}","{""organization"": ""INMET"", ""dataset"": ""Dados Históricos Anuais - estações automáticas"", ""version"": ""2019"", ""retrieved_at"": ""2026-10-01"", ""reference_url"": ""https://portal.inmet.gov.br/uploads/dadoshistoricos/2019.zip"", ""method"": ""agregação anual observada por estação + IDW municipal em EPSG:31985; p=2; 3-6 estações; raio <=300 km; controle mínimo de completude"", ""verified"": true}"
2602704,2019,24.543969778304973,816.0671712909852,"{""temperatura_media_c"": {""n_estacoes"": 6, ""nearest_distance_km"": 51.34, ""max_distance_km"": 203.63, ""stations"": [""INMET_NE_PE_A328_SURUBIM_01-01-2019_A_31-12-2019"", ""INMET_NE_PE_A301_RECIFE_01-01-2019_A_31-12-2019"", ""INMET_NE_PE_A341_CARUARU_01-01-2019_A_31-12-2019"", ""INMET_NE_PE_A357_PALMARES_01-01-2019_A_31-12-2019"", ""INMET_NE_PE_A322_GARANHUNS_01-01-2019_A_31-12-2019"", ""INMET_NE_PE_A309_ARCO VERDE_01-01-2019_A_31-12-2019""], ""method"": ""IDW p=2; até 6 estações; raio máximo 300 km""}, ""precipitacao_anual_mm"": {""n_estacoes"": 6, ""nearest_distance_km"": 51.34, ""max_distance_km"": 203.63, ""stations"": [""INMET_NE_PE_A328_SURUBIM_01-01-2019_A_31-12-2019"", ""INMET_NE_PE_A301_RECIFE_01-01-2019_A_31-12-2019"", ""INMET_NE_PE_A341_CARUARU_01-01-2019_A_31-12-2019"", ""INMET_NE_PE_A357_PALMARES_01-01-2019_A_31-12-2019"", ""INMET_NE_PE_A322_GARANHUNS_01-01-2019_A_31-12-2019"", ""INMET_NE_PE_A309_ARCO VERDE_01-01-2019_A_31-12-2019""], ""method"": ""IDW p=2; até 6 estações; raio máximo 300 km""}}","{""organization"": ""INMET"", ""dataset"": ""Dados Históricos Anuais - estações automáticas"", ""version"": ""2019"", ""retrieved_at"": ""2026-10-01"", ""reference_url"": ""https://portal.inmet.gov.br/uploads/dadoshistoricos/2019.zip"", ""method"": ""agregação anual observada por estação + IDW municipal em EPSG:31985; p=2; 3-6 estações; raio <=300 km; controle mínimo de completude"", ""verified"": true}"
2602803,2019,24.06544676947467,453.1079762792074,"{""temperatura_media_c"": {""n_estacoes"": 6, ""nearest_distance_km"": 24.95, ""max_distance_km"": 161.65, ""stations"": [""INMET_NE_PE_A309_ARCO VERDE_01-01-2019_A_31-12-2019"", ""INMET_NE_PE_A349_IBIMIRIM_01-01-2019_A_31-12-2019"", ""INMET_NE_PE_A322_GARANHUNS_01-01-2019_A_31-12-2019"", ""INMET_NE_PE_A341_CARUARU_01-01-2019_A_31-12-2019"", ""INMET_NE_PE_A350_SERRA TALHADA_01-01-2019_A_31-12-2019"", ""INMET_NE_PE_A351_FLORESTA_01-01-2019_A_31-12-2019""], ""method"": ""IDW p=2; até 6 estações; raio máximo 300 km""}, ""precipitacao_anual_mm"": {""n_estacoes"": 6, ""nearest_distance_km"": 24.95, ""max_distance_km"": 161.65, ""stations"": [""INMET_NE_PE_A309_ARCO VERDE_01-01-2019_A_31-12-2019"", ""INMET_NE_PE_A349_IBIMIRIM_01-01-2019_A_31-12-2019"", ""INMET_NE_PE_A322_GARANHUNS_01-01-2019_A_31-12-2019"", ""INMET_NE_PE_A341_CARUARU_01-01-2019_A_31-12-2019"", ""INMET_NE_PE_A350_SERRA TALHADA_01-01-2019_A_31-12-2019"", ""INMET_NE_PE_A351_FLORESTA_01-01-2019_A_31-12-2019""], ""method"": ""IDW p=2; até 6 estações; raio máximo 300 km""}}","{""organization"": ""INMET"", ""dataset"": ""Dados Históricos Anuais - estações automáticas"", ""version"": ""2019"", ""retrieved_at"": ""2026-10-01"", ""reference_url"": ""https://portal.inmet.gov.br/uploads/dadoshistoricos/2019.zip"", ""method"": ""agregação anual observada por estação + IDW municipal em EPSG:31985; p=2; 3-6 estações; raio <=300 km; controle mínimo de completude"", ""verified"": true}"
2602902,2019,25.35226958868109,1605.7915494335232,"{""temperatura_media_c"": {""n_estacoes"": 6, ""nearest_distance_km"": 27.1, ""max_distance_km"": 217.93, ""stations"": [""INMET_NE_PE_A301_RECIFE_01-01-2019_A_31-12-2019"", ""INMET_NE_PE_A357_PALMARES_01-01-2019_A_31-12-2019"", ""INMET_NE_PE_A328_SURUBIM_01-01-2019_A_31-12-2019"", ""INMET_NE_PE_A341_CARUARU_01-01-2019_A_31-12-2019"", ""INMET_NE_PE_A322_GARANHUNS_01-01-2019_A_31-12-2019"", ""INMET_NE_PE_A309_ARCO VERDE_01-01-2019_A_31-12-2019""], ""method"": ""IDW p=2; até 6 estações; raio máximo 300 km""}, ""precipitacao_anual_mm"": {""n_estacoes"": 6, ""nearest_distance_km"": 27.1, ""max_distance_km"": 217.93, ""stations"": [""INMET_NE_PE_A301_RECIFE_01-01-2019_A_31-12-2019"", ""INMET_NE_PE_A357_PALMARES_01-01-2019_A_31-12-2019"", ""INMET_NE_PE_A328_SURUBIM_01-01-2019_A_31-12-2019"", ""INMET_NE_PE_A341_CARUARU_01-01-2019_A_31-12-2019"", ""INMET_NE_PE_A322_GARANHUNS_01-01-2019_A_31-12-2019"", ""INMET_NE_PE_A309_ARCO VERDE_01-01-2019_A_31-12-2019""], ""method"": ""IDW p=2; até 6 estações; raio máximo 300 km""}}","{""organization"": ""INMET"", ""dataset"": ""Dados Históricos Anuais - estações automáticas"", ""version"": ""2019"", ""retrieved_at"": ""2026-10-01"", ""reference_url"": ""https://portal.inmet.gov.br/uploads/dadoshistoricos/2019.zip"", ""method"": ""agregação anual observada por estação + IDW municipal em EPSG:31985; p=2; 3-6 estações; raio <=300 km; controle mínimo de completude"", ""verified"": true}"
2603009,2019,27.44957483682209,323.9392302852629,"{""temperatura_media_c"": {""n_estacoes"": 6, ""nearest_distance_km"": 13.17, ""max_distance_km"": 172.98, ""stations"": [""INMET_NE_PE_A329_CABROBO_01-01-2019_A_31-12-2019"", ""INMET_NE_PE_A370_SALGUEIRO_01-01-2019_A_31-12-2019"", ""INMET_NE_PE_A351_FLORESTA_01-01-2019_A_31-12-2019"", ""INMET_NE_PE_A366_OURICURI_01-01-2019_A_31-12-2019"", ""INMET_NE_PE_A350_SERRA TALHADA_01-01-2019_A_31-12-2019"", ""INMET_NE_PE_A307_PETROLINA_01-01-2019_A_31-12-2019""], ""method"": ""IDW p=2; até 6 estações; raio máximo 300 km""}, ""precipitacao_anual_mm"": {""n_estacoes"": 6, ""nearest_distance_km"": 13.17, ""max_distance_km"": 172.98, ""stations"": [""INMET_NE_PE_A329_CABROBO_01-01-2019_A_31-12-2019"", ""INMET_NE_PE_A370_SALGUEIRO_01-01-2019_A_31-12-2019"", ""INMET_NE_PE_A351_FLORESTA_01-01-2019_A_31-12-2019"", ""INMET_NE_PE_A366_OURICURI_01-01-2019_A_31-12-2019"", ""INMET_NE_PE_A350_SERRA TALHADA_01-01-2019_A_31-12-2019"", ""INMET_NE_PE_A307_PETROLINA_01-01-2019_A_31-12-2019""], ""method"": ""IDW p=2; até 6 estações; raio máximo 300 km""}}","{""organization"": ""INMET"", ""dataset"": ""Dados Históricos Anuais - estações automáticas"", ""version"": ""2019"", ""retrieved_at"": ""2026-10-01"", ""reference_url"": ""https://portal.inmet.gov.br/uploads/dadoshistoricos/2019.zip"", ""method"": ""agregação anual observada por estação + IDW municipal em EPSG:31985; p=2; 3-6 estações; raio <=300 km; controle mínimo de completude"", ""verified"": true}"
2603108,2019,22.056587692054165,502.43215698374445,"{""temperatura_media_c"": {""n_estacoes"": 6, ""nearest_distance_km"": 31.84, ""max_distance_km"": 154.18, ""stations"": [""INMET_NE_PE_A341_CARUARU_01-01-2019_A_31-12-2019"", ""INMET_NE_PE_A322_GARANHUNS_01-01-2019_A_31-12-2019"", ""INMET_NE_PE_A357_PALMARES_01-01-2019_A_31-12-2019"", ""INMET_NE_PE_A309_ARCO VERDE_01-01-2019_A_31-12-2019"", ""INMET_NE_PE_A328_SURUBIM_01-01-2019_A_31-12-2019"", ""INMET_NE_PE_A301_RECIFE_01-01-2019_A_31-12-2019""], ""method"": ""IDW p=2; até 6 estações; raio máximo 300 km""}, ""precipitacao_anual_mm"": {""n_estacoes"": 6, ""nearest_distance_km"": 31.84, ""max_distance_km"": 154.18, ""stations"": [""INMET_NE_PE_A341_CARUARU_01-01-2019_A_31-12-2019"", ""INMET_NE_PE_A322_GARANHUNS_01-01-2019_A_31-12-2019"", ""INMET_NE_PE_A357_PALMARES_01-01-2019_A_31-12-2019"", ""INMET_NE_PE_A309_ARCO VERDE_01-01-2019_A_31-12-2019"", ""INMET_NE_PE_A328_SURUBIM_01-01-2019_A_31-12-2019"", ""INMET_NE_PE_A301_RECIFE_01-01-2019_A_31-12-2019""], ""method"": ""IDW p=2; até 6 estações; raio máximo 300 km""}}","{""organization"": ""INMET"", ""dataset"": ""Dados Históricos Anuais - estações automáticas"", ""version"": ""2019"", ""retrieved_at"": ""2026-10-01"", ""reference_url"": ""https://portal.inmet.gov.br/uploads/dadoshistoricos/2019.zip"", ""method"": ""agregação anual observada por estação + IDW municipal em EPSG:31985; p=2; 3-6 estações; raio <=300 km; controle mínimo de completude"", ""verified"": true}"
2603207,2019,22.12678038556917,608.7430186789369,"{""temperatura_media_c"": {""n_estacoes"": 6, ""nearest_distance_km"": 21.78, ""max_distance_km"": 142.67, ""stations"": [""INMET_NE_PE_A322_GARANHUNS_01-01-2019_A_31-12-2019"", ""INMET_NE_PE_A309_ARCO VERDE_01-01-2019_A_31-12-2019"", ""INMET_NE_PE_A341_CARUARU_01-01-2019_A_31-12-2019"", ""INMET_NE_PE_A349_IBIMIRIM_01-01-2019_A_31-12-2019"", ""INMET_NE_PE_A357_PALMARES_01-01-2019_A_31-12-2019"", ""INMET_NE_PE_A328_SURUBIM_01-01-2019_A_31-12-2019""], ""method"": ""IDW p=2; até 6 estações; raio máximo 300 km""}, ""precipitacao_anual_mm"": {""n_estacoes"": 6, ""nearest_distance_km"": 21.78, ""max_distance_km"": 142.67, ""stations"": [""INMET_NE_PE_A322_GARANHUNS_01-01-2019_A_31-12-2019"", ""INMET_NE_PE_A309_ARCO VERDE_01-01-2019_A_31-12-2019"", ""INMET_NE_PE_A341_CARUARU_01-01-2019_A_31-12-2019"", ""INMET_NE_PE_A349_IBIMIRIM_01-01-2019_A_31-12-2019"", ""INMET_NE_PE_A357_PALMARES_01-01-2019_A_31-12-2019"", ""INMET_NE_PE_A328_SURUBIM_01-01-2019_A_31-12-2019""], ""method"": ""IDW p=2; até 6 estações; raio máximo 300 km""}}","{""organization"": ""INMET"", ""dataset"": ""Dados Históricos Anuais - estações automáticas"", ""version"": ""2019"", ""retrieved_at"": ""2026-10-01"", ""reference_url"": ""https://portal.inmet.gov.br/uploads/dadoshistoricos/2019.zip"", ""method"": ""agregação anual observada por estação + IDW municipal em EPSG:31985; p=2; 3-6 estações; raio <=300 km; controle mínimo de completude"", ""verified"": true}"
2603306,2019,22.083533807918013,571.5343391569542,"{""temperatura_media_c"": {""n_estacoes"": 6, ""nearest_distance_km"": 25.94, ""max_distance_km"": 155.61, ""stations"": [""INMET_NE_PE_A322_GARANHUNS_01-01-2019_A_31-12-2019"", ""INMET_NE_PE_A341_CARUARU_01-01-2019_A_31-12-2019"", ""INMET_NE_PE_A357_PALMARES_01-01-2019_A_31-12-2019"", ""INMET_NE_PE_A309_ARCO VERDE_01-01-2019_A_31-12-2019"", ""INMET_NE_PE_A328_SURUBIM_01-01-2019_A_31-12-2019"", ""INMET_NE_PE_A349_IBIMIRIM_01-01-2019_A_31-12-2019""], ""method"": ""IDW p=2; até 6 estações; raio máximo 300 km""}, ""precipitacao_anual_mm"": {""n_estacoes"": 6, ""nearest_distance_km"": 25.94, ""max_distance_km"": 155.61, ""stations"": [""INMET_NE_PE_A322_GARANHUNS_01-01-2019_A_31-12-2019"", ""INMET_NE_PE_A341_CARUARU_01-01-2019_A_31-12-2019"", ""INMET_NE_PE_A357_PALMARES_01-01-2019_A_31-12-2019"", ""INMET_NE_PE_A309_ARCO VERDE_01-01-2019_A_31-12-2019"", ""INMET_NE_PE_A328_SURUBIM_01-01-2019_A_31-12-2019"", ""INMET_NE_PE_A349_IBIMIRIM_01-01-2019_A_31-12-2019""], ""method"": ""IDW p=2; até 6 estações; raio máximo 300 km""}}","{""organization"": ""INMET"", ""dataset"": ""Dados Históricos Anuais - estações automáticas"", ""version"": ""2019"", ""retrieved_at"": ""2026-10-01"", ""reference_url"": ""https://portal.inmet.gov.br/uploads/dadoshistoricos/2019.zip"", ""method"": ""agregação anual observada por estação + IDW municipal em EPSG:31985; p=2; 3-6 estações; raio <=300 km; controle mínimo de completude"", ""verified"": true}"
2603405,2019,26.3142397008789,592.9435381252118,"{""temperatura_media_c"": {""n_estacoes"": 6, ""nearest_distance_km"": 24.57, ""max_distance_km"": 147.7, ""stations"": [""INMET_NE_PE_A350_SERRA TALHADA_01-01-2019_A_31-12-2019"", ""INMET_NE_PE_A349_IBIMIRIM_01-01-2019_A_31-12-2019"", ""INMET_NE_PE_A351_FLORESTA_01-01-2019_A_31-12-2019"", ""INMET_NE_PE_A370_SALGUEIRO_01-01-2019_A_31-12-2019"", ""INMET_NE_PE_A309_ARCO VERDE_01-01-2019_A_31-12-2019"", ""INMET_NE_PE_A329_CABROBO_01-01-2019_A_31-12-2019""], ""method"": ""IDW p=2; até 6 estações; raio máximo 300 km""}, ""precipitacao_anual_mm"": {""n_estacoes"": 6, ""nearest_distance_km"": 24.57, ""max_distance_km"": 147.7, ""stations"": [""INMET_NE_PE_A350_SERRA TALHADA_01-01-2019_A_31-12-2019"", ""INMET_NE_PE_A349_IBIMIRIM_01-01-2019_A_31-12-2019"", ""INMET_NE_PE_A351_FLORESTA_01-01-2019_A_31-12-2019"", ""INMET_NE_PE_A370_SALGUEIRO_01-01-2019_A_31-12-2019"", ""INMET_NE_PE_A309_ARCO VERDE_01-01-2019_A_31-12-2019"", ""INMET_NE_PE_A329_CABROBO_01-01-2019_A_31-12-2019""], ""method"": ""IDW p=2; até 6 estações; raio máximo 300 km""}}","{""organization"": ""INMET"", ""dataset"": ""Dados Históricos Anuais - estações automáticas"", ""version"": ""2019"", ""retrieved_at"": ""2026-10-01"", ""reference_url"": ""https://portal.inmet.gov.br/uploads/dadoshistoricos/2019.zip"", ""method"": ""agregação anual observada por estação + IDW municipal em EPSG:31985; p=2; 3-6 estações; raio <=300 km; controle mínimo de completude"", ""verified"": true}"
2603454,2019,25.89278480480159,2032.3574839961066,"{""temperatura_media_c"": {""n_estacoes"": 6, ""nearest_distance_km"": 8.98, ""max_distance_km"": 232.5, ""stations"": [""INMET_NE_PE_A301_RECIFE_01-01-2019_A_31-12-2019"", ""INMET_NE_PE_A328_SURUBIM_01-01-2019_A_31-12-2019"", ""INMET_NE_PE_A357_PALMARES_01-01-2019_A_31-12-2019"", ""INMET_NE_PE_A341_CARUARU_01-01-2019_A_31-12-2019"", ""INMET_NE_PE_A322_GARANHUNS_01-01-2019_A_31-12-2019"", ""INMET_NE_PE_A309_ARCO VERDE_01-01-2019_A_31-12-2019""], ""method"": ""IDW p=2; até 6 estações; raio máximo 300 km""}, ""precipitacao_anual_mm"": {""n_estacoes"": 6, ""nearest_distance_km"": 8.98, ""max_distance_km"": 232.5, ""stations"": [""INMET_NE_PE_A301_RECIFE_01-01-2019_A_31-12-2019"", ""INMET_NE_PE_A328_SURUBIM_01-01-2019_A_31-12-2019"", ""INMET_NE_PE_A357_PALMARES_01-01-2019_A_31-12-2019"", ""INMET_NE_PE_A341_CARUARU_01-01-2019_A_31-12-2019"", ""INMET_NE_PE_A322_GARANHUNS_01-01-2019_A_31-12-2019"", ""INMET_NE_PE_A309_ARCO VERDE_01-01-2019_A_31-12-2019""], ""method"": ""IDW p=2; até 6 estações; raio máximo 300 km""}}","{""organization"": ""INMET"", ""dataset"": ""Dados Históricos Anuais - estações automáticas"", ""version"": ""2019"", ""retrieved_at"": ""2026-10-01"", ""reference_url"": ""https://portal.inmet.gov.br/uploads/dadoshistoricos/2019.zip"", ""method"": ""agregação anual observada por estação + IDW municipal em EPSG:31985; p=2; 3-6 estações; raio <=300 km; controle mínimo de completude"", ""verified"": true}"
2603504,2019,22.663976690675895,430.1369741762015,"{""temperatura_media_c"": {""n_estacoes"": 6, ""nearest_distance_km"": 28.3, ""max_distance_km"": 141.84, ""stations"": [""INMET_NE_PE_A341_CARUARU_01-01-2019_A_31-12-2019"", ""INMET_NE_PE_A357_PALMARES_01-01-2019_A_31-12-2019"", ""INMET_NE_PE_A328_SURUBIM_01-01-2019_A_31-12-2019"", ""INMET_NE_PE_A301_RECIFE_01-01-2019_A_31-12-2019"", ""INMET_NE_PE_A322_GARANHUNS_01-01-2019_A_31-12-2019"", ""INMET_NE_PE_A309_ARCO VERDE_01-01-2019_A_31-12-2019""], ""method"": ""IDW p=2; até 6 estações; raio máximo 300 km""}, ""precipitacao_anual_mm"": {""n_estacoes"": 6, ""nearest_distance_km"": 28.3, ""max_distance_km"": 141.84, ""stations"": [""INMET_NE_PE_A341_CARUARU_01-01-2019_A_31-12-2019"", ""INMET_NE_PE_A357_PALMARES_01-01-2019_A_31-12-2019"", ""INMET_NE_PE_A328_SURUBIM_01-01-2019_A_31-12-2019"", ""INMET_NE_PE_A301_RECIFE_01-01-2019_A_31-12-2019"", ""INMET_NE_PE_A322_GARANHUNS_01-01-2019_A_31-12-2019"", ""INMET_NE_PE_A309_ARCO VERDE_01-01-2019_A_31-12-2019""], ""method"": ""IDW p=2; até 6 estações; raio máximo 300 km""}}","{""organization"": ""INMET"", ""dataset"": ""Dados Históricos Anuais - estações automáticas"", ""version"": ""2019"", ""retrieved_at"": ""2026-10-01"", ""reference_url"": ""https://portal.inmet.gov.br/uploads/dadoshistoricos/2019.zip"", ""method"": ""agregação anual observada por estação + IDW municipal em EPSG:31985; p=2; 3-6 estações; raio <=300 km; controle mínimo de completude"", ""verified"": true}"
2603603,2019,24.419411103192196,782.4168189582076,"{""temperatura_media_c"": {""n_estacoes"": 6, ""nearest_distance_km"": 71.33, ""max_distance_km"": 223.24, ""stations"": [""INMET_NE_PE_A328_SURUBIM_01-01-2019_A_31-12-2019"", ""INMET_NE_PE_A301_RECIFE_01-01-2019_A_31-12-2019"", ""INMET_NE_PE_A341_CARUARU_01-01-2019_A_31-12-2019"", ""INMET_NE_PE_A357_PALMARES_01-01-2019_A_31-12-2019"", ""INMET_NE_PE_A322_GARANHUNS_01-01-2019_A_31-12-2019"", ""INMET_NE_PE_A309_ARCO VERDE_01-01-2019_A_31-12-2019""], ""method"": ""IDW p=2; até 6 estações; raio máximo 300 km""}, ""precipitacao_anual_mm"": {""n_estacoes"": 6, ""nearest_distance_km"": 71.33, ""max_distance_km"": 223.24, ""stations"": [""INMET_NE_PE_A328_SURUBIM_01-01-2019_A_31-12-2019"", ""INMET_NE_PE_A301_RECIFE_01-01-2019_A_31-12-2019"", ""INMET_NE_PE_A341_CARUARU_01-01-2019_A_31-12-2019"", ""INMET_NE_PE_A357_PALMARES_01-01-2019_A_31-12-2019"", ""INMET_NE_PE_A322_GARANHUNS_01-01-2019_A_31-12-2019"", ""INMET_NE_PE_A309_ARCO VERDE_01-01-2019_A_31-12-2019""], ""method"": ""IDW p=2; até 6 estações; raio máximo 300 km""}}","{""organization"": ""INMET"", ""dataset"": ""Dados Históricos Anuais - estações automáticas"", ""version"": ""2019"", ""retrieved_at"": ""2026-10-01"", ""reference_url"": ""https://portal.inmet.gov.br/uploads/dadoshistoricos/2019.zip"", ""method"": ""agregação anual observada por estação + IDW municipal em EPSG:31985; p=2; 3-6 estações; raio <=300 km; controle mínimo de completude"", ""verified"": true}"
2603702,2019,22.30915313020754,570.6590885958549,"{""temperatura_media_c"": {""n_estacoes"": 6, ""nearest_distance_km"": 34.91, ""max_distance_km"": 162.84, ""stations"": [""INMET_NE_PE_A322_GARANHUNS_01-01-2019_A_31-12-2019"", ""INMET_NE_PE_A341_CARUARU_01-01-2019_A_31-12-2019"", ""INMET_NE_PE_A357_PALMARES_01-01-2019_A_31-12-2019"", ""INMET_NE_PE_A309_ARCO VERDE_01-01-2019_A_31-12-2019"", ""INMET_NE_PE_A328_SURUBIM_01-01-2019_A_31-12-2019"", ""INMET_NE_PE_A301_RECIFE_01-01-2019_A_31-12-2019""], ""method"": ""IDW p=2; até 6 estações; raio máximo 300 km""}, ""precipitacao_anual_mm"": {""n_estacoes"": 6, ""nearest_distance_km"": 34.91, ""max_distance_km"": 162.84, ""stations"": [""INMET_NE_PE_A322_GARANHUNS_01-01-2019_A_31-12-2019"", ""INMET_NE_PE_A341_CARUARU_01-01-2019_A_31-12-2019"", ""INMET_NE_PE_A357_PALMARES_01-01-2019_A_31-12-2019"", ""INMET_NE_PE_A309_ARCO VERDE_01-01-2019_A_31-12-2019"", ""INMET_NE_PE_A328_SURUBIM_01-01-2019_A_31-12-2019"", ""INMET_NE_PE_A301_RECIFE_01-01-2019_A_31-12-2019""], ""method"": ""IDW p=2; até 6 estações; raio máximo 300 km""}}","{""organization"": ""INMET"", ""dataset"": ""Dados Históricos Anuais - estações automáticas"", ""version"": ""2019"", ""retrieved_at"": ""2026-10-01"", ""reference_url"": ""https://portal.inmet.gov.br/uploads/dadoshistoricos/2019.zip"", ""method"": ""agregação anual observada por estação + IDW municipal em EPSG:31985; p=2; 3-6 estações; raio <=300 km; controle mínimo de completude"", ""verified"": true}"
2603801,2019,22.308374179127213,572.7395089719565,"{""temperatura_media_c"": {""n_estacoes"": 6, ""nearest_distance_km"": 27.4, ""max_distance_km"": 128.64, ""stations"": [""INMET_NE_PE_A322_GARANHUNS_01-01-2019_A_31-12-2019"", ""INMET_NE_PE_A309_ARCO VERDE_01-01-2019_A_31-12-2019"", ""INMET_NE_PE_A341_CARUARU_01-01-2019_A_31-12-2019"", ""INMET_NE_PE_A357_PALMARES_01-01-2019_A_31-12-2019"", ""INMET_NE_PE_A349_IBIMIRIM_01-01-2019_A_31-12-2019"", ""INMET_NE_PE_A328_SURUBIM_01-01-2019_A_31-12-2019""], ""method"": ""IDW p=2; até 6 estações; raio máximo 300 km""}, ""precipitacao_anual_mm"": {""n_estacoes"": 6, ""nearest_distance_km"": 27.4, ""max_distance_km"": 128.64, ""stations"": [""INMET_NE_PE_A322_GARANHUNS_01-01-2019_A_31-12-2019"", ""INMET_NE_PE_A309_ARCO VERDE_01-01-2019_A_31-12-2019"", ""INMET_NE_PE_A341_CARUARU_01-01-2019_A_31-12-2019"", ""INMET_NE_PE_A357_PALMARES_01-01-2019_A_31-12-2019"", ""INMET_NE_PE_A349_IBIMIRIM_01-01-2019_A_31-12-2019"", ""INMET_NE_PE_A328_SURUBIM_01-01-2019_A_31-12-2019""], ""method"": ""IDW p=2; até 6 estações; raio máximo 300 km""}}","{""organization"": ""INMET"", ""dataset"": ""Dados Históricos Anuais - estações automáticas"", ""version"": ""2019"", ""retrieved_at"": ""2026-10-01"", ""reference_url"": ""https://portal.inmet.gov.br/uploads/dadoshistoricos/2019.zip"", ""method"": ""agregação anual observada por estação + IDW municipal em EPSG:31985; p=2; 3-6 estações; raio <=300 km; controle mínimo de completude"", ""verified"": true}"
2603900,2019,25.913985922922315,472.60051365420725,"{""temperatura_media_c"": {""n_estacoes"": 6, ""nearest_distance_km"": 65.24, ""max_distance_km"": 183.88, ""stations"": [""INMET_NE_PE_A350_SERRA TALHADA_01-01-2019_A_31-12-2019"", ""INMET_NE_PE_A349_IBIMIRIM_01-01-2019_A_31-12-2019"", ""INMET_NE_PE_A309_ARCO VERDE_01-01-2019_A_31-12-2019"", ""INMET_NE_PE_A351_FLORESTA_01-01-2019_A_31-12-2019"", ""INMET_NE_PE_A370_SALGUEIRO_01-01-2019_A_31-12-2019"", ""INMET_NE_PE_A322_GARANHUNS_01-01-2019_A_31-12-2019""], ""method"": ""IDW p=2; até 6 estações; raio máximo 300 km""}, ""precipitacao_anual_mm"": {""n_estacoes"": 6, ""nearest_distance_km"": 65.24, ""max_distance_km"": 183.88, ""stations"": [""INMET_NE_PE_A350_SERRA TALHADA_01-01-2019_A_31-12-2019"", ""INMET_NE_PE_A349_IBIMIRIM_01-01-2019_A_31-12-2019"", ""INMET_NE_PE_A309_ARCO VERDE_01-01-2019_A_31-12-2019"", ""INMET_NE_PE_A351_FLORESTA_01-01-2019_A_31-12-2019"", ""INMET_NE_PE_A370_SALGUEIRO_01-01-2019_A_31-12-2019"", ""INMET_NE_PE_A322_GARANHUNS_01-01-2019_A_31-12-2019""], ""method"": ""IDW p=2; até 6 estações; raio máximo 300 km""}}","{""organization"": ""INMET"", ""dataset"": ""Dados Históricos Anuais - estações automáticas"", ""version"": ""2019"", ""retrieved_at"": ""2026-10-01"", ""reference_url"": ""https://portal.inmet.gov.br/uploads/dadoshistoricos/2019.zip"", ""method"": ""agregação anual observada por estação + IDW municipal em EPSG:31985; p=2; 3-6 estações; raio <=300 km; controle mínimo de completude"", ""verified"": true}"
2603926,2019,27.251428010668544,393.4863044785446,"{""temperatura_media_c"": {""n_estacoes"": 6, ""nearest_distance_km"": 25.98, ""max_distance_km"": 163.79, ""stations"": [""INMET_NE_PE_A351_FLORESTA_01-01-2019_A_31-12-2019"", ""INMET_NE_PE_A370_SALGUEIRO_01-01-2019_A_31-12-2019"", ""INMET_NE_PE_A329_CABROBO_01-01-2019_A_31-12-2019"", ""INMET_NE_PE_A350_SERRA TALHADA_01-01-2019_A_31-12-2019"", ""INMET_NE_PE_A349_IBIMIRIM_01-01-2019_A_31-12-2019"", ""INMET_NE_PE_A366_OURICURI_01-01-2019_A_31-12-2019""], ""method"": ""IDW p=2; até 6 estações; raio máximo 300 km""}, ""precipitacao_anual_mm"": {""n_estacoes"": 6, ""nearest_distance_km"": 25.98, ""max_distance_km"": 163.79, ""stations"": [""INMET_NE_PE_A351_FLORESTA_01-01-2019_A_31-12-2019"", ""INMET_NE_PE_A370_SALGUEIRO_01-01-2019_A_31-12-2019"", ""INMET_NE_PE_A329_CABROBO_01-01-2019_A_31-12-2019"", ""INMET_NE_PE_A350_SERRA TALHADA_01-01-2019_A_31-12-2019"", ""INMET_NE_PE_A349_IBIMIRIM_01-01-2019_A_31-12-2019"", ""INMET_NE_PE_A366_OURICURI_01-01-2019_A_31-12-2019""], ""method"": ""IDW p=2; até 6 estações; raio máximo 300 km""}}","{""organization"": ""INMET"", ""dataset"": ""Dados Históricos Anuais - estações automáticas"", ""version"": ""2019"", ""retrieved_at"": ""2026-10-01"", ""reference_url"": ""https://portal.inmet.gov.br/uploads/dadoshistoricos/2019.zip"", ""method"": ""agregação anual observada por estação + IDW municipal em EPSG:31985; p=2; 3-6 estações; raio <=300 km; controle mínimo de completude"", ""verified"": true}"
2604007,2019,24.71454596023334,1006.8090825015979,"{""temperatura_media_c"": {""n_estacoes"": 6, ""nearest_distance_km"": 46.54, ""max_distance_km"": 204.66, ""stations"": [""INMET_NE_PE_A301_RECIFE_01-01-2019_A_31-12-2019"", ""INMET_NE_PE_A328_SURUBIM_01-01-2019_A_31-12-2019"", ""INMET_NE_PE_A357_PALMARES_01-01-2019_A_31-12-2019"", ""INMET_NE_PE_A341_CARUARU_01-01-2019_A_31-12-2019"", ""INMET_NE_PE_A322_GARANHUNS_01-01-2019_A_31-12-2019"", ""INMET_NE_PE_A309_ARCO VERDE_01-01-2019_A_31-12-2019""], ""method"": ""IDW p=2; até 6 estações; raio máximo 300 km""}, ""precipitacao_anual_mm"": {""n_estacoes"": 6, ""nearest_distance_km"": 46.54, ""max_distance_km"": 204.66, ""stations"": [""INMET_NE_PE_A301_RECIFE_01-01-2019_A_31-12-2019"", ""INMET_NE_PE_A328_SURUBIM_01-01-2019_A_31-12-2019"", ""INMET_NE_PE_A357_PALMARES_01-01-2019_A_31-12-2019"", ""INMET_NE_PE_A341_CARUARU_01-01-2019_A_31-12-2019"", ""INMET_NE_PE_A322_GARANHUNS_01-01-2019_A_31-12-2019"", ""INMET_NE_PE_A309_ARCO VERDE_01-01-2019_A_31-12-2019""], ""method"": ""IDW p=2; até 6 estações; raio máximo 300 km""}}","{""organization"": ""INMET"", ""dataset"": ""Dados Históricos Anuais - estações automáticas"", ""version"": ""2019"", ""retrieved_at"": ""2026-10-01"", ""reference_url"": ""https://portal.inmet.gov.br/uploads/dadoshistoricos/2019.zip"", ""method"": ""agregação anual observada por estação + IDW municipal em EPSG:31985; p=2; 3-6 estações; raio <=300 km; controle mínimo de completude"", ""verified"": true}"
2604106,2019,21.978817544455463,437.0586109495674,"{""temperatura_media_c"": {""n_estacoes"": 6, ""nearest_distance_km"": 20.5, ""max_distance_km"": 117.98, ""stations"": [""INMET_NE_PE_A341_CARUARU_01-01-2019_A_31-12-2019"", ""INMET_NE_PE_A328_SURUBIM_01-01-2019_A_31-12-2019"", ""INMET_NE_PE_A357_PALMARES_01-01-2019_A_31-12-2019"", ""INMET_NE_PE_A322_GARANHUNS_01-01-2019_A_31-12-2019"", ""INMET_NE_PE_A301_RECIFE_01-01-2019_A_31-12-2019"", ""INMET_NE_PE_A309_ARCO VERDE_01-01-2019_A_31-12-2019""], ""method"": ""IDW p=2; até 6 estações; raio máximo 300 km""}, ""precipitacao_anual_mm"": {""n_estacoes"": 6, ""nearest_distance_km"": 20.5, ""max_distance_km"": 117.98, ""stations"": [""INMET_NE_PE_A341_CARUARU_01-01-2019_A_31-12-2019"", ""INMET_NE_PE_A328_SURUBIM_01-01-2019_A_31-12-2019"", ""INMET_NE_PE_A357_PALMARES_01-01-2019_A_31-12-2019"", ""INMET_NE_PE_A322_GARANHUNS_01-01-2019_A_31-12-2019"", ""INMET_NE_PE_A301_RECIFE_01-01-2019_A_31-12-2019"", ""INMET_NE_PE_A309_ARCO VERDE_01-01-2019_A_31-12-2019""], ""method"": ""IDW p=2; até 6 estações; raio máximo 300 km""}}","{""organization"": ""INMET"", ""dataset"": ""Dados Históricos Anuais - estações automáticas"", ""version"": ""2019"", ""retrieved_at"": ""2026-10-01"", ""reference_url"": ""https://portal.inmet.gov.br/uploads/dadoshistoricos/2019.zip"", ""method"": ""agregação anual observada por estação + IDW municipal em EPSG:31985; p=2; 3-6 estações; raio <=300 km; controle mínimo de completude"", ""verified"": true}"
2604155,2019,24.400011349058413,66.29209668017043,"{""temperatura_media_c"": {""n_estacoes"": 6, ""nearest_distance_km"": 12.75, ""max_distance_km"": 165.24, ""stations"": [""INMET_NE_PE_A328_SURUBIM_01-01-2019_A_31-12-2019"", ""INMET_NE_PE_A341_CARUARU_01-01-2019_A_31-12-2019"", ""INMET_NE_PE_A301_RECIFE_01-01-2019_A_31-12-2019"", ""INMET_NE_PE_A357_PALMARES_01-01-2019_A_31-12-2019"", ""INMET_NE_PE_A322_GARANHUNS_01-01-2019_A_31-12-2019"", ""INMET_NE_PE_A309_ARCO VERDE_01-01-2019_A_31-12-2019""], ""method"": ""IDW p=2; até 6 estações; raio máximo 300 km""}, ""precipitacao_anual_mm"": {""n_estacoes"": 6, ""nearest_distance_km"": 12.75, ""max_distance_km"": 165.24, ""stations"": [""INMET_NE_PE_A328_SURUBIM_01-01-2019_A_31-12-2019"", ""INMET_NE_PE_A341_CARUARU_01-01-2019_A_31-12-2019"", ""INMET_NE_PE_A301_RECIFE_01-01-2019_A_31-12-2019"", ""INMET_NE_PE_A357_PALMARES_01-01-2019_A_31-12-2019"", ""INMET_NE_PE_A322_GARANHUNS_01-01-2019_A_31-12-2019"", ""INMET_NE_PE_A309_ARCO VERDE_01-01-2019_A_31-12-2019""], ""method"": ""IDW p=2; até 6 estações; raio máximo 300 km""}}","{""organization"": ""INMET"", ""dataset"": ""Dados Históricos Anuais - estações automáticas"", ""version"": ""2019"", ""retrieved_at"": ""2026-10-01"", ""reference_url"": ""https://portal.inmet.gov.br/uploads/dadoshistoricos/2019.zip"", ""method"": ""agregação anual observada por estação + IDW municipal em EPSG:31985; p=2; 3-6 estações; raio <=300 km; controle mínimo de completude"", ""verified"": true}"
2604205,2019,24.07070924481544,266.76352087906747,"{""temperatura_media_c"": {""n_estacoes"": 6, ""nearest_distance_km"": 17.92, ""max_distance_km"": 148.51, ""stations"": [""INMET_NE_PE_A357_PALMARES_01-01-2019_A_31-12-2019"", ""INMET_NE_PE_A341_CARUARU_01-01-2019_A_31-12-2019"", ""INMET_NE_PE_A322_GARANHUNS_01-01-2019_A_31-12-2019"", ""INMET_NE_PE_A328_SURUBIM_01-01-2019_A_31-12-2019"", ""INMET_NE_PE_A301_RECIFE_01-01-2019_A_31-12-2019"", ""INMET_NE_PE_A309_ARCO VERDE_01-01-2019_A_31-12-2019""], ""method"": ""IDW p=2; até 6 estações; raio máximo 300 km""}, ""precipitacao_anual_mm"": {""n_estacoes"": 6, ""nearest_distance_km"": 17.92, ""max_distance_km"": 148.51, ""stations"": [""INMET_NE_PE_A357_PALMARES_01-01-2019_A_31-12-2019"", ""INMET_NE_PE_A341_CARUARU_01-01-2019_A_31-12-2019"", ""INMET_NE_PE_A322_GARANHUNS_01-01-2019_A_31-12-2019"", ""INMET_NE_PE_A328_SURUBIM_01-01-2019_A_31-12-2019"", ""INMET_NE_PE_A301_RECIFE_01-01-2019_A_31-12-2019"", ""INMET_NE_PE_A309_ARCO VERDE_01-01-2019_A_31-12-2019""], ""method"": ""IDW p=2; até 6 estações; raio máximo 300 km""}}","{""organization"": ""INMET"", ""dataset"": ""Dados Históricos Anuais - estações automáticas"", ""version"": ""2019"", ""retrieved_at"": ""2026-10-01"", ""reference_url"": ""https://portal.inmet.gov.br/uploads/dadoshistoricos/2019.zip"", ""method"": ""agregação anual observada por estação + IDW municipal em EPSG:31985; p=2; 3-6 estações; raio <=300 km; controle mínimo de completude"", ""verified"": true}"
2604304,2019,27.183301353807696,460.1143360255449,"{""temperatura_media_c"": {""n_estacoes"": 6, ""nearest_distance_km"": 36.92, ""max_distance_km"": 185.72, ""stations"": [""INMET_NE_PE_A370_SALGUEIRO_01-01-2019_A_31-12-2019"", ""INMET_NE_PE_A329_CABROBO_01-01-2019_A_31-12-2019"", ""INMET_NE_PE_A366_OURICURI_01-01-2019_A_31-12-2019"", ""INMET_NE_PE_A350_SERRA TALHADA_01-01-2019_A_31-12-2019"", ""INMET_NE_PE_A351_FLORESTA_01-01-2019_A_31-12-2019"", ""INMET_NE_PE_A349_IBIMIRIM_01-01-2019_A_31-12-2019""], ""method"": ""IDW p=2; até 6 estações; raio máximo 300 km""}, ""precipitacao_anual_mm"": {""n_estacoes"": 6, ""nearest_distance_km"": 36.92, ""max_distance_km"": 185.72, ""stations"": [""INMET_NE_PE_A370_SALGUEIRO_01-01-2019_A_31-12-2019"", ""INMET_NE_PE_A329_CABROBO_01-01-2019_A_31-12-2019"", ""INMET_NE_PE_A366_OURICURI_01-01-2019_A_31-12-2019"", ""INMET_NE_PE_A350_SERRA TALHADA_01-01-2019_A_31-12-2019"", ""INMET_NE_PE_A351_FLORESTA_01-01-2019_A_31-12-2019"", ""INMET_NE_PE_A349_IBIMIRIM_01-01-2019_A_31-12-2019""], ""method"": ""IDW p=2; até 6 estações; raio máximo 300 km""}}","{""organization"": ""INMET"", ""dataset"": ""Dados Históricos Anuais - estações automáticas"", ""version"": ""2019"", ""retrieved_at"": ""2026-10-01"", ""reference_url"": ""https://portal.inmet.gov.br/uploads/dadoshistoricos/2019.zip"", ""method"": ""agregação anual observada por estação + IDW municipal em EPSG:31985; p=2; 3-6 estações; raio <=300 km; controle mínimo de completude"", ""verified"": true}"
2604403,2019,25.210244551513455,1480.8960716461802,"{""temperatura_media_c"": {""n_estacoes"": 6, ""nearest_distance_km"": 29.74, ""max_distance_km"": 207.88, ""stations"": [""INMET_NE_PE_A301_RECIFE_01-01-2019_A_31-12-2019"", ""INMET_NE_PE_A328_SURUBIM_01-01-2019_A_31-12-2019"", ""INMET_NE_PE_A357_PALMARES_01-01-2019_A_31-12-2019"", ""INMET_NE_PE_A341_CARUARU_01-01-2019_A_31-12-2019"", ""INMET_NE_PE_A322_GARANHUNS_01-01-2019_A_31-12-2019"", ""INMET_NE_PE_A309_ARCO VERDE_01-01-2019_A_31-12-2019""], ""method"": ""IDW p=2; até 6 estações; raio máximo 300 km""}, ""precipitacao_anual_mm"": {""n_estacoes"": 6, ""nearest_distance_km"": 29.74, ""max_distance_km"": 207.88, ""stations"": [""INMET_NE_PE_A301_RECIFE_01-01-2019_A_31-12-2019"", ""INMET_NE_PE_A328_SURUBIM_01-01-2019_A_31-12-2019"", ""INMET_NE_PE_A357_PALMARES_01-01-2019_A_31-12-2019"", ""INMET_NE_PE_A341_CARUARU_01-01-2019_A_31-12-2019"", ""INMET_NE_PE_A322_GARANHUNS_01-01-2019_A_31-12-2019"", ""INMET_NE_PE_A309_ARCO VERDE_01-01-2019_A_31-12-2019""], ""method"": ""IDW p=2; até 6 estações; raio máximo 300 km""}}","{""organization"": ""INMET"", ""dataset"": ""Dados Históricos Anuais - estações automáticas"", ""version"": ""2019"", ""retrieved_at"": ""2026-10-01"", ""reference_url"": ""https://portal.inmet.gov.br/uploads/dadoshistoricos/2019.zip"", ""method"": ""agregação anual observada por estação + IDW municipal em EPSG:31985; p=2; 3-6 estações; raio <=300 km; controle mínimo de completude"", ""verified"": true}"
2604502,2019,24.038603442928157,618.4531817389988,"{""temperatura_media_c"": {""n_estacoes"": 6, ""nearest_distance_km"": 49.47, ""max_distance_km"": 175.88, ""stations"": [""INMET_NE_PE_A357_PALMARES_01-01-2019_A_31-12-2019"", ""INMET_NE_PE_A328_SURUBIM_01-01-2019_A_31-12-2019"", ""INMET_NE_PE_A301_RECIFE_01-01-2019_A_31-12-2019"", ""INMET_NE_PE_A341_CARUARU_01-01-2019_A_31-12-2019"", ""INMET_NE_PE_A322_GARANHUNS_01-01-2019_A_31-12-2019"", ""INMET_NE_PE_A309_ARCO VERDE_01-01-2019_A_31-12-2019""], ""method"": ""IDW p=2; até 6 estações; raio máximo 300 km""}, ""precipitacao_anual_mm"": {""n_estacoes"": 6, ""nearest_distance_km"": 49.47, ""max_distance_km"": 175.88, ""stations"": [""INMET_NE_PE_A357_PALMARES_01-01-2019_A_31-12-2019"", ""INMET_NE_PE_A328_SURUBIM_01-01-2019_A_31-12-2019"", ""INMET_NE_PE_A301_RECIFE_01-01-2019_A_31-12-2019"", ""INMET_NE_PE_A341_CARUARU_01-01-2019_A_31-12-2019"", ""INMET_NE_PE_A322_GARANHUNS_01-01-2019_A_31-12-2019"", ""INMET_NE_PE_A309_ARCO VERDE_01-01-2019_A_31-12-2019""], ""method"": ""IDW p=2; até 6 estações; raio máximo 300 km""}}","{""organization"": ""INMET"", ""dataset"": ""Dados Históricos Anuais - estações automáticas"", ""version"": ""2019"", ""retrieved_at"": ""2026-10-01"", ""reference_url"": ""https://portal.inmet.gov.br/uploads/dadoshistoricos/2019.zip"", ""method"": ""agregação anual observada por estação + IDW municipal em EPSG:31985; p=2; 3-6 estações; raio <=300 km; controle mínimo de completude"", ""verified"": true}"
2604601,2019,24.872055268820148,1207.0955503011953,"{""temperatura_media_c"": {""n_estacoes"": 6, ""nearest_distance_km"": 53.47, ""max_distance_km"": 235.0, ""stations"": [""INMET_NE_PE_A301_RECIFE_01-01-2019_A_31-12-2019"", ""INMET_NE_PE_A328_SURUBIM_01-01-2019_A_31-12-2019"", ""INMET_NE_PE_A357_PALMARES_01-01-2019_A_31-12-2019"", ""INMET_NE_PE_A341_CARUARU_01-01-2019_A_31-12-2019"", ""INMET_NE_PE_A322_GARANHUNS_01-01-2019_A_31-12-2019"", ""INMET_NE_PE_A309_ARCO VERDE_01-01-2019_A_31-12-2019""], ""method"": ""IDW p=2; até 6 estações; raio máximo 300 km""}, ""precipitacao_anual_mm"": {""n_estacoes"": 6, ""nearest_distance_km"": 53.47, ""max_distance_km"": 235.0, ""stations"": [""INMET_NE_PE_A301_RECIFE_01-01-2019_A_31-12-2019"", ""INMET_NE_PE_A328_SURUBIM_01-01-2019_A_31-12-2019"", ""INMET_NE_PE_A357_PALMARES_01-01-2019_A_31-12-2019"", ""INMET_NE_PE_A341_CARUARU_01-01-2019_A_31-12-2019"", ""INMET_NE_PE_A322_GARANHUNS_01-01-2019_A_31-12-2019"", ""INMET_NE_PE_A309_ARCO VERDE_01-01-2019_A_31-12-2019""], ""method"": ""IDW p=2; até 6 estações; raio máximo 300 km""}}","{""organization"": ""INMET"", ""dataset"": ""Dados Históricos Anuais - estações automáticas"", ""version"": ""2019"", ""retrieved_at"": ""2026-10-01"", ""reference_url"": ""https://portal.inmet.gov.br/uploads/dadoshistoricos/2019.zip"", ""method"": ""agregação anual observada por estação + IDW municipal em EPSG:31985; p=2; 3-6 estações; raio <=300 km; controle mínimo de completude"", ""verified"": true}"
2604700,2019,22.109070814996382,592.4191766033404,"{""temperatura_media_c"": {""n_estacoes"": 6, ""nearest_distance_km"": 28.27, ""max_distance_km"": 165.56, ""stations"": [""INMET_NE_PE_A322_GARANHUNS_01-01-2019_A_31-12-2019"", ""INMET_NE_PE_A341_CARUARU_01-01-2019_A_31-12-2019"", ""INMET_NE_PE_A357_PALMARES_01-01-2019_A_31-12-2019"", ""INMET_NE_PE_A309_ARCO VERDE_01-01-2019_A_31-12-2019"", ""INMET_NE_PE_A328_SURUBIM_01-01-2019_A_31-12-2019"", ""INMET_NE_PE_A349_IBIMIRIM_01-01-2019_A_31-12-2019""], ""method"": ""IDW p=2; até 6 estações; raio máximo 300 km""}, ""precipitacao_anual_mm"": {""n_estacoes"": 6, ""nearest_distance_km"": 28.27, ""max_distance_km"": 165.56, ""stations"": [""INMET_NE_PE_A322_GARANHUNS_01-01-2019_A_31-12-2019"", ""INMET_NE_PE_A341_CARUARU_01-01-2019_A_31-12-2019"", ""INMET_NE_PE_A357_PALMARES_01-01-2019_A_31-12-2019"", ""INMET_NE_PE_A309_ARCO VERDE_01-01-2019_A_31-12-2019"", ""INMET_NE_PE_A328_SURUBIM_01-01-2019_A_31-12-2019"", ""INMET_NE_PE_A349_IBIMIRIM_01-01-2019_A_31-12-2019""], ""method"": ""IDW p=2; até 6 estações; raio máximo 300 km""}}","{""organization"": ""INMET"", ""dataset"": ""Dados Históricos Anuais - estações automáticas"", ""version"": ""2019"", ""retrieved_at"": ""2026-10-01"", ""reference_url"": ""https://portal.inmet.gov.br/uploads/dadoshistoricos/2019.zip"", ""method"": ""agregação anual observada por estação + IDW municipal em EPSG:31985; p=2; 3-6 estações; raio <=300 km; controle mínimo de completude"", ""verified"": true}"
2604809,2019,24.040508919023857,375.3694402190022,"{""temperatura_media_c"": {""n_estacoes"": 6, ""nearest_distance_km"": 26.18, ""max_distance_km"": 168.12, ""stations"": [""INMET_NE_PE_A357_PALMARES_01-01-2019_A_31-12-2019"", ""INMET_NE_PE_A341_CARUARU_01-01-2019_A_31-12-2019"", ""INMET_NE_PE_A328_SURUBIM_01-01-2019_A_31-12-2019"", ""INMET_NE_PE_A301_RECIFE_01-01-2019_A_31-12-2019"", ""INMET_NE_PE_A322_GARANHUNS_01-01-2019_A_31-12-2019"", ""INMET_NE_PE_A309_ARCO VERDE_01-01-2019_A_31-12-2019""], ""method"": ""IDW p=2; até 6 estações; raio máximo 300 km""}, ""precipitacao_anual_mm"": {""n_estacoes"": 6, ""nearest_distance_km"": 26.18, ""max_distance_km"": 168.12, ""stations"": [""INMET_NE_PE_A357_PALMARES_01-01-2019_A_31-12-2019"", ""INMET_NE_PE_A341_CARUARU_01-01-2019_A_31-12-2019"", ""INMET_NE_PE_A328_SURUBIM_01-01-2019_A_31-12-2019"", ""INMET_NE_PE_A301_RECIFE_01-01-2019_A_31-12-2019"", ""INMET_NE_PE_A322_GARANHUNS_01-01-2019_A_31-12-2019"", ""INMET_NE_PE_A309_ARCO VERDE_01-01-2019_A_31-12-2019""], ""method"": ""IDW p=2; até 6 estações; raio máximo 300 km""}}","{""organization"": ""INMET"", ""dataset"": ""Dados Históricos Anuais - estações automáticas"", ""version"": ""2019"", ""retrieved_at"": ""2026-10-01"", ""reference_url"": ""https://portal.inmet.gov.br/uploads/dadoshistoricos/2019.zip"", ""method"": ""agregação anual observada por estação + IDW municipal em EPSG:31985; p=2; 3-6 estações; raio <=300 km; controle mínimo de completude"", ""verified"": true}"
2604908,2019,23.959784605425998,230.21578274518797,"{""temperatura_media_c"": {""n_estacoes"": 6, ""nearest_distance_km"": 23.87, ""max_distance_km"": 153.57, ""stations"": [""INMET_NE_PE_A328_SURUBIM_01-01-2019_A_31-12-2019"", ""INMET_NE_PE_A341_CARUARU_01-01-2019_A_31-12-2019"", ""INMET_NE_PE_A357_PALMARES_01-01-2019_A_31-12-2019"", ""INMET_NE_PE_A301_RECIFE_01-01-2019_A_31-12-2019"", ""INMET_NE_PE_A322_GARANHUNS_01-01-2019_A_31-12-2019"", ""INMET_NE_PE_A309_ARCO VERDE_01-01-2019_A_31-12-2019""], ""method"": ""IDW p=2; até 6 estações; raio máximo 300 km""}, ""precipitacao_anual_mm"": {""n_estacoes"": 6, ""nearest_distance_km"": 23.87, ""max_distance_km"": 153.57, ""stations"": [""INMET_NE_PE_A328_SURUBIM_01-01-2019_A_31-12-2019"", ""INMET_NE_PE_A341_CARUARU_01-01-2019_A_31-12-2019"", ""INMET_NE_PE_A357_PALMARES_01-01-2019_A_31-12-2019"", ""INMET_NE_PE_A301_RECIFE_01-01-2019_A_31-12-2019"", ""INMET_NE_PE_A322_GARANHUNS_01-01-2019_A_31-12-2019"", ""INMET_NE_PE_A309_ARCO VERDE_01-01-2019_A_31-12-2019""], ""method"": ""IDW p=2; até 6 estações; raio máximo 300 km""}}","{""organization"": ""INMET"", ""dataset"": ""Dados Históricos Anuais - estações automáticas"", ""version"": ""2019"", ""retrieved_at"": ""2026-10-01"", ""reference_url"": ""https://portal.inmet.gov.br/uploads/dadoshistoricos/2019.zip"", ""method"": ""agregação anual observada por estação + IDW municipal em EPSG:31985; p=2; 3-6 estações; raio <=300 km; controle mínimo de completude"", ""verified"": true}"
2605004,2019,22.345471560903718,442.8860318617935,"{""temperatura_media_c"": {""n_estacoes"": 6, ""nearest_distance_km"": 26.37, ""max_distance_km"": 125.05, ""stations"": [""INMET_NE_PE_A341_CARUARU_01-01-2019_A_31-12-2019"", ""INMET_NE_PE_A357_PALMARES_01-01-2019_A_31-12-2019"", ""INMET_NE_PE_A322_GARANHUNS_01-01-2019_A_31-12-2019"", ""INMET_NE_PE_A328_SURUBIM_01-01-2019_A_31-12-2019"", ""INMET_NE_PE_A301_RECIFE_01-01-2019_A_31-12-2019"", ""INMET_NE_PE_A309_ARCO VERDE_01-01-2019_A_31-12-2019""], ""method"": ""IDW p=2; até 6 estações; raio máximo 300 km""}, ""precipitacao_anual_mm"": {""n_estacoes"": 6, ""nearest_distance_km"": 26.37, ""max_distance_km"": 125.05, ""stations"": [""INMET_NE_PE_A341_CARUARU_01-01-2019_A_31-12-2019"", ""INMET_NE_PE_A357_PALMARES_01-01-2019_A_31-12-2019"", ""INMET_NE_PE_A322_GARANHUNS_01-01-2019_A_31-12-2019"", ""INMET_NE_PE_A328_SURUBIM_01-01-2019_A_31-12-2019"", ""INMET_NE_PE_A301_RECIFE_01-01-2019_A_31-12-2019"", ""INMET_NE_PE_A309_ARCO VERDE_01-01-2019_A_31-12-2019""], ""method"": ""IDW p=2; até 6 estações; raio máximo 300 km""}}","{""organization"": ""INMET"", ""dataset"": ""Dados Históricos Anuais - estações automáticas"", ""version"": ""2019"", ""retrieved_at"": ""2026-10-01"", ""reference_url"": ""https://portal.inmet.gov.br/uploads/dadoshistoricos/2019.zip"", ""method"": ""agregação anual observada por estação + IDW municipal em EPSG:31985; p=2; 3-6 estações; raio <=300 km; controle mínimo de completude"", ""verified"": true}"
2605103,2019,26.0137553951911,325.8164459058781,"{""temperatura_media_c"": {""n_estacoes"": 6, ""nearest_distance_km"": 37.37, ""max_distance_km"": 157.05, ""stations"": [""INMET_NE_PE_A349_IBIMIRIM_01-01-2019_A_31-12-2019"", ""INMET_NE_PE_A350_SERRA TALHADA_01-01-2019_A_31-12-2019"", ""INMET_NE_PE_A309_ARCO VERDE_01-01-2019_A_31-12-2019"", ""INMET_NE_PE_A351_FLORESTA_01-01-2019_A_31-12-2019"", ""INMET_NE_PE_A322_GARANHUNS_01-01-2019_A_31-12-2019"", ""INMET_NE_PE_A370_SALGUEIRO_01-01-2019_A_31-12-2019""], ""method"": ""IDW p=2; até 6 estações; raio máximo 300 km""}, ""precipitacao_anual_mm"": {""n_estacoes"": 6, ""nearest_distance_km"": 37.37, ""max_distance_km"": 157.05, ""stations"": [""INMET_NE_PE_A349_IBIMIRIM_01-01-2019_A_31-12-2019"", ""INMET_NE_PE_A350_SERRA TALHADA_01-01-2019_A_31-12-2019"", ""INMET_NE_PE_A309_ARCO VERDE_01-01-2019_A_31-12-2019"", ""INMET_NE_PE_A351_FLORESTA_01-01-2019_A_31-12-2019"", ""INMET_NE_PE_A322_GARANHUNS_01-01-2019_A_31-12-2019"", ""INMET_NE_PE_A370_SALGUEIRO_01-01-2019_A_31-12-2019""], ""method"": ""IDW p=2; até 6 estações; raio máximo 300 km""}}","{""organization"": ""INMET"", ""dataset"": ""Dados Históricos Anuais - estações automáticas"", ""version"": ""2019"", ""retrieved_at"": ""2026-10-01"", ""reference_url"": ""https://portal.inmet.gov.br/uploads/dadoshistoricos/2019.zip"", ""method"": ""agregação anual observada por estação + IDW municipal em EPSG:31985; p=2; 3-6 estações; raio <=300 km; controle mínimo de completude"", ""verified"": true}"
2605152,2019,27.208061203962263,277.98954372194856,"{""temperatura_media_c"": {""n_estacoes"": 6, ""nearest_distance_km"": 89.05, ""max_distance_km"": 264.67, ""stations"": [""INMET_NE_PE_A366_OURICURI_01-01-2019_A_31-12-2019"", ""INMET_NE_PE_A307_PETROLINA_01-01-2019_A_31-12-2019"", ""INMET_NE_PE_A329_CABROBO_01-01-2019_A_31-12-2019"", ""INMET_NE_PE_A370_SALGUEIRO_01-01-2019_A_31-12-2019"", ""INMET_NE_PE_A351_FLORESTA_01-01-2019_A_31-12-2019"", ""INMET_NE_PE_A350_SERRA TALHADA_01-01-2019_A_31-12-2019""], ""method"": ""IDW p=2; até 6 estações; raio máximo 300 km""}, ""precipitacao_anual_mm"": {""n_estacoes"": 6, ""nearest_distance_km"": 89.05, ""max_distance_km"": 264.67, ""stations"": [""INMET_NE_PE_A366_OURICURI_01-01-2019_A_31-12-2019"", ""INMET_NE_PE_A307_PETROLINA_01-01-2019_A_31-12-2019"", ""INMET_NE_PE_A329_CABROBO_01-01-2019_A_31-12-2019"", ""INMET_NE_PE_A370_SALGUEIRO_01-01-2019_A_31-12-2019"", ""INMET_NE_PE_A351_FLORESTA_01-01-2019_A_31-12-2019"", ""INMET_NE_PE_A350_SERRA TALHADA_01-01-2019_A_31-12-2019""], ""method"": ""IDW p=2; até 6 estações; raio máximo 300 km""}}","{""organization"": ""INMET"", ""dataset"": ""Dados Históricos Anuais - estações automáticas"", ""version"": ""2019"", ""retrieved_at"": ""2026-10-01"", ""reference_url"": ""https://portal.inmet.gov.br/uploads/dadoshistoricos/2019.zip"", ""method"": ""agregação anual observada por estação + IDW municipal em EPSG:31985; p=2; 3-6 estações; raio <=300 km; controle mínimo de completude"", ""verified"": true}"
2605202,2019,24.51319811057853,878.4915520933538,"{""temperatura_media_c"": {""n_estacoes"": 6, ""nearest_distance_km"": 46.87, ""max_distance_km"": 197.6, ""stations"": [""INMET_NE_PE_A357_PALMARES_01-01-2019_A_31-12-2019"", ""INMET_NE_PE_A301_RECIFE_01-01-2019_A_31-12-2019"", ""INMET_NE_PE_A328_SURUBIM_01-01-2019_A_31-12-2019"", ""INMET_NE_PE_A341_CARUARU_01-01-2019_A_31-12-2019"", ""INMET_NE_PE_A322_GARANHUNS_01-01-2019_A_31-12-2019"", ""INMET_NE_PE_A309_ARCO VERDE_01-01-2019_A_31-12-2019""], ""method"": ""IDW p=2; até 6 estações; raio máximo 300 km""}, ""precipitacao_anual_mm"": {""n_estacoes"": 6, ""nearest_distance_km"": 46.87, ""max_distance_km"": 197.6, ""stations"": [""INMET_NE_PE_A357_PALMARES_01-01-2019_A_31-12-2019"", ""INMET_NE_PE_A301_RECIFE_01-01-2019_A_31-12-2019"", ""INMET_NE_PE_A328_SURUBIM_01-01-2019_A_31-12-2019"", ""INMET_NE_PE_A341_CARUARU_01-01-2019_A_31-12-2019"", ""INMET_NE_PE_A322_GARANHUNS_01-01-2019_A_31-12-2019"", ""INMET_NE_PE_A309_ARCO VERDE_01-01-2019_A_31-12-2019""], ""method"": ""IDW p=2; até 6 estações; raio máximo 300 km""}}","{""organization"": ""INMET"", ""dataset"": ""Dados Históricos Anuais - estações automáticas"", ""version"": ""2019"", ""retrieved_at"": ""2026-10-01"", ""reference_url"": ""https://portal.inmet.gov.br/uploads/dadoshistoricos/2019.zip"", ""method"": ""agregação anual observada por estação + IDW municipal em EPSG:31985; p=2; 3-6 estações; raio <=300 km; controle mínimo de completude"", ""verified"": true}"
2605301,2019,26.981764416955592,300.09169512625124,"{""temperatura_media_c"": {""n_estacoes"": 6, ""nearest_distance_km"": 56.97, ""max_distance_km"": 225.6, ""stations"": [""INMET_NE_PE_A366_OURICURI_01-01-2019_A_31-12-2019"", ""INMET_NE_PE_A370_SALGUEIRO_01-01-2019_A_31-12-2019"", ""INMET_NE_PE_A329_CABROBO_01-01-2019_A_31-12-2019"", ""INMET_NE_PE_A350_SERRA TALHADA_01-01-2019_A_31-12-2019"", ""INMET_NE_PE_A351_FLORESTA_01-01-2019_A_31-12-2019"", ""INMET_NE_PE_A307_PETROLINA_01-01-2019_A_31-12-2019""], ""method"": ""IDW p=2; até 6 estações; raio máximo 300 km""}, ""precipitacao_anual_mm"": {""n_estacoes"": 6, ""nearest_distance_km"": 56.97, ""max_distance_km"": 225.6, ""stations"": [""INMET_NE_PE_A366_OURICURI_01-01-2019_A_31-12-2019"", ""INMET_NE_PE_A370_SALGUEIRO_01-01-2019_A_31-12-2019"", ""INMET_NE_PE_A329_CABROBO_01-01-2019_A_31-12-2019"", ""INMET_NE_PE_A350_SERRA TALHADA_01-01-2019_A_31-12-2019"", ""INMET_NE_PE_A351_FLORESTA_01-01-2019_A_31-12-2019"", ""INMET_NE_PE_A307_PETROLINA_01-01-2019_A_31-12-2019""], ""method"": ""IDW p=2; até 6 estações; raio máximo 300 km""}}","{""organization"": ""INMET"", ""dataset"": ""Dados Históricos Anuais - estações automáticas"", ""version"": ""2019"", ""retrieved_at"": ""2026-10-01"", ""reference_url"": ""https://portal.inmet.gov.br/uploads/dadoshistoricos/2019.zip"", ""method"": ""agregação anual observada por estação + IDW municipal em EPSG:31985; p=2; 3-6 estações; raio <=300 km; controle mínimo de completude"", ""verified"": true}"
2605400,2019,24.51888535227025,842.5664737804219,"{""temperatura_media_c"": {""n_estacoes"": 6, ""nearest_distance_km"": 47.78, ""max_distance_km"": 192.01, ""stations"": [""INMET_NE_PE_A328_SURUBIM_01-01-2019_A_31-12-2019"", ""INMET_NE_PE_A301_RECIFE_01-01-2019_A_31-12-2019"", ""INMET_NE_PE_A357_PALMARES_01-01-2019_A_31-12-2019"", ""INMET_NE_PE_A341_CARUARU_01-01-2019_A_31-12-2019"", ""INMET_NE_PE_A322_GARANHUNS_01-01-2019_A_31-12-2019"", ""INMET_NE_PE_A309_ARCO VERDE_01-01-2019_A_31-12-2019""], ""method"": ""IDW p=2; até 6 estações; raio máximo 300 km""}, ""precipitacao_anual_mm"": {""n_estacoes"": 6, ""nearest_distance_km"": 47.78, ""max_distance_km"": 192.01, ""stations"": [""INMET_NE_PE_A328_SURUBIM_01-01-2019_A_31-12-2019"", ""INMET_NE_PE_A301_RECIFE_01-01-2019_A_31-12-2019"", ""INMET_NE_PE_A357_PALMARES_01-01-2019_A_31-12-2019"", ""INMET_NE_PE_A341_CARUARU_01-01-2019_A_31-12-2019"", ""INMET_NE_PE_A322_GARANHUNS_01-01-2019_A_31-12-2019"", ""INMET_NE_PE_A309_ARCO VERDE_01-01-2019_A_31-12-2019""], ""method"": ""IDW p=2; até 6 estações; raio máximo 300 km""}}","{""organization"": ""INMET"", ""dataset"": ""Dados Históricos Anuais - estações automáticas"", ""version"": ""2019"", ""retrieved_at"": ""2026-10-01"", ""reference_url"": ""https://portal.inmet.gov.br/uploads/dadoshistoricos/2019.zip"", ""method"": ""agregação anual observada por estação + IDW municipal em EPSG:31985; p=2; 3-6 estações; raio <=300 km; controle mínimo de completude"", ""verified"": true}"
2605459,2019,,,"{""temperatura_media_c"": {""n_estacoes"": 0, ""max_distance_km"": null, ""method"": ""unavailable""}, ""precipitacao_anual_mm"": {""n_estacoes"": 0, ""max_distance_km"": null, ""method"": ""unavailable""}}","{""organization"": ""INMET"", ""dataset"": ""Dados Históricos Anuais - estações automáticas"", ""version"": ""2019"", ""retrieved_at"": ""2026-10-01"", ""reference_url"": ""https://portal.inmet.gov.br/uploads/dadoshistoricos/2019.zip"", ""method"": ""agregação anual observada por estação + IDW municipal em EPSG:31985; p=2; 3-6 estações; raio <=300 km; controle mínimo de completude"", ""verified"": true}"
2605509,2019,24.516535656571122,877.0252885333579,"{""temperatura_media_c"": {""n_estacoes"": 6, ""nearest_distance_km"": 71.55, ""max_distance_km"": 226.13, ""stations"": [""INMET_NE_PE_A301_RECIFE_01-01-2019_A_31-12-2019"", ""INMET_NE_PE_A328_SURUBIM_01-01-2019_A_31-12-2019"", ""INMET_NE_PE_A341_CARUARU_01-01-2019_A_31-12-2019"", ""INMET_NE_PE_A357_PALMARES_01-01-2019_A_31-12-2019"", ""INMET_NE_PE_A322_GARANHUNS_01-01-2019_A_31-12-2019"", ""INMET_NE_PE_A309_ARCO VERDE_01-01-2019_A_31-12-2019""], ""method"": ""IDW p=2; até 6 estações; raio máximo 300 km""}, ""precipitacao_anual_mm"": {""n_estacoes"": 6, ""nearest_distance_km"": 71.55, ""max_distance_km"": 226.13, ""stations"": [""INMET_NE_PE_A301_RECIFE_01-01-2019_A_31-12-2019"", ""INMET_NE_PE_A328_SURUBIM_01-01-2019_A_31-12-2019"", ""INMET_NE_PE_A341_CARUARU_01-01-2019_A_31-12-2019"", ""INMET_NE_PE_A357_PALMARES_01-01-2019_A_31-12-2019"", ""INMET_NE_PE_A322_GARANHUNS_01-01-2019_A_31-12-2019"", ""INMET_NE_PE_A309_ARCO VERDE_01-01-2019_A_31-12-2019""], ""method"": ""IDW p=2; até 6 estações; raio máximo 300 km""}}","{""organization"": ""INMET"", ""dataset"": ""Dados Históricos Anuais - estações automáticas"", ""version"": ""2019"", ""retrieved_at"": ""2026-10-01"", ""reference_url"": ""https://portal.inmet.gov.br/uploads/dadoshistoricos/2019.zip"", ""method"": ""agregação anual observada por estação + IDW municipal em EPSG:31985; p=2; 3-6 estações; raio <=300 km; controle mínimo de completude"", ""verified"": true}"
2605608,2019,26.297642090535255,494.4449313309299,"{""temperatura_media_c"": {""n_estacoes"": 6, ""nearest_distance_km"": 44.32, ""max_distance_km"": 169.22, ""stations"": [""INMET_NE_PE_A350_SERRA TALHADA_01-01-2019_A_31-12-2019"", ""INMET_NE_PE_A349_IBIMIRIM_01-01-2019_A_31-12-2019"", ""INMET_NE_PE_A351_FLORESTA_01-01-2019_A_31-12-2019"", ""INMET_NE_PE_A309_ARCO VERDE_01-01-2019_A_31-12-2019"", ""INMET_NE_PE_A370_SALGUEIRO_01-01-2019_A_31-12-2019"", ""INMET_NE_PE_A329_CABROBO_01-01-2019_A_31-12-2019""], ""method"": ""IDW p=2; até 6 estações; raio máximo 300 km""}, ""precipitacao_anual_mm"": {""n_estacoes"": 6, ""nearest_distance_km"": 44.32, ""max_distance_km"": 169.22, ""stations"": [""INMET_NE_PE_A350_SERRA TALHADA_01-01-2019_A_31-12-2019"", ""INMET_NE_PE_A349_IBIMIRIM_01-01-2019_A_31-12-2019"", ""INMET_NE_PE_A351_FLORESTA_01-01-2019_A_31-12-2019"", ""INMET_NE_PE_A309_ARCO VERDE_01-01-2019_A_31-12-2019"", ""INMET_NE_PE_A370_SALGUEIRO_01-01-2019_A_31-12-2019"", ""INMET_NE_PE_A329_CABROBO_01-01-2019_A_31-12-2019""], ""method"": ""IDW p=2; até 6 estações; raio máximo 300 km""}}","{""organization"": ""INMET"", ""dataset"": ""Dados Históricos Anuais - estações automáticas"", ""version"": ""2019"", ""retrieved_at"": ""2026-10-01"", ""reference_url"": ""https://portal.inmet.gov.br/uploads/dadoshistoricos/2019.zip"", ""method"": ""agregação anual observada por estação + IDW municipal em EPSG:31985; p=2; 3-6 estações; raio <=300 km; controle mínimo de completude"", ""verified"": true}"
2605707,2019,27.02569953398967,381.73490977250066,"{""temperatura_media_c"": {""n_estacoes"": 6, ""nearest_distance_km"": 30.95, ""max_distance_km"": 138.87, ""stations"": [""INMET_NE_PE_A351_FLORESTA_01-01-2019_A_31-12-2019"", ""INMET_NE_PE_A349_IBIMIRIM_01-01-2019_A_31-12-2019"", ""INMET_NE_PE_A350_SERRA TALHADA_01-01-2019_A_31-12-2019"", ""INMET_NE_PE_A370_SALGUEIRO_01-01-2019_A_31-12-2019"", ""INMET_NE_PE_A329_CABROBO_01-01-2019_A_31-12-2019"", ""INMET_NE_PE_A309_ARCO VERDE_01-01-2019_A_31-12-2019""], ""method"": ""IDW p=2; até 6 estações; raio máximo 300 km""}, ""precipitacao_anual_mm"": {""n_estacoes"": 6, ""nearest_distance_km"": 30.95, ""max_distance_km"": 138.87, ""stations"": [""INMET_NE_PE_A351_FLORESTA_01-01-2019_A_31-12-2019"", ""INMET_NE_PE_A349_IBIMIRIM_01-01-2019_A_31-12-2019"", ""INMET_NE_PE_A350_SERRA TALHADA_01-01-2019_A_31-12-2019"", ""INMET_NE_PE_A370_SALGUEIRO_01-01-2019_A_31-12-2019"", ""INMET_NE_PE_A329_CABROBO_01-01-2019_A_31-12-2019"", ""INMET_NE_PE_A309_ARCO VERDE_01-01-2019_A_31-12-2019""], ""method"": ""IDW p=2; até 6 estações; raio máximo 300 km""}}","{""organization"": ""INMET"", ""dataset"": ""Dados Históricos Anuais - estações automáticas"", ""version"": ""2019"", ""retrieved_at"": ""2026-10-01"", ""reference_url"": ""https://portal.inmet.gov.br/uploads/dadoshistoricos/2019.zip"", ""method"": ""agregação anual observada por estação + IDW municipal em EPSG:31985; p=2; 3-6 estações; raio <=300 km; controle mínimo de completude"", ""verified"": true}"
2605806,2019,24.2410708201521,87.50264405031092,"{""temperatura_media_c"": {""n_estacoes"": 6, ""nearest_distance_km"": 14.04, ""max_distance_km"": 140.47, ""stations"": [""INMET_NE_PE_A328_SURUBIM_01-01-2019_A_31-12-2019"", ""INMET_NE_PE_A341_CARUARU_01-01-2019_A_31-12-2019"", ""INMET_NE_PE_A357_PALMARES_01-01-2019_A_31-12-2019"", ""INMET_NE_PE_A301_RECIFE_01-01-2019_A_31-12-2019"", ""INMET_NE_PE_A322_GARANHUNS_01-01-2019_A_31-12-2019"", ""INMET_NE_PE_A309_ARCO VERDE_01-01-2019_A_31-12-2019""], ""method"": ""IDW p=2; até 6 estações; raio máximo 300 km""}, ""precipitacao_anual_mm"": {""n_estacoes"": 6, ""nearest_distance_km"": 14.04, ""max_distance_km"": 140.47, ""stations"": [""INMET_NE_PE_A328_SURUBIM_01-01-2019_A_31-12-2019"", ""INMET_NE_PE_A341_CARUARU_01-01-2019_A_31-12-2019"", ""INMET_NE_PE_A357_PALMARES_01-01-2019_A_31-12-2019"", ""INMET_NE_PE_A301_RECIFE_01-01-2019_A_31-12-2019"", ""INMET_NE_PE_A322_GARANHUNS_01-01-2019_A_31-12-2019"", ""INMET_NE_PE_A309_ARCO VERDE_01-01-2019_A_31-12-2019""], ""method"": ""IDW p=2; até 6 estações; raio máximo 300 km""}}","{""organization"": ""INMET"", ""dataset"": ""Dados Históricos Anuais - estações automáticas"", ""version"": ""2019"", ""retrieved_at"": ""2026-10-01"", ""reference_url"": ""https://portal.inmet.gov.br/uploads/dadoshistoricos/2019.zip"", ""method"": ""agregação anual observada por estação + IDW municipal em EPSG:31985; p=2; 3-6 estações; raio <=300 km; controle mínimo de completude"", ""verified"": true}"
2605905,2019,24.337523436009562,307.6126094754371,"{""temperatura_media_c"": {""n_estacoes"": 6, ""nearest_distance_km"": 20.21, ""max_distance_km"": 184.37, ""stations"": [""INMET_NE_PE_A357_PALMARES_01-01-2019_A_31-12-2019"", ""INMET_NE_PE_A341_CARUARU_01-01-2019_A_31-12-2019"", ""INMET_NE_PE_A301_RECIFE_01-01-2019_A_31-12-2019"", ""INMET_NE_PE_A328_SURUBIM_01-01-2019_A_31-12-2019"", ""INMET_NE_PE_A322_GARANHUNS_01-01-2019_A_31-12-2019"", ""INMET_NE_PE_A309_ARCO VERDE_01-01-2019_A_31-12-2019""], ""method"": ""IDW p=2; até 6 estações; raio máximo 300 km""}, ""precipitacao_anual_mm"": {""n_estacoes"": 6, ""nearest_distance_km"": 20.21, ""max_distance_km"": 184.37, ""stations"": [""INMET_NE_PE_A357_PALMARES_01-01-2019_A_31-12-2019"", ""INMET_NE_PE_A341_CARUARU_01-01-2019_A_31-12-2019"", ""INMET_NE_PE_A301_RECIFE_01-01-2019_A_31-12-2019"", ""INMET_NE_PE_A328_SURUBIM_01-01-2019_A_31-12-2019"", ""INMET_NE_PE_A322_GARANHUNS_01-01-2019_A_31-12-2019"", ""INMET_NE_PE_A309_ARCO VERDE_01-01-2019_A_31-12-2019""], ""method"": ""IDW p=2; até 6 estações; raio máximo 300 km""}}","{""organization"": ""INMET"", ""dataset"": ""Dados Históricos Anuais - estações automáticas"", ""version"": ""2019"", ""retrieved_at"": ""2026-10-01"", ""reference_url"": ""https://portal.inmet.gov.br/uploads/dadoshistoricos/2019.zip"", ""method"": ""agregação anual observada por estação + IDW municipal em EPSG:31985; p=2; 3-6 estações; raio <=300 km; controle mínimo de completude"", ""verified"": true}"
2606002,2019,21.681228129244918,677.8220671465418,"{""temperatura_media_c"": {""n_estacoes"": 6, ""nearest_distance_km"": 2.18, ""max_distance_km"": 143.19, ""stations"": [""INMET_NE_PE_A322_GARANHUNS_01-01-2019_A_31-12-2019"", ""INMET_NE_PE_A341_CARUARU_01-01-2019_A_31-12-2019"", ""INMET_NE_PE_A309_ARCO VERDE_01-01-2019_A_31-12-2019"", ""INMET_NE_PE_A357_PALMARES_01-01-2019_A_31-12-2019"", ""INMET_NE_PE_A349_IBIMIRIM_01-01-2019_A_31-12-2019"", ""INMET_NE_PE_A328_SURUBIM_01-01-2019_A_31-12-2019""], ""method"": ""IDW p=2; até 6 estações; raio máximo 300 km""}, ""precipitacao_anual_mm"": {""n_estacoes"": 6, ""nearest_distance_km"": 2.18, ""max_distance_km"": 143.19, ""stations"": [""INMET_NE_PE_A322_GARANHUNS_01-01-2019_A_31-12-2019"", ""INMET_NE_PE_A341_CARUARU_01-01-2019_A_31-12-2019"", ""INMET_NE_PE_A309_ARCO VERDE_01-01-2019_A_31-12-2019"", ""INMET_NE_PE_A357_PALMARES_01-01-2019_A_31-12-2019"", ""INMET_NE_PE_A349_IBIMIRIM_01-01-2019_A_31-12-2019"", ""INMET_NE_PE_A328_SURUBIM_01-01-2019_A_31-12-2019""], ""method"": ""IDW p=2; até 6 estações; raio máximo 300 km""}}","{""organization"": ""INMET"", ""dataset"": ""Dados Históricos Anuais - estações automáticas"", ""version"": ""2019"", ""retrieved_at"": ""2026-10-01"", ""reference_url"": ""https://portal.inmet.gov.br/uploads/dadoshistoricos/2019.zip"", ""method"": ""agregação anual observada por estação + IDW municipal em EPSG:31985; p=2; 3-6 estações; raio <=300 km; controle mínimo de completude"", ""verified"": true}"
2606101,2019,24.681214647280132,1030.0335652181489,"{""temperatura_media_c"": {""n_estacoes"": 6, ""nearest_distance_km"": 42.13, ""max_distance_km"": 195.06, ""stations"": [""INMET_NE_PE_A301_RECIFE_01-01-2019_A_31-12-2019"", ""INMET_NE_PE_A328_SURUBIM_01-01-2019_A_31-12-2019"", ""INMET_NE_PE_A357_PALMARES_01-01-2019_A_31-12-2019"", ""INMET_NE_PE_A341_CARUARU_01-01-2019_A_31-12-2019"", ""INMET_NE_PE_A322_GARANHUNS_01-01-2019_A_31-12-2019"", ""INMET_NE_PE_A309_ARCO VERDE_01-01-2019_A_31-12-2019""], ""method"": ""IDW p=2; até 6 estações; raio máximo 300 km""}, ""precipitacao_anual_mm"": {""n_estacoes"": 6, ""nearest_distance_km"": 42.13, ""max_distance_km"": 195.06, ""stations"": [""INMET_NE_PE_A301_RECIFE_01-01-2019_A_31-12-2019"", ""INMET_NE_PE_A328_SURUBIM_01-01-2019_A_31-12-2019"", ""INMET_NE_PE_A357_PALMARES_01-01-2019_A_31-12-2019"", ""INMET_NE_PE_A341_CARUARU_01-01-2019_A_31-12-2019"", ""INMET_NE_PE_A322_GARANHUNS_01-01-2019_A_31-12-2019"", ""INMET_NE_PE_A309_ARCO VERDE_01-01-2019_A_31-12-2019""], ""method"": ""IDW p=2; até 6 estações; raio máximo 300 km""}}","{""organization"": ""INMET"", ""dataset"": ""Dados Históricos Anuais - estações automáticas"", ""version"": ""2019"", ""retrieved_at"": ""2026-10-01"", ""reference_url"": ""https://portal.inmet.gov.br/uploads/dadoshistoricos/2019.zip"", ""method"": ""agregação anual observada por estação + IDW municipal em EPSG:31985; p=2; 3-6 estações; raio <=300 km; controle mínimo de completude"", ""verified"": true}"
2606200,2019,25.036913554293893,1367.3818773700461,"{""temperatura_media_c"": {""n_estacoes"": 6, ""nearest_distance_km"": 51.18, ""max_distance_km"": 250.89, ""stations"": [""INMET_NE_PE_A301_RECIFE_01-01-2019_A_31-12-2019"", ""INMET_NE_PE_A328_SURUBIM_01-01-2019_A_31-12-2019"", ""INMET_NE_PE_A357_PALMARES_01-01-2019_A_31-12-2019"", ""INMET_NE_PE_A341_CARUARU_01-01-2019_A_31-12-2019"", ""INMET_NE_PE_A322_GARANHUNS_01-01-2019_A_31-12-2019"", ""INMET_NE_PE_A309_ARCO VERDE_01-01-2019_A_31-12-2019""], ""method"": ""IDW p=2; até 6 estações; raio máximo 300 km""}, ""precipitacao_anual_mm"": {""n_estacoes"": 6, ""nearest_distance_km"": 51.18, ""max_distance_km"": 250.89, ""stations"": [""INMET_NE_PE_A301_RECIFE_01-01-2019_A_31-12-2019"", ""INMET_NE_PE_A328_SURUBIM_01-01-2019_A_31-12-2019"", ""INMET_NE_PE_A357_PALMARES_01-01-2019_A_31-12-2019"", ""INMET_NE_PE_A341_CARUARU_01-01-2019_A_31-12-2019"", ""INMET_NE_PE_A322_GARANHUNS_01-01-2019_A_31-12-2019"", ""INMET_NE_PE_A309_ARCO VERDE_01-01-2019_A_31-12-2019""], ""method"": ""IDW p=2; até 6 estações; raio máximo 300 km""}}","{""organization"": ""INMET"", ""dataset"": ""Dados Históricos Anuais - estações automáticas"", ""version"": ""2019"", ""retrieved_at"": ""2026-10-01"", ""reference_url"": ""https://portal.inmet.gov.br/uploads/dadoshistoricos/2019.zip"", ""method"": ""agregação anual observada por estação + IDW municipal em EPSG:31985; p=2; 3-6 estações; raio <=300 km; controle mínimo de completude"", ""verified"": true}"
2606309,2019,27.004627819264613,300.1446489910252,"{""temperatura_media_c"": {""n_estacoes"": 6, ""nearest_distance_km"": 46.62, ""max_distance_km"": 200.52, ""stations"": [""INMET_NE_PE_A366_OURICURI_01-01-2019_A_31-12-2019"", ""INMET_NE_PE_A370_SALGUEIRO_01-01-2019_A_31-12-2019"", ""INMET_NE_PE_A329_CABROBO_01-01-2019_A_31-12-2019"", ""INMET_NE_PE_A351_FLORESTA_01-01-2019_A_31-12-2019"", ""INMET_NE_PE_A350_SERRA TALHADA_01-01-2019_A_31-12-2019"", ""INMET_NE_PE_A307_PETROLINA_01-01-2019_A_31-12-2019""], ""method"": ""IDW p=2; até 6 estações; raio máximo 300 km""}, ""precipitacao_anual_mm"": {""n_estacoes"": 6, ""nearest_distance_km"": 46.62, ""max_distance_km"": 200.52, ""stations"": [""INMET_NE_PE_A366_OURICURI_01-01-2019_A_31-12-2019"", ""INMET_NE_PE_A370_SALGUEIRO_01-01-2019_A_31-12-2019"", ""INMET_NE_PE_A329_CABROBO_01-01-2019_A_31-12-2019"", ""INMET_NE_PE_A351_FLORESTA_01-01-2019_A_31-12-2019"", ""INMET_NE_PE_A350_SERRA TALHADA_01-01-2019_A_31-12-2019"", ""INMET_NE_PE_A307_PETROLINA_01-01-2019_A_31-12-2019""], ""method"": ""IDW p=2; até 6 estações; raio máximo 300 km""}}","{""organization"": ""INMET"", ""dataset"": ""Dados Históricos Anuais - estações automáticas"", ""version"": ""2019"", ""retrieved_at"": ""2026-10-01"", ""reference_url"": ""https://portal.inmet.gov.br/uploads/dadoshistoricos/2019.zip"", ""method"": ""agregação anual observada por estação + IDW municipal em EPSG:31985; p=2; 3-6 estações; raio <=300 km; controle mínimo de completude"", ""verified"": true}"
2606408,2019,23.798646699552098,502.9093040559285,"{""temperatura_media_c"": {""n_estacoes"": 6, ""nearest_distance_km"": 47.56, ""max_distance_km"": 166.6, ""stations"": [""INMET_NE_PE_A328_SURUBIM_01-01-2019_A_31-12-2019"", ""INMET_NE_PE_A357_PALMARES_01-01-2019_A_31-12-2019"", ""INMET_NE_PE_A341_CARUARU_01-01-2019_A_31-12-2019"", ""INMET_NE_PE_A301_RECIFE_01-01-2019_A_31-12-2019"", ""INMET_NE_PE_A322_GARANHUNS_01-01-2019_A_31-12-2019"", ""INMET_NE_PE_A309_ARCO VERDE_01-01-2019_A_31-12-2019""], ""method"": ""IDW p=2; até 6 estações; raio máximo 300 km""}, ""precipitacao_anual_mm"": {""n_estacoes"": 6, ""nearest_distance_km"": 47.56, ""max_distance_km"": 166.6, ""stations"": [""INMET_NE_PE_A328_SURUBIM_01-01-2019_A_31-12-2019"", ""INMET_NE_PE_A357_PALMARES_01-01-2019_A_31-12-2019"", ""INMET_NE_PE_A341_CARUARU_01-01-2019_A_31-12-2019"", ""INMET_NE_PE_A301_RECIFE_01-01-2019_A_31-12-2019"", ""INMET_NE_PE_A322_GARANHUNS_01-01-2019_A_31-12-2019"", ""INMET_NE_PE_A309_ARCO VERDE_01-01-2019_A_31-12-2019""], ""method"": ""IDW p=2; até 6 estações; raio máximo 300 km""}}","{""organization"": ""INMET"", ""dataset"": ""Dados Históricos Anuais - estações automáticas"", ""version"": ""2019"", ""retrieved_at"": ""2026-10-01"", ""reference_url"": ""https://portal.inmet.gov.br/uploads/dadoshistoricos/2019.zip"", ""method"": ""agregação anual observada por estação + IDW municipal em EPSG:31985; p=2; 3-6 estações; raio <=300 km; controle mínimo de completude"", ""verified"": true}"
2606507,2019,22.88548639372391,509.1877812053446,"{""temperatura_media_c"": {""n_estacoes"": 6, ""nearest_distance_km"": 51.76, ""max_distance_km"": 188.55, ""stations"": [""INMET_NE_PE_A322_GARANHUNS_01-01-2019_A_31-12-2019"", ""INMET_NE_PE_A309_ARCO VERDE_01-01-2019_A_31-12-2019"", ""INMET_NE_PE_A349_IBIMIRIM_01-01-2019_A_31-12-2019"", ""INMET_NE_PE_A341_CARUARU_01-01-2019_A_31-12-2019"", ""INMET_NE_PE_A357_PALMARES_01-01-2019_A_31-12-2019"", ""INMET_NE_PE_A328_SURUBIM_01-01-2019_A_31-12-2019""], ""method"": ""IDW p=2; até 6 estações; raio máximo 300 km""}, ""precipitacao_anual_mm"": {""n_estacoes"": 6, ""nearest_distance_km"": 51.76, ""max_distance_km"": 188.55, ""stations"": [""INMET_NE_PE_A322_GARANHUNS_01-01-2019_A_31-12-2019"", ""INMET_NE_PE_A309_ARCO VERDE_01-01-2019_A_31-12-2019"", ""INMET_NE_PE_A349_IBIMIRIM_01-01-2019_A_31-12-2019"", ""INMET_NE_PE_A341_CARUARU_01-01-2019_A_31-12-2019"", ""INMET_NE_PE_A357_PALMARES_01-01-2019_A_31-12-2019"", ""INMET_NE_PE_A328_SURUBIM_01-01-2019_A_31-12-2019""], ""method"": ""IDW p=2; até 6 estações; raio máximo 300 km""}}","{""organization"": ""INMET"", ""dataset"": ""Dados Históricos Anuais - estações automáticas"", ""version"": ""2019"", ""retrieved_at"": ""2026-10-01"", ""reference_url"": ""https://portal.inmet.gov.br/uploads/dadoshistoricos/2019.zip"", ""method"": ""agregação anual observada por estação + IDW municipal em EPSG:31985; p=2; 3-6 estações; raio <=300 km; controle mínimo de completude"", ""verified"": true}"
2606606,2019,26.32472429314679,195.97292757950277,"{""temperatura_media_c"": {""n_estacoes"": 6, ""nearest_distance_km"": 14.7, ""max_distance_km"": 174.95, ""stations"": [""INMET_NE_PE_A349_IBIMIRIM_01-01-2019_A_31-12-2019"", ""INMET_NE_PE_A309_ARCO VERDE_01-01-2019_A_31-12-2019"", ""INMET_NE_PE_A350_SERRA TALHADA_01-01-2019_A_31-12-2019"", ""INMET_NE_PE_A351_FLORESTA_01-01-2019_A_31-12-2019"", ""INMET_NE_PE_A322_GARANHUNS_01-01-2019_A_31-12-2019"", ""INMET_NE_PE_A370_SALGUEIRO_01-01-2019_A_31-12-2019""], ""method"": ""IDW p=2; até 6 estações; raio máximo 300 km""}, ""precipitacao_anual_mm"": {""n_estacoes"": 6, ""nearest_distance_km"": 14.7, ""max_distance_km"": 174.95, ""stations"": [""INMET_NE_PE_A349_IBIMIRIM_01-01-2019_A_31-12-2019"", ""INMET_NE_PE_A309_ARCO VERDE_01-01-2019_A_31-12-2019"", ""INMET_NE_PE_A350_SERRA TALHADA_01-01-2019_A_31-12-2019"", ""INMET_NE_PE_A351_FLORESTA_01-01-2019_A_31-12-2019"", ""INMET_NE_PE_A322_GARANHUNS_01-01-2019_A_31-12-2019"", ""INMET_NE_PE_A370_SALGUEIRO_01-01-2019_A_31-12-2019""], ""method"": ""IDW p=2; até 6 estações; raio máximo 300 km""}}","{""organization"": ""INMET"", ""dataset"": ""Dados Históricos Anuais - estações automáticas"", ""version"": ""2019"", ""retrieved_at"": ""2026-10-01"", ""reference_url"": ""https://portal.inmet.gov.br/uploads/dadoshistoricos/2019.zip"", ""method"": ""agregação anual observada por estação + IDW municipal em EPSG:31985; p=2; 3-6 estações; raio <=300 km; controle mínimo de completude"", ""verified"": true}"
2606705,2019,22.108573945265917,510.6618145046684,"{""temperatura_media_c"": {""n_estacoes"": 6, ""nearest_distance_km"": 33.45, ""max_distance_km"": 150.02, ""stations"": [""INMET_NE_PE_A341_CARUARU_01-01-2019_A_31-12-2019"", ""INMET_NE_PE_A322_GARANHUNS_01-01-2019_A_31-12-2019"", ""INMET_NE_PE_A357_PALMARES_01-01-2019_A_31-12-2019"", ""INMET_NE_PE_A309_ARCO VERDE_01-01-2019_A_31-12-2019"", ""INMET_NE_PE_A328_SURUBIM_01-01-2019_A_31-12-2019"", ""INMET_NE_PE_A301_RECIFE_01-01-2019_A_31-12-2019""], ""method"": ""IDW p=2; até 6 estações; raio máximo 300 km""}, ""precipitacao_anual_mm"": {""n_estacoes"": 6, ""nearest_distance_km"": 33.45, ""max_distance_km"": 150.02, ""stations"": [""INMET_NE_PE_A341_CARUARU_01-01-2019_A_31-12-2019"", ""INMET_NE_PE_A322_GARANHUNS_01-01-2019_A_31-12-2019"", ""INMET_NE_PE_A357_PALMARES_01-01-2019_A_31-12-2019"", ""INMET_NE_PE_A309_ARCO VERDE_01-01-2019_A_31-12-2019"", ""INMET_NE_PE_A328_SURUBIM_01-01-2019_A_31-12-2019"", ""INMET_NE_PE_A301_RECIFE_01-01-2019_A_31-12-2019""], ""method"": ""IDW p=2; até 6 estações; raio máximo 300 km""}}","{""organization"": ""INMET"", ""dataset"": ""Dados Históricos Anuais - estações automáticas"", ""version"": ""2019"", ""retrieved_at"": ""2026-10-01"", ""reference_url"": ""https://portal.inmet.gov.br/uploads/dadoshistoricos/2019.zip"", ""method"": ""agregação anual observada por estação + IDW municipal em EPSG:31985; p=2; 3-6 estações; raio <=300 km; controle mínimo de completude"", ""verified"": true}"
2606804,2019,25.54771870934801,1764.2054033916897,"{""temperatura_media_c"": {""n_estacoes"": 6, ""nearest_distance_km"": 26.74, ""max_distance_km"": 240.99, ""stations"": [""INMET_NE_PE_A301_RECIFE_01-01-2019_A_31-12-2019"", ""INMET_NE_PE_A328_SURUBIM_01-01-2019_A_31-12-2019"", ""INMET_NE_PE_A357_PALMARES_01-01-2019_A_31-12-2019"", ""INMET_NE_PE_A341_CARUARU_01-01-2019_A_31-12-2019"", ""INMET_NE_PE_A322_GARANHUNS_01-01-2019_A_31-12-2019"", ""INMET_NE_PE_A309_ARCO VERDE_01-01-2019_A_31-12-2019""], ""method"": ""IDW p=2; até 6 estações; raio máximo 300 km""}, ""precipitacao_anual_mm"": {""n_estacoes"": 6, ""nearest_distance_km"": 26.74, ""max_distance_km"": 240.99, ""stations"": [""INMET_NE_PE_A301_RECIFE_01-01-2019_A_31-12-2019"", ""INMET_NE_PE_A328_SURUBIM_01-01-2019_A_31-12-2019"", ""INMET_NE_PE_A357_PALMARES_01-01-2019_A_31-12-2019"", ""INMET_NE_PE_A341_CARUARU_01-01-2019_A_31-12-2019"", ""INMET_NE_PE_A322_GARANHUNS_01-01-2019_A_31-12-2019"", ""INMET_NE_PE_A309_ARCO VERDE_01-01-2019_A_31-12-2019""], ""method"": ""IDW p=2; até 6 estações; raio máximo 300 km""}}","{""organization"": ""INMET"", ""dataset"": ""Dados Históricos Anuais - estações automáticas"", ""version"": ""2019"", ""retrieved_at"": ""2026-10-01"", ""reference_url"": ""https://portal.inmet.gov.br/uploads/dadoshistoricos/2019.zip"", ""method"": ""agregação anual observada por estação + IDW municipal em EPSG:31985; p=2; 3-6 estações; raio <=300 km; controle mínimo de completude"", ""verified"": true}"
2606903,2019,24.969345417486934,429.90586030956905,"{""temperatura_media_c"": {""n_estacoes"": 6, ""nearest_distance_km"": 75.65, ""max_distance_km"": 162.34, ""stations"": [""INMET_NE_PE_A309_ARCO VERDE_01-01-2019_A_31-12-2019"", ""INMET_NE_PE_A349_IBIMIRIM_01-01-2019_A_31-12-2019"", ""INMET_NE_PE_A350_SERRA TALHADA_01-01-2019_A_31-12-2019"", ""INMET_NE_PE_A322_GARANHUNS_01-01-2019_A_31-12-2019"", ""INMET_NE_PE_A351_FLORESTA_01-01-2019_A_31-12-2019"", ""INMET_NE_PE_A341_CARUARU_01-01-2019_A_31-12-2019""], ""method"": ""IDW p=2; até 6 estações; raio máximo 300 km""}, ""precipitacao_anual_mm"": {""n_estacoes"": 6, ""nearest_distance_km"": 75.65, ""max_distance_km"": 162.34, ""stations"": [""INMET_NE_PE_A309_ARCO VERDE_01-01-2019_A_31-12-2019"", ""INMET_NE_PE_A349_IBIMIRIM_01-01-2019_A_31-12-2019"", ""INMET_NE_PE_A350_SERRA TALHADA_01-01-2019_A_31-12-2019"", ""INMET_NE_PE_A322_GARANHUNS_01-01-2019_A_31-12-2019"", ""INMET_NE_PE_A351_FLORESTA_01-01-2019_A_31-12-2019"", ""INMET_NE_PE_A341_CARUARU_01-01-2019_A_31-12-2019""], ""method"": ""IDW p=2; até 6 estações; raio máximo 300 km""}}","{""organization"": ""INMET"", ""dataset"": ""Dados Históricos Anuais - estações automáticas"", ""version"": ""2019"", ""retrieved_at"": ""2026-10-01"", ""reference_url"": ""https://portal.inmet.gov.br/uploads/dadoshistoricos/2019.zip"", ""method"": ""agregação anual observada por estação + IDW municipal em EPSG:31985; p=2; 3-6 estações; raio <=300 km; controle mínimo de completude"", ""verified"": true}"
2607000,2019,26.190983244327736,281.6924448272597,"{""temperatura_media_c"": {""n_estacoes"": 6, ""nearest_distance_km"": 36.33, ""max_distance_km"": 161.35, ""stations"": [""INMET_NE_PE_A349_IBIMIRIM_01-01-2019_A_31-12-2019"", ""INMET_NE_PE_A351_FLORESTA_01-01-2019_A_31-12-2019"", ""INMET_NE_PE_A309_ARCO VERDE_01-01-2019_A_31-12-2019"", ""INMET_NE_PE_A350_SERRA TALHADA_01-01-2019_A_31-12-2019"", ""INMET_NE_PE_A322_GARANHUNS_01-01-2019_A_31-12-2019"", ""INMET_NE_PE_A370_SALGUEIRO_01-01-2019_A_31-12-2019""], ""method"": ""IDW p=2; até 6 estações; raio máximo 300 km""}, ""precipitacao_anual_mm"": {""n_estacoes"": 6, ""nearest_distance_km"": 36.33, ""max_distance_km"": 161.35, ""stations"": [""INMET_NE_PE_A349_IBIMIRIM_01-01-2019_A_31-12-2019"", ""INMET_NE_PE_A351_FLORESTA_01-01-2019_A_31-12-2019"", ""INMET_NE_PE_A309_ARCO VERDE_01-01-2019_A_31-12-2019"", ""INMET_NE_PE_A350_SERRA TALHADA_01-01-2019_A_31-12-2019"", ""INMET_NE_PE_A322_GARANHUNS_01-01-2019_A_31-12-2019"", ""INMET_NE_PE_A370_SALGUEIRO_01-01-2019_A_31-12-2019""], ""method"": ""IDW p=2; até 6 estações; raio máximo 300 km""}}","{""organization"": ""INMET"", ""dataset"": ""Dados Históricos Anuais - estações automáticas"", ""version"": ""2019"", ""retrieved_at"": ""2026-10-01"", ""reference_url"": ""https://portal.inmet.gov.br/uploads/dadoshistoricos/2019.zip"", ""method"": ""agregação anual observada por estação + IDW municipal em EPSG:31985; p=2; 3-6 estações; raio <=300 km; controle mínimo de completude"", ""verified"": true}"
2607109,2019,24.988596890734506,445.0707666062545,"{""temperatura_media_c"": {""n_estacoes"": 6, ""nearest_distance_km"": 89.17, ""max_distance_km"": 169.38, ""stations"": [""INMET_NE_PE_A309_ARCO VERDE_01-01-2019_A_31-12-2019"", ""INMET_NE_PE_A349_IBIMIRIM_01-01-2019_A_31-12-2019"", ""INMET_NE_PE_A350_SERRA TALHADA_01-01-2019_A_31-12-2019"", ""INMET_NE_PE_A351_FLORESTA_01-01-2019_A_31-12-2019"", ""INMET_NE_PE_A322_GARANHUNS_01-01-2019_A_31-12-2019"", ""INMET_NE_PE_A341_CARUARU_01-01-2019_A_31-12-2019""], ""method"": ""IDW p=2; até 6 estações; raio máximo 300 km""}, ""precipitacao_anual_mm"": {""n_estacoes"": 6, ""nearest_distance_km"": 89.17, ""max_distance_km"": 169.38, ""stations"": [""INMET_NE_PE_A309_ARCO VERDE_01-01-2019_A_31-12-2019"", ""INMET_NE_PE_A349_IBIMIRIM_01-01-2019_A_31-12-2019"", ""INMET_NE_PE_A350_SERRA TALHADA_01-01-2019_A_31-12-2019"", ""INMET_NE_PE_A351_FLORESTA_01-01-2019_A_31-12-2019"", ""INMET_NE_PE_A322_GARANHUNS_01-01-2019_A_31-12-2019"", ""INMET_NE_PE_A341_CARUARU_01-01-2019_A_31-12-2019""], ""method"": ""IDW p=2; até 6 estações; raio máximo 300 km""}}","{""organization"": ""INMET"", ""dataset"": ""Dados Históricos Anuais - estações automáticas"", ""version"": ""2019"", ""retrieved_at"": ""2026-10-01"", ""reference_url"": ""https://portal.inmet.gov.br/uploads/dadoshistoricos/2019.zip"", ""method"": ""agregação anual observada por estação + IDW municipal em EPSG:31985; p=2; 3-6 estações; raio <=300 km; controle mínimo de completude"", ""verified"": true}"
2607208,2019,24.803838492174304,1141.4026968033218,"{""temperatura_media_c"": {""n_estacoes"": 6, ""nearest_distance_km"": 44.18, ""max_distance_km"": 216.79, ""stations"": [""INMET_NE_PE_A301_RECIFE_01-01-2019_A_31-12-2019"", ""INMET_NE_PE_A357_PALMARES_01-01-2019_A_31-12-2019"", ""INMET_NE_PE_A328_SURUBIM_01-01-2019_A_31-12-2019"", ""INMET_NE_PE_A341_CARUARU_01-01-2019_A_31-12-2019"", ""INMET_NE_PE_A322_GARANHUNS_01-01-2019_A_31-12-2019"", ""INMET_NE_PE_A309_ARCO VERDE_01-01-2019_A_31-12-2019""], ""method"": ""IDW p=2; até 6 estações; raio máximo 300 km""}, ""precipitacao_anual_mm"": {""n_estacoes"": 6, ""nearest_distance_km"": 44.18, ""max_distance_km"": 216.79, ""stations"": [""INMET_NE_PE_A301_RECIFE_01-01-2019_A_31-12-2019"", ""INMET_NE_PE_A357_PALMARES_01-01-2019_A_31-12-2019"", ""INMET_NE_PE_A328_SURUBIM_01-01-2019_A_31-12-2019"", ""INMET_NE_PE_A341_CARUARU_01-01-2019_A_31-12-2019"", ""INMET_NE_PE_A322_GARANHUNS_01-01-2019_A_31-12-2019"", ""INMET_NE_PE_A309_ARCO VERDE_01-01-2019_A_31-12-2019""], ""method"": ""IDW p=2; até 6 estações; raio máximo 300 km""}}","{""organization"": ""INMET"", ""dataset"": ""Dados Históricos Anuais - estações automáticas"", ""version"": ""2019"", ""retrieved_at"": ""2026-10-01"", ""reference_url"": ""https://portal.inmet.gov.br/uploads/dadoshistoricos/2019.zip"", ""method"": ""agregação anual observada por estação + IDW municipal em EPSG:31985; p=2; 3-6 estações; raio <=300 km; controle mínimo de completude"", ""verified"": true}"
2607307,2019,26.875694875190764,233.1834666470782,"{""temperatura_media_c"": {""n_estacoes"": 6, ""nearest_distance_km"": 45.07, ""max_distance_km"": 219.2, ""stations"": [""INMET_NE_PE_A366_OURICURI_01-01-2019_A_31-12-2019"", ""INMET_NE_PE_A370_SALGUEIRO_01-01-2019_A_31-12-2019"", ""INMET_NE_PE_A329_CABROBO_01-01-2019_A_31-12-2019"", ""INMET_NE_PE_A307_PETROLINA_01-01-2019_A_31-12-2019"", ""INMET_NE_PE_A351_FLORESTA_01-01-2019_A_31-12-2019"", ""INMET_NE_PE_A350_SERRA TALHADA_01-01-2019_A_31-12-2019""], ""method"": ""IDW p=2; até 6 estações; raio máximo 300 km""}, ""precipitacao_anual_mm"": {""n_estacoes"": 6, ""nearest_distance_km"": 45.07, ""max_distance_km"": 219.2, ""stations"": [""INMET_NE_PE_A366_OURICURI_01-01-2019_A_31-12-2019"", ""INMET_NE_PE_A370_SALGUEIRO_01-01-2019_A_31-12-2019"", ""INMET_NE_PE_A329_CABROBO_01-01-2019_A_31-12-2019"", ""INMET_NE_PE_A307_PETROLINA_01-01-2019_A_31-12-2019"", ""INMET_NE_PE_A351_FLORESTA_01-01-2019_A_31-12-2019"", ""INMET_NE_PE_A350_SERRA TALHADA_01-01-2019_A_31-12-2019""], ""method"": ""IDW p=2; até 6 estações; raio máximo 300 km""}}","{""organization"": ""INMET"", ""dataset"": ""Dados Históricos Anuais - estações automáticas"", ""version"": ""2019"", ""retrieved_at"": ""2026-10-01"", ""reference_url"": ""https://portal.inmet.gov.br/uploads/dadoshistoricos/2019.zip"", ""method"": ""agregação anual observada por estação + IDW municipal em EPSG:31985; p=2; 3-6 estações; raio <=300 km; controle mínimo de completude"", ""verified"": true}"
2607406,2019,27.318777730559056,367.03210216130884,"{""temperatura_media_c"": {""n_estacoes"": 6, ""nearest_distance_km"": 23.12, ""max_distance_km"": 180.01, ""stations"": [""INMET_NE_PE_A351_FLORESTA_01-01-2019_A_31-12-2019"", ""INMET_NE_PE_A329_CABROBO_01-01-2019_A_31-12-2019"", ""INMET_NE_PE_A370_SALGUEIRO_01-01-2019_A_31-12-2019"", ""INMET_NE_PE_A350_SERRA TALHADA_01-01-2019_A_31-12-2019"", ""INMET_NE_PE_A349_IBIMIRIM_01-01-2019_A_31-12-2019"", ""INMET_NE_PE_A366_OURICURI_01-01-2019_A_31-12-2019""], ""method"": ""IDW p=2; até 6 estações; raio máximo 300 km""}, ""precipitacao_anual_mm"": {""n_estacoes"": 6, ""nearest_distance_km"": 23.12, ""max_distance_km"": 180.01, ""stations"": [""INMET_NE_PE_A351_FLORESTA_01-01-2019_A_31-12-2019"", ""INMET_NE_PE_A329_CABROBO_01-01-2019_A_31-12-2019"", ""INMET_NE_PE_A370_SALGUEIRO_01-01-2019_A_31-12-2019"", ""INMET_NE_PE_A350_SERRA TALHADA_01-01-2019_A_31-12-2019"", ""INMET_NE_PE_A349_IBIMIRIM_01-01-2019_A_31-12-2019"", ""INMET_NE_PE_A366_OURICURI_01-01-2019_A_31-12-2019""], ""method"": ""IDW p=2; até 6 estações; raio máximo 300 km""}}","{""organization"": ""INMET"", ""dataset"": ""Dados Históricos Anuais - estações automáticas"", ""version"": ""2019"", ""retrieved_at"": ""2026-10-01"", ""reference_url"": ""https://portal.inmet.gov.br/uploads/dadoshistoricos/2019.zip"", ""method"": ""agregação anual observada por estação + IDW municipal em EPSG:31985; p=2; 3-6 estações; raio <=300 km; controle mínimo de completude"", ""verified"": true}"
2607505,2019,24.484739210850467,419.53116654758196,"{""temperatura_media_c"": {""n_estacoes"": 6, ""nearest_distance_km"": 66.56, ""max_distance_km"": 158.86, ""stations"": [""INMET_NE_PE_A309_ARCO VERDE_01-01-2019_A_31-12-2019"", ""INMET_NE_PE_A349_IBIMIRIM_01-01-2019_A_31-12-2019"", ""INMET_NE_PE_A322_GARANHUNS_01-01-2019_A_31-12-2019"", ""INMET_NE_PE_A351_FLORESTA_01-01-2019_A_31-12-2019"", ""INMET_NE_PE_A341_CARUARU_01-01-2019_A_31-12-2019"", ""INMET_NE_PE_A350_SERRA TALHADA_01-01-2019_A_31-12-2019""], ""method"": ""IDW p=2; até 6 estações; raio máximo 300 km""}, ""precipitacao_anual_mm"": {""n_estacoes"": 6, ""nearest_distance_km"": 66.56, ""max_distance_km"": 158.86, ""stations"": [""INMET_NE_PE_A309_ARCO VERDE_01-01-2019_A_31-12-2019"", ""INMET_NE_PE_A349_IBIMIRIM_01-01-2019_A_31-12-2019"", ""INMET_NE_PE_A322_GARANHUNS_01-01-2019_A_31-12-2019"", ""INMET_NE_PE_A351_FLORESTA_01-01-2019_A_31-12-2019"", ""INMET_NE_PE_A341_CARUARU_01-01-2019_A_31-12-2019"", ""INMET_NE_PE_A350_SERRA TALHADA_01-01-2019_A_31-12-2019""], ""method"": ""IDW p=2; até 6 estações; raio máximo 300 km""}}","{""organization"": ""INMET"", ""dataset"": ""Dados Históricos Anuais - estações automáticas"", ""version"": ""2019"", ""retrieved_at"": ""2026-10-01"", ""reference_url"": ""https://portal.inmet.gov.br/uploads/dadoshistoricos/2019.zip"", ""method"": ""agregação anual observada por estação + IDW municipal em EPSG:31985; p=2; 3-6 estações; raio <=300 km; controle mínimo de completude"", ""verified"": true}"
2607604,2019,25.412296756998078,1666.1164372318976,"{""temperatura_media_c"": {""n_estacoes"": 6, ""nearest_distance_km"": 35.11, ""max_distance_km"": 254.03, ""stations"": [""INMET_NE_PE_A301_RECIFE_01-01-2019_A_31-12-2019"", ""INMET_NE_PE_A328_SURUBIM_01-01-2019_A_31-12-2019"", ""INMET_NE_PE_A357_PALMARES_01-01-2019_A_31-12-2019"", ""INMET_NE_PE_A341_CARUARU_01-01-2019_A_31-12-2019"", ""INMET_NE_PE_A322_GARANHUNS_01-01-2019_A_31-12-2019"", ""INMET_NE_PE_A309_ARCO VERDE_01-01-2019_A_31-12-2019""], ""method"": ""IDW p=2; até 6 estações; raio máximo 300 km""}, ""precipitacao_anual_mm"": {""n_estacoes"": 6, ""nearest_distance_km"": 35.11, ""max_distance_km"": 254.03, ""stations"": [""INMET_NE_PE_A301_RECIFE_01-01-2019_A_31-12-2019"", ""INMET_NE_PE_A328_SURUBIM_01-01-2019_A_31-12-2019"", ""INMET_NE_PE_A357_PALMARES_01-01-2019_A_31-12-2019"", ""INMET_NE_PE_A341_CARUARU_01-01-2019_A_31-12-2019"", ""INMET_NE_PE_A322_GARANHUNS_01-01-2019_A_31-12-2019"", ""INMET_NE_PE_A309_ARCO VERDE_01-01-2019_A_31-12-2019""], ""method"": ""IDW p=2; até 6 estações; raio máximo 300 km""}}","{""organization"": ""INMET"", ""dataset"": ""Dados Históricos Anuais - estações automáticas"", ""version"": ""2019"", ""retrieved_at"": ""2026-10-01"", ""reference_url"": ""https://portal.inmet.gov.br/uploads/dadoshistoricos/2019.zip"", ""method"": ""agregação anual observada por estação + IDW municipal em EPSG:31985; p=2; 3-6 estações; raio <=300 km; controle mínimo de completude"", ""verified"": true}"
2607653,2019,24.619336156996642,1002.814945557053,"{""temperatura_media_c"": {""n_estacoes"": 6, ""nearest_distance_km"": 70.12, ""max_distance_km"": 238.39, ""stations"": [""INMET_NE_PE_A301_RECIFE_01-01-2019_A_31-12-2019"", ""INMET_NE_PE_A328_SURUBIM_01-01-2019_A_31-12-2019"", ""INMET_NE_PE_A341_CARUARU_01-01-2019_A_31-12-2019"", ""INMET_NE_PE_A357_PALMARES_01-01-2019_A_31-12-2019"", ""INMET_NE_PE_A322_GARANHUNS_01-01-2019_A_31-12-2019"", ""INMET_NE_PE_A309_ARCO VERDE_01-01-2019_A_31-12-2019""], ""method"": ""IDW p=2; até 6 estações; raio máximo 300 km""}, ""precipitacao_anual_mm"": {""n_estacoes"": 6, ""nearest_distance_km"": 70.12, ""max_distance_km"": 238.39, ""stations"": [""INMET_NE_PE_A301_RECIFE_01-01-2019_A_31-12-2019"", ""INMET_NE_PE_A328_SURUBIM_01-01-2019_A_31-12-2019"", ""INMET_NE_PE_A341_CARUARU_01-01-2019_A_31-12-2019"", ""INMET_NE_PE_A357_PALMARES_01-01-2019_A_31-12-2019"", ""INMET_NE_PE_A322_GARANHUNS_01-01-2019_A_31-12-2019"", ""INMET_NE_PE_A309_ARCO VERDE_01-01-2019_A_31-12-2019""], ""method"": ""IDW p=2; até 6 estações; raio máximo 300 km""}}","{""organization"": ""INMET"", ""dataset"": ""Dados Históricos Anuais - estações automáticas"", ""version"": ""2019"", ""retrieved_at"": ""2026-10-01"", ""reference_url"": ""https://portal.inmet.gov.br/uploads/dadoshistoricos/2019.zip"", ""method"": ""agregação anual observada por estação + IDW municipal em EPSG:31985; p=2; 3-6 estações; raio <=300 km; controle mínimo de completude"", ""verified"": true}"
2607703,2019,24.276678034939057,406.43413582722957,"{""temperatura_media_c"": {""n_estacoes"": 6, ""nearest_distance_km"": 115.23, ""max_distance_km"": 182.38, ""stations"": [""INMET_NE_PE_A309_ARCO VERDE_01-01-2019_A_31-12-2019"", ""INMET_NE_PE_A349_IBIMIRIM_01-01-2019_A_31-12-2019"", ""INMET_NE_PE_A350_SERRA TALHADA_01-01-2019_A_31-12-2019"", ""INMET_NE_PE_A328_SURUBIM_01-01-2019_A_31-12-2019"", ""INMET_NE_PE_A341_CARUARU_01-01-2019_A_31-12-2019"", ""INMET_NE_PE_A322_GARANHUNS_01-01-2019_A_31-12-2019""], ""method"": ""IDW p=2; até 6 estações; raio máximo 300 km""}, ""precipitacao_anual_mm"": {""n_estacoes"": 6, ""nearest_distance_km"": 115.23, ""max_distance_km"": 182.38, ""stations"": [""INMET_NE_PE_A309_ARCO VERDE_01-01-2019_A_31-12-2019"", ""INMET_NE_PE_A349_IBIMIRIM_01-01-2019_A_31-12-2019"", ""INMET_NE_PE_A350_SERRA TALHADA_01-01-2019_A_31-12-2019"", ""INMET_NE_PE_A328_SURUBIM_01-01-2019_A_31-12-2019"", ""INMET_NE_PE_A341_CARUARU_01-01-2019_A_31-12-2019"", ""INMET_NE_PE_A322_GARANHUNS_01-01-2019_A_31-12-2019""], ""method"": ""IDW p=2; até 6 estações; raio máximo 300 km""}}","{""organization"": ""INMET"", ""dataset"": ""Dados Históricos Anuais - estações automáticas"", ""version"": ""2019"", ""retrieved_at"": ""2026-10-01"", ""reference_url"": ""https://portal.inmet.gov.br/uploads/dadoshistoricos/2019.zip"", ""method"": ""agregação anual observada por estação + IDW municipal em EPSG:31985; p=2; 3-6 estações; raio <=300 km; controle mínimo de completude"", ""verified"": true}"
2607752,2019,25.383203610498025,1639.8277213550284,"{""temperatura_media_c"": {""n_estacoes"": 6, ""nearest_distance_km"": 35.23, ""max_distance_km"": 249.01, ""stations"": [""INMET_NE_PE_A301_RECIFE_01-01-2019_A_31-12-2019"", ""INMET_NE_PE_A328_SURUBIM_01-01-2019_A_31-12-2019"", ""INMET_NE_PE_A357_PALMARES_01-01-2019_A_31-12-2019"", ""INMET_NE_PE_A341_CARUARU_01-01-2019_A_31-12-2019"", ""INMET_NE_PE_A322_GARANHUNS_01-01-2019_A_31-12-2019"", ""INMET_NE_PE_A309_ARCO VERDE_01-01-2019_A_31-12-2019""], ""method"": ""IDW p=2; até 6 estações; raio máximo 300 km""}, ""precipitacao_anual_mm"": {""n_estacoes"": 6, ""nearest_distance_km"": 35.23, ""max_distance_km"": 249.01, ""stations"": [""INMET_NE_PE_A301_RECIFE_01-01-2019_A_31-12-2019"", ""INMET_NE_PE_A328_SURUBIM_01-01-2019_A_31-12-2019"", ""INMET_NE_PE_A357_PALMARES_01-01-2019_A_31-12-2019"", ""INMET_NE_PE_A341_CARUARU_01-01-2019_A_31-12-2019"", ""INMET_NE_PE_A322_GARANHUNS_01-01-2019_A_31-12-2019"", ""INMET_NE_PE_A309_ARCO VERDE_01-01-2019_A_31-12-2019""], ""method"": ""IDW p=2; até 6 estações; raio máximo 300 km""}}","{""organization"": ""INMET"", ""dataset"": ""Dados Históricos Anuais - estações automáticas"", ""version"": ""2019"", ""retrieved_at"": ""2026-10-01"", ""reference_url"": ""https://portal.inmet.gov.br/uploads/dadoshistoricos/2019.zip"", ""method"": ""agregação anual observada por estação + IDW municipal em EPSG:31985; p=2; 3-6 estações; raio <=300 km; controle mínimo de completude"", ""verified"": true}"
2607802,2019,25.14729595668134,1440.3793872669016,"{""temperatura_media_c"": {""n_estacoes"": 6, ""nearest_distance_km"": 42.03, ""max_distance_km"": 238.04, ""stations"": [""INMET_NE_PE_A301_RECIFE_01-01-2019_A_31-12-2019"", ""INMET_NE_PE_A328_SURUBIM_01-01-2019_A_31-12-2019"", ""INMET_NE_PE_A357_PALMARES_01-01-2019_A_31-12-2019"", ""INMET_NE_PE_A341_CARUARU_01-01-2019_A_31-12-2019"", ""INMET_NE_PE_A322_GARANHUNS_01-01-2019_A_31-12-2019"", ""INMET_NE_PE_A309_ARCO VERDE_01-01-2019_A_31-12-2019""], ""method"": ""IDW p=2; até 6 estações; raio máximo 300 km""}, ""precipitacao_anual_mm"": {""n_estacoes"": 6, ""nearest_distance_km"": 42.03, ""max_distance_km"": 238.04, ""stations"": [""INMET_NE_PE_A301_RECIFE_01-01-2019_A_31-12-2019"", ""INMET_NE_PE_A328_SURUBIM_01-01-2019_A_31-12-2019"", ""INMET_NE_PE_A357_PALMARES_01-01-2019_A_31-12-2019"", ""INMET_NE_PE_A341_CARUARU_01-01-2019_A_31-12-2019"", ""INMET_NE_PE_A322_GARANHUNS_01-01-2019_A_31-12-2019"", ""INMET_NE_PE_A309_ARCO VERDE_01-01-2019_A_31-12-2019""], ""method"": ""IDW p=2; até 6 estações; raio máximo 300 km""}}","{""organization"": ""INMET"", ""dataset"": ""Dados Históricos Anuais - estações automáticas"", ""version"": ""2019"", ""retrieved_at"": ""2026-10-01"", ""reference_url"": ""https://portal.inmet.gov.br/uploads/dadoshistoricos/2019.zip"", ""method"": ""agregação anual observada por estação + IDW municipal em EPSG:31985; p=2; 3-6 estações; raio <=300 km; controle mínimo de completude"", ""verified"": true}"
2607901,2019,25.846039468618454,1996.3182883389861,"{""temperatura_media_c"": {""n_estacoes"": 6, ""nearest_distance_km"": 11.37, ""max_distance_km"": 228.44, ""stations"": [""INMET_NE_PE_A301_RECIFE_01-01-2019_A_31-12-2019"", ""INMET_NE_PE_A357_PALMARES_01-01-2019_A_31-12-2019"", ""INMET_NE_PE_A328_SURUBIM_01-01-2019_A_31-12-2019"", ""INMET_NE_PE_A341_CARUARU_01-01-2019_A_31-12-2019"", ""INMET_NE_PE_A322_GARANHUNS_01-01-2019_A_31-12-2019"", ""INMET_NE_PE_A309_ARCO VERDE_01-01-2019_A_31-12-2019""], ""method"": ""IDW p=2; até 6 estações; raio máximo 300 km""}, ""precipitacao_anual_mm"": {""n_estacoes"": 6, ""nearest_distance_km"": 11.37, ""max_distance_km"": 228.44, ""stations"": [""INMET_NE_PE_A301_RECIFE_01-01-2019_A_31-12-2019"", ""INMET_NE_PE_A357_PALMARES_01-01-2019_A_31-12-2019"", ""INMET_NE_PE_A328_SURUBIM_01-01-2019_A_31-12-2019"", ""INMET_NE_PE_A341_CARUARU_01-01-2019_A_31-12-2019"", ""INMET_NE_PE_A322_GARANHUNS_01-01-2019_A_31-12-2019"", ""INMET_NE_PE_A309_ARCO VERDE_01-01-2019_A_31-12-2019""], ""method"": ""IDW p=2; até 6 estações; raio máximo 300 km""}}","{""organization"": ""INMET"", ""dataset"": ""Dados Históricos Anuais - estações automáticas"", ""version"": ""2019"", ""retrieved_at"": ""2026-10-01"", ""reference_url"": ""https://portal.inmet.gov.br/uploads/dadoshistoricos/2019.zip"", ""method"": ""agregação anual observada por estação + IDW municipal em EPSG:31985; p=2; 3-6 estações; raio <=300 km; controle mínimo de completude"", ""verified"": true}"
2607950,2019,23.640225555588728,339.4539509793808,"{""temperatura_media_c"": {""n_estacoes"": 6, ""nearest_distance_km"": 27.73, ""max_distance_km"": 141.75, ""stations"": [""INMET_NE_PE_A357_PALMARES_01-01-2019_A_31-12-2019"", ""INMET_NE_PE_A341_CARUARU_01-01-2019_A_31-12-2019"", ""INMET_NE_PE_A322_GARANHUNS_01-01-2019_A_31-12-2019"", ""INMET_NE_PE_A328_SURUBIM_01-01-2019_A_31-12-2019"", ""INMET_NE_PE_A301_RECIFE_01-01-2019_A_31-12-2019"", ""INMET_NE_PE_A309_ARCO VERDE_01-01-2019_A_31-12-2019""], ""method"": ""IDW p=2; até 6 estações; raio máximo 300 km""}, ""precipitacao_anual_mm"": {""n_estacoes"": 6, ""nearest_distance_km"": 27.73, ""max_distance_km"": 141.75, ""stations"": [""INMET_NE_PE_A357_PALMARES_01-01-2019_A_31-12-2019"", ""INMET_NE_PE_A341_CARUARU_01-01-2019_A_31-12-2019"", ""INMET_NE_PE_A322_GARANHUNS_01-01-2019_A_31-12-2019"", ""INMET_NE_PE_A328_SURUBIM_01-01-2019_A_31-12-2019"", ""INMET_NE_PE_A301_RECIFE_01-01-2019_A_31-12-2019"", ""INMET_NE_PE_A309_ARCO VERDE_01-01-2019_A_31-12-2019""], ""method"": ""IDW p=2; até 6 estações; raio máximo 300 km""}}","{""organization"": ""INMET"", ""dataset"": ""Dados Históricos Anuais - estações automáticas"", ""version"": ""2019"", ""retrieved_at"": ""2026-10-01"", ""reference_url"": ""https://portal.inmet.gov.br/uploads/dadoshistoricos/2019.zip"", ""method"": ""agregação anual observada por estação + IDW municipal em EPSG:31985; p=2; 3-6 estações; raio <=300 km; controle mínimo de completude"", ""verified"": true}"
2608008,2019,23.103017654677107,377.2506566340688,"{""temperatura_media_c"": {""n_estacoes"": 6, ""nearest_distance_km"": 65.49, ""max_distance_km"": 139.44, ""stations"": [""INMET_NE_PE_A341_CARUARU_01-01-2019_A_31-12-2019"", ""INMET_NE_PE_A309_ARCO VERDE_01-01-2019_A_31-12-2019"", ""INMET_NE_PE_A328_SURUBIM_01-01-2019_A_31-12-2019"", ""INMET_NE_PE_A322_GARANHUNS_01-01-2019_A_31-12-2019"", ""INMET_NE_PE_A357_PALMARES_01-01-2019_A_31-12-2019"", ""INMET_NE_PE_A349_IBIMIRIM_01-01-2019_A_31-12-2019""], ""method"": ""IDW p=2; até 6 estações; raio máximo 300 km""}, ""precipitacao_anual_mm"": {""n_estacoes"": 6, ""nearest_distance_km"": 65.49, ""max_distance_km"": 139.44, ""stations"": [""INMET_NE_PE_A341_CARUARU_01-01-2019_A_31-12-2019"", ""INMET_NE_PE_A309_ARCO VERDE_01-01-2019_A_31-12-2019"", ""INMET_NE_PE_A328_SURUBIM_01-01-2019_A_31-12-2019"", ""INMET_NE_PE_A322_GARANHUNS_01-01-2019_A_31-12-2019"", ""INMET_NE_PE_A357_PALMARES_01-01-2019_A_31-12-2019"", ""INMET_NE_PE_A349_IBIMIRIM_01-01-2019_A_31-12-2019""], ""method"": ""IDW p=2; até 6 estações; raio máximo 300 km""}}","{""organization"": ""INMET"", ""dataset"": ""Dados Históricos Anuais - estações automáticas"", ""version"": ""2019"", ""retrieved_at"": ""2026-10-01"", ""reference_url"": ""https://portal.inmet.gov.br/uploads/dadoshistoricos/2019.zip"", ""method"": ""agregação anual observada por estação + IDW municipal em EPSG:31985; p=2; 3-6 estações; raio <=300 km; controle mínimo de completude"", ""verified"": true}"
2608057,2019,26.723689918708533,364.8566105795605,"{""temperatura_media_c"": {""n_estacoes"": 6, ""nearest_distance_km"": 79.02, ""max_distance_km"": 160.7, ""stations"": [""INMET_NE_PE_A351_FLORESTA_01-01-2019_A_31-12-2019"", ""INMET_NE_PE_A349_IBIMIRIM_01-01-2019_A_31-12-2019"", ""INMET_NE_PE_A350_SERRA TALHADA_01-01-2019_A_31-12-2019"", ""INMET_NE_PE_A329_CABROBO_01-01-2019_A_31-12-2019"", ""INMET_NE_PE_A309_ARCO VERDE_01-01-2019_A_31-12-2019"", ""INMET_NE_PE_A370_SALGUEIRO_01-01-2019_A_31-12-2019""], ""method"": ""IDW p=2; até 6 estações; raio máximo 300 km""}, ""precipitacao_anual_mm"": {""n_estacoes"": 6, ""nearest_distance_km"": 79.02, ""max_distance_km"": 160.7, ""stations"": [""INMET_NE_PE_A351_FLORESTA_01-01-2019_A_31-12-2019"", ""INMET_NE_PE_A349_IBIMIRIM_01-01-2019_A_31-12-2019"", ""INMET_NE_PE_A350_SERRA TALHADA_01-01-2019_A_31-12-2019"", ""INMET_NE_PE_A329_CABROBO_01-01-2019_A_31-12-2019"", ""INMET_NE_PE_A309_ARCO VERDE_01-01-2019_A_31-12-2019"", ""INMET_NE_PE_A370_SALGUEIRO_01-01-2019_A_31-12-2019""], ""method"": ""IDW p=2; até 6 estações; raio máximo 300 km""}}","{""organization"": ""INMET"", ""dataset"": ""Dados Históricos Anuais - estações automáticas"", ""version"": ""2019"", ""retrieved_at"": ""2026-10-01"", ""reference_url"": ""https://portal.inmet.gov.br/uploads/dadoshistoricos/2019.zip"", ""method"": ""agregação anual observada por estação + IDW municipal em EPSG:31985; p=2; 3-6 estações; raio <=300 km; controle mínimo de completude"", ""verified"": true}"
2608107,2019,24.285111188406088,228.05731545013563,"{""temperatura_media_c"": {""n_estacoes"": 6, ""nearest_distance_km"": 23.15, ""max_distance_km"": 173.45, ""stations"": [""INMET_NE_PE_A328_SURUBIM_01-01-2019_A_31-12-2019"", ""INMET_NE_PE_A301_RECIFE_01-01-2019_A_31-12-2019"", ""INMET_NE_PE_A341_CARUARU_01-01-2019_A_31-12-2019"", ""INMET_NE_PE_A357_PALMARES_01-01-2019_A_31-12-2019"", ""INMET_NE_PE_A322_GARANHUNS_01-01-2019_A_31-12-2019"", ""INMET_NE_PE_A309_ARCO VERDE_01-01-2019_A_31-12-2019""], ""method"": ""IDW p=2; até 6 estações; raio máximo 300 km""}, ""precipitacao_anual_mm"": {""n_estacoes"": 6, ""nearest_distance_km"": 23.15, ""max_distance_km"": 173.45, ""stations"": [""INMET_NE_PE_A328_SURUBIM_01-01-2019_A_31-12-2019"", ""INMET_NE_PE_A301_RECIFE_01-01-2019_A_31-12-2019"", ""INMET_NE_PE_A341_CARUARU_01-01-2019_A_31-12-2019"", ""INMET_NE_PE_A357_PALMARES_01-01-2019_A_31-12-2019"", ""INMET_NE_PE_A322_GARANHUNS_01-01-2019_A_31-12-2019"", ""INMET_NE_PE_A309_ARCO VERDE_01-01-2019_A_31-12-2019""], ""method"": ""IDW p=2; até 6 estações; raio máximo 300 km""}}","{""organization"": ""INMET"", ""dataset"": ""Dados Históricos Anuais - estações automáticas"", ""version"": ""2019"", ""retrieved_at"": ""2026-10-01"", ""reference_url"": ""https://portal.inmet.gov.br/uploads/dadoshistoricos/2019.zip"", ""method"": ""agregação anual observada por estação + IDW municipal em EPSG:31985; p=2; 3-6 estações; raio <=300 km; controle mínimo de completude"", ""verified"": true}"
2608206,2019,24.388563921669967,225.51215670652988,"{""temperatura_media_c"": {""n_estacoes"": 6, ""nearest_distance_km"": 11.88, ""max_distance_km"": 167.19, ""stations"": [""INMET_NE_PE_A357_PALMARES_01-01-2019_A_31-12-2019"", ""INMET_NE_PE_A341_CARUARU_01-01-2019_A_31-12-2019"", ""INMET_NE_PE_A328_SURUBIM_01-01-2019_A_31-12-2019"", ""INMET_NE_PE_A301_RECIFE_01-01-2019_A_31-12-2019"", ""INMET_NE_PE_A322_GARANHUNS_01-01-2019_A_31-12-2019"", ""INMET_NE_PE_A309_ARCO VERDE_01-01-2019_A_31-12-2019""], ""method"": ""IDW p=2; até 6 estações; raio máximo 300 km""}, ""precipitacao_anual_mm"": {""n_estacoes"": 6, ""nearest_distance_km"": 11.88, ""max_distance_km"": 167.19, ""stations"": [""INMET_NE_PE_A357_PALMARES_01-01-2019_A_31-12-2019"", ""INMET_NE_PE_A341_CARUARU_01-01-2019_A_31-12-2019"", ""INMET_NE_PE_A328_SURUBIM_01-01-2019_A_31-12-2019"", ""INMET_NE_PE_A301_RECIFE_01-01-2019_A_31-12-2019"", ""INMET_NE_PE_A322_GARANHUNS_01-01-2019_A_31-12-2019"", ""INMET_NE_PE_A309_ARCO VERDE_01-01-2019_A_31-12-2019""], ""method"": ""IDW p=2; até 6 estações; raio máximo 300 km""}}","{""organization"": ""INMET"", ""dataset"": ""Dados Históricos Anuais - estações automáticas"", ""version"": ""2019"", ""retrieved_at"": ""2026-10-01"", ""reference_url"": ""https://portal.inmet.gov.br/uploads/dadoshistoricos/2019.zip"", ""method"": ""agregação anual observada por estação + IDW municipal em EPSG:31985; p=2; 3-6 estações; raio <=300 km; controle mínimo de completude"", ""verified"": true}"
2608255,2019,21.963003342777604,618.3021538565561,"{""temperatura_media_c"": {""n_estacoes"": 6, ""nearest_distance_km"": 18.86, ""max_distance_km"": 140.54, ""stations"": [""INMET_NE_PE_A322_GARANHUNS_01-01-2019_A_31-12-2019"", ""INMET_NE_PE_A341_CARUARU_01-01-2019_A_31-12-2019"", ""INMET_NE_PE_A309_ARCO VERDE_01-01-2019_A_31-12-2019"", ""INMET_NE_PE_A357_PALMARES_01-01-2019_A_31-12-2019"", ""INMET_NE_PE_A328_SURUBIM_01-01-2019_A_31-12-2019"", ""INMET_NE_PE_A349_IBIMIRIM_01-01-2019_A_31-12-2019""], ""method"": ""IDW p=2; até 6 estações; raio máximo 300 km""}, ""precipitacao_anual_mm"": {""n_estacoes"": 6, ""nearest_distance_km"": 18.86, ""max_distance_km"": 140.54, ""stations"": [""INMET_NE_PE_A322_GARANHUNS_01-01-2019_A_31-12-2019"", ""INMET_NE_PE_A341_CARUARU_01-01-2019_A_31-12-2019"", ""INMET_NE_PE_A309_ARCO VERDE_01-01-2019_A_31-12-2019"", ""INMET_NE_PE_A357_PALMARES_01-01-2019_A_31-12-2019"", ""INMET_NE_PE_A328_SURUBIM_01-01-2019_A_31-12-2019"", ""INMET_NE_PE_A349_IBIMIRIM_01-01-2019_A_31-12-2019""], ""method"": ""IDW p=2; até 6 estações; raio máximo 300 km""}}","{""organization"": ""INMET"", ""dataset"": ""Dados Históricos Anuais - estações automáticas"", ""version"": ""2019"", ""retrieved_at"": ""2026-10-01"", ""reference_url"": ""https://portal.inmet.gov.br/uploads/dadoshistoricos/2019.zip"", ""method"": ""agregação anual observada por estação + IDW municipal em EPSG:31985; p=2; 3-6 estações; raio <=300 km; controle mínimo de completude"", ""verified"": true}"
2608305,2019,22.068184203935694,583.8045887873159,"{""temperatura_media_c"": {""n_estacoes"": 6, ""nearest_distance_km"": 24.26, ""max_distance_km"": 147.13, ""stations"": [""INMET_NE_PE_A322_GARANHUNS_01-01-2019_A_31-12-2019"", ""INMET_NE_PE_A341_CARUARU_01-01-2019_A_31-12-2019"", ""INMET_NE_PE_A309_ARCO VERDE_01-01-2019_A_31-12-2019"", ""INMET_NE_PE_A357_PALMARES_01-01-2019_A_31-12-2019"", ""INMET_NE_PE_A328_SURUBIM_01-01-2019_A_31-12-2019"", ""INMET_NE_PE_A349_IBIMIRIM_01-01-2019_A_31-12-2019""], ""method"": ""IDW p=2; até 6 estações; raio máximo 300 km""}, ""precipitacao_anual_mm"": {""n_estacoes"": 6, ""nearest_distance_km"": 24.26, ""max_distance_km"": 147.13, ""stations"": [""INMET_NE_PE_A322_GARANHUNS_01-01-2019_A_31-12-2019"", ""INMET_NE_PE_A341_CARUARU_01-01-2019_A_31-12-2019"", ""INMET_NE_PE_A309_ARCO VERDE_01-01-2019_A_31-12-2019"", ""INMET_NE_PE_A357_PALMARES_01-01-2019_A_31-12-2019"", ""INMET_NE_PE_A328_SURUBIM_01-01-2019_A_31-12-2019"", ""INMET_NE_PE_A349_IBIMIRIM_01-01-2019_A_31-12-2019""], ""method"": ""IDW p=2; até 6 estações; raio máximo 300 km""}}","{""organization"": ""INMET"", ""dataset"": ""Dados Históricos Anuais - estações automáticas"", ""version"": ""2019"", ""retrieved_at"": ""2026-10-01"", ""reference_url"": ""https://portal.inmet.gov.br/uploads/dadoshistoricos/2019.zip"", ""method"": ""agregação anual observada por estação + IDW municipal em EPSG:31985; p=2; 3-6 estações; raio <=300 km; controle mínimo de completude"", ""verified"": true}"
2608404,2019,22.35693267738603,525.0484680683385,"{""temperatura_media_c"": {""n_estacoes"": 6, ""nearest_distance_km"": 42.29, ""max_distance_km"": 151.47, ""stations"": [""INMET_NE_PE_A322_GARANHUNS_01-01-2019_A_31-12-2019"", ""INMET_NE_PE_A341_CARUARU_01-01-2019_A_31-12-2019"", ""INMET_NE_PE_A357_PALMARES_01-01-2019_A_31-12-2019"", ""INMET_NE_PE_A309_ARCO VERDE_01-01-2019_A_31-12-2019"", ""INMET_NE_PE_A328_SURUBIM_01-01-2019_A_31-12-2019"", ""INMET_NE_PE_A301_RECIFE_01-01-2019_A_31-12-2019""], ""method"": ""IDW p=2; até 6 estações; raio máximo 300 km""}, ""precipitacao_anual_mm"": {""n_estacoes"": 6, ""nearest_distance_km"": 42.29, ""max_distance_km"": 151.47, ""stations"": [""INMET_NE_PE_A322_GARANHUNS_01-01-2019_A_31-12-2019"", ""INMET_NE_PE_A341_CARUARU_01-01-2019_A_31-12-2019"", ""INMET_NE_PE_A357_PALMARES_01-01-2019_A_31-12-2019"", ""INMET_NE_PE_A309_ARCO VERDE_01-01-2019_A_31-12-2019"", ""INMET_NE_PE_A328_SURUBIM_01-01-2019_A_31-12-2019"", ""INMET_NE_PE_A301_RECIFE_01-01-2019_A_31-12-2019""], ""method"": ""IDW p=2; até 6 estações; raio máximo 300 km""}}","{""organization"": ""INMET"", ""dataset"": ""Dados Históricos Anuais - estações automáticas"", ""version"": ""2019"", ""retrieved_at"": ""2026-10-01"", ""reference_url"": ""https://portal.inmet.gov.br/uploads/dadoshistoricos/2019.zip"", ""method"": ""agregação anual observada por estação + IDW municipal em EPSG:31985; p=2; 3-6 estações; raio <=300 km; controle mínimo de completude"", ""verified"": true}"
2608453,2019,24.64185630471423,933.4212063927939,"{""temperatura_media_c"": {""n_estacoes"": 6, ""nearest_distance_km"": 47.5, ""max_distance_km"": 200.25, ""stations"": [""INMET_NE_PE_A301_RECIFE_01-01-2019_A_31-12-2019"", ""INMET_NE_PE_A328_SURUBIM_01-01-2019_A_31-12-2019"", ""INMET_NE_PE_A357_PALMARES_01-01-2019_A_31-12-2019"", ""INMET_NE_PE_A341_CARUARU_01-01-2019_A_31-12-2019"", ""INMET_NE_PE_A322_GARANHUNS_01-01-2019_A_31-12-2019"", ""INMET_NE_PE_A309_ARCO VERDE_01-01-2019_A_31-12-2019""], ""method"": ""IDW p=2; até 6 estações; raio máximo 300 km""}, ""precipitacao_anual_mm"": {""n_estacoes"": 6, ""nearest_distance_km"": 47.5, ""max_distance_km"": 200.25, ""stations"": [""INMET_NE_PE_A301_RECIFE_01-01-2019_A_31-12-2019"", ""INMET_NE_PE_A328_SURUBIM_01-01-2019_A_31-12-2019"", ""INMET_NE_PE_A357_PALMARES_01-01-2019_A_31-12-2019"", ""INMET_NE_PE_A341_CARUARU_01-01-2019_A_31-12-2019"", ""INMET_NE_PE_A322_GARANHUNS_01-01-2019_A_31-12-2019"", ""INMET_NE_PE_A309_ARCO VERDE_01-01-2019_A_31-12-2019""], ""method"": ""IDW p=2; até 6 estações; raio máximo 300 km""}}","{""organization"": ""INMET"", ""dataset"": ""Dados Históricos Anuais - estações automáticas"", ""version"": ""2019"", ""retrieved_at"": ""2026-10-01"", ""reference_url"": ""https://portal.inmet.gov.br/uploads/dadoshistoricos/2019.zip"", ""method"": ""agregação anual observada por estação + IDW municipal em EPSG:31985; p=2; 3-6 estações; raio <=300 km; controle mínimo de completude"", ""verified"": true}"
2608503,2019,24.828763726741144,1132.0414865777439,"{""temperatura_media_c"": {""n_estacoes"": 6, ""nearest_distance_km"": 40.56, ""max_distance_km"": 202.73, ""stations"": [""INMET_NE_PE_A301_RECIFE_01-01-2019_A_31-12-2019"", ""INMET_NE_PE_A328_SURUBIM_01-01-2019_A_31-12-2019"", ""INMET_NE_PE_A357_PALMARES_01-01-2019_A_31-12-2019"", ""INMET_NE_PE_A341_CARUARU_01-01-2019_A_31-12-2019"", ""INMET_NE_PE_A322_GARANHUNS_01-01-2019_A_31-12-2019"", ""INMET_NE_PE_A309_ARCO VERDE_01-01-2019_A_31-12-2019""], ""method"": ""IDW p=2; até 6 estações; raio máximo 300 km""}, ""precipitacao_anual_mm"": {""n_estacoes"": 6, ""nearest_distance_km"": 40.56, ""max_distance_km"": 202.73, ""stations"": [""INMET_NE_PE_A301_RECIFE_01-01-2019_A_31-12-2019"", ""INMET_NE_PE_A328_SURUBIM_01-01-2019_A_31-12-2019"", ""INMET_NE_PE_A357_PALMARES_01-01-2019_A_31-12-2019"", ""INMET_NE_PE_A341_CARUARU_01-01-2019_A_31-12-2019"", ""INMET_NE_PE_A322_GARANHUNS_01-01-2019_A_31-12-2019"", ""INMET_NE_PE_A309_ARCO VERDE_01-01-2019_A_31-12-2019""], ""method"": ""IDW p=2; até 6 estações; raio máximo 300 km""}}","{""organization"": ""INMET"", ""dataset"": ""Dados Históricos Anuais - estações automáticas"", ""version"": ""2019"", ""retrieved_at"": ""2026-10-01"", ""reference_url"": ""https://portal.inmet.gov.br/uploads/dadoshistoricos/2019.zip"", ""method"": ""agregação anual observada por estação + IDW municipal em EPSG:31985; p=2; 3-6 estações; raio <=300 km; controle mínimo de completude"", ""verified"": true}"
2608602,2019,22.09713956511991,601.6851605766038,"{""temperatura_media_c"": {""n_estacoes"": 6, ""nearest_distance_km"": 28.0, ""max_distance_km"": 163.7, ""stations"": [""INMET_NE_PE_A322_GARANHUNS_01-01-2019_A_31-12-2019"", ""INMET_NE_PE_A341_CARUARU_01-01-2019_A_31-12-2019"", ""INMET_NE_PE_A309_ARCO VERDE_01-01-2019_A_31-12-2019"", ""INMET_NE_PE_A357_PALMARES_01-01-2019_A_31-12-2019"", ""INMET_NE_PE_A349_IBIMIRIM_01-01-2019_A_31-12-2019"", ""INMET_NE_PE_A328_SURUBIM_01-01-2019_A_31-12-2019""], ""method"": ""IDW p=2; até 6 estações; raio máximo 300 km""}, ""precipitacao_anual_mm"": {""n_estacoes"": 6, ""nearest_distance_km"": 28.0, ""max_distance_km"": 163.7, ""stations"": [""INMET_NE_PE_A322_GARANHUNS_01-01-2019_A_31-12-2019"", ""INMET_NE_PE_A341_CARUARU_01-01-2019_A_31-12-2019"", ""INMET_NE_PE_A309_ARCO VERDE_01-01-2019_A_31-12-2019"", ""INMET_NE_PE_A357_PALMARES_01-01-2019_A_31-12-2019"", ""INMET_NE_PE_A349_IBIMIRIM_01-01-2019_A_31-12-2019"", ""INMET_NE_PE_A328_SURUBIM_01-01-2019_A_31-12-2019""], ""method"": ""IDW p=2; até 6 estações; raio máximo 300 km""}}","{""organization"": ""INMET"", ""dataset"": ""Dados Históricos Anuais - estações automáticas"", ""version"": ""2019"", ""retrieved_at"": ""2026-10-01"", ""reference_url"": ""https://portal.inmet.gov.br/uploads/dadoshistoricos/2019.zip"", ""method"": ""agregação anual observada por estação + IDW municipal em EPSG:31985; p=2; 3-6 estações; raio <=300 km; controle mínimo de completude"", ""verified"": true}"
2608701,2019,22.998729155321204,406.63590579303775,"{""temperatura_media_c"": {""n_estacoes"": 6, ""nearest_distance_km"": 36.11, ""max_distance_km"": 130.81, ""stations"": [""INMET_NE_PE_A357_PALMARES_01-01-2019_A_31-12-2019"", ""INMET_NE_PE_A341_CARUARU_01-01-2019_A_31-12-2019"", ""INMET_NE_PE_A322_GARANHUNS_01-01-2019_A_31-12-2019"", ""INMET_NE_PE_A328_SURUBIM_01-01-2019_A_31-12-2019"", ""INMET_NE_PE_A301_RECIFE_01-01-2019_A_31-12-2019"", ""INMET_NE_PE_A309_ARCO VERDE_01-01-2019_A_31-12-2019""], ""method"": ""IDW p=2; até 6 estações; raio máximo 300 km""}, ""precipitacao_anual_mm"": {""n_estacoes"": 6, ""nearest_distance_km"": 36.11, ""max_distance_km"": 130.81, ""stations"": [""INMET_NE_PE_A357_PALMARES_01-01-2019_A_31-12-2019"", ""INMET_NE_PE_A341_CARUARU_01-01-2019_A_31-12-2019"", ""INMET_NE_PE_A322_GARANHUNS_01-01-2019_A_31-12-2019"", ""INMET_NE_PE_A328_SURUBIM_01-01-2019_A_31-12-2019"", ""INMET_NE_PE_A301_RECIFE_01-01-2019_A_31-12-2019"", ""INMET_NE_PE_A309_ARCO VERDE_01-01-2019_A_31-12-2019""], ""method"": ""IDW p=2; até 6 estações; raio máximo 300 km""}}","{""organization"": ""INMET"", ""dataset"": ""Dados Históricos Anuais - estações automáticas"", ""version"": ""2019"", ""retrieved_at"": ""2026-10-01"", ""reference_url"": ""https://portal.inmet.gov.br/uploads/dadoshistoricos/2019.zip"", ""method"": ""agregação anual observada por estação + IDW municipal em EPSG:31985; p=2; 3-6 estações; raio <=300 km; controle mínimo de completude"", ""verified"": true}"
2608750,2019,27.34412161453279,294.2260766733255,"{""temperatura_media_c"": {""n_estacoes"": 6, ""nearest_distance_km"": 75.81, ""max_distance_km"": 232.31, ""stations"": [""INMET_NE_PE_A307_PETROLINA_01-01-2019_A_31-12-2019"", ""INMET_NE_PE_A366_OURICURI_01-01-2019_A_31-12-2019"", ""INMET_NE_PE_A329_CABROBO_01-01-2019_A_31-12-2019"", ""INMET_NE_PE_A370_SALGUEIRO_01-01-2019_A_31-12-2019"", ""INMET_NE_PE_A351_FLORESTA_01-01-2019_A_31-12-2019"", ""INMET_NE_PE_A350_SERRA TALHADA_01-01-2019_A_31-12-2019""], ""method"": ""IDW p=2; até 6 estações; raio máximo 300 km""}, ""precipitacao_anual_mm"": {""n_estacoes"": 6, ""nearest_distance_km"": 75.81, ""max_distance_km"": 232.31, ""stations"": [""INMET_NE_PE_A307_PETROLINA_01-01-2019_A_31-12-2019"", ""INMET_NE_PE_A366_OURICURI_01-01-2019_A_31-12-2019"", ""INMET_NE_PE_A329_CABROBO_01-01-2019_A_31-12-2019"", ""INMET_NE_PE_A370_SALGUEIRO_01-01-2019_A_31-12-2019"", ""INMET_NE_PE_A351_FLORESTA_01-01-2019_A_31-12-2019"", ""INMET_NE_PE_A350_SERRA TALHADA_01-01-2019_A_31-12-2019""], ""method"": ""IDW p=2; até 6 estações; raio máximo 300 km""}}","{""organization"": ""INMET"", ""dataset"": ""Dados Históricos Anuais - estações automáticas"", ""version"": ""2019"", ""retrieved_at"": ""2026-10-01"", ""reference_url"": ""https://portal.inmet.gov.br/uploads/dadoshistoricos/2019.zip"", ""method"": ""agregação anual observada por estação + IDW municipal em EPSG:31985; p=2; 3-6 estações; raio <=300 km; controle mínimo de completude"", ""verified"": true}"
2608800,2019,22.18161241085203,517.6924395920229,"{""temperatura_media_c"": {""n_estacoes"": 6, ""nearest_distance_km"": 34.44, ""max_distance_km"": 158.32, ""stations"": [""INMET_NE_PE_A322_GARANHUNS_01-01-2019_A_31-12-2019"", ""INMET_NE_PE_A341_CARUARU_01-01-2019_A_31-12-2019"", ""INMET_NE_PE_A357_PALMARES_01-01-2019_A_31-12-2019"", ""INMET_NE_PE_A309_ARCO VERDE_01-01-2019_A_31-12-2019"", ""INMET_NE_PE_A328_SURUBIM_01-01-2019_A_31-12-2019"", ""INMET_NE_PE_A349_IBIMIRIM_01-01-2019_A_31-12-2019""], ""method"": ""IDW p=2; até 6 estações; raio máximo 300 km""}, ""precipitacao_anual_mm"": {""n_estacoes"": 6, ""nearest_distance_km"": 34.44, ""max_distance_km"": 158.32, ""stations"": [""INMET_NE_PE_A322_GARANHUNS_01-01-2019_A_31-12-2019"", ""INMET_NE_PE_A341_CARUARU_01-01-2019_A_31-12-2019"", ""INMET_NE_PE_A357_PALMARES_01-01-2019_A_31-12-2019"", ""INMET_NE_PE_A309_ARCO VERDE_01-01-2019_A_31-12-2019"", ""INMET_NE_PE_A328_SURUBIM_01-01-2019_A_31-12-2019"", ""INMET_NE_PE_A349_IBIMIRIM_01-01-2019_A_31-12-2019""], ""method"": ""IDW p=2; até 6 estações; raio máximo 300 km""}}","{""organization"": ""INMET"", ""dataset"": ""Dados Históricos Anuais - estações automáticas"", ""version"": ""2019"", ""retrieved_at"": ""2026-10-01"", ""reference_url"": ""https://portal.inmet.gov.br/uploads/dadoshistoricos/2019.zip"", ""method"": ""agregação anual observada por estação + IDW municipal em EPSG:31985; p=2; 3-6 estações; raio <=300 km; controle mínimo de completude"", ""verified"": true}"
2608909,2019,24.36770564025155,577.6585680014219,"{""temperatura_media_c"": {""n_estacoes"": 6, ""nearest_distance_km"": 38.99, ""max_distance_km"": 188.87, ""stations"": [""INMET_NE_PE_A328_SURUBIM_01-01-2019_A_31-12-2019"", ""INMET_NE_PE_A301_RECIFE_01-01-2019_A_31-12-2019"", ""INMET_NE_PE_A341_CARUARU_01-01-2019_A_31-12-2019"", ""INMET_NE_PE_A357_PALMARES_01-01-2019_A_31-12-2019"", ""INMET_NE_PE_A322_GARANHUNS_01-01-2019_A_31-12-2019"", ""INMET_NE_PE_A309_ARCO VERDE_01-01-2019_A_31-12-2019""], ""method"": ""IDW p=2; até 6 estações; raio máximo 300 km""}, ""precipitacao_anual_mm"": {""n_estacoes"": 6, ""nearest_distance_km"": 38.99, ""max_distance_km"": 188.87, ""stations"": [""INMET_NE_PE_A328_SURUBIM_01-01-2019_A_31-12-2019"", ""INMET_NE_PE_A301_RECIFE_01-01-2019_A_31-12-2019"", ""INMET_NE_PE_A341_CARUARU_01-01-2019_A_31-12-2019"", ""INMET_NE_PE_A357_PALMARES_01-01-2019_A_31-12-2019"", ""INMET_NE_PE_A322_GARANHUNS_01-01-2019_A_31-12-2019"", ""INMET_NE_PE_A309_ARCO VERDE_01-01-2019_A_31-12-2019""], ""method"": ""IDW p=2; até 6 estações; raio máximo 300 km""}}","{""organization"": ""INMET"", ""dataset"": ""Dados Históricos Anuais - estações automáticas"", ""version"": ""2019"", ""retrieved_at"": ""2026-10-01"", ""reference_url"": ""https://portal.inmet.gov.br/uploads/dadoshistoricos/2019.zip"", ""method"": ""agregação anual observada por estação + IDW municipal em EPSG:31985; p=2; 3-6 estações; raio <=300 km; controle mínimo de completude"", ""verified"": true}"
2609006,2019,24.310941660142483,564.8663402099257,"{""temperatura_media_c"": {""n_estacoes"": 6, ""nearest_distance_km"": 51.9, ""max_distance_km"": 203.62, ""stations"": [""INMET_NE_PE_A328_SURUBIM_01-01-2019_A_31-12-2019"", ""INMET_NE_PE_A301_RECIFE_01-01-2019_A_31-12-2019"", ""INMET_NE_PE_A341_CARUARU_01-01-2019_A_31-12-2019"", ""INMET_NE_PE_A357_PALMARES_01-01-2019_A_31-12-2019"", ""INMET_NE_PE_A322_GARANHUNS_01-01-2019_A_31-12-2019"", ""INMET_NE_PE_A309_ARCO VERDE_01-01-2019_A_31-12-2019""], ""method"": ""IDW p=2; até 6 estações; raio máximo 300 km""}, ""precipitacao_anual_mm"": {""n_estacoes"": 6, ""nearest_distance_km"": 51.9, ""max_distance_km"": 203.62, ""stations"": [""INMET_NE_PE_A328_SURUBIM_01-01-2019_A_31-12-2019"", ""INMET_NE_PE_A301_RECIFE_01-01-2019_A_31-12-2019"", ""INMET_NE_PE_A341_CARUARU_01-01-2019_A_31-12-2019"", ""INMET_NE_PE_A357_PALMARES_01-01-2019_A_31-12-2019"", ""INMET_NE_PE_A322_GARANHUNS_01-01-2019_A_31-12-2019"", ""INMET_NE_PE_A309_ARCO VERDE_01-01-2019_A_31-12-2019""], ""method"": ""IDW p=2; até 6 estações; raio máximo 300 km""}}","{""organization"": ""INMET"", ""dataset"": ""Dados Históricos Anuais - estações automáticas"", ""version"": ""2019"", ""retrieved_at"": ""2026-10-01"", ""reference_url"": ""https://portal.inmet.gov.br/uploads/dadoshistoricos/2019.zip"", ""method"": ""agregação anual observada por estação + IDW municipal em EPSG:31985; p=2; 3-6 estações; raio <=300 km; controle mínimo de completude"", ""verified"": true}"
2609105,2019,24.314628442485567,427.95789399296046,"{""temperatura_media_c"": {""n_estacoes"": 6, ""nearest_distance_km"": 36.42, ""max_distance_km"": 189.67, ""stations"": [""INMET_NE_PE_A328_SURUBIM_01-01-2019_A_31-12-2019"", ""INMET_NE_PE_A301_RECIFE_01-01-2019_A_31-12-2019"", ""INMET_NE_PE_A341_CARUARU_01-01-2019_A_31-12-2019"", ""INMET_NE_PE_A357_PALMARES_01-01-2019_A_31-12-2019"", ""INMET_NE_PE_A322_GARANHUNS_01-01-2019_A_31-12-2019"", ""INMET_NE_PE_A309_ARCO VERDE_01-01-2019_A_31-12-2019""], ""method"": ""IDW p=2; até 6 estações; raio máximo 300 km""}, ""precipitacao_anual_mm"": {""n_estacoes"": 6, ""nearest_distance_km"": 36.42, ""max_distance_km"": 189.67, ""stations"": [""INMET_NE_PE_A328_SURUBIM_01-01-2019_A_31-12-2019"", ""INMET_NE_PE_A301_RECIFE_01-01-2019_A_31-12-2019"", ""INMET_NE_PE_A341_CARUARU_01-01-2019_A_31-12-2019"", ""INMET_NE_PE_A357_PALMARES_01-01-2019_A_31-12-2019"", ""INMET_NE_PE_A322_GARANHUNS_01-01-2019_A_31-12-2019"", ""INMET_NE_PE_A309_ARCO VERDE_01-01-2019_A_31-12-2019""], ""method"": ""IDW p=2; até 6 estações; raio máximo 300 km""}}","{""organization"": ""INMET"", ""dataset"": ""Dados Históricos Anuais - estações automáticas"", ""version"": ""2019"", ""retrieved_at"": ""2026-10-01"", ""reference_url"": ""https://portal.inmet.gov.br/uploads/dadoshistoricos/2019.zip"", ""method"": ""agregação anual observada por estação + IDW municipal em EPSG:31985; p=2; 3-6 estações; raio <=300 km; controle mínimo de completude"", ""verified"": true}"
2609154,2019,25.448513527265487,325.2766998698551,"{""temperatura_media_c"": {""n_estacoes"": 6, ""nearest_distance_km"": 45.95, ""max_distance_km"": 178.12, ""stations"": [""INMET_NE_PE_A349_IBIMIRIM_01-01-2019_A_31-12-2019"", ""INMET_NE_PE_A309_ARCO VERDE_01-01-2019_A_31-12-2019"", ""INMET_NE_PE_A322_GARANHUNS_01-01-2019_A_31-12-2019"", ""INMET_NE_PE_A351_FLORESTA_01-01-2019_A_31-12-2019"", ""INMET_NE_PE_A350_SERRA TALHADA_01-01-2019_A_31-12-2019"", ""INMET_NE_PE_A341_CARUARU_01-01-2019_A_31-12-2019""], ""method"": ""IDW p=2; até 6 estações; raio máximo 300 km""}, ""precipitacao_anual_mm"": {""n_estacoes"": 6, ""nearest_distance_km"": 45.95, ""max_distance_km"": 178.12, ""stations"": [""INMET_NE_PE_A349_IBIMIRIM_01-01-2019_A_31-12-2019"", ""INMET_NE_PE_A309_ARCO VERDE_01-01-2019_A_31-12-2019"", ""INMET_NE_PE_A322_GARANHUNS_01-01-2019_A_31-12-2019"", ""INMET_NE_PE_A351_FLORESTA_01-01-2019_A_31-12-2019"", ""INMET_NE_PE_A350_SERRA TALHADA_01-01-2019_A_31-12-2019"", ""INMET_NE_PE_A341_CARUARU_01-01-2019_A_31-12-2019""], ""method"": ""IDW p=2; até 6 estações; raio máximo 300 km""}}","{""organization"": ""INMET"", ""dataset"": ""Dados Históricos Anuais - estações automáticas"", ""version"": ""2019"", ""retrieved_at"": ""2026-10-01"", ""reference_url"": ""https://portal.inmet.gov.br/uploads/dadoshistoricos/2019.zip"", ""method"": ""agregação anual observada por estação + IDW municipal em EPSG:31985; p=2; 3-6 estações; raio <=300 km; controle mínimo de completude"", ""verified"": true}"
2609204,2019,23.817370707688255,329.64950151353946,"{""temperatura_media_c"": {""n_estacoes"": 6, ""nearest_distance_km"": 28.26, ""max_distance_km"": 149.34, ""stations"": [""INMET_NE_PE_A357_PALMARES_01-01-2019_A_31-12-2019"", ""INMET_NE_PE_A341_CARUARU_01-01-2019_A_31-12-2019"", ""INMET_NE_PE_A322_GARANHUNS_01-01-2019_A_31-12-2019"", ""INMET_NE_PE_A328_SURUBIM_01-01-2019_A_31-12-2019"", ""INMET_NE_PE_A301_RECIFE_01-01-2019_A_31-12-2019"", ""INMET_NE_PE_A309_ARCO VERDE_01-01-2019_A_31-12-2019""], ""method"": ""IDW p=2; até 6 estações; raio máximo 300 km""}, ""precipitacao_anual_mm"": {""n_estacoes"": 6, ""nearest_distance_km"": 28.26, ""max_distance_km"": 149.34, ""stations"": [""INMET_NE_PE_A357_PALMARES_01-01-2019_A_31-12-2019"", ""INMET_NE_PE_A341_CARUARU_01-01-2019_A_31-12-2019"", ""INMET_NE_PE_A322_GARANHUNS_01-01-2019_A_31-12-2019"", ""INMET_NE_PE_A328_SURUBIM_01-01-2019_A_31-12-2019"", ""INMET_NE_PE_A301_RECIFE_01-01-2019_A_31-12-2019"", ""INMET_NE_PE_A309_ARCO VERDE_01-01-2019_A_31-12-2019""], ""method"": ""IDW p=2; até 6 estações; raio máximo 300 km""}}","{""organization"": ""INMET"", ""dataset"": ""Dados Históricos Anuais - estações automáticas"", ""version"": ""2019"", ""retrieved_at"": ""2026-10-01"", ""reference_url"": ""https://portal.inmet.gov.br/uploads/dadoshistoricos/2019.zip"", ""method"": ""agregação anual observada por estação + IDW municipal em EPSG:31985; p=2; 3-6 estações; raio <=300 km; controle mínimo de completude"", ""verified"": true}"
2609303,2019,27.065142821264857,468.8283535994214,"{""temperatura_media_c"": {""n_estacoes"": 6, ""nearest_distance_km"": 41.37, ""max_distance_km"": 154.51, ""stations"": [""INMET_NE_PE_A370_SALGUEIRO_01-01-2019_A_31-12-2019"", ""INMET_NE_PE_A351_FLORESTA_01-01-2019_A_31-12-2019"", ""INMET_NE_PE_A350_SERRA TALHADA_01-01-2019_A_31-12-2019"", ""INMET_NE_PE_A329_CABROBO_01-01-2019_A_31-12-2019"", ""INMET_NE_PE_A349_IBIMIRIM_01-01-2019_A_31-12-2019"", ""INMET_NE_PE_A366_OURICURI_01-01-2019_A_31-12-2019""], ""method"": ""IDW p=2; até 6 estações; raio máximo 300 km""}, ""precipitacao_anual_mm"": {""n_estacoes"": 6, ""nearest_distance_km"": 41.37, ""max_distance_km"": 154.51, ""stations"": [""INMET_NE_PE_A370_SALGUEIRO_01-01-2019_A_31-12-2019"", ""INMET_NE_PE_A351_FLORESTA_01-01-2019_A_31-12-2019"", ""INMET_NE_PE_A350_SERRA TALHADA_01-01-2019_A_31-12-2019"", ""INMET_NE_PE_A329_CABROBO_01-01-2019_A_31-12-2019"", ""INMET_NE_PE_A349_IBIMIRIM_01-01-2019_A_31-12-2019"", ""INMET_NE_PE_A366_OURICURI_01-01-2019_A_31-12-2019""], ""method"": ""IDW p=2; até 6 estações; raio máximo 300 km""}}","{""organization"": ""INMET"", ""dataset"": ""Dados Históricos Anuais - estações automáticas"", ""version"": ""2019"", ""retrieved_at"": ""2026-10-01"", ""reference_url"": ""https://portal.inmet.gov.br/uploads/dadoshistoricos/2019.zip"", ""method"": ""agregação anual observada por estação + IDW municipal em EPSG:31985; p=2; 3-6 estações; raio <=300 km; controle mínimo de completude"", ""verified"": true}"
2609402,2019,25.476969532234076,1705.294195034187,"{""temperatura_media_c"": {""n_estacoes"": 6, ""nearest_distance_km"": 22.71, ""max_distance_km"": 212.92, ""stations"": [""INMET_NE_PE_A301_RECIFE_01-01-2019_A_31-12-2019"", ""INMET_NE_PE_A357_PALMARES_01-01-2019_A_31-12-2019"", ""INMET_NE_PE_A328_SURUBIM_01-01-2019_A_31-12-2019"", ""INMET_NE_PE_A341_CARUARU_01-01-2019_A_31-12-2019"", ""INMET_NE_PE_A322_GARANHUNS_01-01-2019_A_31-12-2019"", ""INMET_NE_PE_A309_ARCO VERDE_01-01-2019_A_31-12-2019""], ""method"": ""IDW p=2; até 6 estações; raio máximo 300 km""}, ""precipitacao_anual_mm"": {""n_estacoes"": 6, ""nearest_distance_km"": 22.71, ""max_distance_km"": 212.92, ""stations"": [""INMET_NE_PE_A301_RECIFE_01-01-2019_A_31-12-2019"", ""INMET_NE_PE_A357_PALMARES_01-01-2019_A_31-12-2019"", ""INMET_NE_PE_A328_SURUBIM_01-01-2019_A_31-12-2019"", ""INMET_NE_PE_A341_CARUARU_01-01-2019_A_31-12-2019"", ""INMET_NE_PE_A322_GARANHUNS_01-01-2019_A_31-12-2019"", ""INMET_NE_PE_A309_ARCO VERDE_01-01-2019_A_31-12-2019""], ""method"": ""IDW p=2; até 6 estações; raio máximo 300 km""}}","{""organization"": ""INMET"", ""dataset"": ""Dados Históricos Anuais - estações automáticas"", ""version"": ""2019"", ""retrieved_at"": ""2026-10-01"", ""reference_url"": ""https://portal.inmet.gov.br/uploads/dadoshistoricos/2019.zip"", ""method"": ""agregação anual observada por estação + IDW municipal em EPSG:31985; p=2; 3-6 estações; raio <=300 km; controle mínimo de completude"", ""verified"": true}"
2609501,2019,24.830634417649655,1130.9926748753478,"{""temperatura_media_c"": {""n_estacoes"": 6, ""nearest_distance_km"": 46.72, ""max_distance_km"": 215.35, ""stations"": [""INMET_NE_PE_A301_RECIFE_01-01-2019_A_31-12-2019"", ""INMET_NE_PE_A328_SURUBIM_01-01-2019_A_31-12-2019"", ""INMET_NE_PE_A357_PALMARES_01-01-2019_A_31-12-2019"", ""INMET_NE_PE_A341_CARUARU_01-01-2019_A_31-12-2019"", ""INMET_NE_PE_A322_GARANHUNS_01-01-2019_A_31-12-2019"", ""INMET_NE_PE_A309_ARCO VERDE_01-01-2019_A_31-12-2019""], ""method"": ""IDW p=2; até 6 estações; raio máximo 300 km""}, ""precipitacao_anual_mm"": {""n_estacoes"": 6, ""nearest_distance_km"": 46.72, ""max_distance_km"": 215.35, ""stations"": [""INMET_NE_PE_A301_RECIFE_01-01-2019_A_31-12-2019"", ""INMET_NE_PE_A328_SURUBIM_01-01-2019_A_31-12-2019"", ""INMET_NE_PE_A357_PALMARES_01-01-2019_A_31-12-2019"", ""INMET_NE_PE_A341_CARUARU_01-01-2019_A_31-12-2019"", ""INMET_NE_PE_A322_GARANHUNS_01-01-2019_A_31-12-2019"", ""INMET_NE_PE_A309_ARCO VERDE_01-01-2019_A_31-12-2019""], ""method"": ""IDW p=2; até 6 estações; raio máximo 300 km""}}","{""organization"": ""INMET"", ""dataset"": ""Dados Históricos Anuais - estações automáticas"", ""version"": ""2019"", ""retrieved_at"": ""2026-10-01"", ""reference_url"": ""https://portal.inmet.gov.br/uploads/dadoshistoricos/2019.zip"", ""method"": ""agregação anual observada por estação + IDW municipal em EPSG:31985; p=2; 3-6 estações; raio <=300 km; controle mínimo de completude"", ""verified"": true}"
2609600,2019,25.855919710587624,2005.2051445297566,"{""temperatura_media_c"": {""n_estacoes"": 6, ""nearest_distance_km"": 12.59, ""max_distance_km"": 246.32, ""stations"": [""INMET_NE_PE_A301_RECIFE_01-01-2019_A_31-12-2019"", ""INMET_NE_PE_A328_SURUBIM_01-01-2019_A_31-12-2019"", ""INMET_NE_PE_A357_PALMARES_01-01-2019_A_31-12-2019"", ""INMET_NE_PE_A341_CARUARU_01-01-2019_A_31-12-2019"", ""INMET_NE_PE_A322_GARANHUNS_01-01-2019_A_31-12-2019"", ""INMET_NE_PE_A309_ARCO VERDE_01-01-2019_A_31-12-2019""], ""method"": ""IDW p=2; até 6 estações; raio máximo 300 km""}, ""precipitacao_anual_mm"": {""n_estacoes"": 6, ""nearest_distance_km"": 12.59, ""max_distance_km"": 246.32, ""stations"": [""INMET_NE_PE_A301_RECIFE_01-01-2019_A_31-12-2019"", ""INMET_NE_PE_A328_SURUBIM_01-01-2019_A_31-12-2019"", ""INMET_NE_PE_A357_PALMARES_01-01-2019_A_31-12-2019"", ""INMET_NE_PE_A341_CARUARU_01-01-2019_A_31-12-2019"", ""INMET_NE_PE_A322_GARANHUNS_01-01-2019_A_31-12-2019"", ""INMET_NE_PE_A309_ARCO VERDE_01-01-2019_A_31-12-2019""], ""method"": ""IDW p=2; até 6 estações; raio máximo 300 km""}}","{""organization"": ""INMET"", ""dataset"": ""Dados Históricos Anuais - estações automáticas"", ""version"": ""2019"", ""retrieved_at"": ""2026-10-01"", ""reference_url"": ""https://portal.inmet.gov.br/uploads/dadoshistoricos/2019.zip"", ""method"": ""agregação anual observada por estação + IDW municipal em EPSG:31985; p=2; 3-6 estações; raio <=300 km; controle mínimo de completude"", ""verified"": true}"
2609709,2019,24.29971513781804,244.14579660120884,"{""temperatura_media_c"": {""n_estacoes"": 6, ""nearest_distance_km"": 26.82, ""max_distance_km"": 179.85, ""stations"": [""INMET_NE_PE_A328_SURUBIM_01-01-2019_A_31-12-2019"", ""INMET_NE_PE_A301_RECIFE_01-01-2019_A_31-12-2019"", ""INMET_NE_PE_A341_CARUARU_01-01-2019_A_31-12-2019"", ""INMET_NE_PE_A357_PALMARES_01-01-2019_A_31-12-2019"", ""INMET_NE_PE_A322_GARANHUNS_01-01-2019_A_31-12-2019"", ""INMET_NE_PE_A309_ARCO VERDE_01-01-2019_A_31-12-2019""], ""method"": ""IDW p=2; até 6 estações; raio máximo 300 km""}, ""precipitacao_anual_mm"": {""n_estacoes"": 6, ""nearest_distance_km"": 26.82, ""max_distance_km"": 179.85, ""stations"": [""INMET_NE_PE_A328_SURUBIM_01-01-2019_A_31-12-2019"", ""INMET_NE_PE_A301_RECIFE_01-01-2019_A_31-12-2019"", ""INMET_NE_PE_A341_CARUARU_01-01-2019_A_31-12-2019"", ""INMET_NE_PE_A357_PALMARES_01-01-2019_A_31-12-2019"", ""INMET_NE_PE_A322_GARANHUNS_01-01-2019_A_31-12-2019"", ""INMET_NE_PE_A309_ARCO VERDE_01-01-2019_A_31-12-2019""], ""method"": ""IDW p=2; até 6 estações; raio máximo 300 km""}}","{""organization"": ""INMET"", ""dataset"": ""Dados Históricos Anuais - estações automáticas"", ""version"": ""2019"", ""retrieved_at"": ""2026-10-01"", ""reference_url"": ""https://portal.inmet.gov.br/uploads/dadoshistoricos/2019.zip"", ""method"": ""agregação anual observada por estação + IDW municipal em EPSG:31985; p=2; 3-6 estações; raio <=300 km; controle mínimo de completude"", ""verified"": true}"
2609808,2019,27.36987623656016,331.73687670358436,"{""temperatura_media_c"": {""n_estacoes"": 6, ""nearest_distance_km"": 30.75, ""max_distance_km"": 154.62, ""stations"": [""INMET_NE_PE_A329_CABROBO_01-01-2019_A_31-12-2019"", ""INMET_NE_PE_A370_SALGUEIRO_01-01-2019_A_31-12-2019"", ""INMET_NE_PE_A366_OURICURI_01-01-2019_A_31-12-2019"", ""INMET_NE_PE_A351_FLORESTA_01-01-2019_A_31-12-2019"", ""INMET_NE_PE_A307_PETROLINA_01-01-2019_A_31-12-2019"", ""INMET_NE_PE_A350_SERRA TALHADA_01-01-2019_A_31-12-2019""], ""method"": ""IDW p=2; até 6 estações; raio máximo 300 km""}, ""precipitacao_anual_mm"": {""n_estacoes"": 6, ""nearest_distance_km"": 30.75, ""max_distance_km"": 154.62, ""stations"": [""INMET_NE_PE_A329_CABROBO_01-01-2019_A_31-12-2019"", ""INMET_NE_PE_A370_SALGUEIRO_01-01-2019_A_31-12-2019"", ""INMET_NE_PE_A366_OURICURI_01-01-2019_A_31-12-2019"", ""INMET_NE_PE_A351_FLORESTA_01-01-2019_A_31-12-2019"", ""INMET_NE_PE_A307_PETROLINA_01-01-2019_A_31-12-2019"", ""INMET_NE_PE_A350_SERRA TALHADA_01-01-2019_A_31-12-2019""], ""method"": ""IDW p=2; até 6 estações; raio máximo 300 km""}}","{""organization"": ""INMET"", ""dataset"": ""Dados Históricos Anuais - estações automáticas"", ""version"": ""2019"", ""retrieved_at"": ""2026-10-01"", ""reference_url"": ""https://portal.inmet.gov.br/uploads/dadoshistoricos/2019.zip"", ""method"": ""agregação anual observada por estação + IDW municipal em EPSG:31985; p=2; 3-6 estações; raio <=300 km; controle mínimo de completude"", ""verified"": true}"
2609907,2019,26.75962942874569,178.4227960327349,"{""temperatura_media_c"": {""n_estacoes"": 6, ""nearest_distance_km"": 11.27, ""max_distance_km"": 207.26, ""stations"": [""INMET_NE_PE_A366_OURICURI_01-01-2019_A_31-12-2019"", ""INMET_NE_PE_A329_CABROBO_01-01-2019_A_31-12-2019"", ""INMET_NE_PE_A370_SALGUEIRO_01-01-2019_A_31-12-2019"", ""INMET_NE_PE_A307_PETROLINA_01-01-2019_A_31-12-2019"", ""INMET_NE_PE_A351_FLORESTA_01-01-2019_A_31-12-2019"", ""INMET_NE_PE_A350_SERRA TALHADA_01-01-2019_A_31-12-2019""], ""method"": ""IDW p=2; até 6 estações; raio máximo 300 km""}, ""precipitacao_anual_mm"": {""n_estacoes"": 6, ""nearest_distance_km"": 11.27, ""max_distance_km"": 207.26, ""stations"": [""INMET_NE_PE_A366_OURICURI_01-01-2019_A_31-12-2019"", ""INMET_NE_PE_A329_CABROBO_01-01-2019_A_31-12-2019"", ""INMET_NE_PE_A370_SALGUEIRO_01-01-2019_A_31-12-2019"", ""INMET_NE_PE_A307_PETROLINA_01-01-2019_A_31-12-2019"", ""INMET_NE_PE_A351_FLORESTA_01-01-2019_A_31-12-2019"", ""INMET_NE_PE_A350_SERRA TALHADA_01-01-2019_A_31-12-2019""], ""method"": ""IDW p=2; até 6 estações; raio máximo 300 km""}}","{""organization"": ""INMET"", ""dataset"": ""Dados Históricos Anuais - estações automáticas"", ""version"": ""2019"", ""retrieved_at"": ""2026-10-01"", ""reference_url"": ""https://portal.inmet.gov.br/uploads/dadoshistoricos/2019.zip"", ""method"": ""agregação anual observada por estação + IDW municipal em EPSG:31985; p=2; 3-6 estações; raio <=300 km; controle mínimo de completude"", ""verified"": true}"
2610004,2019,24.468277995725884,191.9452934481988,"{""temperatura_media_c"": {""n_estacoes"": 6, ""nearest_distance_km"": 6.91, ""max_distance_km"": 159.07, ""stations"": [""INMET_NE_PE_A357_PALMARES_01-01-2019_A_31-12-2019"", ""INMET_NE_PE_A341_CARUARU_01-01-2019_A_31-12-2019"", ""INMET_NE_PE_A328_SURUBIM_01-01-2019_A_31-12-2019"", ""INMET_NE_PE_A301_RECIFE_01-01-2019_A_31-12-2019"", ""INMET_NE_PE_A322_GARANHUNS_01-01-2019_A_31-12-2019"", ""INMET_NE_PE_A309_ARCO VERDE_01-01-2019_A_31-12-2019""], ""method"": ""IDW p=2; até 6 estações; raio máximo 300 km""}, ""precipitacao_anual_mm"": {""n_estacoes"": 6, ""nearest_distance_km"": 6.91, ""max_distance_km"": 159.07, ""stations"": [""INMET_NE_PE_A357_PALMARES_01-01-2019_A_31-12-2019"", ""INMET_NE_PE_A341_CARUARU_01-01-2019_A_31-12-2019"", ""INMET_NE_PE_A328_SURUBIM_01-01-2019_A_31-12-2019"", ""INMET_NE_PE_A301_RECIFE_01-01-2019_A_31-12-2019"", ""INMET_NE_PE_A322_GARANHUNS_01-01-2019_A_31-12-2019"", ""INMET_NE_PE_A309_ARCO VERDE_01-01-2019_A_31-12-2019""], ""method"": ""IDW p=2; até 6 estações; raio máximo 300 km""}}","{""organization"": ""INMET"", ""dataset"": ""Dados Históricos Anuais - estações automáticas"", ""version"": ""2019"", ""retrieved_at"": ""2026-10-01"", ""reference_url"": ""https://portal.inmet.gov.br/uploads/dadoshistoricos/2019.zip"", ""method"": ""agregação anual observada por estação + IDW municipal em EPSG:31985; p=2; 3-6 estações; raio <=300 km; controle mínimo de completude"", ""verified"": true}"
2610103,2019,22.08648863593287,590.264041514769,"{""temperatura_media_c"": {""n_estacoes"": 6, ""nearest_distance_km"": 26.21, ""max_distance_km"": 167.58, ""stations"": [""INMET_NE_PE_A322_GARANHUNS_01-01-2019_A_31-12-2019"", ""INMET_NE_PE_A341_CARUARU_01-01-2019_A_31-12-2019"", ""INMET_NE_PE_A357_PALMARES_01-01-2019_A_31-12-2019"", ""INMET_NE_PE_A309_ARCO VERDE_01-01-2019_A_31-12-2019"", ""INMET_NE_PE_A328_SURUBIM_01-01-2019_A_31-12-2019"", ""INMET_NE_PE_A349_IBIMIRIM_01-01-2019_A_31-12-2019""], ""method"": ""IDW p=2; até 6 estações; raio máximo 300 km""}, ""precipitacao_anual_mm"": {""n_estacoes"": 6, ""nearest_distance_km"": 26.21, ""max_distance_km"": 167.58, ""stations"": [""INMET_NE_PE_A322_GARANHUNS_01-01-2019_A_31-12-2019"", ""INMET_NE_PE_A341_CARUARU_01-01-2019_A_31-12-2019"", ""INMET_NE_PE_A357_PALMARES_01-01-2019_A_31-12-2019"", ""INMET_NE_PE_A309_ARCO VERDE_01-01-2019_A_31-12-2019"", ""INMET_NE_PE_A328_SURUBIM_01-01-2019_A_31-12-2019"", ""INMET_NE_PE_A349_IBIMIRIM_01-01-2019_A_31-12-2019""], ""method"": ""IDW p=2; até 6 estações; raio máximo 300 km""}}","{""organization"": ""INMET"", ""dataset"": ""Dados Históricos Anuais - estações automáticas"", ""version"": ""2019"", ""retrieved_at"": ""2026-10-01"", ""reference_url"": ""https://portal.inmet.gov.br/uploads/dadoshistoricos/2019.zip"", ""method"": ""agregação anual observada por estação + IDW municipal em EPSG:31985; p=2; 3-6 estações; raio <=300 km; controle mínimo de completude"", ""verified"": true}"
2610202,2019,22.331248479137372,475.89422876679185,"{""temperatura_media_c"": {""n_estacoes"": 6, ""nearest_distance_km"": 33.27, ""max_distance_km"": 137.55, ""stations"": [""INMET_NE_PE_A341_CARUARU_01-01-2019_A_31-12-2019"", ""INMET_NE_PE_A357_PALMARES_01-01-2019_A_31-12-2019"", ""INMET_NE_PE_A322_GARANHUNS_01-01-2019_A_31-12-2019"", ""INMET_NE_PE_A328_SURUBIM_01-01-2019_A_31-12-2019"", ""INMET_NE_PE_A309_ARCO VERDE_01-01-2019_A_31-12-2019"", ""INMET_NE_PE_A301_RECIFE_01-01-2019_A_31-12-2019""], ""method"": ""IDW p=2; até 6 estações; raio máximo 300 km""}, ""precipitacao_anual_mm"": {""n_estacoes"": 6, ""nearest_distance_km"": 33.27, ""max_distance_km"": 137.55, ""stations"": [""INMET_NE_PE_A341_CARUARU_01-01-2019_A_31-12-2019"", ""INMET_NE_PE_A357_PALMARES_01-01-2019_A_31-12-2019"", ""INMET_NE_PE_A322_GARANHUNS_01-01-2019_A_31-12-2019"", ""INMET_NE_PE_A328_SURUBIM_01-01-2019_A_31-12-2019"", ""INMET_NE_PE_A309_ARCO VERDE_01-01-2019_A_31-12-2019"", ""INMET_NE_PE_A301_RECIFE_01-01-2019_A_31-12-2019""], ""method"": ""IDW p=2; até 6 estações; raio máximo 300 km""}}","{""organization"": ""INMET"", ""dataset"": ""Dados Históricos Anuais - estações automáticas"", ""version"": ""2019"", ""retrieved_at"": ""2026-10-01"", ""reference_url"": ""https://portal.inmet.gov.br/uploads/dadoshistoricos/2019.zip"", ""method"": ""agregação anual observada por estação + IDW municipal em EPSG:31985; p=2; 3-6 estações; raio <=300 km; controle mínimo de completude"", ""verified"": true}"
2610301,2019,22.164405143815316,605.4184830993873,"{""temperatura_media_c"": {""n_estacoes"": 6, ""nearest_distance_km"": 23.62, ""max_distance_km"": 153.65, ""stations"": [""INMET_NE_PE_A322_GARANHUNS_01-01-2019_A_31-12-2019"", ""INMET_NE_PE_A309_ARCO VERDE_01-01-2019_A_31-12-2019"", ""INMET_NE_PE_A341_CARUARU_01-01-2019_A_31-12-2019"", ""INMET_NE_PE_A349_IBIMIRIM_01-01-2019_A_31-12-2019"", ""INMET_NE_PE_A357_PALMARES_01-01-2019_A_31-12-2019"", ""INMET_NE_PE_A328_SURUBIM_01-01-2019_A_31-12-2019""], ""method"": ""IDW p=2; até 6 estações; raio máximo 300 km""}, ""precipitacao_anual_mm"": {""n_estacoes"": 6, ""nearest_distance_km"": 23.62, ""max_distance_km"": 153.65, ""stations"": [""INMET_NE_PE_A322_GARANHUNS_01-01-2019_A_31-12-2019"", ""INMET_NE_PE_A309_ARCO VERDE_01-01-2019_A_31-12-2019"", ""INMET_NE_PE_A341_CARUARU_01-01-2019_A_31-12-2019"", ""INMET_NE_PE_A349_IBIMIRIM_01-01-2019_A_31-12-2019"", ""INMET_NE_PE_A357_PALMARES_01-01-2019_A_31-12-2019"", ""INMET_NE_PE_A328_SURUBIM_01-01-2019_A_31-12-2019""], ""method"": ""IDW p=2; até 6 estações; raio máximo 300 km""}}","{""organization"": ""INMET"", ""dataset"": ""Dados Históricos Anuais - estações automáticas"", ""version"": ""2019"", ""retrieved_at"": ""2026-10-01"", ""reference_url"": ""https://portal.inmet.gov.br/uploads/dadoshistoricos/2019.zip"", ""method"": ""agregação anual observada por estação + IDW municipal em EPSG:31985; p=2; 3-6 estações; raio <=300 km; controle mínimo de completude"", ""verified"": true}"
2610400,2019,27.085469121217205,298.9621196739548,"{""temperatura_media_c"": {""n_estacoes"": 6, ""nearest_distance_km"": 47.91, ""max_distance_km"": 165.02, ""stations"": [""INMET_NE_PE_A366_OURICURI_01-01-2019_A_31-12-2019"", ""INMET_NE_PE_A329_CABROBO_01-01-2019_A_31-12-2019"", ""INMET_NE_PE_A370_SALGUEIRO_01-01-2019_A_31-12-2019"", ""INMET_NE_PE_A351_FLORESTA_01-01-2019_A_31-12-2019"", ""INMET_NE_PE_A307_PETROLINA_01-01-2019_A_31-12-2019"", ""INMET_NE_PE_A350_SERRA TALHADA_01-01-2019_A_31-12-2019""], ""method"": ""IDW p=2; até 6 estações; raio máximo 300 km""}, ""precipitacao_anual_mm"": {""n_estacoes"": 6, ""nearest_distance_km"": 47.91, ""max_distance_km"": 165.02, ""stations"": [""INMET_NE_PE_A366_OURICURI_01-01-2019_A_31-12-2019"", ""INMET_NE_PE_A329_CABROBO_01-01-2019_A_31-12-2019"", ""INMET_NE_PE_A370_SALGUEIRO_01-01-2019_A_31-12-2019"", ""INMET_NE_PE_A351_FLORESTA_01-01-2019_A_31-12-2019"", ""INMET_NE_PE_A307_PETROLINA_01-01-2019_A_31-12-2019"", ""INMET_NE_PE_A350_SERRA TALHADA_01-01-2019_A_31-12-2019""], ""method"": ""IDW p=2; até 6 estações; raio máximo 300 km""}}","{""organization"": ""INMET"", ""dataset"": ""Dados Históricos Anuais - estações automáticas"", ""version"": ""2019"", ""retrieved_at"": ""2026-10-01"", ""reference_url"": ""https://portal.inmet.gov.br/uploads/dadoshistoricos/2019.zip"", ""method"": ""agregação anual observada por estação + IDW municipal em EPSG:31985; p=2; 3-6 estações; raio <=300 km; controle mínimo de completude"", ""verified"": true}"
2610509,2019,24.12420629161849,431.1808407735141,"{""temperatura_media_c"": {""n_estacoes"": 6, ""nearest_distance_km"": 33.98, ""max_distance_km"": 172.89, ""stations"": [""INMET_NE_PE_A328_SURUBIM_01-01-2019_A_31-12-2019"", ""INMET_NE_PE_A301_RECIFE_01-01-2019_A_31-12-2019"", ""INMET_NE_PE_A341_CARUARU_01-01-2019_A_31-12-2019"", ""INMET_NE_PE_A357_PALMARES_01-01-2019_A_31-12-2019"", ""INMET_NE_PE_A322_GARANHUNS_01-01-2019_A_31-12-2019"", ""INMET_NE_PE_A309_ARCO VERDE_01-01-2019_A_31-12-2019""], ""method"": ""IDW p=2; até 6 estações; raio máximo 300 km""}, ""precipitacao_anual_mm"": {""n_estacoes"": 6, ""nearest_distance_km"": 33.98, ""max_distance_km"": 172.89, ""stations"": [""INMET_NE_PE_A328_SURUBIM_01-01-2019_A_31-12-2019"", ""INMET_NE_PE_A301_RECIFE_01-01-2019_A_31-12-2019"", ""INMET_NE_PE_A341_CARUARU_01-01-2019_A_31-12-2019"", ""INMET_NE_PE_A357_PALMARES_01-01-2019_A_31-12-2019"", ""INMET_NE_PE_A322_GARANHUNS_01-01-2019_A_31-12-2019"", ""INMET_NE_PE_A309_ARCO VERDE_01-01-2019_A_31-12-2019""], ""method"": ""IDW p=2; até 6 estações; raio máximo 300 km""}}","{""organization"": ""INMET"", ""dataset"": ""Dados Históricos Anuais - estações automáticas"", ""version"": ""2019"", ""retrieved_at"": ""2026-10-01"", ""reference_url"": ""https://portal.inmet.gov.br/uploads/dadoshistoricos/2019.zip"", ""method"": ""agregação anual observada por estação + IDW municipal em EPSG:31985; p=2; 3-6 estações; raio <=300 km; controle mínimo de completude"", ""verified"": true}"
2610608,2019,25.377102493650764,1615.2034731053725,"{""temperatura_media_c"": {""n_estacoes"": 6, ""nearest_distance_km"": 27.49, ""max_distance_km"": 217.64, ""stations"": [""INMET_NE_PE_A301_RECIFE_01-01-2019_A_31-12-2019"", ""INMET_NE_PE_A328_SURUBIM_01-01-2019_A_31-12-2019"", ""INMET_NE_PE_A357_PALMARES_01-01-2019_A_31-12-2019"", ""INMET_NE_PE_A341_CARUARU_01-01-2019_A_31-12-2019"", ""INMET_NE_PE_A322_GARANHUNS_01-01-2019_A_31-12-2019"", ""INMET_NE_PE_A309_ARCO VERDE_01-01-2019_A_31-12-2019""], ""method"": ""IDW p=2; até 6 estações; raio máximo 300 km""}, ""precipitacao_anual_mm"": {""n_estacoes"": 6, ""nearest_distance_km"": 27.49, ""max_distance_km"": 217.64, ""stations"": [""INMET_NE_PE_A301_RECIFE_01-01-2019_A_31-12-2019"", ""INMET_NE_PE_A328_SURUBIM_01-01-2019_A_31-12-2019"", ""INMET_NE_PE_A357_PALMARES_01-01-2019_A_31-12-2019"", ""INMET_NE_PE_A341_CARUARU_01-01-2019_A_31-12-2019"", ""INMET_NE_PE_A322_GARANHUNS_01-01-2019_A_31-12-2019"", ""INMET_NE_PE_A309_ARCO VERDE_01-01-2019_A_31-12-2019""], ""method"": ""IDW p=2; até 6 estações; raio máximo 300 km""}}","{""organization"": ""INMET"", ""dataset"": ""Dados Históricos Anuais - estações automáticas"", ""version"": ""2019"", ""retrieved_at"": ""2026-10-01"", ""reference_url"": ""https://portal.inmet.gov.br/uploads/dadoshistoricos/2019.zip"", ""method"": ""agregação anual observada por estação + IDW municipal em EPSG:31985; p=2; 3-6 estações; raio <=300 km; controle mínimo de completude"", ""verified"": true}"
2610707,2019,25.785494000785242,1951.1095483751278,"{""temperatura_media_c"": {""n_estacoes"": 6, ""nearest_distance_km"": 16.74, ""max_distance_km"": 246.03, ""stations"": [""INMET_NE_PE_A301_RECIFE_01-01-2019_A_31-12-2019"", ""INMET_NE_PE_A328_SURUBIM_01-01-2019_A_31-12-2019"", ""INMET_NE_PE_A357_PALMARES_01-01-2019_A_31-12-2019"", ""INMET_NE_PE_A341_CARUARU_01-01-2019_A_31-12-2019"", ""INMET_NE_PE_A322_GARANHUNS_01-01-2019_A_31-12-2019"", ""INMET_NE_PE_A309_ARCO VERDE_01-01-2019_A_31-12-2019""], ""method"": ""IDW p=2; até 6 estações; raio máximo 300 km""}, ""precipitacao_anual_mm"": {""n_estacoes"": 6, ""nearest_distance_km"": 16.74, ""max_distance_km"": 246.03, ""stations"": [""INMET_NE_PE_A301_RECIFE_01-01-2019_A_31-12-2019"", ""INMET_NE_PE_A328_SURUBIM_01-01-2019_A_31-12-2019"", ""INMET_NE_PE_A357_PALMARES_01-01-2019_A_31-12-2019"", ""INMET_NE_PE_A341_CARUARU_01-01-2019_A_31-12-2019"", ""INMET_NE_PE_A322_GARANHUNS_01-01-2019_A_31-12-2019"", ""INMET_NE_PE_A309_ARCO VERDE_01-01-2019_A_31-12-2019""], ""method"": ""IDW p=2; até 6 estações; raio máximo 300 km""}}","{""organization"": ""INMET"", ""dataset"": ""Dados Históricos Anuais - estações automáticas"", ""version"": ""2019"", ""retrieved_at"": ""2026-10-01"", ""reference_url"": ""https://portal.inmet.gov.br/uploads/dadoshistoricos/2019.zip"", ""method"": ""agregação anual observada por estação + IDW municipal em EPSG:31985; p=2; 3-6 estações; raio <=300 km; controle mínimo de completude"", ""verified"": true}"
2610806,2019,23.4474287422155,474.6434891173077,"{""temperatura_media_c"": {""n_estacoes"": 6, ""nearest_distance_km"": 33.89, ""max_distance_km"": 153.99, ""stations"": [""INMET_NE_PE_A309_ARCO VERDE_01-01-2019_A_31-12-2019"", ""INMET_NE_PE_A322_GARANHUNS_01-01-2019_A_31-12-2019"", ""INMET_NE_PE_A349_IBIMIRIM_01-01-2019_A_31-12-2019"", ""INMET_NE_PE_A341_CARUARU_01-01-2019_A_31-12-2019"", ""INMET_NE_PE_A357_PALMARES_01-01-2019_A_31-12-2019"", ""INMET_NE_PE_A328_SURUBIM_01-01-2019_A_31-12-2019""], ""method"": ""IDW p=2; até 6 estações; raio máximo 300 km""}, ""precipitacao_anual_mm"": {""n_estacoes"": 6, ""nearest_distance_km"": 33.89, ""max_distance_km"": 153.99, ""stations"": [""INMET_NE_PE_A309_ARCO VERDE_01-01-2019_A_31-12-2019"", ""INMET_NE_PE_A322_GARANHUNS_01-01-2019_A_31-12-2019"", ""INMET_NE_PE_A349_IBIMIRIM_01-01-2019_A_31-12-2019"", ""INMET_NE_PE_A341_CARUARU_01-01-2019_A_31-12-2019"", ""INMET_NE_PE_A357_PALMARES_01-01-2019_A_31-12-2019"", ""INMET_NE_PE_A328_SURUBIM_01-01-2019_A_31-12-2019""], ""method"": ""IDW p=2; até 6 estações; raio máximo 300 km""}}","{""organization"": ""INMET"", ""dataset"": ""Dados Históricos Anuais - estações automáticas"", ""version"": ""2019"", ""retrieved_at"": ""2026-10-01"", ""reference_url"": ""https://portal.inmet.gov.br/uploads/dadoshistoricos/2019.zip"", ""method"": ""agregação anual observada por estação + IDW municipal em EPSG:31985; p=2; 3-6 estações; raio <=300 km; controle mínimo de completude"", ""verified"": true}"
2610905,2019,23.44693059810164,451.44130400040194,"{""temperatura_media_c"": {""n_estacoes"": 6, ""nearest_distance_km"": 35.18, ""max_distance_km"": 132.68, ""stations"": [""INMET_NE_PE_A309_ARCO VERDE_01-01-2019_A_31-12-2019"", ""INMET_NE_PE_A322_GARANHUNS_01-01-2019_A_31-12-2019"", ""INMET_NE_PE_A341_CARUARU_01-01-2019_A_31-12-2019"", ""INMET_NE_PE_A349_IBIMIRIM_01-01-2019_A_31-12-2019"", ""INMET_NE_PE_A328_SURUBIM_01-01-2019_A_31-12-2019"", ""INMET_NE_PE_A357_PALMARES_01-01-2019_A_31-12-2019""], ""method"": ""IDW p=2; até 6 estações; raio máximo 300 km""}, ""precipitacao_anual_mm"": {""n_estacoes"": 6, ""nearest_distance_km"": 35.18, ""max_distance_km"": 132.68, ""stations"": [""INMET_NE_PE_A309_ARCO VERDE_01-01-2019_A_31-12-2019"", ""INMET_NE_PE_A322_GARANHUNS_01-01-2019_A_31-12-2019"", ""INMET_NE_PE_A341_CARUARU_01-01-2019_A_31-12-2019"", ""INMET_NE_PE_A349_IBIMIRIM_01-01-2019_A_31-12-2019"", ""INMET_NE_PE_A328_SURUBIM_01-01-2019_A_31-12-2019"", ""INMET_NE_PE_A357_PALMARES_01-01-2019_A_31-12-2019""], ""method"": ""IDW p=2; até 6 estações; raio máximo 300 km""}}","{""organization"": ""INMET"", ""dataset"": ""Dados Históricos Anuais - estações automáticas"", ""version"": ""2019"", ""retrieved_at"": ""2026-10-01"", ""reference_url"": ""https://portal.inmet.gov.br/uploads/dadoshistoricos/2019.zip"", ""method"": ""agregação anual observada por estação + IDW municipal em EPSG:31985; p=2; 3-6 estações; raio <=300 km; controle mínimo de completude"", ""verified"": true}"
2611002,2019,26.953580675145844,367.3502406746556,"{""temperatura_media_c"": {""n_estacoes"": 6, ""nearest_distance_km"": 45.22, ""max_distance_km"": 147.58, ""stations"": [""INMET_NE_PE_A351_FLORESTA_01-01-2019_A_31-12-2019"", ""INMET_NE_PE_A349_IBIMIRIM_01-01-2019_A_31-12-2019"", ""INMET_NE_PE_A350_SERRA TALHADA_01-01-2019_A_31-12-2019"", ""INMET_NE_PE_A329_CABROBO_01-01-2019_A_31-12-2019"", ""INMET_NE_PE_A370_SALGUEIRO_01-01-2019_A_31-12-2019"", ""INMET_NE_PE_A309_ARCO VERDE_01-01-2019_A_31-12-2019""], ""method"": ""IDW p=2; até 6 estações; raio máximo 300 km""}, ""precipitacao_anual_mm"": {""n_estacoes"": 6, ""nearest_distance_km"": 45.22, ""max_distance_km"": 147.58, ""stations"": [""INMET_NE_PE_A351_FLORESTA_01-01-2019_A_31-12-2019"", ""INMET_NE_PE_A349_IBIMIRIM_01-01-2019_A_31-12-2019"", ""INMET_NE_PE_A350_SERRA TALHADA_01-01-2019_A_31-12-2019"", ""INMET_NE_PE_A329_CABROBO_01-01-2019_A_31-12-2019"", ""INMET_NE_PE_A370_SALGUEIRO_01-01-2019_A_31-12-2019"", ""INMET_NE_PE_A309_ARCO VERDE_01-01-2019_A_31-12-2019""], ""method"": ""IDW p=2; até 6 estações; raio máximo 300 km""}}","{""organization"": ""INMET"", ""dataset"": ""Dados Históricos Anuais - estações automáticas"", ""version"": ""2019"", ""retrieved_at"": ""2026-10-01"", ""reference_url"": ""https://portal.inmet.gov.br/uploads/dadoshistoricos/2019.zip"", ""method"": ""agregação anual observada por estação + IDW municipal em EPSG:31985; p=2; 3-6 estações; raio <=300 km; controle mínimo de completude"", ""verified"": true}"
2611101,2019,27.5958252443442,265.44045714101577,"{""temperatura_media_c"": {""n_estacoes"": 6, ""nearest_distance_km"": 41.47, ""max_distance_km"": 278.7, ""stations"": [""INMET_NE_PE_A307_PETROLINA_01-01-2019_A_31-12-2019"", ""INMET_NE_PE_A366_OURICURI_01-01-2019_A_31-12-2019"", ""INMET_NE_PE_A329_CABROBO_01-01-2019_A_31-12-2019"", ""INMET_NE_PE_A370_SALGUEIRO_01-01-2019_A_31-12-2019"", ""INMET_NE_PE_A351_FLORESTA_01-01-2019_A_31-12-2019"", ""INMET_NE_PE_A350_SERRA TALHADA_01-01-2019_A_31-12-2019""], ""method"": ""IDW p=2; até 6 estações; raio máximo 300 km""}, ""precipitacao_anual_mm"": {""n_estacoes"": 6, ""nearest_distance_km"": 41.47, ""max_distance_km"": 278.7, ""stations"": [""INMET_NE_PE_A307_PETROLINA_01-01-2019_A_31-12-2019"", ""INMET_NE_PE_A366_OURICURI_01-01-2019_A_31-12-2019"", ""INMET_NE_PE_A329_CABROBO_01-01-2019_A_31-12-2019"", ""INMET_NE_PE_A370_SALGUEIRO_01-01-2019_A_31-12-2019"", ""INMET_NE_PE_A351_FLORESTA_01-01-2019_A_31-12-2019"", ""INMET_NE_PE_A350_SERRA TALHADA_01-01-2019_A_31-12-2019""], ""method"": ""IDW p=2; até 6 estações; raio máximo 300 km""}}","{""organization"": ""INMET"", ""dataset"": ""Dados Históricos Anuais - estações automáticas"", ""version"": ""2019"", ""retrieved_at"": ""2026-10-01"", ""reference_url"": ""https://portal.inmet.gov.br/uploads/dadoshistoricos/2019.zip"", ""method"": ""agregação anual observada por estação + IDW municipal em EPSG:31985; p=2; 3-6 estações; raio <=300 km; controle mínimo de completude"", ""verified"": true}"
2611200,2019,23.415199463342194,425.8860635432312,"{""temperatura_media_c"": {""n_estacoes"": 6, ""nearest_distance_km"": 44.43, ""max_distance_km"": 135.24, ""stations"": [""INMET_NE_PE_A309_ARCO VERDE_01-01-2019_A_31-12-2019"", ""INMET_NE_PE_A341_CARUARU_01-01-2019_A_31-12-2019"", ""INMET_NE_PE_A322_GARANHUNS_01-01-2019_A_31-12-2019"", ""INMET_NE_PE_A328_SURUBIM_01-01-2019_A_31-12-2019"", ""INMET_NE_PE_A349_IBIMIRIM_01-01-2019_A_31-12-2019"", ""INMET_NE_PE_A357_PALMARES_01-01-2019_A_31-12-2019""], ""method"": ""IDW p=2; até 6 estações; raio máximo 300 km""}, ""precipitacao_anual_mm"": {""n_estacoes"": 6, ""nearest_distance_km"": 44.43, ""max_distance_km"": 135.24, ""stations"": [""INMET_NE_PE_A309_ARCO VERDE_01-01-2019_A_31-12-2019"", ""INMET_NE_PE_A341_CARUARU_01-01-2019_A_31-12-2019"", ""INMET_NE_PE_A322_GARANHUNS_01-01-2019_A_31-12-2019"", ""INMET_NE_PE_A328_SURUBIM_01-01-2019_A_31-12-2019"", ""INMET_NE_PE_A349_IBIMIRIM_01-01-2019_A_31-12-2019"", ""INMET_NE_PE_A357_PALMARES_01-01-2019_A_31-12-2019""], ""method"": ""IDW p=2; até 6 estações; raio máximo 300 km""}}","{""organization"": ""INMET"", ""dataset"": ""Dados Históricos Anuais - estações automáticas"", ""version"": ""2019"", ""retrieved_at"": ""2026-10-01"", ""reference_url"": ""https://portal.inmet.gov.br/uploads/dadoshistoricos/2019.zip"", ""method"": ""agregação anual observada por estação + IDW municipal em EPSG:31985; p=2; 3-6 estações; raio <=300 km; controle mínimo de completude"", ""verified"": true}"
2611309,2019,24.36485905695,833.3251852682444,"{""temperatura_media_c"": {""n_estacoes"": 6, ""nearest_distance_km"": 49.1, ""max_distance_km"": 186.09, ""stations"": [""INMET_NE_PE_A301_RECIFE_01-01-2019_A_31-12-2019"", ""INMET_NE_PE_A357_PALMARES_01-01-2019_A_31-12-2019"", ""INMET_NE_PE_A328_SURUBIM_01-01-2019_A_31-12-2019"", ""INMET_NE_PE_A341_CARUARU_01-01-2019_A_31-12-2019"", ""INMET_NE_PE_A322_GARANHUNS_01-01-2019_A_31-12-2019"", ""INMET_NE_PE_A309_ARCO VERDE_01-01-2019_A_31-12-2019""], ""method"": ""IDW p=2; até 6 estações; raio máximo 300 km""}, ""precipitacao_anual_mm"": {""n_estacoes"": 6, ""nearest_distance_km"": 49.1, ""max_distance_km"": 186.09, ""stations"": [""INMET_NE_PE_A301_RECIFE_01-01-2019_A_31-12-2019"", ""INMET_NE_PE_A357_PALMARES_01-01-2019_A_31-12-2019"", ""INMET_NE_PE_A328_SURUBIM_01-01-2019_A_31-12-2019"", ""INMET_NE_PE_A341_CARUARU_01-01-2019_A_31-12-2019"", ""INMET_NE_PE_A322_GARANHUNS_01-01-2019_A_31-12-2019"", ""INMET_NE_PE_A309_ARCO VERDE_01-01-2019_A_31-12-2019""], ""method"": ""IDW p=2; até 6 estações; raio máximo 300 km""}}","{""organization"": ""INMET"", ""dataset"": ""Dados Históricos Anuais - estações automáticas"", ""version"": ""2019"", ""retrieved_at"": ""2026-10-01"", ""reference_url"": ""https://portal.inmet.gov.br/uploads/dadoshistoricos/2019.zip"", ""method"": ""agregação anual observada por estação + IDW municipal em EPSG:31985; p=2; 3-6 estações; raio <=300 km; controle mínimo de completude"", ""verified"": true}"
2611408,2019,24.22257710202182,668.1334141962633,"{""temperatura_media_c"": {""n_estacoes"": 6, ""nearest_distance_km"": 42.35, ""max_distance_km"": 183.93, ""stations"": [""INMET_NE_PE_A357_PALMARES_01-01-2019_A_31-12-2019"", ""INMET_NE_PE_A301_RECIFE_01-01-2019_A_31-12-2019"", ""INMET_NE_PE_A328_SURUBIM_01-01-2019_A_31-12-2019"", ""INMET_NE_PE_A341_CARUARU_01-01-2019_A_31-12-2019"", ""INMET_NE_PE_A322_GARANHUNS_01-01-2019_A_31-12-2019"", ""INMET_NE_PE_A309_ARCO VERDE_01-01-2019_A_31-12-2019""], ""method"": ""IDW p=2; até 6 estações; raio máximo 300 km""}, ""precipitacao_anual_mm"": {""n_estacoes"": 6, ""nearest_distance_km"": 42.35, ""max_distance_km"": 183.93, ""stations"": [""INMET_NE_PE_A357_PALMARES_01-01-2019_A_31-12-2019"", ""INMET_NE_PE_A301_RECIFE_01-01-2019_A_31-12-2019"", ""INMET_NE_PE_A328_SURUBIM_01-01-2019_A_31-12-2019"", ""INMET_NE_PE_A341_CARUARU_01-01-2019_A_31-12-2019"", ""INMET_NE_PE_A322_GARANHUNS_01-01-2019_A_31-12-2019"", ""INMET_NE_PE_A309_ARCO VERDE_01-01-2019_A_31-12-2019""], ""method"": ""IDW p=2; até 6 estações; raio máximo 300 km""}}","{""organization"": ""INMET"", ""dataset"": ""Dados Históricos Anuais - estações automáticas"", ""version"": ""2019"", ""retrieved_at"": ""2026-10-01"", ""reference_url"": ""https://portal.inmet.gov.br/uploads/dadoshistoricos/2019.zip"", ""method"": ""agregação anual observada por estação + IDW municipal em EPSG:31985; p=2; 3-6 estações; raio <=300 km; controle mínimo de completude"", ""verified"": true}"
2611507,2019,22.72180716058786,487.55053267737804,"{""temperatura_media_c"": {""n_estacoes"": 6, ""nearest_distance_km"": 51.84, ""max_distance_km"": 145.85, ""stations"": [""INMET_NE_PE_A322_GARANHUNS_01-01-2019_A_31-12-2019"", ""INMET_NE_PE_A341_CARUARU_01-01-2019_A_31-12-2019"", ""INMET_NE_PE_A357_PALMARES_01-01-2019_A_31-12-2019"", ""INMET_NE_PE_A328_SURUBIM_01-01-2019_A_31-12-2019"", ""INMET_NE_PE_A309_ARCO VERDE_01-01-2019_A_31-12-2019"", ""INMET_NE_PE_A301_RECIFE_01-01-2019_A_31-12-2019""], ""method"": ""IDW p=2; até 6 estações; raio máximo 300 km""}, ""precipitacao_anual_mm"": {""n_estacoes"": 6, ""nearest_distance_km"": 51.84, ""max_distance_km"": 145.85, ""stations"": [""INMET_NE_PE_A322_GARANHUNS_01-01-2019_A_31-12-2019"", ""INMET_NE_PE_A341_CARUARU_01-01-2019_A_31-12-2019"", ""INMET_NE_PE_A357_PALMARES_01-01-2019_A_31-12-2019"", ""INMET_NE_PE_A328_SURUBIM_01-01-2019_A_31-12-2019"", ""INMET_NE_PE_A309_ARCO VERDE_01-01-2019_A_31-12-2019"", ""INMET_NE_PE_A301_RECIFE_01-01-2019_A_31-12-2019""], ""method"": ""IDW p=2; até 6 estações; raio máximo 300 km""}}","{""organization"": ""INMET"", ""dataset"": ""Dados Históricos Anuais - estações automáticas"", ""version"": ""2019"", ""retrieved_at"": ""2026-10-01"", ""reference_url"": ""https://portal.inmet.gov.br/uploads/dadoshistoricos/2019.zip"", ""method"": ""agregação anual observada por estação + IDW municipal em EPSG:31985; p=2; 3-6 estações; raio <=300 km; controle mínimo de completude"", ""verified"": true}"
2611533,2019,26.275607755581223,499.4695651384829,"{""temperatura_media_c"": {""n_estacoes"": 6, ""nearest_distance_km"": 55.91, ""max_distance_km"": 184.31, ""stations"": [""INMET_NE_PE_A350_SERRA TALHADA_01-01-2019_A_31-12-2019"", ""INMET_NE_PE_A349_IBIMIRIM_01-01-2019_A_31-12-2019"", ""INMET_NE_PE_A309_ARCO VERDE_01-01-2019_A_31-12-2019"", ""INMET_NE_PE_A351_FLORESTA_01-01-2019_A_31-12-2019"", ""INMET_NE_PE_A370_SALGUEIRO_01-01-2019_A_31-12-2019"", ""INMET_NE_PE_A329_CABROBO_01-01-2019_A_31-12-2019""], ""method"": ""IDW p=2; até 6 estações; raio máximo 300 km""}, ""precipitacao_anual_mm"": {""n_estacoes"": 6, ""nearest_distance_km"": 55.91, ""max_distance_km"": 184.31, ""stations"": [""INMET_NE_PE_A350_SERRA TALHADA_01-01-2019_A_31-12-2019"", ""INMET_NE_PE_A349_IBIMIRIM_01-01-2019_A_31-12-2019"", ""INMET_NE_PE_A309_ARCO VERDE_01-01-2019_A_31-12-2019"", ""INMET_NE_PE_A351_FLORESTA_01-01-2019_A_31-12-2019"", ""INMET_NE_PE_A370_SALGUEIRO_01-01-2019_A_31-12-2019"", ""INMET_NE_PE_A329_CABROBO_01-01-2019_A_31-12-2019""], ""method"": ""IDW p=2; até 6 estações; raio máximo 300 km""}}","{""organization"": ""INMET"", ""dataset"": ""Dados Históricos Anuais - estações automáticas"", ""version"": ""2019"", ""retrieved_at"": ""2026-10-01"", ""reference_url"": ""https://portal.inmet.gov.br/uploads/dadoshistoricos/2019.zip"", ""method"": ""agregação anual observada por estação + IDW municipal em EPSG:31985; p=2; 3-6 estações; raio <=300 km; controle mínimo de completude"", ""verified"": true}"
2611606,2019,25.9464717909456,2074.038257322999,"{""temperatura_media_c"": {""n_estacoes"": 6, ""nearest_distance_km"": 3.63, ""max_distance_km"": 238.11, ""stations"": [""INMET_NE_PE_A301_RECIFE_01-01-2019_A_31-12-2019"", ""INMET_NE_PE_A328_SURUBIM_01-01-2019_A_31-12-2019"", ""INMET_NE_PE_A357_PALMARES_01-01-2019_A_31-12-2019"", ""INMET_NE_PE_A341_CARUARU_01-01-2019_A_31-12-2019"", ""INMET_NE_PE_A322_GARANHUNS_01-01-2019_A_31-12-2019"", ""INMET_NE_PE_A309_ARCO VERDE_01-01-2019_A_31-12-2019""], ""method"": ""IDW p=2; até 6 estações; raio máximo 300 km""}, ""precipitacao_anual_mm"": {""n_estacoes"": 6, ""nearest_distance_km"": 3.63, ""max_distance_km"": 238.11, ""stations"": [""INMET_NE_PE_A301_RECIFE_01-01-2019_A_31-12-2019"", ""INMET_NE_PE_A328_SURUBIM_01-01-2019_A_31-12-2019"", ""INMET_NE_PE_A357_PALMARES_01-01-2019_A_31-12-2019"", ""INMET_NE_PE_A341_CARUARU_01-01-2019_A_31-12-2019"", ""INMET_NE_PE_A322_GARANHUNS_01-01-2019_A_31-12-2019"", ""INMET_NE_PE_A309_ARCO VERDE_01-01-2019_A_31-12-2019""], ""method"": ""IDW p=2; até 6 estações; raio máximo 300 km""}}","{""organization"": ""INMET"", ""dataset"": ""Dados Históricos Anuais - estações automáticas"", ""version"": ""2019"", ""retrieved_at"": ""2026-10-01"", ""reference_url"": ""https://portal.inmet.gov.br/uploads/dadoshistoricos/2019.zip"", ""method"": ""agregação anual observada por estação + IDW municipal em EPSG:31985; p=2; 3-6 estações; raio <=300 km; controle mínimo de completude"", ""verified"": true}"
2611705,2019,23.334859053344434,287.8454517403106,"{""temperatura_media_c"": {""n_estacoes"": 6, ""nearest_distance_km"": 28.29, ""max_distance_km"": 135.1, ""stations"": [""INMET_NE_PE_A328_SURUBIM_01-01-2019_A_31-12-2019"", ""INMET_NE_PE_A341_CARUARU_01-01-2019_A_31-12-2019"", ""INMET_NE_PE_A357_PALMARES_01-01-2019_A_31-12-2019"", ""INMET_NE_PE_A301_RECIFE_01-01-2019_A_31-12-2019"", ""INMET_NE_PE_A322_GARANHUNS_01-01-2019_A_31-12-2019"", ""INMET_NE_PE_A309_ARCO VERDE_01-01-2019_A_31-12-2019""], ""method"": ""IDW p=2; até 6 estações; raio máximo 300 km""}, ""precipitacao_anual_mm"": {""n_estacoes"": 6, ""nearest_distance_km"": 28.29, ""max_distance_km"": 135.1, ""stations"": [""INMET_NE_PE_A328_SURUBIM_01-01-2019_A_31-12-2019"", ""INMET_NE_PE_A341_CARUARU_01-01-2019_A_31-12-2019"", ""INMET_NE_PE_A357_PALMARES_01-01-2019_A_31-12-2019"", ""INMET_NE_PE_A301_RECIFE_01-01-2019_A_31-12-2019"", ""INMET_NE_PE_A322_GARANHUNS_01-01-2019_A_31-12-2019"", ""INMET_NE_PE_A309_ARCO VERDE_01-01-2019_A_31-12-2019""], ""method"": ""IDW p=2; até 6 estações; raio máximo 300 km""}}","{""organization"": ""INMET"", ""dataset"": ""Dados Históricos Anuais - estações automáticas"", ""version"": ""2019"", ""retrieved_at"": ""2026-10-01"", ""reference_url"": ""https://portal.inmet.gov.br/uploads/dadoshistoricos/2019.zip"", ""method"": ""agregação anual observada por estação + IDW municipal em EPSG:31985; p=2; 3-6 estações; raio <=300 km; controle mínimo de completude"", ""verified"": true}"
2611804,2019,24.267496740469284,446.5440742337633,"{""temperatura_media_c"": {""n_estacoes"": 6, ""nearest_distance_km"": 28.53, ""max_distance_km"": 186.36, ""stations"": [""INMET_NE_PE_A357_PALMARES_01-01-2019_A_31-12-2019"", ""INMET_NE_PE_A301_RECIFE_01-01-2019_A_31-12-2019"", ""INMET_NE_PE_A341_CARUARU_01-01-2019_A_31-12-2019"", ""INMET_NE_PE_A328_SURUBIM_01-01-2019_A_31-12-2019"", ""INMET_NE_PE_A322_GARANHUNS_01-01-2019_A_31-12-2019"", ""INMET_NE_PE_A309_ARCO VERDE_01-01-2019_A_31-12-2019""], ""method"": ""IDW p=2; até 6 estações; raio máximo 300 km""}, ""precipitacao_anual_mm"": {""n_estacoes"": 6, ""nearest_distance_km"": 28.53, ""max_distance_km"": 186.36, ""stations"": [""INMET_NE_PE_A357_PALMARES_01-01-2019_A_31-12-2019"", ""INMET_NE_PE_A301_RECIFE_01-01-2019_A_31-12-2019"", ""INMET_NE_PE_A341_CARUARU_01-01-2019_A_31-12-2019"", ""INMET_NE_PE_A328_SURUBIM_01-01-2019_A_31-12-2019"", ""INMET_NE_PE_A322_GARANHUNS_01-01-2019_A_31-12-2019"", ""INMET_NE_PE_A309_ARCO VERDE_01-01-2019_A_31-12-2019""], ""method"": ""IDW p=2; até 6 estações; raio máximo 300 km""}}","{""organization"": ""INMET"", ""dataset"": ""Dados Históricos Anuais - estações automáticas"", ""version"": ""2019"", ""retrieved_at"": ""2026-10-01"", ""reference_url"": ""https://portal.inmet.gov.br/uploads/dadoshistoricos/2019.zip"", ""method"": ""agregação anual observada por estação + IDW municipal em EPSG:31985; p=2; 3-6 estações; raio <=300 km; controle mínimo de completude"", ""verified"": true}"
2611903,2019,24.286110955481977,535.2330971249303,"{""temperatura_media_c"": {""n_estacoes"": 6, ""nearest_distance_km"": 38.54, ""max_distance_km"": 204.25, ""stations"": [""INMET_NE_PE_A357_PALMARES_01-01-2019_A_31-12-2019"", ""INMET_NE_PE_A301_RECIFE_01-01-2019_A_31-12-2019"", ""INMET_NE_PE_A341_CARUARU_01-01-2019_A_31-12-2019"", ""INMET_NE_PE_A328_SURUBIM_01-01-2019_A_31-12-2019"", ""INMET_NE_PE_A322_GARANHUNS_01-01-2019_A_31-12-2019"", ""INMET_NE_PE_A309_ARCO VERDE_01-01-2019_A_31-12-2019""], ""method"": ""IDW p=2; até 6 estações; raio máximo 300 km""}, ""precipitacao_anual_mm"": {""n_estacoes"": 6, ""nearest_distance_km"": 38.54, ""max_distance_km"": 204.25, ""stations"": [""INMET_NE_PE_A357_PALMARES_01-01-2019_A_31-12-2019"", ""INMET_NE_PE_A301_RECIFE_01-01-2019_A_31-12-2019"", ""INMET_NE_PE_A341_CARUARU_01-01-2019_A_31-12-2019"", ""INMET_NE_PE_A328_SURUBIM_01-01-2019_A_31-12-2019"", ""INMET_NE_PE_A322_GARANHUNS_01-01-2019_A_31-12-2019"", ""INMET_NE_PE_A309_ARCO VERDE_01-01-2019_A_31-12-2019""], ""method"": ""IDW p=2; até 6 estações; raio máximo 300 km""}}","{""organization"": ""INMET"", ""dataset"": ""Dados Históricos Anuais - estações automáticas"", ""version"": ""2019"", ""retrieved_at"": ""2026-10-01"", ""reference_url"": ""https://portal.inmet.gov.br/uploads/dadoshistoricos/2019.zip"", ""method"": ""agregação anual observada por estação + IDW municipal em EPSG:31985; p=2; 3-6 estações; raio <=300 km; controle mínimo de completude"", ""verified"": true}"
2612000,2019,23.2408920087897,428.7749914758454,"{""temperatura_media_c"": {""n_estacoes"": 6, ""nearest_distance_km"": 38.53, ""max_distance_km"": 151.9, ""stations"": [""INMET_NE_PE_A341_CARUARU_01-01-2019_A_31-12-2019"", ""INMET_NE_PE_A357_PALMARES_01-01-2019_A_31-12-2019"", ""INMET_NE_PE_A328_SURUBIM_01-01-2019_A_31-12-2019"", ""INMET_NE_PE_A301_RECIFE_01-01-2019_A_31-12-2019"", ""INMET_NE_PE_A322_GARANHUNS_01-01-2019_A_31-12-2019"", ""INMET_NE_PE_A309_ARCO VERDE_01-01-2019_A_31-12-2019""], ""method"": ""IDW p=2; até 6 estações; raio máximo 300 km""}, ""precipitacao_anual_mm"": {""n_estacoes"": 6, ""nearest_distance_km"": 38.53, ""max_distance_km"": 151.9, ""stations"": [""INMET_NE_PE_A341_CARUARU_01-01-2019_A_31-12-2019"", ""INMET_NE_PE_A357_PALMARES_01-01-2019_A_31-12-2019"", ""INMET_NE_PE_A328_SURUBIM_01-01-2019_A_31-12-2019"", ""INMET_NE_PE_A301_RECIFE_01-01-2019_A_31-12-2019"", ""INMET_NE_PE_A322_GARANHUNS_01-01-2019_A_31-12-2019"", ""INMET_NE_PE_A309_ARCO VERDE_01-01-2019_A_31-12-2019""], ""method"": ""IDW p=2; até 6 estações; raio máximo 300 km""}}","{""organization"": ""INMET"", ""dataset"": ""Dados Históricos Anuais - estações automáticas"", ""version"": ""2019"", ""retrieved_at"": ""2026-10-01"", ""reference_url"": ""https://portal.inmet.gov.br/uploads/dadoshistoricos/2019.zip"", ""method"": ""agregação anual observada por estação + IDW municipal em EPSG:31985; p=2; 3-6 estações; raio <=300 km; controle mínimo de completude"", ""verified"": true}"
2612109,2019,24.238242612323916,254.88128221741857,"{""temperatura_media_c"": {""n_estacoes"": 6, ""nearest_distance_km"": 24.39, ""max_distance_km"": 171.15, ""stations"": [""INMET_NE_PE_A328_SURUBIM_01-01-2019_A_31-12-2019"", ""INMET_NE_PE_A341_CARUARU_01-01-2019_A_31-12-2019"", ""INMET_NE_PE_A301_RECIFE_01-01-2019_A_31-12-2019"", ""INMET_NE_PE_A357_PALMARES_01-01-2019_A_31-12-2019"", ""INMET_NE_PE_A322_GARANHUNS_01-01-2019_A_31-12-2019"", ""INMET_NE_PE_A309_ARCO VERDE_01-01-2019_A_31-12-2019""], ""method"": ""IDW p=2; até 6 estações; raio máximo 300 km""}, ""precipitacao_anual_mm"": {""n_estacoes"": 6, ""nearest_distance_km"": 24.39, ""max_distance_km"": 171.15, ""stations"": [""INMET_NE_PE_A328_SURUBIM_01-01-2019_A_31-12-2019"", ""INMET_NE_PE_A341_CARUARU_01-01-2019_A_31-12-2019"", ""INMET_NE_PE_A301_RECIFE_01-01-2019_A_31-12-2019"", ""INMET_NE_PE_A357_PALMARES_01-01-2019_A_31-12-2019"", ""INMET_NE_PE_A322_GARANHUNS_01-01-2019_A_31-12-2019"", ""INMET_NE_PE_A309_ARCO VERDE_01-01-2019_A_31-12-2019""], ""method"": ""IDW p=2; até 6 estações; raio máximo 300 km""}}","{""organization"": ""INMET"", ""dataset"": ""Dados Históricos Anuais - estações automáticas"", ""version"": ""2019"", ""retrieved_at"": ""2026-10-01"", ""reference_url"": ""https://portal.inmet.gov.br/uploads/dadoshistoricos/2019.zip"", ""method"": ""agregação anual observada por estação + IDW municipal em EPSG:31985; p=2; 3-6 estações; raio <=300 km; controle mínimo de completude"", ""verified"": true}"
2612208,2019,27.307199617985166,512.8221200720071,"{""temperatura_media_c"": {""n_estacoes"": 6, ""nearest_distance_km"": 7.93, ""max_distance_km"": 158.17, ""stations"": [""INMET_NE_PE_A370_SALGUEIRO_01-01-2019_A_31-12-2019"", ""INMET_NE_PE_A329_CABROBO_01-01-2019_A_31-12-2019"", ""INMET_NE_PE_A351_FLORESTA_01-01-2019_A_31-12-2019"", ""INMET_NE_PE_A350_SERRA TALHADA_01-01-2019_A_31-12-2019"", ""INMET_NE_PE_A366_OURICURI_01-01-2019_A_31-12-2019"", ""INMET_NE_PE_A349_IBIMIRIM_01-01-2019_A_31-12-2019""], ""method"": ""IDW p=2; até 6 estações; raio máximo 300 km""}, ""precipitacao_anual_mm"": {""n_estacoes"": 6, ""nearest_distance_km"": 7.93, ""max_distance_km"": 158.17, ""stations"": [""INMET_NE_PE_A370_SALGUEIRO_01-01-2019_A_31-12-2019"", ""INMET_NE_PE_A329_CABROBO_01-01-2019_A_31-12-2019"", ""INMET_NE_PE_A351_FLORESTA_01-01-2019_A_31-12-2019"", ""INMET_NE_PE_A350_SERRA TALHADA_01-01-2019_A_31-12-2019"", ""INMET_NE_PE_A366_OURICURI_01-01-2019_A_31-12-2019"", ""INMET_NE_PE_A349_IBIMIRIM_01-01-2019_A_31-12-2019""], ""method"": ""IDW p=2; até 6 estações; raio máximo 300 km""}}","{""organization"": ""INMET"", ""dataset"": ""Dados Históricos Anuais - estações automáticas"", ""version"": ""2019"", ""retrieved_at"": ""2026-10-01"", ""reference_url"": ""https://portal.inmet.gov.br/uploads/dadoshistoricos/2019.zip"", ""method"": ""agregação anual observada por estação + IDW municipal em EPSG:31985; p=2; 3-6 estações; raio <=300 km; controle mínimo de completude"", ""verified"": true}"
2612307,2019,22.27038258216419,589.9891084977835,"{""temperatura_media_c"": {""n_estacoes"": 6, ""nearest_distance_km"": 28.49, ""max_distance_km"": 164.2, ""stations"": [""INMET_NE_PE_A322_GARANHUNS_01-01-2019_A_31-12-2019"", ""INMET_NE_PE_A309_ARCO VERDE_01-01-2019_A_31-12-2019"", ""INMET_NE_PE_A341_CARUARU_01-01-2019_A_31-12-2019"", ""INMET_NE_PE_A349_IBIMIRIM_01-01-2019_A_31-12-2019"", ""INMET_NE_PE_A357_PALMARES_01-01-2019_A_31-12-2019"", ""INMET_NE_PE_A328_SURUBIM_01-01-2019_A_31-12-2019""], ""method"": ""IDW p=2; até 6 estações; raio máximo 300 km""}, ""precipitacao_anual_mm"": {""n_estacoes"": 6, ""nearest_distance_km"": 28.49, ""max_distance_km"": 164.2, ""stations"": [""INMET_NE_PE_A322_GARANHUNS_01-01-2019_A_31-12-2019"", ""INMET_NE_PE_A309_ARCO VERDE_01-01-2019_A_31-12-2019"", ""INMET_NE_PE_A341_CARUARU_01-01-2019_A_31-12-2019"", ""INMET_NE_PE_A349_IBIMIRIM_01-01-2019_A_31-12-2019"", ""INMET_NE_PE_A357_PALMARES_01-01-2019_A_31-12-2019"", ""INMET_NE_PE_A328_SURUBIM_01-01-2019_A_31-12-2019""], ""method"": ""IDW p=2; até 6 estações; raio máximo 300 km""}}","{""organization"": ""INMET"", ""dataset"": ""Dados Históricos Anuais - estações automáticas"", ""version"": ""2019"", ""retrieved_at"": ""2026-10-01"", ""reference_url"": ""https://portal.inmet.gov.br/uploads/dadoshistoricos/2019.zip"", ""method"": ""agregação anual observada por estação + IDW municipal em EPSG:31985; p=2; 3-6 estações; raio <=300 km; controle mínimo de completude"", ""verified"": true}"
2612406,2019,22.859255053156083,445.6260533238737,"{""temperatura_media_c"": {""n_estacoes"": 6, ""nearest_distance_km"": 56.33, ""max_distance_km"": 129.24, ""stations"": [""INMET_NE_PE_A309_ARCO VERDE_01-01-2019_A_31-12-2019"", ""INMET_NE_PE_A341_CARUARU_01-01-2019_A_31-12-2019"", ""INMET_NE_PE_A322_GARANHUNS_01-01-2019_A_31-12-2019"", ""INMET_NE_PE_A328_SURUBIM_01-01-2019_A_31-12-2019"", ""INMET_NE_PE_A357_PALMARES_01-01-2019_A_31-12-2019"", ""INMET_NE_PE_A349_IBIMIRIM_01-01-2019_A_31-12-2019""], ""method"": ""IDW p=2; até 6 estações; raio máximo 300 km""}, ""precipitacao_anual_mm"": {""n_estacoes"": 6, ""nearest_distance_km"": 56.33, ""max_distance_km"": 129.24, ""stations"": [""INMET_NE_PE_A309_ARCO VERDE_01-01-2019_A_31-12-2019"", ""INMET_NE_PE_A341_CARUARU_01-01-2019_A_31-12-2019"", ""INMET_NE_PE_A322_GARANHUNS_01-01-2019_A_31-12-2019"", ""INMET_NE_PE_A328_SURUBIM_01-01-2019_A_31-12-2019"", ""INMET_NE_PE_A357_PALMARES_01-01-2019_A_31-12-2019"", ""INMET_NE_PE_A349_IBIMIRIM_01-01-2019_A_31-12-2019""], ""method"": ""IDW p=2; até 6 estações; raio máximo 300 km""}}","{""organization"": ""INMET"", ""dataset"": ""Dados Históricos Anuais - estações automáticas"", ""version"": ""2019"", ""retrieved_at"": ""2026-10-01"", ""reference_url"": ""https://portal.inmet.gov.br/uploads/dadoshistoricos/2019.zip"", ""method"": ""agregação anual observada por estação + IDW municipal em EPSG:31985; p=2; 3-6 estações; raio <=300 km; controle mínimo de completude"", ""verified"": true}"
2612455,2019,26.994147739473814,248.78737995900747,"{""temperatura_media_c"": {""n_estacoes"": 6, ""nearest_distance_km"": 50.31, ""max_distance_km"": 225.6, ""stations"": [""INMET_NE_PE_A366_OURICURI_01-01-2019_A_31-12-2019"", ""INMET_NE_PE_A329_CABROBO_01-01-2019_A_31-12-2019"", ""INMET_NE_PE_A307_PETROLINA_01-01-2019_A_31-12-2019"", ""INMET_NE_PE_A370_SALGUEIRO_01-01-2019_A_31-12-2019"", ""INMET_NE_PE_A351_FLORESTA_01-01-2019_A_31-12-2019"", ""INMET_NE_PE_A350_SERRA TALHADA_01-01-2019_A_31-12-2019""], ""method"": ""IDW p=2; até 6 estações; raio máximo 300 km""}, ""precipitacao_anual_mm"": {""n_estacoes"": 6, ""nearest_distance_km"": 50.31, ""max_distance_km"": 225.6, ""stations"": [""INMET_NE_PE_A366_OURICURI_01-01-2019_A_31-12-2019"", ""INMET_NE_PE_A329_CABROBO_01-01-2019_A_31-12-2019"", ""INMET_NE_PE_A307_PETROLINA_01-01-2019_A_31-12-2019"", ""INMET_NE_PE_A370_SALGUEIRO_01-01-2019_A_31-12-2019"", ""INMET_NE_PE_A351_FLORESTA_01-01-2019_A_31-12-2019"", ""INMET_NE_PE_A350_SERRA TALHADA_01-01-2019_A_31-12-2019""], ""method"": ""IDW p=2; até 6 estações; raio máximo 300 km""}}","{""organization"": ""INMET"", ""dataset"": ""Dados Históricos Anuais - estações automáticas"", ""version"": ""2019"", ""retrieved_at"": ""2026-10-01"", ""reference_url"": ""https://portal.inmet.gov.br/uploads/dadoshistoricos/2019.zip"", ""method"": ""agregação anual observada por estação + IDW municipal em EPSG:31985; p=2; 3-6 estações; raio <=300 km; controle mínimo de completude"", ""verified"": true}"
2612471,2019,26.276339087639304,643.1540766974442,"{""temperatura_media_c"": {""n_estacoes"": 6, ""nearest_distance_km"": 17.6, ""max_distance_km"": 145.61, ""stations"": [""INMET_NE_PE_A350_SERRA TALHADA_01-01-2019_A_31-12-2019"", ""INMET_NE_PE_A349_IBIMIRIM_01-01-2019_A_31-12-2019"", ""INMET_NE_PE_A351_FLORESTA_01-01-2019_A_31-12-2019"", ""INMET_NE_PE_A370_SALGUEIRO_01-01-2019_A_31-12-2019"", ""INMET_NE_PE_A309_ARCO VERDE_01-01-2019_A_31-12-2019"", ""INMET_NE_PE_A329_CABROBO_01-01-2019_A_31-12-2019""], ""method"": ""IDW p=2; até 6 estações; raio máximo 300 km""}, ""precipitacao_anual_mm"": {""n_estacoes"": 6, ""nearest_distance_km"": 17.6, ""max_distance_km"": 145.61, ""stations"": [""INMET_NE_PE_A350_SERRA TALHADA_01-01-2019_A_31-12-2019"", ""INMET_NE_PE_A349_IBIMIRIM_01-01-2019_A_31-12-2019"", ""INMET_NE_PE_A351_FLORESTA_01-01-2019_A_31-12-2019"", ""INMET_NE_PE_A370_SALGUEIRO_01-01-2019_A_31-12-2019"", ""INMET_NE_PE_A309_ARCO VERDE_01-01-2019_A_31-12-2019"", ""INMET_NE_PE_A329_CABROBO_01-01-2019_A_31-12-2019""], ""method"": ""IDW p=2; até 6 estações; raio máximo 300 km""}}","{""organization"": ""INMET"", ""dataset"": ""Dados Históricos Anuais - estações automáticas"", ""version"": ""2019"", ""retrieved_at"": ""2026-10-01"", ""reference_url"": ""https://portal.inmet.gov.br/uploads/dadoshistoricos/2019.zip"", ""method"": ""agregação anual observada por estação + IDW municipal em EPSG:31985; p=2; 3-6 estações; raio <=300 km; controle mínimo de completude"", ""verified"": true}"
2612505,2019,23.20208050134299,389.0380020211781,"{""temperatura_media_c"": {""n_estacoes"": 6, ""nearest_distance_km"": 58.13, ""max_distance_km"": 151.88, ""stations"": [""INMET_NE_PE_A328_SURUBIM_01-01-2019_A_31-12-2019"", ""INMET_NE_PE_A341_CARUARU_01-01-2019_A_31-12-2019"", ""INMET_NE_PE_A309_ARCO VERDE_01-01-2019_A_31-12-2019"", ""INMET_NE_PE_A322_GARANHUNS_01-01-2019_A_31-12-2019"", ""INMET_NE_PE_A357_PALMARES_01-01-2019_A_31-12-2019"", ""INMET_NE_PE_A301_RECIFE_01-01-2019_A_31-12-2019""], ""method"": ""IDW p=2; até 6 estações; raio máximo 300 km""}, ""precipitacao_anual_mm"": {""n_estacoes"": 6, ""nearest_distance_km"": 58.13, ""max_distance_km"": 151.88, ""stations"": [""INMET_NE_PE_A328_SURUBIM_01-01-2019_A_31-12-2019"", ""INMET_NE_PE_A341_CARUARU_01-01-2019_A_31-12-2019"", ""INMET_NE_PE_A309_ARCO VERDE_01-01-2019_A_31-12-2019"", ""INMET_NE_PE_A322_GARANHUNS_01-01-2019_A_31-12-2019"", ""INMET_NE_PE_A357_PALMARES_01-01-2019_A_31-12-2019"", ""INMET_NE_PE_A301_RECIFE_01-01-2019_A_31-12-2019""], ""method"": ""IDW p=2; até 6 estações; raio máximo 300 km""}}","{""organization"": ""INMET"", ""dataset"": ""Dados Históricos Anuais - estações automáticas"", ""version"": ""2019"", ""retrieved_at"": ""2026-10-01"", ""reference_url"": ""https://portal.inmet.gov.br/uploads/dadoshistoricos/2019.zip"", ""method"": ""agregação anual observada por estação + IDW municipal em EPSG:31985; p=2; 3-6 estações; raio <=300 km; controle mínimo de completude"", ""verified"": true}"
2612554,2019,27.0289155089988,255.65020868790577,"{""temperatura_media_c"": {""n_estacoes"": 6, ""nearest_distance_km"": 64.26, ""max_distance_km"": 254.16, ""stations"": [""INMET_NE_PE_A366_OURICURI_01-01-2019_A_31-12-2019"", ""INMET_NE_PE_A307_PETROLINA_01-01-2019_A_31-12-2019"", ""INMET_NE_PE_A329_CABROBO_01-01-2019_A_31-12-2019"", ""INMET_NE_PE_A370_SALGUEIRO_01-01-2019_A_31-12-2019"", ""INMET_NE_PE_A351_FLORESTA_01-01-2019_A_31-12-2019"", ""INMET_NE_PE_A350_SERRA TALHADA_01-01-2019_A_31-12-2019""], ""method"": ""IDW p=2; até 6 estações; raio máximo 300 km""}, ""precipitacao_anual_mm"": {""n_estacoes"": 6, ""nearest_distance_km"": 64.26, ""max_distance_km"": 254.16, ""stations"": [""INMET_NE_PE_A366_OURICURI_01-01-2019_A_31-12-2019"", ""INMET_NE_PE_A307_PETROLINA_01-01-2019_A_31-12-2019"", ""INMET_NE_PE_A329_CABROBO_01-01-2019_A_31-12-2019"", ""INMET_NE_PE_A370_SALGUEIRO_01-01-2019_A_31-12-2019"", ""INMET_NE_PE_A351_FLORESTA_01-01-2019_A_31-12-2019"", ""INMET_NE_PE_A350_SERRA TALHADA_01-01-2019_A_31-12-2019""], ""method"": ""IDW p=2; até 6 estações; raio máximo 300 km""}}","{""organization"": ""INMET"", ""dataset"": ""Dados Históricos Anuais - estações automáticas"", ""version"": ""2019"", ""retrieved_at"": ""2026-10-01"", ""reference_url"": ""https://portal.inmet.gov.br/uploads/dadoshistoricos/2019.zip"", ""method"": ""agregação anual observada por estação + IDW municipal em EPSG:31985; p=2; 3-6 estações; raio <=300 km; controle mínimo de completude"", ""verified"": true}"
2612604,2019,27.26350523318812,316.50860602129575,"{""temperatura_media_c"": {""n_estacoes"": 6, ""nearest_distance_km"": 67.82, ""max_distance_km"": 194.41, ""stations"": [""INMET_NE_PE_A329_CABROBO_01-01-2019_A_31-12-2019"", ""INMET_NE_PE_A366_OURICURI_01-01-2019_A_31-12-2019"", ""INMET_NE_PE_A307_PETROLINA_01-01-2019_A_31-12-2019"", ""INMET_NE_PE_A370_SALGUEIRO_01-01-2019_A_31-12-2019"", ""INMET_NE_PE_A351_FLORESTA_01-01-2019_A_31-12-2019"", ""INMET_NE_PE_A350_SERRA TALHADA_01-01-2019_A_31-12-2019""], ""method"": ""IDW p=2; até 6 estações; raio máximo 300 km""}, ""precipitacao_anual_mm"": {""n_estacoes"": 6, ""nearest_distance_km"": 67.82, ""max_distance_km"": 194.41, ""stations"": [""INMET_NE_PE_A329_CABROBO_01-01-2019_A_31-12-2019"", ""INMET_NE_PE_A366_OURICURI_01-01-2019_A_31-12-2019"", ""INMET_NE_PE_A307_PETROLINA_01-01-2019_A_31-12-2019"", ""INMET_NE_PE_A370_SALGUEIRO_01-01-2019_A_31-12-2019"", ""INMET_NE_PE_A351_FLORESTA_01-01-2019_A_31-12-2019"", ""INMET_NE_PE_A350_SERRA TALHADA_01-01-2019_A_31-12-2019""], ""method"": ""IDW p=2; até 6 estações; raio máximo 300 km""}}","{""organization"": ""INMET"", ""dataset"": ""Dados Históricos Anuais - estações automáticas"", ""version"": ""2019"", ""retrieved_at"": ""2026-10-01"", ""reference_url"": ""https://portal.inmet.gov.br/uploads/dadoshistoricos/2019.zip"", ""method"": ""agregação anual observada por estação + IDW municipal em EPSG:31985; p=2; 3-6 estações; raio <=300 km; controle mínimo de completude"", ""verified"": true}"
2612703,2019,24.409145755462255,37.16487594719667,"{""temperatura_media_c"": {""n_estacoes"": 6, ""nearest_distance_km"": 9.18, ""max_distance_km"": 145.92, ""stations"": [""INMET_NE_PE_A328_SURUBIM_01-01-2019_A_31-12-2019"", ""INMET_NE_PE_A341_CARUARU_01-01-2019_A_31-12-2019"", ""INMET_NE_PE_A357_PALMARES_01-01-2019_A_31-12-2019"", ""INMET_NE_PE_A301_RECIFE_01-01-2019_A_31-12-2019"", ""INMET_NE_PE_A322_GARANHUNS_01-01-2019_A_31-12-2019"", ""INMET_NE_PE_A309_ARCO VERDE_01-01-2019_A_31-12-2019""], ""method"": ""IDW p=2; até 6 estações; raio máximo 300 km""}, ""precipitacao_anual_mm"": {""n_estacoes"": 6, ""nearest_distance_km"": 9.18, ""max_distance_km"": 145.92, ""stations"": [""INMET_NE_PE_A328_SURUBIM_01-01-2019_A_31-12-2019"", ""INMET_NE_PE_A341_CARUARU_01-01-2019_A_31-12-2019"", ""INMET_NE_PE_A357_PALMARES_01-01-2019_A_31-12-2019"", ""INMET_NE_PE_A301_RECIFE_01-01-2019_A_31-12-2019"", ""INMET_NE_PE_A322_GARANHUNS_01-01-2019_A_31-12-2019"", ""INMET_NE_PE_A309_ARCO VERDE_01-01-2019_A_31-12-2019""], ""method"": ""IDW p=2; até 6 estações; raio máximo 300 km""}}","{""organization"": ""INMET"", ""dataset"": ""Dados Históricos Anuais - estações automáticas"", ""version"": ""2019"", ""retrieved_at"": ""2026-10-01"", ""reference_url"": ""https://portal.inmet.gov.br/uploads/dadoshistoricos/2019.zip"", ""method"": ""agregação anual observada por estação + IDW municipal em EPSG:31985; p=2; 3-6 estações; raio <=300 km; controle mínimo de completude"", ""verified"": true}"
2612802,2019,25.22700013630058,404.64171001718074,"{""temperatura_media_c"": {""n_estacoes"": 6, ""nearest_distance_km"": 111.39, ""max_distance_km"": 186.87, ""stations"": [""INMET_NE_PE_A350_SERRA TALHADA_01-01-2019_A_31-12-2019"", ""INMET_NE_PE_A309_ARCO VERDE_01-01-2019_A_31-12-2019"", ""INMET_NE_PE_A349_IBIMIRIM_01-01-2019_A_31-12-2019"", ""INMET_NE_PE_A351_FLORESTA_01-01-2019_A_31-12-2019"", ""INMET_NE_PE_A328_SURUBIM_01-01-2019_A_31-12-2019"", ""INMET_NE_PE_A341_CARUARU_01-01-2019_A_31-12-2019""], ""method"": ""IDW p=2; até 6 estações; raio máximo 300 km""}, ""precipitacao_anual_mm"": {""n_estacoes"": 6, ""nearest_distance_km"": 111.39, ""max_distance_km"": 186.87, ""stations"": [""INMET_NE_PE_A350_SERRA TALHADA_01-01-2019_A_31-12-2019"", ""INMET_NE_PE_A309_ARCO VERDE_01-01-2019_A_31-12-2019"", ""INMET_NE_PE_A349_IBIMIRIM_01-01-2019_A_31-12-2019"", ""INMET_NE_PE_A351_FLORESTA_01-01-2019_A_31-12-2019"", ""INMET_NE_PE_A328_SURUBIM_01-01-2019_A_31-12-2019"", ""INMET_NE_PE_A341_CARUARU_01-01-2019_A_31-12-2019""], ""method"": ""IDW p=2; até 6 estações; raio máximo 300 km""}}","{""organization"": ""INMET"", ""dataset"": ""Dados Históricos Anuais - estações automáticas"", ""version"": ""2019"", ""retrieved_at"": ""2026-10-01"", ""reference_url"": ""https://portal.inmet.gov.br/uploads/dadoshistoricos/2019.zip"", ""method"": ""agregação anual observada por estação + IDW municipal em EPSG:31985; p=2; 3-6 estações; raio <=300 km; controle mínimo de completude"", ""verified"": true}"
2612901,2019,23.16441014568445,418.26599640090393,"{""temperatura_media_c"": {""n_estacoes"": 6, ""nearest_distance_km"": 40.49, ""max_distance_km"": 133.36, ""stations"": [""INMET_NE_PE_A357_PALMARES_01-01-2019_A_31-12-2019"", ""INMET_NE_PE_A341_CARUARU_01-01-2019_A_31-12-2019"", ""INMET_NE_PE_A322_GARANHUNS_01-01-2019_A_31-12-2019"", ""INMET_NE_PE_A328_SURUBIM_01-01-2019_A_31-12-2019"", ""INMET_NE_PE_A309_ARCO VERDE_01-01-2019_A_31-12-2019"", ""INMET_NE_PE_A301_RECIFE_01-01-2019_A_31-12-2019""], ""method"": ""IDW p=2; até 6 estações; raio máximo 300 km""}, ""precipitacao_anual_mm"": {""n_estacoes"": 6, ""nearest_distance_km"": 40.49, ""max_distance_km"": 133.36, ""stations"": [""INMET_NE_PE_A357_PALMARES_01-01-2019_A_31-12-2019"", ""INMET_NE_PE_A341_CARUARU_01-01-2019_A_31-12-2019"", ""INMET_NE_PE_A322_GARANHUNS_01-01-2019_A_31-12-2019"", ""INMET_NE_PE_A328_SURUBIM_01-01-2019_A_31-12-2019"", ""INMET_NE_PE_A309_ARCO VERDE_01-01-2019_A_31-12-2019"", ""INMET_NE_PE_A301_RECIFE_01-01-2019_A_31-12-2019""], ""method"": ""IDW p=2; até 6 estações; raio máximo 300 km""}}","{""organization"": ""INMET"", ""dataset"": ""Dados Históricos Anuais - estações automáticas"", ""version"": ""2019"", ""retrieved_at"": ""2026-10-01"", ""reference_url"": ""https://portal.inmet.gov.br/uploads/dadoshistoricos/2019.zip"", ""method"": ""agregação anual observada por estação + IDW municipal em EPSG:31985; p=2; 3-6 estações; raio <=300 km; controle mínimo de completude"", ""verified"": true}"
2613008,2019,22.419154854938547,495.3443584070926,"{""temperatura_media_c"": {""n_estacoes"": 6, ""nearest_distance_km"": 41.8, ""max_distance_km"": 139.16, ""stations"": [""INMET_NE_PE_A322_GARANHUNS_01-01-2019_A_31-12-2019"", ""INMET_NE_PE_A341_CARUARU_01-01-2019_A_31-12-2019"", ""INMET_NE_PE_A309_ARCO VERDE_01-01-2019_A_31-12-2019"", ""INMET_NE_PE_A357_PALMARES_01-01-2019_A_31-12-2019"", ""INMET_NE_PE_A328_SURUBIM_01-01-2019_A_31-12-2019"", ""INMET_NE_PE_A349_IBIMIRIM_01-01-2019_A_31-12-2019""], ""method"": ""IDW p=2; até 6 estações; raio máximo 300 km""}, ""precipitacao_anual_mm"": {""n_estacoes"": 6, ""nearest_distance_km"": 41.8, ""max_distance_km"": 139.16, ""stations"": [""INMET_NE_PE_A322_GARANHUNS_01-01-2019_A_31-12-2019"", ""INMET_NE_PE_A341_CARUARU_01-01-2019_A_31-12-2019"", ""INMET_NE_PE_A309_ARCO VERDE_01-01-2019_A_31-12-2019"", ""INMET_NE_PE_A357_PALMARES_01-01-2019_A_31-12-2019"", ""INMET_NE_PE_A328_SURUBIM_01-01-2019_A_31-12-2019"", ""INMET_NE_PE_A349_IBIMIRIM_01-01-2019_A_31-12-2019""], ""method"": ""IDW p=2; até 6 estações; raio máximo 300 km""}}","{""organization"": ""INMET"", ""dataset"": ""Dados Históricos Anuais - estações automáticas"", ""version"": ""2019"", ""retrieved_at"": ""2026-10-01"", ""reference_url"": ""https://portal.inmet.gov.br/uploads/dadoshistoricos/2019.zip"", ""method"": ""agregação anual observada por estação + IDW municipal em EPSG:31985; p=2; 3-6 estações; raio <=300 km; controle mínimo de completude"", ""verified"": true}"
2613107,2019,21.425372499432715,479.15343984338455,"{""temperatura_media_c"": {""n_estacoes"": 6, ""nearest_distance_km"": 13.8, ""max_distance_km"": 134.42, ""stations"": [""INMET_NE_PE_A341_CARUARU_01-01-2019_A_31-12-2019"", ""INMET_NE_PE_A328_SURUBIM_01-01-2019_A_31-12-2019"", ""INMET_NE_PE_A357_PALMARES_01-01-2019_A_31-12-2019"", ""INMET_NE_PE_A322_GARANHUNS_01-01-2019_A_31-12-2019"", ""INMET_NE_PE_A309_ARCO VERDE_01-01-2019_A_31-12-2019"", ""INMET_NE_PE_A301_RECIFE_01-01-2019_A_31-12-2019""], ""method"": ""IDW p=2; até 6 estações; raio máximo 300 km""}, ""precipitacao_anual_mm"": {""n_estacoes"": 6, ""nearest_distance_km"": 13.8, ""max_distance_km"": 134.42, ""stations"": [""INMET_NE_PE_A341_CARUARU_01-01-2019_A_31-12-2019"", ""INMET_NE_PE_A328_SURUBIM_01-01-2019_A_31-12-2019"", ""INMET_NE_PE_A357_PALMARES_01-01-2019_A_31-12-2019"", ""INMET_NE_PE_A322_GARANHUNS_01-01-2019_A_31-12-2019"", ""INMET_NE_PE_A309_ARCO VERDE_01-01-2019_A_31-12-2019"", ""INMET_NE_PE_A301_RECIFE_01-01-2019_A_31-12-2019""], ""method"": ""IDW p=2; até 6 estações; raio máximo 300 km""}}","{""organization"": ""INMET"", ""dataset"": ""Dados Históricos Anuais - estações automáticas"", ""version"": ""2019"", ""retrieved_at"": ""2026-10-01"", ""reference_url"": ""https://portal.inmet.gov.br/uploads/dadoshistoricos/2019.zip"", ""method"": ""agregação anual observada por estação + IDW municipal em EPSG:31985; p=2; 3-6 estações; raio <=300 km; controle mínimo de completude"", ""verified"": true}"
2613206,2019,21.814468361412978,648.7741416128736,"{""temperatura_media_c"": {""n_estacoes"": 6, ""nearest_distance_km"": 13.21, ""max_distance_km"": 152.74, ""stations"": [""INMET_NE_PE_A322_GARANHUNS_01-01-2019_A_31-12-2019"", ""INMET_NE_PE_A341_CARUARU_01-01-2019_A_31-12-2019"", ""INMET_NE_PE_A309_ARCO VERDE_01-01-2019_A_31-12-2019"", ""INMET_NE_PE_A357_PALMARES_01-01-2019_A_31-12-2019"", ""INMET_NE_PE_A328_SURUBIM_01-01-2019_A_31-12-2019"", ""INMET_NE_PE_A349_IBIMIRIM_01-01-2019_A_31-12-2019""], ""method"": ""IDW p=2; até 6 estações; raio máximo 300 km""}, ""precipitacao_anual_mm"": {""n_estacoes"": 6, ""nearest_distance_km"": 13.21, ""max_distance_km"": 152.74, ""stations"": [""INMET_NE_PE_A322_GARANHUNS_01-01-2019_A_31-12-2019"", ""INMET_NE_PE_A341_CARUARU_01-01-2019_A_31-12-2019"", ""INMET_NE_PE_A309_ARCO VERDE_01-01-2019_A_31-12-2019"", ""INMET_NE_PE_A357_PALMARES_01-01-2019_A_31-12-2019"", ""INMET_NE_PE_A328_SURUBIM_01-01-2019_A_31-12-2019"", ""INMET_NE_PE_A349_IBIMIRIM_01-01-2019_A_31-12-2019""], ""method"": ""IDW p=2; até 6 estações; raio máximo 300 km""}}","{""organization"": ""INMET"", ""dataset"": ""Dados Históricos Anuais - estações automáticas"", ""version"": ""2019"", ""retrieved_at"": ""2026-10-01"", ""reference_url"": ""https://portal.inmet.gov.br/uploads/dadoshistoricos/2019.zip"", ""method"": ""agregação anual observada por estação + IDW municipal em EPSG:31985; p=2; 3-6 estações; raio <=300 km; controle mínimo de completude"", ""verified"": true}"
2613305,2019,22.28993428658044,437.89830029425264,"{""temperatura_media_c"": {""n_estacoes"": 6, ""nearest_distance_km"": 22.75, ""max_distance_km"": 133.76, ""stations"": [""INMET_NE_PE_A341_CARUARU_01-01-2019_A_31-12-2019"", ""INMET_NE_PE_A357_PALMARES_01-01-2019_A_31-12-2019"", ""INMET_NE_PE_A328_SURUBIM_01-01-2019_A_31-12-2019"", ""INMET_NE_PE_A322_GARANHUNS_01-01-2019_A_31-12-2019"", ""INMET_NE_PE_A301_RECIFE_01-01-2019_A_31-12-2019"", ""INMET_NE_PE_A309_ARCO VERDE_01-01-2019_A_31-12-2019""], ""method"": ""IDW p=2; até 6 estações; raio máximo 300 km""}, ""precipitacao_anual_mm"": {""n_estacoes"": 6, ""nearest_distance_km"": 22.75, ""max_distance_km"": 133.76, ""stations"": [""INMET_NE_PE_A341_CARUARU_01-01-2019_A_31-12-2019"", ""INMET_NE_PE_A357_PALMARES_01-01-2019_A_31-12-2019"", ""INMET_NE_PE_A328_SURUBIM_01-01-2019_A_31-12-2019"", ""INMET_NE_PE_A322_GARANHUNS_01-01-2019_A_31-12-2019"", ""INMET_NE_PE_A301_RECIFE_01-01-2019_A_31-12-2019"", ""INMET_NE_PE_A309_ARCO VERDE_01-01-2019_A_31-12-2019""], ""method"": ""IDW p=2; até 6 estações; raio máximo 300 km""}}","{""organization"": ""INMET"", ""dataset"": ""Dados Históricos Anuais - estações automáticas"", ""version"": ""2019"", ""retrieved_at"": ""2026-10-01"", ""reference_url"": ""https://portal.inmet.gov.br/uploads/dadoshistoricos/2019.zip"", ""method"": ""agregação anual observada por estação + IDW municipal em EPSG:31985; p=2; 3-6 estações; raio <=300 km; controle mínimo de completude"", ""verified"": true}"
2613404,2019,24.16586194669065,525.4010357552839,"{""temperatura_media_c"": {""n_estacoes"": 6, ""nearest_distance_km"": 47.54, ""max_distance_km"": 211.55, ""stations"": [""INMET_NE_PE_A357_PALMARES_01-01-2019_A_31-12-2019"", ""INMET_NE_PE_A301_RECIFE_01-01-2019_A_31-12-2019"", ""INMET_NE_PE_A341_CARUARU_01-01-2019_A_31-12-2019"", ""INMET_NE_PE_A328_SURUBIM_01-01-2019_A_31-12-2019"", ""INMET_NE_PE_A322_GARANHUNS_01-01-2019_A_31-12-2019"", ""INMET_NE_PE_A309_ARCO VERDE_01-01-2019_A_31-12-2019""], ""method"": ""IDW p=2; até 6 estações; raio máximo 300 km""}, ""precipitacao_anual_mm"": {""n_estacoes"": 6, ""nearest_distance_km"": 47.54, ""max_distance_km"": 211.55, ""stations"": [""INMET_NE_PE_A357_PALMARES_01-01-2019_A_31-12-2019"", ""INMET_NE_PE_A301_RECIFE_01-01-2019_A_31-12-2019"", ""INMET_NE_PE_A341_CARUARU_01-01-2019_A_31-12-2019"", ""INMET_NE_PE_A328_SURUBIM_01-01-2019_A_31-12-2019"", ""INMET_NE_PE_A322_GARANHUNS_01-01-2019_A_31-12-2019"", ""INMET_NE_PE_A309_ARCO VERDE_01-01-2019_A_31-12-2019""], ""method"": ""IDW p=2; até 6 estações; raio máximo 300 km""}}","{""organization"": ""INMET"", ""dataset"": ""Dados Históricos Anuais - estações automáticas"", ""version"": ""2019"", ""retrieved_at"": ""2026-10-01"", ""reference_url"": ""https://portal.inmet.gov.br/uploads/dadoshistoricos/2019.zip"", ""method"": ""agregação anual observada por estação + IDW municipal em EPSG:31985; p=2; 3-6 estações; raio <=300 km; controle mínimo de completude"", ""verified"": true}"
2613503,2019,26.944218165675633,505.00080663502047,"{""temperatura_media_c"": {""n_estacoes"": 6, ""nearest_distance_km"": 44.32, ""max_distance_km"": 150.54, ""stations"": [""INMET_NE_PE_A370_SALGUEIRO_01-01-2019_A_31-12-2019"", ""INMET_NE_PE_A350_SERRA TALHADA_01-01-2019_A_31-12-2019"", ""INMET_NE_PE_A351_FLORESTA_01-01-2019_A_31-12-2019"", ""INMET_NE_PE_A329_CABROBO_01-01-2019_A_31-12-2019"", ""INMET_NE_PE_A349_IBIMIRIM_01-01-2019_A_31-12-2019"", ""INMET_NE_PE_A366_OURICURI_01-01-2019_A_31-12-2019""], ""method"": ""IDW p=2; até 6 estações; raio máximo 300 km""}, ""precipitacao_anual_mm"": {""n_estacoes"": 6, ""nearest_distance_km"": 44.32, ""max_distance_km"": 150.54, ""stations"": [""INMET_NE_PE_A370_SALGUEIRO_01-01-2019_A_31-12-2019"", ""INMET_NE_PE_A350_SERRA TALHADA_01-01-2019_A_31-12-2019"", ""INMET_NE_PE_A351_FLORESTA_01-01-2019_A_31-12-2019"", ""INMET_NE_PE_A329_CABROBO_01-01-2019_A_31-12-2019"", ""INMET_NE_PE_A349_IBIMIRIM_01-01-2019_A_31-12-2019"", ""INMET_NE_PE_A366_OURICURI_01-01-2019_A_31-12-2019""], ""method"": ""IDW p=2; até 6 estações; raio máximo 300 km""}}","{""organization"": ""INMET"", ""dataset"": ""Dados Históricos Anuais - estações automáticas"", ""version"": ""2019"", ""retrieved_at"": ""2026-10-01"", ""reference_url"": ""https://portal.inmet.gov.br/uploads/dadoshistoricos/2019.zip"", ""method"": ""agregação anual observada por estação + IDW municipal em EPSG:31985; p=2; 3-6 estações; raio <=300 km; controle mínimo de completude"", ""verified"": true}"
2613602,2019,24.4662697142711,417.3241904579619,"{""temperatura_media_c"": {""n_estacoes"": 6, ""nearest_distance_km"": 103.42, ""max_distance_km"": 175.94, ""stations"": [""INMET_NE_PE_A309_ARCO VERDE_01-01-2019_A_31-12-2019"", ""INMET_NE_PE_A349_IBIMIRIM_01-01-2019_A_31-12-2019"", ""INMET_NE_PE_A350_SERRA TALHADA_01-01-2019_A_31-12-2019"", ""INMET_NE_PE_A341_CARUARU_01-01-2019_A_31-12-2019"", ""INMET_NE_PE_A328_SURUBIM_01-01-2019_A_31-12-2019"", ""INMET_NE_PE_A322_GARANHUNS_01-01-2019_A_31-12-2019""], ""method"": ""IDW p=2; até 6 estações; raio máximo 300 km""}, ""precipitacao_anual_mm"": {""n_estacoes"": 6, ""nearest_distance_km"": 103.42, ""max_distance_km"": 175.94, ""stations"": [""INMET_NE_PE_A309_ARCO VERDE_01-01-2019_A_31-12-2019"", ""INMET_NE_PE_A349_IBIMIRIM_01-01-2019_A_31-12-2019"", ""INMET_NE_PE_A350_SERRA TALHADA_01-01-2019_A_31-12-2019"", ""INMET_NE_PE_A341_CARUARU_01-01-2019_A_31-12-2019"", ""INMET_NE_PE_A328_SURUBIM_01-01-2019_A_31-12-2019"", ""INMET_NE_PE_A322_GARANHUNS_01-01-2019_A_31-12-2019""], ""method"": ""IDW p=2; até 6 estações; raio máximo 300 km""}}","{""organization"": ""INMET"", ""dataset"": ""Dados Históricos Anuais - estações automáticas"", ""version"": ""2019"", ""retrieved_at"": ""2026-10-01"", ""reference_url"": ""https://portal.inmet.gov.br/uploads/dadoshistoricos/2019.zip"", ""method"": ""agregação anual observada por estação + IDW municipal em EPSG:31985; p=2; 3-6 estações; raio <=300 km; controle mínimo de completude"", ""verified"": true}"
2613701,2019,25.71287366399545,1890.2655843624934,"{""temperatura_media_c"": {""n_estacoes"": 6, ""nearest_distance_km"": 16.46, ""max_distance_km"": 219.98, ""stations"": [""INMET_NE_PE_A301_RECIFE_01-01-2019_A_31-12-2019"", ""INMET_NE_PE_A328_SURUBIM_01-01-2019_A_31-12-2019"", ""INMET_NE_PE_A357_PALMARES_01-01-2019_A_31-12-2019"", ""INMET_NE_PE_A341_CARUARU_01-01-2019_A_31-12-2019"", ""INMET_NE_PE_A322_GARANHUNS_01-01-2019_A_31-12-2019"", ""INMET_NE_PE_A309_ARCO VERDE_01-01-2019_A_31-12-2019""], ""method"": ""IDW p=2; até 6 estações; raio máximo 300 km""}, ""precipitacao_anual_mm"": {""n_estacoes"": 6, ""nearest_distance_km"": 16.46, ""max_distance_km"": 219.98, ""stations"": [""INMET_NE_PE_A301_RECIFE_01-01-2019_A_31-12-2019"", ""INMET_NE_PE_A328_SURUBIM_01-01-2019_A_31-12-2019"", ""INMET_NE_PE_A357_PALMARES_01-01-2019_A_31-12-2019"", ""INMET_NE_PE_A341_CARUARU_01-01-2019_A_31-12-2019"", ""INMET_NE_PE_A322_GARANHUNS_01-01-2019_A_31-12-2019"", ""INMET_NE_PE_A309_ARCO VERDE_01-01-2019_A_31-12-2019""], ""method"": ""IDW p=2; até 6 estações; raio máximo 300 km""}}","{""organization"": ""INMET"", ""dataset"": ""Dados Históricos Anuais - estações automáticas"", ""version"": ""2019"", ""retrieved_at"": ""2026-10-01"", ""reference_url"": ""https://portal.inmet.gov.br/uploads/dadoshistoricos/2019.zip"", ""method"": ""agregação anual observada por estação + IDW municipal em EPSG:31985; p=2; 3-6 estações; raio <=300 km; controle mínimo de completude"", ""verified"": true}"
2613800,2019,24.302983580408235,477.1328767388336,"{""temperatura_media_c"": {""n_estacoes"": 6, ""nearest_distance_km"": 42.99, ""max_distance_km"": 195.58, ""stations"": [""INMET_NE_PE_A328_SURUBIM_01-01-2019_A_31-12-2019"", ""INMET_NE_PE_A301_RECIFE_01-01-2019_A_31-12-2019"", ""INMET_NE_PE_A341_CARUARU_01-01-2019_A_31-12-2019"", ""INMET_NE_PE_A357_PALMARES_01-01-2019_A_31-12-2019"", ""INMET_NE_PE_A322_GARANHUNS_01-01-2019_A_31-12-2019"", ""INMET_NE_PE_A309_ARCO VERDE_01-01-2019_A_31-12-2019""], ""method"": ""IDW p=2; até 6 estações; raio máximo 300 km""}, ""precipitacao_anual_mm"": {""n_estacoes"": 6, ""nearest_distance_km"": 42.99, ""max_distance_km"": 195.58, ""stations"": [""INMET_NE_PE_A328_SURUBIM_01-01-2019_A_31-12-2019"", ""INMET_NE_PE_A301_RECIFE_01-01-2019_A_31-12-2019"", ""INMET_NE_PE_A341_CARUARU_01-01-2019_A_31-12-2019"", ""INMET_NE_PE_A357_PALMARES_01-01-2019_A_31-12-2019"", ""INMET_NE_PE_A322_GARANHUNS_01-01-2019_A_31-12-2019"", ""INMET_NE_PE_A309_ARCO VERDE_01-01-2019_A_31-12-2019""], ""method"": ""IDW p=2; até 6 estações; raio máximo 300 km""}}","{""organization"": ""INMET"", ""dataset"": ""Dados Históricos Anuais - estações automáticas"", ""version"": ""2019"", ""retrieved_at"": ""2026-10-01"", ""reference_url"": ""https://portal.inmet.gov.br/uploads/dadoshistoricos/2019.zip"", ""method"": ""agregação anual observada por estação + IDW municipal em EPSG:31985; p=2; 3-6 estações; raio <=300 km; controle mínimo de completude"", ""verified"": true}"
2613909,2019,26.28248355603494,655.4236373196658,"{""temperatura_media_c"": {""n_estacoes"": 6, ""nearest_distance_km"": 12.28, ""max_distance_km"": 151.78, ""stations"": [""INMET_NE_PE_A350_SERRA TALHADA_01-01-2019_A_31-12-2019"", ""INMET_NE_PE_A351_FLORESTA_01-01-2019_A_31-12-2019"", ""INMET_NE_PE_A370_SALGUEIRO_01-01-2019_A_31-12-2019"", ""INMET_NE_PE_A349_IBIMIRIM_01-01-2019_A_31-12-2019"", ""INMET_NE_PE_A329_CABROBO_01-01-2019_A_31-12-2019"", ""INMET_NE_PE_A309_ARCO VERDE_01-01-2019_A_31-12-2019""], ""method"": ""IDW p=2; até 6 estações; raio máximo 300 km""}, ""precipitacao_anual_mm"": {""n_estacoes"": 6, ""nearest_distance_km"": 12.28, ""max_distance_km"": 151.78, ""stations"": [""INMET_NE_PE_A350_SERRA TALHADA_01-01-2019_A_31-12-2019"", ""INMET_NE_PE_A351_FLORESTA_01-01-2019_A_31-12-2019"", ""INMET_NE_PE_A370_SALGUEIRO_01-01-2019_A_31-12-2019"", ""INMET_NE_PE_A349_IBIMIRIM_01-01-2019_A_31-12-2019"", ""INMET_NE_PE_A329_CABROBO_01-01-2019_A_31-12-2019"", ""INMET_NE_PE_A309_ARCO VERDE_01-01-2019_A_31-12-2019""], ""method"": ""IDW p=2; até 6 estações; raio máximo 300 km""}}","{""organization"": ""INMET"", ""dataset"": ""Dados Históricos Anuais - estações automáticas"", ""version"": ""2019"", ""retrieved_at"": ""2026-10-01"", ""reference_url"": ""https://portal.inmet.gov.br/uploads/dadoshistoricos/2019.zip"", ""method"": ""agregação anual observada por estação + IDW municipal em EPSG:31985; p=2; 3-6 estações; raio <=300 km; controle mínimo de completude"", ""verified"": true}"
2614006,2019,27.18732003317232,431.0956270388419,"{""temperatura_media_c"": {""n_estacoes"": 6, ""nearest_distance_km"": 39.2, ""max_distance_km"": 198.79, ""stations"": [""INMET_NE_PE_A370_SALGUEIRO_01-01-2019_A_31-12-2019"", ""INMET_NE_PE_A329_CABROBO_01-01-2019_A_31-12-2019"", ""INMET_NE_PE_A366_OURICURI_01-01-2019_A_31-12-2019"", ""INMET_NE_PE_A350_SERRA TALHADA_01-01-2019_A_31-12-2019"", ""INMET_NE_PE_A351_FLORESTA_01-01-2019_A_31-12-2019"", ""INMET_NE_PE_A349_IBIMIRIM_01-01-2019_A_31-12-2019""], ""method"": ""IDW p=2; até 6 estações; raio máximo 300 km""}, ""precipitacao_anual_mm"": {""n_estacoes"": 6, ""nearest_distance_km"": 39.2, ""max_distance_km"": 198.79, ""stations"": [""INMET_NE_PE_A370_SALGUEIRO_01-01-2019_A_31-12-2019"", ""INMET_NE_PE_A329_CABROBO_01-01-2019_A_31-12-2019"", ""INMET_NE_PE_A366_OURICURI_01-01-2019_A_31-12-2019"", ""INMET_NE_PE_A350_SERRA TALHADA_01-01-2019_A_31-12-2019"", ""INMET_NE_PE_A351_FLORESTA_01-01-2019_A_31-12-2019"", ""INMET_NE_PE_A349_IBIMIRIM_01-01-2019_A_31-12-2019""], ""method"": ""IDW p=2; até 6 estações; raio máximo 300 km""}}","{""organization"": ""INMET"", ""dataset"": ""Dados Históricos Anuais - estações automáticas"", ""version"": ""2019"", ""retrieved_at"": ""2026-10-01"", ""reference_url"": ""https://portal.inmet.gov.br/uploads/dadoshistoricos/2019.zip"", ""method"": ""agregação anual observada por estação + IDW municipal em EPSG:31985; p=2; 3-6 estações; raio <=300 km; controle mínimo de completude"", ""verified"": true}"
2614105,2019,24.745236435370362,399.51867535979875,"{""temperatura_media_c"": {""n_estacoes"": 6, ""nearest_distance_km"": 39.72, ""max_distance_km"": 145.44, ""stations"": [""INMET_NE_PE_A309_ARCO VERDE_01-01-2019_A_31-12-2019"", ""INMET_NE_PE_A349_IBIMIRIM_01-01-2019_A_31-12-2019"", ""INMET_NE_PE_A350_SERRA TALHADA_01-01-2019_A_31-12-2019"", ""INMET_NE_PE_A322_GARANHUNS_01-01-2019_A_31-12-2019"", ""INMET_NE_PE_A351_FLORESTA_01-01-2019_A_31-12-2019"", ""INMET_NE_PE_A341_CARUARU_01-01-2019_A_31-12-2019""], ""method"": ""IDW p=2; até 6 estações; raio máximo 300 km""}, ""precipitacao_anual_mm"": {""n_estacoes"": 6, ""nearest_distance_km"": 39.72, ""max_distance_km"": 145.44, ""stations"": [""INMET_NE_PE_A309_ARCO VERDE_01-01-2019_A_31-12-2019"", ""INMET_NE_PE_A349_IBIMIRIM_01-01-2019_A_31-12-2019"", ""INMET_NE_PE_A350_SERRA TALHADA_01-01-2019_A_31-12-2019"", ""INMET_NE_PE_A322_GARANHUNS_01-01-2019_A_31-12-2019"", ""INMET_NE_PE_A351_FLORESTA_01-01-2019_A_31-12-2019"", ""INMET_NE_PE_A341_CARUARU_01-01-2019_A_31-12-2019""], ""method"": ""IDW p=2; até 6 estações; raio máximo 300 km""}}","{""organization"": ""INMET"", ""dataset"": ""Dados Históricos Anuais - estações automáticas"", ""version"": ""2019"", ""retrieved_at"": ""2026-10-01"", ""reference_url"": ""https://portal.inmet.gov.br/uploads/dadoshistoricos/2019.zip"", ""method"": ""agregação anual observada por estação + IDW municipal em EPSG:31985; p=2; 3-6 estações; raio <=300 km; controle mínimo de completude"", ""verified"": true}"
2614204,2019,24.40254622080685,716.0044159804717,"{""temperatura_media_c"": {""n_estacoes"": 6, ""nearest_distance_km"": 44.85, ""max_distance_km"": 208.16, ""stations"": [""INMET_NE_PE_A357_PALMARES_01-01-2019_A_31-12-2019"", ""INMET_NE_PE_A301_RECIFE_01-01-2019_A_31-12-2019"", ""INMET_NE_PE_A341_CARUARU_01-01-2019_A_31-12-2019"", ""INMET_NE_PE_A328_SURUBIM_01-01-2019_A_31-12-2019"", ""INMET_NE_PE_A322_GARANHUNS_01-01-2019_A_31-12-2019"", ""INMET_NE_PE_A309_ARCO VERDE_01-01-2019_A_31-12-2019""], ""method"": ""IDW p=2; até 6 estações; raio máximo 300 km""}, ""precipitacao_anual_mm"": {""n_estacoes"": 6, ""nearest_distance_km"": 44.85, ""max_distance_km"": 208.16, ""stations"": [""INMET_NE_PE_A357_PALMARES_01-01-2019_A_31-12-2019"", ""INMET_NE_PE_A301_RECIFE_01-01-2019_A_31-12-2019"", ""INMET_NE_PE_A341_CARUARU_01-01-2019_A_31-12-2019"", ""INMET_NE_PE_A328_SURUBIM_01-01-2019_A_31-12-2019"", ""INMET_NE_PE_A322_GARANHUNS_01-01-2019_A_31-12-2019"", ""INMET_NE_PE_A309_ARCO VERDE_01-01-2019_A_31-12-2019""], ""method"": ""IDW p=2; até 6 estações; raio máximo 300 km""}}","{""organization"": ""INMET"", ""dataset"": ""Dados Históricos Anuais - estações automáticas"", ""version"": ""2019"", ""retrieved_at"": ""2026-10-01"", ""reference_url"": ""https://portal.inmet.gov.br/uploads/dadoshistoricos/2019.zip"", ""method"": ""agregação anual observada por estação + IDW municipal em EPSG:31985; p=2; 3-6 estações; raio <=300 km; controle mínimo de completude"", ""verified"": true}"
2614303,2019,27.05174258040102,366.65328785312977,"{""temperatura_media_c"": {""n_estacoes"": 6, ""nearest_distance_km"": 68.05, ""max_distance_km"": 223.6, ""stations"": [""INMET_NE_PE_A370_SALGUEIRO_01-01-2019_A_31-12-2019"", ""INMET_NE_PE_A366_OURICURI_01-01-2019_A_31-12-2019"", ""INMET_NE_PE_A329_CABROBO_01-01-2019_A_31-12-2019"", ""INMET_NE_PE_A350_SERRA TALHADA_01-01-2019_A_31-12-2019"", ""INMET_NE_PE_A351_FLORESTA_01-01-2019_A_31-12-2019"", ""INMET_NE_PE_A349_IBIMIRIM_01-01-2019_A_31-12-2019""], ""method"": ""IDW p=2; até 6 estações; raio máximo 300 km""}, ""precipitacao_anual_mm"": {""n_estacoes"": 6, ""nearest_distance_km"": 68.05, ""max_distance_km"": 223.6, ""stations"": [""INMET_NE_PE_A370_SALGUEIRO_01-01-2019_A_31-12-2019"", ""INMET_NE_PE_A366_OURICURI_01-01-2019_A_31-12-2019"", ""INMET_NE_PE_A329_CABROBO_01-01-2019_A_31-12-2019"", ""INMET_NE_PE_A350_SERRA TALHADA_01-01-2019_A_31-12-2019"", ""INMET_NE_PE_A351_FLORESTA_01-01-2019_A_31-12-2019"", ""INMET_NE_PE_A349_IBIMIRIM_01-01-2019_A_31-12-2019""], ""method"": ""IDW p=2; até 6 estações; raio máximo 300 km""}}","{""organization"": ""INMET"", ""dataset"": ""Dados Históricos Anuais - estações automáticas"", ""version"": ""2019"", ""retrieved_at"": ""2026-10-01"", ""reference_url"": ""https://portal.inmet.gov.br/uploads/dadoshistoricos/2019.zip"", ""method"": ""agregação anual observada por estação + IDW municipal em EPSG:31985; p=2; 3-6 estações; raio <=300 km; controle mínimo de completude"", ""verified"": true}"
2614402,2019,25.805197938116013,479.86695992892663,"{""temperatura_media_c"": {""n_estacoes"": 6, ""nearest_distance_km"": 82.2, ""max_distance_km"": 194.8, ""stations"": [""INMET_NE_PE_A350_SERRA TALHADA_01-01-2019_A_31-12-2019"", ""INMET_NE_PE_A349_IBIMIRIM_01-01-2019_A_31-12-2019"", ""INMET_NE_PE_A309_ARCO VERDE_01-01-2019_A_31-12-2019"", ""INMET_NE_PE_A351_FLORESTA_01-01-2019_A_31-12-2019"", ""INMET_NE_PE_A370_SALGUEIRO_01-01-2019_A_31-12-2019"", ""INMET_NE_PE_A322_GARANHUNS_01-01-2019_A_31-12-2019""], ""method"": ""IDW p=2; até 6 estações; raio máximo 300 km""}, ""precipitacao_anual_mm"": {""n_estacoes"": 6, ""nearest_distance_km"": 82.2, ""max_distance_km"": 194.8, ""stations"": [""INMET_NE_PE_A350_SERRA TALHADA_01-01-2019_A_31-12-2019"", ""INMET_NE_PE_A349_IBIMIRIM_01-01-2019_A_31-12-2019"", ""INMET_NE_PE_A309_ARCO VERDE_01-01-2019_A_31-12-2019"", ""INMET_NE_PE_A351_FLORESTA_01-01-2019_A_31-12-2019"", ""INMET_NE_PE_A370_SALGUEIRO_01-01-2019_A_31-12-2019"", ""INMET_NE_PE_A322_GARANHUNS_01-01-2019_A_31-12-2019""], ""method"": ""IDW p=2; até 6 estações; raio máximo 300 km""}}","{""organization"": ""INMET"", ""dataset"": ""Dados Históricos Anuais - estações automáticas"", ""version"": ""2019"", ""retrieved_at"": ""2026-10-01"", ""reference_url"": ""https://portal.inmet.gov.br/uploads/dadoshistoricos/2019.zip"", ""method"": ""agregação anual observada por estação + IDW municipal em EPSG:31985; p=2; 3-6 estações; raio <=300 km; controle mínimo de completude"", ""verified"": true}"
2614501,2019,24.431003141019406,32.79202650317781,"{""temperatura_media_c"": {""n_estacoes"": 6, ""nearest_distance_km"": 7.73, ""max_distance_km"": 155.59, ""stations"": [""INMET_NE_PE_A328_SURUBIM_01-01-2019_A_31-12-2019"", ""INMET_NE_PE_A341_CARUARU_01-01-2019_A_31-12-2019"", ""INMET_NE_PE_A357_PALMARES_01-01-2019_A_31-12-2019"", ""INMET_NE_PE_A301_RECIFE_01-01-2019_A_31-12-2019"", ""INMET_NE_PE_A322_GARANHUNS_01-01-2019_A_31-12-2019"", ""INMET_NE_PE_A309_ARCO VERDE_01-01-2019_A_31-12-2019""], ""method"": ""IDW p=2; até 6 estações; raio máximo 300 km""}, ""precipitacao_anual_mm"": {""n_estacoes"": 6, ""nearest_distance_km"": 7.73, ""max_distance_km"": 155.59, ""stations"": [""INMET_NE_PE_A328_SURUBIM_01-01-2019_A_31-12-2019"", ""INMET_NE_PE_A341_CARUARU_01-01-2019_A_31-12-2019"", ""INMET_NE_PE_A357_PALMARES_01-01-2019_A_31-12-2019"", ""INMET_NE_PE_A301_RECIFE_01-01-2019_A_31-12-2019"", ""INMET_NE_PE_A322_GARANHUNS_01-01-2019_A_31-12-2019"", ""INMET_NE_PE_A309_ARCO VERDE_01-01-2019_A_31-12-2019""], ""method"": ""IDW p=2; até 6 estações; raio máximo 300 km""}}","{""organization"": ""INMET"", ""dataset"": ""Dados Históricos Anuais - estações automáticas"", ""version"": ""2019"", ""retrieved_at"": ""2026-10-01"", ""reference_url"": ""https://portal.inmet.gov.br/uploads/dadoshistoricos/2019.zip"", ""method"": ""agregação anual observada por estação + IDW municipal em EPSG:31985; p=2; 3-6 estações; raio <=300 km; controle mínimo de completude"", ""verified"": true}"
2614600,2019,25.627451789789312,465.08003486790903,"{""temperatura_media_c"": {""n_estacoes"": 6, ""nearest_distance_km"": 96.09, ""max_distance_km"": 185.76, ""stations"": [""INMET_NE_PE_A350_SERRA TALHADA_01-01-2019_A_31-12-2019"", ""INMET_NE_PE_A349_IBIMIRIM_01-01-2019_A_31-12-2019"", ""INMET_NE_PE_A309_ARCO VERDE_01-01-2019_A_31-12-2019"", ""INMET_NE_PE_A351_FLORESTA_01-01-2019_A_31-12-2019"", ""INMET_NE_PE_A370_SALGUEIRO_01-01-2019_A_31-12-2019"", ""INMET_NE_PE_A322_GARANHUNS_01-01-2019_A_31-12-2019""], ""method"": ""IDW p=2; até 6 estações; raio máximo 300 km""}, ""precipitacao_anual_mm"": {""n_estacoes"": 6, ""nearest_distance_km"": 96.09, ""max_distance_km"": 185.76, ""stations"": [""INMET_NE_PE_A350_SERRA TALHADA_01-01-2019_A_31-12-2019"", ""INMET_NE_PE_A349_IBIMIRIM_01-01-2019_A_31-12-2019"", ""INMET_NE_PE_A309_ARCO VERDE_01-01-2019_A_31-12-2019"", ""INMET_NE_PE_A351_FLORESTA_01-01-2019_A_31-12-2019"", ""INMET_NE_PE_A370_SALGUEIRO_01-01-2019_A_31-12-2019"", ""INMET_NE_PE_A322_GARANHUNS_01-01-2019_A_31-12-2019""], ""method"": ""IDW p=2; até 6 estações; raio máximo 300 km""}}","{""organization"": ""INMET"", ""dataset"": ""Dados Históricos Anuais - estações automáticas"", ""version"": ""2019"", ""retrieved_at"": ""2026-10-01"", ""reference_url"": ""https://portal.inmet.gov.br/uploads/dadoshistoricos/2019.zip"", ""method"": ""agregação anual observada por estação + IDW municipal em EPSG:31985; p=2; 3-6 estações; raio <=300 km; controle mínimo de completude"", ""verified"": true}"
2614709,2019,21.932522145988298,480.7141723414794,"{""temperatura_media_c"": {""n_estacoes"": 6, ""nearest_distance_km"": 26.73, ""max_distance_km"": 148.03, ""stations"": [""INMET_NE_PE_A341_CARUARU_01-01-2019_A_31-12-2019"", ""INMET_NE_PE_A322_GARANHUNS_01-01-2019_A_31-12-2019"", ""INMET_NE_PE_A328_SURUBIM_01-01-2019_A_31-12-2019"", ""INMET_NE_PE_A357_PALMARES_01-01-2019_A_31-12-2019"", ""INMET_NE_PE_A309_ARCO VERDE_01-01-2019_A_31-12-2019"", ""INMET_NE_PE_A301_RECIFE_01-01-2019_A_31-12-2019""], ""method"": ""IDW p=2; até 6 estações; raio máximo 300 km""}, ""precipitacao_anual_mm"": {""n_estacoes"": 6, ""nearest_distance_km"": 26.73, ""max_distance_km"": 148.03, ""stations"": [""INMET_NE_PE_A341_CARUARU_01-01-2019_A_31-12-2019"", ""INMET_NE_PE_A322_GARANHUNS_01-01-2019_A_31-12-2019"", ""INMET_NE_PE_A328_SURUBIM_01-01-2019_A_31-12-2019"", ""INMET_NE_PE_A357_PALMARES_01-01-2019_A_31-12-2019"", ""INMET_NE_PE_A309_ARCO VERDE_01-01-2019_A_31-12-2019"", ""INMET_NE_PE_A301_RECIFE_01-01-2019_A_31-12-2019""], ""method"": ""IDW p=2; até 6 estações; raio máximo 300 km""}}","{""organization"": ""INMET"", ""dataset"": ""Dados Históricos Anuais - estações automáticas"", ""version"": ""2019"", ""retrieved_at"": ""2026-10-01"", ""reference_url"": ""https://portal.inmet.gov.br/uploads/dadoshistoricos/2019.zip"", ""method"": ""agregação anual observada por estação + IDW municipal em EPSG:31985; p=2; 3-6 estações; raio <=300 km; controle mínimo de completude"", ""verified"": true}"
2614808,2019,26.632910126812465,340.2880574821591,"{""temperatura_media_c"": {""n_estacoes"": 6, ""nearest_distance_km"": 63.92, ""max_distance_km"": 150.59, ""stations"": [""INMET_NE_PE_A349_IBIMIRIM_01-01-2019_A_31-12-2019"", ""INMET_NE_PE_A351_FLORESTA_01-01-2019_A_31-12-2019"", ""INMET_NE_PE_A350_SERRA TALHADA_01-01-2019_A_31-12-2019"", ""INMET_NE_PE_A309_ARCO VERDE_01-01-2019_A_31-12-2019"", ""INMET_NE_PE_A329_CABROBO_01-01-2019_A_31-12-2019"", ""INMET_NE_PE_A370_SALGUEIRO_01-01-2019_A_31-12-2019""], ""method"": ""IDW p=2; até 6 estações; raio máximo 300 km""}, ""precipitacao_anual_mm"": {""n_estacoes"": 6, ""nearest_distance_km"": 63.92, ""max_distance_km"": 150.59, ""stations"": [""INMET_NE_PE_A349_IBIMIRIM_01-01-2019_A_31-12-2019"", ""INMET_NE_PE_A351_FLORESTA_01-01-2019_A_31-12-2019"", ""INMET_NE_PE_A350_SERRA TALHADA_01-01-2019_A_31-12-2019"", ""INMET_NE_PE_A309_ARCO VERDE_01-01-2019_A_31-12-2019"", ""INMET_NE_PE_A329_CABROBO_01-01-2019_A_31-12-2019"", ""INMET_NE_PE_A370_SALGUEIRO_01-01-2019_A_31-12-2019""], ""method"": ""IDW p=2; até 6 estações; raio máximo 300 km""}}","{""organization"": ""INMET"", ""dataset"": ""Dados Históricos Anuais - estações automáticas"", ""version"": ""2019"", ""retrieved_at"": ""2026-10-01"", ""reference_url"": ""https://portal.inmet.gov.br/uploads/dadoshistoricos/2019.zip"", ""method"": ""agregação anual observada por estação + IDW municipal em EPSG:31985; p=2; 3-6 estações; raio <=300 km; controle mínimo de completude"", ""verified"": true}"
2614857,2019,24.244309404227945,488.5666156078108,"{""temperatura_media_c"": {""n_estacoes"": 6, ""nearest_distance_km"": 38.23, ""max_distance_km"": 204.12, ""stations"": [""INMET_NE_PE_A357_PALMARES_01-01-2019_A_31-12-2019"", ""INMET_NE_PE_A301_RECIFE_01-01-2019_A_31-12-2019"", ""INMET_NE_PE_A341_CARUARU_01-01-2019_A_31-12-2019"", ""INMET_NE_PE_A328_SURUBIM_01-01-2019_A_31-12-2019"", ""INMET_NE_PE_A322_GARANHUNS_01-01-2019_A_31-12-2019"", ""INMET_NE_PE_A309_ARCO VERDE_01-01-2019_A_31-12-2019""], ""method"": ""IDW p=2; até 6 estações; raio máximo 300 km""}, ""precipitacao_anual_mm"": {""n_estacoes"": 6, ""nearest_distance_km"": 38.23, ""max_distance_km"": 204.12, ""stations"": [""INMET_NE_PE_A357_PALMARES_01-01-2019_A_31-12-2019"", ""INMET_NE_PE_A301_RECIFE_01-01-2019_A_31-12-2019"", ""INMET_NE_PE_A341_CARUARU_01-01-2019_A_31-12-2019"", ""INMET_NE_PE_A328_SURUBIM_01-01-2019_A_31-12-2019"", ""INMET_NE_PE_A322_GARANHUNS_01-01-2019_A_31-12-2019"", ""INMET_NE_PE_A309_ARCO VERDE_01-01-2019_A_31-12-2019""], ""method"": ""IDW p=2; até 6 estações; raio máximo 300 km""}}","{""organization"": ""INMET"", ""dataset"": ""Dados Históricos Anuais - estações automáticas"", ""version"": ""2019"", ""retrieved_at"": ""2026-10-01"", ""reference_url"": ""https://portal.inmet.gov.br/uploads/dadoshistoricos/2019.zip"", ""method"": ""agregação anual observada por estação + IDW municipal em EPSG:31985; p=2; 3-6 estações; raio <=300 km; controle mínimo de completude"", ""verified"": true}"
2615003,2019,23.581715908468972,277.0289601781573,"{""temperatura_media_c"": {""n_estacoes"": 6, ""nearest_distance_km"": 36.5, ""max_distance_km"": 130.9, ""stations"": [""INMET_NE_PE_A328_SURUBIM_01-01-2019_A_31-12-2019"", ""INMET_NE_PE_A341_CARUARU_01-01-2019_A_31-12-2019"", ""INMET_NE_PE_A357_PALMARES_01-01-2019_A_31-12-2019"", ""INMET_NE_PE_A309_ARCO VERDE_01-01-2019_A_31-12-2019"", ""INMET_NE_PE_A322_GARANHUNS_01-01-2019_A_31-12-2019"", ""INMET_NE_PE_A301_RECIFE_01-01-2019_A_31-12-2019""], ""method"": ""IDW p=2; até 6 estações; raio máximo 300 km""}, ""precipitacao_anual_mm"": {""n_estacoes"": 6, ""nearest_distance_km"": 36.5, ""max_distance_km"": 130.9, ""stations"": [""INMET_NE_PE_A328_SURUBIM_01-01-2019_A_31-12-2019"", ""INMET_NE_PE_A341_CARUARU_01-01-2019_A_31-12-2019"", ""INMET_NE_PE_A357_PALMARES_01-01-2019_A_31-12-2019"", ""INMET_NE_PE_A309_ARCO VERDE_01-01-2019_A_31-12-2019"", ""INMET_NE_PE_A322_GARANHUNS_01-01-2019_A_31-12-2019"", ""INMET_NE_PE_A301_RECIFE_01-01-2019_A_31-12-2019""], ""method"": ""IDW p=2; até 6 estações; raio máximo 300 km""}}","{""organization"": ""INMET"", ""dataset"": ""Dados Históricos Anuais - estações automáticas"", ""version"": ""2019"", ""retrieved_at"": ""2026-10-01"", ""reference_url"": ""https://portal.inmet.gov.br/uploads/dadoshistoricos/2019.zip"", ""method"": ""agregação anual observada por estação + IDW municipal em EPSG:31985; p=2; 3-6 estações; raio <=300 km; controle mínimo de completude"", ""verified"": true}"
2615102,2019,22.054563654905724,616.6142145607114,"{""temperatura_media_c"": {""n_estacoes"": 6, ""nearest_distance_km"": 23.87, ""max_distance_km"": 164.78, ""stations"": [""INMET_NE_PE_A322_GARANHUNS_01-01-2019_A_31-12-2019"", ""INMET_NE_PE_A309_ARCO VERDE_01-01-2019_A_31-12-2019"", ""INMET_NE_PE_A341_CARUARU_01-01-2019_A_31-12-2019"", ""INMET_NE_PE_A357_PALMARES_01-01-2019_A_31-12-2019"", ""INMET_NE_PE_A349_IBIMIRIM_01-01-2019_A_31-12-2019"", ""INMET_NE_PE_A328_SURUBIM_01-01-2019_A_31-12-2019""], ""method"": ""IDW p=2; até 6 estações; raio máximo 300 km""}, ""precipitacao_anual_mm"": {""n_estacoes"": 6, ""nearest_distance_km"": 23.87, ""max_distance_km"": 164.78, ""stations"": [""INMET_NE_PE_A322_GARANHUNS_01-01-2019_A_31-12-2019"", ""INMET_NE_PE_A309_ARCO VERDE_01-01-2019_A_31-12-2019"", ""INMET_NE_PE_A341_CARUARU_01-01-2019_A_31-12-2019"", ""INMET_NE_PE_A357_PALMARES_01-01-2019_A_31-12-2019"", ""INMET_NE_PE_A349_IBIMIRIM_01-01-2019_A_31-12-2019"", ""INMET_NE_PE_A328_SURUBIM_01-01-2019_A_31-12-2019""], ""method"": ""IDW p=2; até 6 estações; raio máximo 300 km""}}","{""organization"": ""INMET"", ""dataset"": ""Dados Históricos Anuais - estações automáticas"", ""version"": ""2019"", ""retrieved_at"": ""2026-10-01"", ""reference_url"": ""https://portal.inmet.gov.br/uploads/dadoshistoricos/2019.zip"", ""method"": ""agregação anual observada por estação + IDW municipal em EPSG:31985; p=2; 3-6 estações; raio <=300 km; controle mínimo de completude"", ""verified"": true}"
2615201,2019,27.302009589456727,408.25407585362603,"{""temperatura_media_c"": {""n_estacoes"": 6, ""nearest_distance_km"": 35.19, ""max_distance_km"": 185.3, ""stations"": [""INMET_NE_PE_A370_SALGUEIRO_01-01-2019_A_31-12-2019"", ""INMET_NE_PE_A329_CABROBO_01-01-2019_A_31-12-2019"", ""INMET_NE_PE_A366_OURICURI_01-01-2019_A_31-12-2019"", ""INMET_NE_PE_A351_FLORESTA_01-01-2019_A_31-12-2019"", ""INMET_NE_PE_A350_SERRA TALHADA_01-01-2019_A_31-12-2019"", ""INMET_NE_PE_A307_PETROLINA_01-01-2019_A_31-12-2019""], ""method"": ""IDW p=2; até 6 estações; raio máximo 300 km""}, ""precipitacao_anual_mm"": {""n_estacoes"": 6, ""nearest_distance_km"": 35.19, ""max_distance_km"": 185.3, ""stations"": [""INMET_NE_PE_A370_SALGUEIRO_01-01-2019_A_31-12-2019"", ""INMET_NE_PE_A329_CABROBO_01-01-2019_A_31-12-2019"", ""INMET_NE_PE_A366_OURICURI_01-01-2019_A_31-12-2019"", ""INMET_NE_PE_A351_FLORESTA_01-01-2019_A_31-12-2019"", ""INMET_NE_PE_A350_SERRA TALHADA_01-01-2019_A_31-12-2019"", ""INMET_NE_PE_A307_PETROLINA_01-01-2019_A_31-12-2019""], ""method"": ""IDW p=2; até 6 estações; raio máximo 300 km""}}","{""organization"": ""INMET"", ""dataset"": ""Dados Históricos Anuais - estações automáticas"", ""version"": ""2019"", ""retrieved_at"": ""2026-10-01"", ""reference_url"": ""https://portal.inmet.gov.br/uploads/dadoshistoricos/2019.zip"", ""method"": ""agregação anual observada por estação + IDW municipal em EPSG:31985; p=2; 3-6 estações; raio <=300 km; controle mínimo de completude"", ""verified"": true}"
2615300,2019,24.431630029479884,744.5739573205893,"{""temperatura_media_c"": {""n_estacoes"": 6, ""nearest_distance_km"": 60.94, ""max_distance_km"": 213.77, ""stations"": [""INMET_NE_PE_A328_SURUBIM_01-01-2019_A_31-12-2019"", ""INMET_NE_PE_A301_RECIFE_01-01-2019_A_31-12-2019"", ""INMET_NE_PE_A341_CARUARU_01-01-2019_A_31-12-2019"", ""INMET_NE_PE_A357_PALMARES_01-01-2019_A_31-12-2019"", ""INMET_NE_PE_A322_GARANHUNS_01-01-2019_A_31-12-2019"", ""INMET_NE_PE_A309_ARCO VERDE_01-01-2019_A_31-12-2019""], ""method"": ""IDW p=2; até 6 estações; raio máximo 300 km""}, ""precipitacao_anual_mm"": {""n_estacoes"": 6, ""nearest_distance_km"": 60.94, ""max_distance_km"": 213.77, ""stations"": [""INMET_NE_PE_A328_SURUBIM_01-01-2019_A_31-12-2019"", ""INMET_NE_PE_A301_RECIFE_01-01-2019_A_31-12-2019"", ""INMET_NE_PE_A341_CARUARU_01-01-2019_A_31-12-2019"", ""INMET_NE_PE_A357_PALMARES_01-01-2019_A_31-12-2019"", ""INMET_NE_PE_A322_GARANHUNS_01-01-2019_A_31-12-2019"", ""INMET_NE_PE_A309_ARCO VERDE_01-01-2019_A_31-12-2019""], ""method"": ""IDW p=2; até 6 estações; raio máximo 300 km""}}","{""organization"": ""INMET"", ""dataset"": ""Dados Históricos Anuais - estações automáticas"", ""version"": ""2019"", ""retrieved_at"": ""2026-10-01"", ""reference_url"": ""https://portal.inmet.gov.br/uploads/dadoshistoricos/2019.zip"", ""method"": ""agregação anual observada por estação + IDW municipal em EPSG:31985; p=2; 3-6 estações; raio <=300 km; controle mínimo de completude"", ""verified"": true}"
2615409,2019,23.288244856448102,296.74503410739413,"{""temperatura_media_c"": {""n_estacoes"": 6, ""nearest_distance_km"": 33.17, ""max_distance_km"": 121.12, ""stations"": [""INMET_NE_PE_A328_SURUBIM_01-01-2019_A_31-12-2019"", ""INMET_NE_PE_A341_CARUARU_01-01-2019_A_31-12-2019"", ""INMET_NE_PE_A357_PALMARES_01-01-2019_A_31-12-2019"", ""INMET_NE_PE_A322_GARANHUNS_01-01-2019_A_31-12-2019"", ""INMET_NE_PE_A309_ARCO VERDE_01-01-2019_A_31-12-2019"", ""INMET_NE_PE_A301_RECIFE_01-01-2019_A_31-12-2019""], ""method"": ""IDW p=2; até 6 estações; raio máximo 300 km""}, ""precipitacao_anual_mm"": {""n_estacoes"": 6, ""nearest_distance_km"": 33.17, ""max_distance_km"": 121.12, ""stations"": [""INMET_NE_PE_A328_SURUBIM_01-01-2019_A_31-12-2019"", ""INMET_NE_PE_A341_CARUARU_01-01-2019_A_31-12-2019"", ""INMET_NE_PE_A357_PALMARES_01-01-2019_A_31-12-2019"", ""INMET_NE_PE_A322_GARANHUNS_01-01-2019_A_31-12-2019"", ""INMET_NE_PE_A309_ARCO VERDE_01-01-2019_A_31-12-2019"", ""INMET_NE_PE_A301_RECIFE_01-01-2019_A_31-12-2019""], ""method"": ""IDW p=2; até 6 estações; raio máximo 300 km""}}","{""organization"": ""INMET"", ""dataset"": ""Dados Históricos Anuais - estações automáticas"", ""version"": ""2019"", ""retrieved_at"": ""2026-10-01"", ""reference_url"": ""https://portal.inmet.gov.br/uploads/dadoshistoricos/2019.zip"", ""method"": ""agregação anual observada por estação + IDW municipal em EPSG:31985; p=2; 3-6 estações; raio <=300 km; controle mínimo de completude"", ""verified"": true}"
2615508,2019,25.061654217507176,1347.8305635627326,"{""temperatura_media_c"": {""n_estacoes"": 6, ""nearest_distance_km"": 39.91, ""max_distance_km"": 221.93, ""stations"": [""INMET_NE_PE_A301_RECIFE_01-01-2019_A_31-12-2019"", ""INMET_NE_PE_A328_SURUBIM_01-01-2019_A_31-12-2019"", ""INMET_NE_PE_A357_PALMARES_01-01-2019_A_31-12-2019"", ""INMET_NE_PE_A341_CARUARU_01-01-2019_A_31-12-2019"", ""INMET_NE_PE_A322_GARANHUNS_01-01-2019_A_31-12-2019"", ""INMET_NE_PE_A309_ARCO VERDE_01-01-2019_A_31-12-2019""], ""method"": ""IDW p=2; até 6 estações; raio máximo 300 km""}, ""precipitacao_anual_mm"": {""n_estacoes"": 6, ""nearest_distance_km"": 39.91, ""max_distance_km"": 221.93, ""stations"": [""INMET_NE_PE_A301_RECIFE_01-01-2019_A_31-12-2019"", ""INMET_NE_PE_A328_SURUBIM_01-01-2019_A_31-12-2019"", ""INMET_NE_PE_A357_PALMARES_01-01-2019_A_31-12-2019"", ""INMET_NE_PE_A341_CARUARU_01-01-2019_A_31-12-2019"", ""INMET_NE_PE_A322_GARANHUNS_01-01-2019_A_31-12-2019"", ""INMET_NE_PE_A309_ARCO VERDE_01-01-2019_A_31-12-2019""], ""method"": ""IDW p=2; até 6 estações; raio máximo 300 km""}}","{""organization"": ""INMET"", ""dataset"": ""Dados Históricos Anuais - estações automáticas"", ""version"": ""2019"", ""retrieved_at"": ""2026-10-01"", ""reference_url"": ""https://portal.inmet.gov.br/uploads/dadoshistoricos/2019.zip"", ""method"": ""agregação anual observada por estação + IDW municipal em EPSG:31985; p=2; 3-6 estações; raio <=300 km; controle mínimo de completude"", ""verified"": true}"
2615607,2019,26.81026473941515,199.8530779929055,"{""temperatura_media_c"": {""n_estacoes"": 6, ""nearest_distance_km"": 27.69, ""max_distance_km"": 223.23, ""stations"": [""INMET_NE_PE_A366_OURICURI_01-01-2019_A_31-12-2019"", ""INMET_NE_PE_A370_SALGUEIRO_01-01-2019_A_31-12-2019"", ""INMET_NE_PE_A329_CABROBO_01-01-2019_A_31-12-2019"", ""INMET_NE_PE_A307_PETROLINA_01-01-2019_A_31-12-2019"", ""INMET_NE_PE_A351_FLORESTA_01-01-2019_A_31-12-2019"", ""INMET_NE_PE_A350_SERRA TALHADA_01-01-2019_A_31-12-2019""], ""method"": ""IDW p=2; até 6 estações; raio máximo 300 km""}, ""precipitacao_anual_mm"": {""n_estacoes"": 6, ""nearest_distance_km"": 27.69, ""max_distance_km"": 223.23, ""stations"": [""INMET_NE_PE_A366_OURICURI_01-01-2019_A_31-12-2019"", ""INMET_NE_PE_A370_SALGUEIRO_01-01-2019_A_31-12-2019"", ""INMET_NE_PE_A329_CABROBO_01-01-2019_A_31-12-2019"", ""INMET_NE_PE_A307_PETROLINA_01-01-2019_A_31-12-2019"", ""INMET_NE_PE_A351_FLORESTA_01-01-2019_A_31-12-2019"", ""INMET_NE_PE_A350_SERRA TALHADA_01-01-2019_A_31-12-2019""], ""method"": ""IDW p=2; até 6 estações; raio máximo 300 km""}}","{""organization"": ""INMET"", ""dataset"": ""Dados Históricos Anuais - estações automáticas"", ""version"": ""2019"", ""retrieved_at"": ""2026-10-01"", ""reference_url"": ""https://portal.inmet.gov.br/uploads/dadoshistoricos/2019.zip"", ""method"": ""agregação anual observada por estação + IDW municipal em EPSG:31985; p=2; 3-6 estações; raio <=300 km; controle mínimo de completude"", ""verified"": true}"
2615706,2019,26.308404560638184,596.2632578265002,"{""temperatura_media_c"": {""n_estacoes"": 6, ""nearest_distance_km"": 27.81, ""max_distance_km"": 156.15, ""stations"": [""INMET_NE_PE_A350_SERRA TALHADA_01-01-2019_A_31-12-2019"", ""INMET_NE_PE_A349_IBIMIRIM_01-01-2019_A_31-12-2019"", ""INMET_NE_PE_A351_FLORESTA_01-01-2019_A_31-12-2019"", ""INMET_NE_PE_A370_SALGUEIRO_01-01-2019_A_31-12-2019"", ""INMET_NE_PE_A309_ARCO VERDE_01-01-2019_A_31-12-2019"", ""INMET_NE_PE_A329_CABROBO_01-01-2019_A_31-12-2019""], ""method"": ""IDW p=2; até 6 estações; raio máximo 300 km""}, ""precipitacao_anual_mm"": {""n_estacoes"": 6, ""nearest_distance_km"": 27.81, ""max_distance_km"": 156.15, ""stations"": [""INMET_NE_PE_A350_SERRA TALHADA_01-01-2019_A_31-12-2019"", ""INMET_NE_PE_A349_IBIMIRIM_01-01-2019_A_31-12-2019"", ""INMET_NE_PE_A351_FLORESTA_01-01-2019_A_31-12-2019"", ""INMET_NE_PE_A370_SALGUEIRO_01-01-2019_A_31-12-2019"", ""INMET_NE_PE_A309_ARCO VERDE_01-01-2019_A_31-12-2019"", ""INMET_NE_PE_A329_CABROBO_01-01-2019_A_31-12-2019""], ""method"": ""IDW p=2; até 6 estações; raio máximo 300 km""}}","{""organization"": ""INMET"", ""dataset"": ""Dados Históricos Anuais - estações automáticas"", ""version"": ""2019"", ""retrieved_at"": ""2026-10-01"", ""reference_url"": ""https://portal.inmet.gov.br/uploads/dadoshistoricos/2019.zip"", ""method"": ""agregação anual observada por estação + IDW municipal em EPSG:31985; p=2; 3-6 estações; raio <=300 km; controle mínimo de completude"", ""verified"": true}"
2615805,2019,24.564697670013217,404.4738152834495,"{""temperatura_media_c"": {""n_estacoes"": 6, ""nearest_distance_km"": 37.21, ""max_distance_km"": 144.27, ""stations"": [""INMET_NE_PE_A309_ARCO VERDE_01-01-2019_A_31-12-2019"", ""INMET_NE_PE_A349_IBIMIRIM_01-01-2019_A_31-12-2019"", ""INMET_NE_PE_A322_GARANHUNS_01-01-2019_A_31-12-2019"", ""INMET_NE_PE_A350_SERRA TALHADA_01-01-2019_A_31-12-2019"", ""INMET_NE_PE_A341_CARUARU_01-01-2019_A_31-12-2019"", ""INMET_NE_PE_A351_FLORESTA_01-01-2019_A_31-12-2019""], ""method"": ""IDW p=2; até 6 estações; raio máximo 300 km""}, ""precipitacao_anual_mm"": {""n_estacoes"": 6, ""nearest_distance_km"": 37.21, ""max_distance_km"": 144.27, ""stations"": [""INMET_NE_PE_A309_ARCO VERDE_01-01-2019_A_31-12-2019"", ""INMET_NE_PE_A349_IBIMIRIM_01-01-2019_A_31-12-2019"", ""INMET_NE_PE_A322_GARANHUNS_01-01-2019_A_31-12-2019"", ""INMET_NE_PE_A350_SERRA TALHADA_01-01-2019_A_31-12-2019"", ""INMET_NE_PE_A341_CARUARU_01-01-2019_A_31-12-2019"", ""INMET_NE_PE_A351_FLORESTA_01-01-2019_A_31-12-2019""], ""method"": ""IDW p=2; até 6 estações; raio máximo 300 km""}}","{""organization"": ""INMET"", ""dataset"": ""Dados Históricos Anuais - estações automáticas"", ""version"": ""2019"", ""retrieved_at"": ""2026-10-01"", ""reference_url"": ""https://portal.inmet.gov.br/uploads/dadoshistoricos/2019.zip"", ""method"": ""agregação anual observada por estação + IDW municipal em EPSG:31985; p=2; 3-6 estações; raio <=300 km; controle mínimo de completude"", ""verified"": true}"
2615904,2019,24.46435107063562,414.84402654825055,"{""temperatura_media_c"": {""n_estacoes"": 6, ""nearest_distance_km"": 85.95, ""max_distance_km"": 162.43, ""stations"": [""INMET_NE_PE_A309_ARCO VERDE_01-01-2019_A_31-12-2019"", ""INMET_NE_PE_A349_IBIMIRIM_01-01-2019_A_31-12-2019"", ""INMET_NE_PE_A350_SERRA TALHADA_01-01-2019_A_31-12-2019"", ""INMET_NE_PE_A341_CARUARU_01-01-2019_A_31-12-2019"", ""INMET_NE_PE_A322_GARANHUNS_01-01-2019_A_31-12-2019"", ""INMET_NE_PE_A328_SURUBIM_01-01-2019_A_31-12-2019""], ""method"": ""IDW p=2; até 6 estações; raio máximo 300 km""}, ""precipitacao_anual_mm"": {""n_estacoes"": 6, ""nearest_distance_km"": 85.95, ""max_distance_km"": 162.43, ""stations"": [""INMET_NE_PE_A309_ARCO VERDE_01-01-2019_A_31-12-2019"", ""INMET_NE_PE_A349_IBIMIRIM_01-01-2019_A_31-12-2019"", ""INMET_NE_PE_A350_SERRA TALHADA_01-01-2019_A_31-12-2019"", ""INMET_NE_PE_A341_CARUARU_01-01-2019_A_31-12-2019"", ""INMET_NE_PE_A322_GARANHUNS_01-01-2019_A_31-12-2019"", ""INMET_NE_PE_A328_SURUBIM_01-01-2019_A_31-12-2019""], ""method"": ""IDW p=2; até 6 estações; raio máximo 300 km""}}","{""organization"": ""INMET"", ""dataset"": ""Dados Históricos Anuais - estações automáticas"", ""version"": ""2019"", ""retrieved_at"": ""2026-10-01"", ""reference_url"": ""https://portal.inmet.gov.br/uploads/dadoshistoricos/2019.zip"", ""method"": ""agregação anual observada por estação + IDW municipal em EPSG:31985; p=2; 3-6 estações; raio <=300 km; controle mínimo de completude"", ""verified"": true}"
2616001,2019,23.316681109953926,481.6061353822128,"{""temperatura_media_c"": {""n_estacoes"": 6, ""nearest_distance_km"": 34.14, ""max_distance_km"": 140.16, ""stations"": [""INMET_NE_PE_A309_ARCO VERDE_01-01-2019_A_31-12-2019"", ""INMET_NE_PE_A322_GARANHUNS_01-01-2019_A_31-12-2019"", ""INMET_NE_PE_A341_CARUARU_01-01-2019_A_31-12-2019"", ""INMET_NE_PE_A349_IBIMIRIM_01-01-2019_A_31-12-2019"", ""INMET_NE_PE_A357_PALMARES_01-01-2019_A_31-12-2019"", ""INMET_NE_PE_A328_SURUBIM_01-01-2019_A_31-12-2019""], ""method"": ""IDW p=2; até 6 estações; raio máximo 300 km""}, ""precipitacao_anual_mm"": {""n_estacoes"": 6, ""nearest_distance_km"": 34.14, ""max_distance_km"": 140.16, ""stations"": [""INMET_NE_PE_A309_ARCO VERDE_01-01-2019_A_31-12-2019"", ""INMET_NE_PE_A322_GARANHUNS_01-01-2019_A_31-12-2019"", ""INMET_NE_PE_A341_CARUARU_01-01-2019_A_31-12-2019"", ""INMET_NE_PE_A349_IBIMIRIM_01-01-2019_A_31-12-2019"", ""INMET_NE_PE_A357_PALMARES_01-01-2019_A_31-12-2019"", ""INMET_NE_PE_A328_SURUBIM_01-01-2019_A_31-12-2019""], ""method"": ""IDW p=2; até 6 estações; raio máximo 300 km""}}","{""organization"": ""INMET"", ""dataset"": ""Dados Históricos Anuais - estações automáticas"", ""version"": ""2019"", ""retrieved_at"": ""2026-10-01"", ""reference_url"": ""https://portal.inmet.gov.br/uploads/dadoshistoricos/2019.zip"", ""method"": ""agregação anual observada por estação + IDW municipal em EPSG:31985; p=2; 3-6 estações; raio <=300 km; controle mínimo de completude"", ""verified"": true}"
2616100,2019,27.273577273998264,505.4423419268207,"{""temperatura_media_c"": {""n_estacoes"": 6, ""nearest_distance_km"": 14.97, ""max_distance_km"": 153.22, ""stations"": [""INMET_NE_PE_A370_SALGUEIRO_01-01-2019_A_31-12-2019"", ""INMET_NE_PE_A329_CABROBO_01-01-2019_A_31-12-2019"", ""INMET_NE_PE_A350_SERRA TALHADA_01-01-2019_A_31-12-2019"", ""INMET_NE_PE_A351_FLORESTA_01-01-2019_A_31-12-2019"", ""INMET_NE_PE_A366_OURICURI_01-01-2019_A_31-12-2019"", ""INMET_NE_PE_A349_IBIMIRIM_01-01-2019_A_31-12-2019""], ""method"": ""IDW p=2; até 6 estações; raio máximo 300 km""}, ""precipitacao_anual_mm"": {""n_estacoes"": 6, ""nearest_distance_km"": 14.97, ""max_distance_km"": 153.22, ""stations"": [""INMET_NE_PE_A370_SALGUEIRO_01-01-2019_A_31-12-2019"", ""INMET_NE_PE_A329_CABROBO_01-01-2019_A_31-12-2019"", ""INMET_NE_PE_A350_SERRA TALHADA_01-01-2019_A_31-12-2019"", ""INMET_NE_PE_A351_FLORESTA_01-01-2019_A_31-12-2019"", ""INMET_NE_PE_A366_OURICURI_01-01-2019_A_31-12-2019"", ""INMET_NE_PE_A349_IBIMIRIM_01-01-2019_A_31-12-2019""], ""method"": ""IDW p=2; até 6 estações; raio máximo 300 km""}}","{""organization"": ""INMET"", ""dataset"": ""Dados Históricos Anuais - estações automáticas"", ""version"": ""2019"", ""retrieved_at"": ""2026-10-01"", ""reference_url"": ""https://portal.inmet.gov.br/uploads/dadoshistoricos/2019.zip"", ""method"": ""agregação anual observada por estação + IDW municipal em EPSG:31985; p=2; 3-6 estações; raio <=300 km; controle mínimo de completude"", ""verified"": true}"
2616183,2019,24.44873412079218,24.3043570866141,"{""temperatura_media_c"": {""n_estacoes"": 6, ""nearest_distance_km"": 7.05, ""max_distance_km"": 154.94, ""stations"": [""INMET_NE_PE_A328_SURUBIM_01-01-2019_A_31-12-2019"", ""INMET_NE_PE_A341_CARUARU_01-01-2019_A_31-12-2019"", ""INMET_NE_PE_A301_RECIFE_01-01-2019_A_31-12-2019"", ""INMET_NE_PE_A357_PALMARES_01-01-2019_A_31-12-2019"", ""INMET_NE_PE_A322_GARANHUNS_01-01-2019_A_31-12-2019"", ""INMET_NE_PE_A309_ARCO VERDE_01-01-2019_A_31-12-2019""], ""method"": ""IDW p=2; até 6 estações; raio máximo 300 km""}, ""precipitacao_anual_mm"": {""n_estacoes"": 6, ""nearest_distance_km"": 7.05, ""max_distance_km"": 154.94, ""stations"": [""INMET_NE_PE_A328_SURUBIM_01-01-2019_A_31-12-2019"", ""INMET_NE_PE_A341_CARUARU_01-01-2019_A_31-12-2019"", ""INMET_NE_PE_A301_RECIFE_01-01-2019_A_31-12-2019"", ""INMET_NE_PE_A357_PALMARES_01-01-2019_A_31-12-2019"", ""INMET_NE_PE_A322_GARANHUNS_01-01-2019_A_31-12-2019"", ""INMET_NE_PE_A309_ARCO VERDE_01-01-2019_A_31-12-2019""], ""method"": ""IDW p=2; até 6 estações; raio máximo 300 km""}}","{""organization"": ""INMET"", ""dataset"": ""Dados Históricos Anuais - estações automáticas"", ""version"": ""2019"", ""retrieved_at"": ""2026-10-01"", ""reference_url"": ""https://portal.inmet.gov.br/uploads/dadoshistoricos/2019.zip"", ""method"": ""agregação anual observada por estação + IDW municipal em EPSG:31985; p=2; 3-6 estações; raio <=300 km; controle mínimo de completude"", ""verified"": true}"
2616209,2019,24.045219705656972,145.86987806179343,"{""temperatura_media_c"": {""n_estacoes"": 6, ""nearest_distance_km"": 20.76, ""max_distance_km"": 132.86, ""stations"": [""INMET_NE_PE_A328_SURUBIM_01-01-2019_A_31-12-2019"", ""INMET_NE_PE_A341_CARUARU_01-01-2019_A_31-12-2019"", ""INMET_NE_PE_A357_PALMARES_01-01-2019_A_31-12-2019"", ""INMET_NE_PE_A301_RECIFE_01-01-2019_A_31-12-2019"", ""INMET_NE_PE_A322_GARANHUNS_01-01-2019_A_31-12-2019"", ""INMET_NE_PE_A309_ARCO VERDE_01-01-2019_A_31-12-2019""], ""method"": ""IDW p=2; até 6 estações; raio máximo 300 km""}, ""precipitacao_anual_mm"": {""n_estacoes"": 6, ""nearest_distance_km"": 20.76, ""max_distance_km"": 132.86, ""stations"": [""INMET_NE_PE_A328_SURUBIM_01-01-2019_A_31-12-2019"", ""INMET_NE_PE_A341_CARUARU_01-01-2019_A_31-12-2019"", ""INMET_NE_PE_A357_PALMARES_01-01-2019_A_31-12-2019"", ""INMET_NE_PE_A301_RECIFE_01-01-2019_A_31-12-2019"", ""INMET_NE_PE_A322_GARANHUNS_01-01-2019_A_31-12-2019"", ""INMET_NE_PE_A309_ARCO VERDE_01-01-2019_A_31-12-2019""], ""method"": ""IDW p=2; até 6 estações; raio máximo 300 km""}}","{""organization"": ""INMET"", ""dataset"": ""Dados Históricos Anuais - estações automáticas"", ""version"": ""2019"", ""retrieved_at"": ""2026-10-01"", ""reference_url"": ""https://portal.inmet.gov.br/uploads/dadoshistoricos/2019.zip"", ""method"": ""agregação anual observada por estação + IDW municipal em EPSG:31985; p=2; 3-6 estações; raio <=300 km; controle mínimo de completude"", ""verified"": true}"
2616308,2019,24.47936253805797,751.4565580901207,"{""temperatura_media_c"": {""n_estacoes"": 6, ""nearest_distance_km"": 52.9, ""max_distance_km"": 206.09, ""stations"": [""INMET_NE_PE_A328_SURUBIM_01-01-2019_A_31-12-2019"", ""INMET_NE_PE_A301_RECIFE_01-01-2019_A_31-12-2019"", ""INMET_NE_PE_A341_CARUARU_01-01-2019_A_31-12-2019"", ""INMET_NE_PE_A357_PALMARES_01-01-2019_A_31-12-2019"", ""INMET_NE_PE_A322_GARANHUNS_01-01-2019_A_31-12-2019"", ""INMET_NE_PE_A309_ARCO VERDE_01-01-2019_A_31-12-2019""], ""method"": ""IDW p=2; até 6 estações; raio máximo 300 km""}, ""precipitacao_anual_mm"": {""n_estacoes"": 6, ""nearest_distance_km"": 52.9, ""max_distance_km"": 206.09, ""stations"": [""INMET_NE_PE_A328_SURUBIM_01-01-2019_A_31-12-2019"", ""INMET_NE_PE_A301_RECIFE_01-01-2019_A_31-12-2019"", ""INMET_NE_PE_A341_CARUARU_01-01-2019_A_31-12-2019"", ""INMET_NE_PE_A357_PALMARES_01-01-2019_A_31-12-2019"", ""INMET_NE_PE_A322_GARANHUNS_01-01-2019_A_31-12-2019"", ""INMET_NE_PE_A309_ARCO VERDE_01-01-2019_A_31-12-2019""], ""method"": ""IDW p=2; até 6 estações; raio máximo 300 km""}}","{""organization"": ""INMET"", ""dataset"": ""Dados Históricos Anuais - estações automáticas"", ""version"": ""2019"", ""retrieved_at"": ""2026-10-01"", ""reference_url"": ""https://portal.inmet.gov.br/uploads/dadoshistoricos/2019.zip"", ""method"": ""agregação anual observada por estação + IDW municipal em EPSG:31985; p=2; 3-6 estações; raio <=300 km; controle mínimo de completude"", ""verified"": true}"
2616407,2019,24.815813580125724,1179.2991862484575,"{""temperatura_media_c"": {""n_estacoes"": 6, ""nearest_distance_km"": 37.57, ""max_distance_km"": 197.49, ""stations"": [""INMET_NE_PE_A301_RECIFE_01-01-2019_A_31-12-2019"", ""INMET_NE_PE_A357_PALMARES_01-01-2019_A_31-12-2019"", ""INMET_NE_PE_A328_SURUBIM_01-01-2019_A_31-12-2019"", ""INMET_NE_PE_A341_CARUARU_01-01-2019_A_31-12-2019"", ""INMET_NE_PE_A322_GARANHUNS_01-01-2019_A_31-12-2019"", ""INMET_NE_PE_A309_ARCO VERDE_01-01-2019_A_31-12-2019""], ""method"": ""IDW p=2; até 6 estações; raio máximo 300 km""}, ""precipitacao_anual_mm"": {""n_estacoes"": 6, ""nearest_distance_km"": 37.57, ""max_distance_km"": 197.49, ""stations"": [""INMET_NE_PE_A301_RECIFE_01-01-2019_A_31-12-2019"", ""INMET_NE_PE_A357_PALMARES_01-01-2019_A_31-12-2019"", ""INMET_NE_PE_A328_SURUBIM_01-01-2019_A_31-12-2019"", ""INMET_NE_PE_A341_CARUARU_01-01-2019_A_31-12-2019"", ""INMET_NE_PE_A322_GARANHUNS_01-01-2019_A_31-12-2019"", ""INMET_NE_PE_A309_ARCO VERDE_01-01-2019_A_31-12-2019""], ""method"": ""IDW p=2; até 6 estações; raio máximo 300 km""}}","{""organization"": ""INMET"", ""dataset"": ""Dados Históricos Anuais - estações automáticas"", ""version"": ""2019"", ""retrieved_at"": ""2026-10-01"", ""reference_url"": ""https://portal.inmet.gov.br/uploads/dadoshistoricos/2019.zip"", ""method"": ""agregação anual observada por estação + IDW municipal em EPSG:31985; p=2; 3-6 estações; raio <=300 km; controle mínimo de completude"", ""verified"": true}"
2616506,2019,24.163987510941883,272.2682978193305,"{""temperatura_media_c"": {""n_estacoes"": 6, ""nearest_distance_km"": 20.98, ""max_distance_km"": 160.84, ""stations"": [""INMET_NE_PE_A357_PALMARES_01-01-2019_A_31-12-2019"", ""INMET_NE_PE_A341_CARUARU_01-01-2019_A_31-12-2019"", ""INMET_NE_PE_A322_GARANHUNS_01-01-2019_A_31-12-2019"", ""INMET_NE_PE_A328_SURUBIM_01-01-2019_A_31-12-2019"", ""INMET_NE_PE_A301_RECIFE_01-01-2019_A_31-12-2019"", ""INMET_NE_PE_A309_ARCO VERDE_01-01-2019_A_31-12-2019""], ""method"": ""IDW p=2; até 6 estações; raio máximo 300 km""}, ""precipitacao_anual_mm"": {""n_estacoes"": 6, ""nearest_distance_km"": 20.98, ""max_distance_km"": 160.84, ""stations"": [""INMET_NE_PE_A357_PALMARES_01-01-2019_A_31-12-2019"", ""INMET_NE_PE_A341_CARUARU_01-01-2019_A_31-12-2019"", ""INMET_NE_PE_A322_GARANHUNS_01-01-2019_A_31-12-2019"", ""INMET_NE_PE_A328_SURUBIM_01-01-2019_A_31-12-2019"", ""INMET_NE_PE_A301_RECIFE_01-01-2019_A_31-12-2019"", ""INMET_NE_PE_A309_ARCO VERDE_01-01-2019_A_31-12-2019""], ""method"": ""IDW p=2; até 6 estações; raio máximo 300 km""}}","{""organization"": ""INMET"", ""dataset"": ""Dados Históricos Anuais - estações automáticas"", ""version"": ""2019"", ""retrieved_at"": ""2026-10-01"", ""reference_url"": ""https://portal.inmet.gov.br/uploads/dadoshistoricos/2019.zip"", ""method"": ""agregação anual observada por estação + IDW municipal em EPSG:31985; p=2; 3-6 estações; raio <=300 km; controle mínimo de completude"", ""verified"": true}"
